elapsed_sec,MotorRPM,Speed,Speed_kmh,Distance_km
0.0,0,-1,-0.1143,-0.0
0.9,0,-1,-0.1143,-2.8575e-05
1.1,0,-1,-0.1143,-3.4925e-05
1.8,0,-1,-0.1143,-5.715e-05
1.833,0,-1,-0.1143,-5.819775e-05
2.0,0,-1,-0.1143,-6.35e-05
2.2,0,-1,-0.1143,-6.985e-05
2.405,0,-1,-0.1143,-7.635874999999999e-05
2.701,0,-1,-0.1143,-8.575675e-05
2.9,0,-1,-0.1143,-9.207499999999999e-05
3.004,0,-1,-0.1143,-9.537699999999999e-05
3.501,0,-1,-0.1143,-0.00011115674999999999
3.599,0,-1,-0.1143,-0.00011426825
3.704,0,-1,-0.1143,-0.000117602
3.999,0,-1,-0.1143,-0.00012696825
4.147,0,-1,-0.1143,-0.00013166725000000003
4.2,0,-1,-0.1143,-0.00013335000000000002
4.403,0,-1,-0.1143,-0.00013979525
4.601,0,-1,-0.1143,-0.00014608175
4.7,0,-1,-0.1143,-0.000149225
4.899,0,-1,-0.1143,-0.00015554325000000002
5.0,0,-1,-0.1143,-0.00015875
5.137,0,-1,-0.1143,-0.00016309975
5.4,0,-1,-0.1143,-0.00017145000000000002
5.5,0,-1,-0.1143,-0.000174625
5.598,0,-1,-0.1143,-0.0001777365
5.701,0,-1,-0.1143,-0.00018100674999999998
5.702,0,-1,-0.1143,-0.0001810385
5.999,0,-1,-0.1143,-0.00019046824999999998
6.137,0,-1,-0.1143,-0.00019484975
6.199,0,-1,-0.1143,-0.00019681825
6.401,0,-1,-0.1143,-0.00020323175
6.499,0,-1,-0.1143,-0.00020634324999999998
6.6,0,-1,-0.1143,-0.00020954999999999997
6.7,0,-1,-0.1143,-0.00021272499999999998
6.801,0,-1,-0.1143,-0.00021593174999999997
6.899,0,-1,-0.1143,-0.00021904324999999996
7.099,0,-1,-0.1143,-0.00022539324999999998
7.117,0,-1,-0.1143,-0.00022596474999999998
7.399,0,-1,-0.1143,-0.00023491824999999998
7.5,0,-1,-0.1143,-0.00023812499999999997
7.599,0,-1,-0.1143,-0.00024126824999999997
7.702,0,-1,-0.1143,-0.0002445385
7.799,0,-1,-0.1143,-0.00024761825
7.8,0,-1,-0.1143,-0.00024765
7.999,0,-1,-0.1143,-0.00025396824999999995
8.127,0,-1,-0.1143,-0.00025803225
8.199,0,-1,-0.1143,-0.00026031825
8.401,0,-1,-0.1143,-0.00026673174999999996
8.498,0,-1,-0.1143,-0.00026981149999999996
8.5,0,-1,-0.1143,-0.000269875
8.7,0,-1,-0.1143,-0.00027622499999999995
8.801,0,-1,-0.1143,-0.00027943175
8.899,0,-1,-0.1143,-0.00028254325
9.099,0,-1,-0.1143,-0.00028889325
9.117,0,-1,-0.1143,-0.00028946475
9.198,0,-1,-0.1143,-0.0002920365
9.199,0,-1,-0.1143,-0.00029206824999999996
9.399,0,-1,-0.1143,-0.0002984182499999999
9.5,0,-1,-0.1143,-0.00030162499999999997
9.598,0,-1,-0.1143,-0.0003047365
9.701,0,-1,-0.1143,-0.00030800675000000003
9.798,0,-1,-0.1143,-0.00031108650000000003
9.899,0,-1,-0.1143,-0.00031429325
10.097,0,-1,-0.1143,-0.00032057975
10.199,0,-1,-0.1143,-0.00032381825000000005
10.4,0,-1,-0.1143,-0.00033020000000000006
10.498,0,-1,-0.1143,-0.00033331150000000004
10.598,0,-1,-0.1143,-0.0003364865000000001
10.6,0,-1,-0.1143,-0.0003365500000000001
10.898,0,-1,-0.1143,-0.0003460115000000001
10.997,0,-1,-0.1143,-0.0003491547500000001
11.098,0,-1,-0.1143,-0.00035236150000000015
11.117,0,-1,-0.1143,-0.00035296475000000014
11.197,0,-1,-0.1143,-0.00035550475000000007
11.499,0,-1,-0.1143,-0.0003650932500000001
11.598,0,-1,-0.1143,-0.00036823650000000015
11.798,0,-1,-0.1143,-0.0003745865000000001
11.896,0,-1,-0.1143,-0.00037769800000000015
11.997,0,-1,-0.1143,-0.00038090475000000014
11.998,0,-1,-0.1143,-0.00038093650000000013
12.107,0,-1,-0.1143,-0.0003843972500000001
12.137,0,-1,-0.1143,-0.00038534975000000015
12.198,0,-1,-0.1143,-0.00038728650000000015
12.4,0,-1,-0.1143,-0.00039370000000000014
12.498,0,-1,-0.1143,-0.0003968115000000001
12.699,0,-1,-0.1143,-0.0004031932500000001
12.898,0,-1,-0.1143,-0.0004095115000000001
12.997,0,-1,-0.1143,-0.00041265475000000013
13.098,0,-1,-0.1143,-0.0004158615000000002
13.107,0,-1,-0.1143,-0.00041614725000000015
13.197,0,-1,-0.1143,-0.00041900475000000015
13.203,0,-1,-0.1143,-0.00041919525000000017
13.398,0,-1,-0.1143,-0.00042538650000000015
13.497,0,-1,-0.1143,-0.0004285297500000002
13.597,0,-1,-0.1143,-0.0004317047500000002
13.798,0,-1,-0.1143,-0.0004380865000000002
14.0,0,-1,-0.1143,-0.0004445000000000002
14.096,0,-1,-0.1143,-0.0004475480000000002
14.102,0,-1,-0.1143,-0.0004477385000000002
14.117,0,-1,-0.1143,-0.00044821475000000026
14.122,0,0,0.0,-0.00044821475000000026
14.498,0,-1,-0.1143,-0.0004601527500000002
14.699,0,-1,-0.1143,-0.00046653450000000023
14.795,0,-1,-0.1143,-0.00046958250000000024
14.796,0,0,0.0,-0.00046958250000000024
14.796,0,-1,-0.1143,-0.00046958250000000024
15.098,0,-1,-0.1143,-0.0004791710000000003
15.107,0,-1,-0.1143,-0.00047945675000000027
15.115,0,0,0.0,-0.00047945675000000027
15.197,0,-1,-0.1143,-0.0004820602500000002
15.398,0,-1,-0.1143,-0.0004884420000000003
15.497,0,-1,-0.1143,-0.0004915852500000003
15.695,0,0,0.0,-0.0004915852500000003
15.705,0,0,0.0,-0.0004915852500000003
15.797,0,-1,-0.1143,-0.0004945062500000003
15.896,0,-1,-0.1143,-0.0004976495000000004
15.997,0,-1,-0.1143,-0.0005008562500000003
16.118,0,0,0.0,-0.0005008562500000003
16.196,0,-1,-0.1143,-0.0005033327500000005
16.198,0,-1,-0.1143,-0.0005033962500000004
16.494,0,0,0.0,-0.0005033962500000004
16.497,0,-1,-0.1143,-0.0005034915000000004
16.698,0,-1,-0.1143,-0.0005098732500000004
16.699,0,0,0.0,-0.0005098732500000004
16.701,0,0,0.0,-0.0005098732500000004
16.897,0,-1,-0.1143,-0.0005160962500000004
16.994,0,532,60.8076,0.0011223307500000217
17.098,0,-1,-0.1143,0.0011190287500000217
17.114,0,0,0.0,0.0011190287500000217
17.397,0,-1,-0.1143,0.0011100435000000219
17.496,0,0,0.0,0.0011100435000000219
17.596,0,0,0.0,0.0011100435000000219
17.597,0,-1,-0.1143,0.0011100117500000219
17.794,0,0,0.0,0.0011100117500000219
17.797,0,-1,-0.1143,0.001109916500000022
17.893,0,0,0.0,0.001109916500000022
17.996,0,0,0.0,0.001109916500000022
17.997,0,-1,-0.1143,0.001109884750000022
18.114,0,0,0.0,0.001109884750000022
18.398,0,0,0.0,0.001109884750000022
18.497,0,-1,-0.1143,0.001106741500000022
18.698,0,-1,-0.1143,0.001100359750000022
18.698,0,0,0.0,0.001100359750000022
18.796,0,0,0.0,0.001100359750000022
18.896,0,0,0.0,0.001100359750000022
18.897,0,-1,-0.1143,0.001100328000000022
18.993,0,0,0.0,0.001100328000000022
19.114,0,0,0.0,0.001100328000000022
19.193,0,0,0.0,0.001100328000000022
19.501,0,0,0.0,0.001100328000000022
19.596,0,-1,-0.1143,0.001097311750000022
19.599,0,0,0.0,0.001097311750000022
19.701,0,0,0.0,0.001097311750000022
19.797,0,-1,-0.1143,0.001094263750000022
19.896,0,0,0.0,0.001094263750000022
19.993,0,0,0.0,0.001094263750000022
20.096,0,0,0.0,0.001094263750000022
20.116,0,0,0.0,0.001094263750000022
20.398,0,0,0.0,0.001094263750000022
20.499,0,0,0.0,0.001094263750000022
20.599,0,0,0.0,0.001094263750000022
20.895,0,0,0.0,0.001094263750000022
20.995,0,0,0.0,0.001094263750000022
20.999,0,0,0.0,0.001094263750000022
21.077,0,0,0.0,0.001094263750000022
21.113,0,0,0.0,0.001094263750000022
21.193,0,0,0.0,0.001094263750000022
21.396,0,0,0.0,0.001094263750000022
21.495,0,0,0.0,0.001094263750000022
21.697,0,0,0.0,0.001094263750000022
21.799,0,0,0.0,0.001094263750000022
21.895,0,0,0.0,0.001094263750000022
22.096,0,0,0.0,0.001094263750000022
22.109,0,0,0.0,0.001094263750000022
22.167,0,0,0.0,0.001094263750000022
22.193,0,0,0.0,0.001094263750000022
22.196,0,0,0.0,0.001094263750000022
22.495,0,0,0.0,0.001094263750000022
22.495,0,0,0.0,0.001094263750000022
22.599,0,0,0.0,0.001094263750000022
22.706,0,0,0.0,0.001094263750000022
22.898,0,0,0.0,0.001094263750000022
23.095,0,0,0.0,0.001094263750000022
23.11,0,0,0.0,0.001094263750000022
23.196,0,0,0.0,0.001094263750000022
23.505,0,0,0.0,0.001094263750000022
23.592,0,0,0.0,0.001094263750000022
23.594,0,0,0.0,0.001094263750000022
23.702,0,0,0.0,0.001094263750000022
23.895,0,0,0.0,0.001094263750000022
23.995,0,0,0.0,0.001094263750000022
24.067,0,0,0.0,0.001094263750000022
24.11,0,0,0.0,0.001094263750000022
24.195,0,0,0.0,0.001094263750000022
24.498,0,0,0.0,0.001094263750000022
24.693,0,0,0.0,0.001094263750000022
24.693,0,0,0.0,0.001094263750000022
24.696,0,0,0.0,0.001094263750000022
24.703,0,0,0.0,0.001094263750000022
24.895,0,0,0.0,0.001094263750000022
25.087,0,0,0.0,0.001094263750000022
25.098,0,0,0.0,0.001094263750000022
25.115,0,0,0.0,0.001094263750000022
25.199,0,0,0.0,0.001094263750000022
25.491,0,0,0.0,0.001094263750000022
25.696,0,0,0.0,0.001094263750000022
25.706,0,0,0.0,0.001094263750000022
25.791,0,0,0.0,0.001094263750000022
25.791,0,0,0.0,0.001094263750000022
25.897,0,0,0.0,0.001094263750000022
26.094,0,0,0.0,0.001094263750000022
26.111,0,0,0.0,0.001094263750000022
26.195,0,0,0.0,0.001094263750000022
26.393,0,0,0.0,0.001094263750000022
26.594,0,0,0.0,0.001094263750000022
26.791,0,0,0.0,0.001094263750000022
26.793,0,0,0.0,0.001094263750000022
26.893,0,0,0.0,0.001094263750000022
26.894,0,0,0.0,0.001094263750000022
26.994,0,0,0.0,0.001094263750000022
27.111,0,0,0.0,0.001094263750000022
27.194,0,0,0.0,0.001094263750000022
27.493,0,0,0.0,0.001094263750000022
27.692,0,0,0.0,0.001094263750000022
27.79,0,0,0.0,0.001094263750000022
27.793,0,0,0.0,0.001094263750000022
27.797,0,0,0.0,0.001094263750000022
27.991,0,0,0.0,0.001094263750000022
27.994,0,0,0.0,0.001094263750000022
28.097,0,0,0.0,0.001094263750000022
28.111,0,0,0.0,0.001094263750000022
28.602,0,0,0.0,0.001094263750000022
28.695,0,0,0.0,0.001094263750000022
28.695,0,0,0.0,0.001094263750000022
28.89,0,0,0.0,0.001094263750000022
28.991,0,0,0.0,0.001094263750000022
29.091,0,0,0.0,0.001094263750000022
29.091,0,0,0.0,0.001094263750000022
29.093,0,0,0.0,0.001094263750000022
29.115,0,0,0.0,0.001094263750000022
29.493,0,0,0.0,0.001094263750000022
29.593,0,0,0.0,0.001094263750000022
29.695,0,0,0.0,0.001094263750000022
29.89,0,0,0.0,0.001094263750000022
29.99,0,0,0.0,0.001094263750000022
30.093,0,0,0.0,0.001094263750000022
30.093,0,0,0.0,0.001094263750000022
30.113,0,0,0.0,0.001094263750000022
30.191,0,0,0.0,0.001094263750000022
30.395,0,0,0.0,0.001094263750000022
30.593,0,0,0.0,0.001094263750000022
30.79,0,0,0.0,0.001094263750000022
30.793,0,0,0.0,0.001094263750000022
30.892,0,0,0.0,0.001094263750000022
31.09,0,0,0.0,0.001094263750000022
31.115,0,0,0.0,0.001094263750000022
31.191,0,0,0.0,0.001094263750000022
31.196,0,0,0.0,0.001094263750000022
31.392,0,0,0.0,0.001094263750000022
31.593,0,0,0.0,0.001094263750000022
31.698,0,0,0.0,0.001094263750000022
31.793,0,0,0.0,0.001094263750000022
31.992,0,0,0.0,0.001094263750000022
32.09,0,0,0.0,0.001094263750000022
32.094,0,0,0.0,0.001094263750000022
32.112,0,0,0.0,0.001094263750000022
32.492,0,0,0.0,0.001094263750000022
32.496,0,0,0.0,0.001094263750000022
32.599,0,0,0.0,0.001094263750000022
32.798,0,0,0.0,0.001094263750000022
32.992,0,0,0.0,0.001094263750000022
33.047,0,0,0.0,0.001094263750000022
33.092,0,0,0.0,0.001094263750000022
33.19,0,0,0.0,0.001094263750000022
33.489,0,0,0.0,0.001094263750000022
33.489,0,0,0.0,0.001094263750000022
33.592,0,0,0.0,0.001094263750000022
33.792,0,0,0.0,0.001094263750000022
33.892,0,0,0.0,0.001094263750000022
33.992,0,0,0.0,0.001094263750000022
34.037,0,0,0.0,0.001094263750000022
34.105,0,0,0.0,0.001094263750000022
34.192,0,0,0.0,0.001094263750000022
34.489,0,0,0.0,0.001094263750000022
34.591,0,0,0.0,0.001094263750000022
34.592,0,0,0.0,0.001094263750000022
34.697,0,0,0.0,0.001094263750000022
34.798,0,0,0.0,0.001094263750000022
34.995,0,0,0.0,0.001094263750000022
35.057,0,0,0.0,0.001094263750000022
35.092,0,0,0.0,0.001094263750000022
35.11,0,0,0.0,0.001094263750000022
35.192,0,0,0.0,0.001094263750000022
35.491,0,0,0.0,0.001094263750000022
35.591,0,0,0.0,0.001094263750000022
35.598,0,0,0.0,0.001094263750000022
35.69,0,0,0.0,0.001094263750000022
35.794,0,0,0.0,0.001094263750000022
35.992,0,0,0.0,0.001094263750000022
36.092,0,0,0.0,0.001094263750000022
36.109,0,0,0.0,0.001094263750000022
36.589,0,0,0.0,0.001094263750000022
36.69,0,0,0.0,0.001094263750000022
36.69,0,0,0.0,0.001094263750000022
36.692,0,0,0.0,0.001094263750000022
36.791,0,0,0.0,0.001094263750000022
36.891,0,0,0.0,0.001094263750000022
37.057,0,0,0.0,0.001094263750000022
37.092,0,0,0.0,0.001094263750000022
37.108,0,0,0.0,0.001094263750000022
37.196,0,0,0.0,0.001094263750000022
37.689,0,0,0.0,0.001094263750000022
37.69,0,0,0.0,0.001094263750000022
37.698,0,0,0.0,0.001094263750000022
37.79,0,0,0.0,0.001094263750000022
37.8,0,0,0.0,0.001094263750000022
37.888,0,0,0.0,0.001094263750000022
37.994,0,0,0.0,0.001094263750000022
38.095,0,0,0.0,0.001094263750000022
38.112,0,0,0.0,0.001094263750000022
38.487,0,0,0.0,0.001094263750000022
38.692,0,0,0.0,0.001094263750000022
38.696,0,0,0.0,0.001094263750000022
38.887,0,0,0.0,0.001094263750000022
38.891,0,0,0.0,0.001094263750000022
38.988,0,0,0.0,0.001094263750000022
38.991,0,0,0.0,0.001094263750000022
39.091,0,0,0.0,0.001094263750000022
39.108,0,0,0.0,0.001094263750000022
39.489,0,0,0.0,0.001094263750000022
39.589,0,0,0.0,0.001094263750000022
39.787,0,0,0.0,0.001094263750000022
39.887,0,0,0.0,0.001094263750000022
39.889,0,0,0.0,0.001094263750000022
39.894,0,0,0.0,0.001094263750000022
40.088,0,0,0.0,0.001094263750000022
40.091,0,0,0.0,0.001094263750000022
40.107,0,0,0.0,0.001094263750000022
40.392,0,0,0.0,0.001094263750000022
40.691,0,0,0.0,0.001094263750000022
40.789,0,0,0.0,0.001094263750000022
40.892,0,0,0.0,0.001094263750000022
40.987,0,0,0.0,0.001094263750000022
40.987,0,0,0.0,0.001094263750000022
41.091,0,0,0.0,0.001094263750000022
41.1,0,0,0.0,0.001094263750000022
41.108,0,0,0.0,0.001094263750000022
41.188,0,0,0.0,0.001094263750000022
41.495,0,0,0.0,0.001094263750000022
41.592,0,0,0.0,0.001094263750000022
41.695,0,0,0.0,0.001094263750000022
41.889,0,0,0.0,0.001094263750000022
41.986,0,0,0.0,0.001094263750000022
42.089,0,0,0.0,0.001094263750000022
42.109,0,0,0.0,0.001094263750000022
42.187,0,0,0.0,0.001094263750000022
42.488,0,0,0.0,0.001094263750000022
42.493,0,0,0.0,0.001094263750000022
42.593,0,0,0.0,0.001094263750000022
42.888,0,0,0.0,0.001094263750000022
42.989,0,0,0.0,0.001094263750000022
42.993,0,0,0.0,0.001094263750000022
43.017,0,0,0.0,0.001094263750000022
43.187,0,0,0.0,0.001094263750000022
43.385,0,0,0.0,0.001094263750000022
43.489,0,0,0.0,0.001094263750000022
43.691,0,0,0.0,0.001094263750000022
43.793,0,0,0.0,0.001094263750000022
43.988,0,0,0.0,0.001094263750000022
44.027,0,0,0.0,0.001094263750000022
44.089,0,0,0.0,0.001094263750000022
44.102,0,0,0.0,0.001094263750000022
44.186,0,0,0.0,0.001094263750000022
44.189,0,0,0.0,0.001094263750000022
44.387,0,0,0.0,0.001094263750000022
44.488,0,0,0.0,0.001094263750000022
44.592,0,0,0.0,0.001094263750000022
44.696,0,0,0.0,0.001094263750000022
44.892,0,0,0.0,0.001094263750000022
45.088,0,0,0.0,0.001094263750000022
45.106,0,0,0.0,0.001094263750000022
45.189,0,0,0.0,0.001094263750000022
45.498,0,0,0.0,0.001094263750000022
45.585,0,0,0.0,0.001094263750000022
45.69,0,0,0.0,0.001094263750000022
45.696,0,0,0.0,0.001094263750000022
45.888,0,0,0.0,0.001094263750000022
45.988,0,0,0.0,0.001094263750000022
45.997,0,0,0.0,0.001094263750000022
46.104,0,0,0.0,0.001094263750000022
46.188,0,0,0.0,0.001094263750000022
46.586,0,0,0.0,0.001094263750000022
46.686,0,0,0.0,0.001094263750000022
46.689,0,0,0.0,0.001094263750000022
46.787,0,0,0.0,0.001094263750000022
46.791,0,0,0.0,0.001094263750000022
46.888,0,0,0.0,0.001094263750000022
47.027,0,0,0.0,0.001094263750000022
47.092,0,0,0.0,0.001094263750000022
47.105,0,0,0.0,0.001094263750000022
47.194,0,0,0.0,0.001094263750000022
47.484,0,0,0.0,0.001094263750000022
47.686,0,0,0.0,0.001094263750000022
47.696,0,0,0.0,0.001094263750000022
47.785,0,0,0.0,0.001094263750000022
47.787,0,0,0.0,0.001094263750000022
47.891,0,0,0.0,0.001094263750000022
48.088,0,0,0.0,0.001094263750000022
48.105,0,0,0.0,0.001094263750000022
48.188,0,0,0.0,0.001094263750000022
48.485,0,0,0.0,0.001094263750000022
48.587,0,0,0.0,0.001094263750000022
48.784,0,0,0.0,0.001094263750000022
48.787,0,0,0.0,0.001094263750000022
48.887,0,0,0.0,0.001094263750000022
48.887,0,0,0.0,0.001094263750000022
48.987,0,0,0.0,0.001094263750000022
49.105,0,0,0.0,0.001094263750000022
49.188,0,0,0.0,0.001094263750000022
49.487,0,0,0.0,0.001094263750000022
49.686,0,0,0.0,0.001094263750000022
49.784,0,0,0.0,0.001094263750000022
49.886,0,0,0.0,0.001094263750000022
49.887,0,0,0.0,0.001094263750000022
49.896,0,0,0.0,0.001094263750000022
49.984,0,0,0.0,0.001094263750000022
50.091,0,0,0.0,0.001094263750000022
50.105,0,0,0.0,0.001094263750000022
50.592,0,0,0.0,0.001094263750000022
50.688,0,0,0.0,0.001094263750000022
50.786,0,0,0.0,0.001094263750000022
50.884,0,0,0.0,0.001094263750000022
50.984,0,0,0.0,0.001094263750000022
50.986,0,0,0.0,0.001094263750000022
51.084,0,0,0.0,0.001094263750000022
51.084,0,0,0.0,0.001094263750000022
51.093,0,0,0.0,0.001094263750000022
51.107,0,0,0.0,0.001094263750000022
51.49,0,0,0.0,0.001094263750000022
51.688,0,0,0.0,0.001094263750000022
51.688,0,0,0.0,0.001094263750000022
51.884,0,0,0.0,0.001094263750000022
51.986,0,0,0.0,0.001094263750000022
52.086,0,0,0.0,0.001094263750000022
52.106,0,0,0.0,0.001094263750000022
52.184,0,0,0.0,0.001094263750000022
52.187,0,0,0.0,0.001094263750000022
52.388,0,0,0.0,0.001094263750000022
52.592,0,0,0.0,0.001094263750000022
52.785,0,0,0.0,0.001094263750000022
52.886,0,0,0.0,0.001094263750000022
52.886,0,0,0.0,0.001094263750000022
53.084,0,0,0.0,0.001094263750000022
53.108,0,0,0.0,0.001094263750000022
53.184,0,0,0.0,0.001094263750000022
53.187,0,0,0.0,0.001094263750000022
53.586,0,0,0.0,0.001094263750000022
53.691,0,0,0.0,0.001094263750000022
53.789,0,0,0.0,0.001094263750000022
53.985,0,0,0.0,0.001094263750000022
54.037,0,0,0.0,0.001094263750000022
54.083,0,0,0.0,0.001094263750000022
54.105,0,0,0.0,0.001094263750000022
54.187,0,0,0.0,0.001094263750000022
54.485,0,0,0.0,0.001094263750000022
54.489,0,0,0.0,0.001094263750000022
54.591,0,0,0.0,0.001094263750000022
54.791,0,0,0.0,0.001094263750000022
54.977,0,0,0.0,0.001094263750000022
54.985,0,0,0.0,0.001094263750000022
55.085,0,0,0.0,0.001094263750000022
55.183,0,0,0.0,0.001094263750000022
55.382,0,0,0.0,0.001094263750000022
55.384,0,0,0.0,0.001094263750000022
55.585,0,0,0.0,0.001094263750000022
55.785,0,0,0.0,0.001094263750000022
55.884,0,0,0.0,0.001094263750000022
55.967,0,0,0.0,0.001094263750000022
55.985,0,0,0.0,0.001094263750000022
56.099,0,0,0.0,0.001094263750000022
56.185,0,0,0.0,0.001094263750000022
56.481,0,0,0.0,0.001094263750000022
56.485,0,0,0.0,0.001094263750000022
56.585,0,0,0.0,0.001094263750000022
56.689,0,0,0.0,0.001094263750000022
56.791,0,0,0.0,0.001094263750000022
56.988,0,0,0.0,0.001094263750000022
56.997,0,0,0.0,0.001094263750000022
57.102,0,0,0.0,0.001094263750000022
57.185,0,0,0.0,0.001094263750000022
57.185,0,0,0.0,0.001094263750000022
57.482,0,0,0.0,0.001094263750000022
57.584,0,0,0.0,0.001094263750000022
57.595,0,0,0.0,0.001094263750000022
57.683,0,0,0.0,0.001094263750000022
57.788,0,0,0.0,0.001094263750000022
57.985,0,0,0.0,0.001094263750000022
58.085,0,0,0.0,0.001094263750000022
58.102,0,0,0.0,0.001094263750000022
58.513,0,0,0.0,0.001094263750000022
58.683,0,0,0.0,0.001094263750000022
58.683,0,0,0.0,0.001094263750000022
58.686,0,0,0.0,0.001094263750000022
58.784,0,0,0.0,0.001094263750000022
58.884,0,0,0.0,0.001094263750000022
58.987,0,0,0.0,0.001094263750000022
58.994,0,0,0.0,0.001094263750000022
59.096,0,0,0.0,0.001094263750000022
59.189,0,0,0.0,0.001094263750000022
59.587,0,0,0.0,0.001094263750000022
59.683,0,0,0.0,0.001094263750000022
59.784,0,0,0.0,0.001094263750000022
59.79,0,0,0.0,0.001094263750000022
59.881,0,0,0.0,0.001094263750000022
59.881,0,0,0.0,0.001094263750000022
59.987,0,0,0.0,0.001094263750000022
60.088,0,0,0.0,0.001094263750000022
60.105,0,0,0.0,0.001094263750000022
60.48,0,0,0.0,0.001094263750000022
60.682,0,0,0.0,0.001094263750000022
60.689,0,0,0.0,0.001094263750000022
60.88,0,0,0.0,0.001094263750000022
60.883,0,0,0.0,0.001094263750000022
60.981,0,0,0.0,0.001094263750000022
60.984,0,0,0.0,0.001094263750000022
61.084,0,0,0.0,0.001094263750000022
61.101,0,0,0.0,0.001094263750000022
61.483,0,0,0.0,0.001094263750000022
61.685,0,0,0.0,0.001094263750000022
61.78,0,0,0.0,0.001094263750000022
61.88,0,0,0.0,0.001094263750000022
61.883,0,0,0.0,0.001094263750000022
61.983,0,0,0.0,0.001094263750000022
62.081,0,0,0.0,0.001094263750000022
62.084,0,0,0.0,0.001094263750000022
62.101,0,0,0.0,0.001094263750000022
62.382,0,0,0.0,0.001094263750000022
62.685,0,0,0.0,0.001094263750000022
62.783,0,0,0.0,0.001094263750000022
62.883,0,0,0.0,0.001094263750000022
62.98,0,0,0.0,0.001094263750000022
62.98,0,0,0.0,0.001094263750000022
63.083,0,0,0.0,0.001094263750000022
63.093,0,0,0.0,0.001094263750000022
63.101,0,0,0.0,0.001094263750000022
63.181,0,0,0.0,0.001094263750000022
63.488,0,0,0.0,0.001094263750000022
63.586,0,0,0.0,0.001094263750000022
63.689,0,0,0.0,0.001094263750000022
63.883,0,0,0.0,0.001094263750000022
63.98,0,0,0.0,0.001094263750000022
64.083,0,0,0.0,0.001094263750000022
64.102,0,0,0.0,0.001094263750000022
64.181,0,0,0.0,0.001094263750000022
64.482,0,0,0.0,0.001094263750000022
64.486,0,0,0.0,0.001094263750000022
64.586,0,0,0.0,0.001094263750000022
64.882,0,0,0.0,0.001094263750000022
64.886,0,0,0.0,0.001094263750000022
64.947,0,0,0.0,0.001094263750000022
64.982,0,0,0.0,0.001094263750000022
65.099,0,0,0.0,0.001094263750000022
65.18,0,0,0.0,0.001094263750000022
65.379,0,0,0.0,0.001094263750000022
65.482,0,0,0.0,0.001094263750000022
65.684,0,0,0.0,0.001094263750000022
65.786,0,0,0.0,0.001094263750000022
65.886,0,0,0.0,0.001094263750000022
65.947,0,0,0.0,0.001094263750000022
66.082,0,0,0.0,0.001094263750000022
66.096,0,0,0.0,0.001094263750000022
66.18,0,0,0.0,0.001094263750000022
66.183,0,0,0.0,0.001094263750000022
66.38,0,0,0.0,0.001094263750000022
66.482,0,0,0.0,0.001094263750000022
66.586,0,0,0.0,0.001094263750000022
66.69,0,0,0.0,0.001094263750000022
66.885,0,0,0.0,0.001094263750000022
67.082,0,0,0.0,0.001094263750000022
67.097,0,0,0.0,0.001094263750000022
67.183,0,0,0.0,0.001094263750000022
67.494,0,0,0.0,0.001094263750000022
67.579,0,0,0.0,0.001094263750000022
67.581,0,0,0.0,0.001094263750000022
67.595,0,0,0.0,0.001094263750000022
67.881,0,0,0.0,0.001094263750000022
67.937,0,0,0.0,0.001094263750000022
67.982,0,0,0.0,0.001094263750000022
68.088,0,0,0.0,0.001094263750000022
68.105,0,0,0.0,0.001094263750000022
68.581,0,0,0.0,0.001094263750000022
68.68,0,0,0.0,0.001094263750000022
68.683,0,0,0.0,0.001094263750000022
68.78,0,0,0.0,0.001094263750000022
68.782,0,0,0.0,0.001094263750000022
68.881,0,0,0.0,0.001094263750000022
68.967,0,0,0.0,0.001094263750000022
69.085,0,0,0.0,0.001094263750000022
69.103,0,0,0.0,0.001094263750000022
69.182,0,0,0.0,0.001094263750000022
69.478,0,0,0.0,0.001094263750000022
69.683,0,0,0.0,0.001094263750000022
69.693,0,0,0.0,0.001094263750000022
69.779,0,0,0.0,0.001094263750000022
69.781,0,0,0.0,0.001094263750000022
69.884,0,0,0.0,0.001094263750000022
70.081,0,0,0.0,0.001094263750000022
70.098,0,0,0.0,0.001094263750000022
70.182,0,0,0.0,0.001094263750000022
70.478,0,0,0.0,0.001094263750000022
70.579,0,0,0.0,0.001094263750000022
70.679,0,0,0.0,0.001094263750000022
70.778,0,0,0.0,0.001094263750000022
70.784,0,0,0.0,0.001094263750000022
70.88,0,0,0.0,0.001094263750000022
70.981,0,0,0.0,0.001094263750000022
71.099,0,0,0.0,0.001094263750000022
71.181,0,0,0.0,0.001094263750000022
71.379,0,0,0.0,0.001094263750000022
71.678,0,0,0.0,0.001094263750000022
71.777,0,0,0.0,0.001094263750000022
71.784,0,0,0.0,0.001094263750000022
71.88,0,0,0.0,0.001094263750000022
71.892,0,0,0.0,0.001094263750000022
71.978,0,0,0.0,0.001094263750000022
72.084,0,0,0.0,0.001094263750000022
72.098,0,0,0.0,0.001094263750000022
72.585,0,0,0.0,0.001094263750000022
72.682,0,0,0.0,0.001094263750000022
72.779,0,0,0.0,0.001094263750000022
72.877,0,0,0.0,0.001094263750000022
72.977,0,0,0.0,0.001094263750000022
72.98,0,0,0.0,0.001094263750000022
73.078,0,0,0.0,0.001094263750000022
73.081,0,0,0.0,0.001094263750000022
73.101,0,0,0.0,0.001094263750000022
73.483,0,0,0.0,0.001094263750000022
73.682,0,0,0.0,0.001094263750000022
73.682,0,0,0.0,0.001094263750000022
73.877,0,0,0.0,0.001094263750000022
73.979,0,0,0.0,0.001094263750000022
73.984,0,0,0.0,0.001094263750000022
74.081,0,0,0.0,0.001094263750000022
74.095,0,0,0.0,0.001094263750000022
74.178,0,0,0.0,0.001094263750000022
74.382,0,0,0.0,0.001094263750000022
74.579,0,0,0.0,0.001094263750000022
74.779,0,0,0.0,0.001094263750000022
74.879,0,0,0.0,0.001094263750000022
74.879,0,0,0.0,0.001094263750000022
75.077,0,0,0.0,0.001094263750000022
75.102,0,0,0.0,0.001094263750000022
75.177,0,0,0.0,0.001094263750000022
75.18,0,0,0.0,0.001094263750000022
75.378,0,0,0.0,0.001094263750000022
75.579,0,0,0.0,0.001094263750000022
75.685,0,0,0.0,0.001094263750000022
75.783,0,0,0.0,0.001094263750000022
75.979,0,0,0.0,0.001094263750000022
76.077,0,0,0.0,0.001094263750000022
76.098,0,0,0.0,0.001094263750000022
76.18,0,0,0.0,0.001094263750000022
76.483,0,0,0.0,0.001094263750000022
76.582,0,0,0.0,0.001094263750000022
76.69,0,0,0.0,0.001094263750000022
76.907,0,0,0.0,0.001094263750000022
76.979,0,0,0.0,0.001094263750000022
77.037,0,0,0.0,0.001094263750000022
77.079,0,0,0.0,0.001094263750000022
77.096,0,0,0.0,0.001094263750000022
77.179,0,0,0.0,0.001094263750000022
77.479,0,0,0.0,0.001094263750000022
77.576,0,0,0.0,0.001094263750000022
77.579,0,0,0.0,0.001094263750000022
77.778,0,0,0.0,0.001094263750000022
77.878,0,0,0.0,0.001094263750000022
77.907,0,0,0.0,0.001094263750000022
77.979,0,0,0.0,0.001094263750000022
78.179,0,0,0.0,0.001094263750000022
78.475,0,0,0.0,0.001094263750000022
78.478,0,0,0.0,0.001094263750000022
78.578,0,0,0.0,0.001094263750000022
78.684,0,0,0.0,0.001094263750000022
78.784,0,0,0.0,0.001094263750000022
78.907,0,0,0.0,0.001094263750000022
78.982,0,0,0.0,0.001094263750000022
79.096,0,0,0.0,0.001094263750000022
79.179,0,0,0.0,0.001094263750000022
79.476,0,0,0.0,0.001094263750000022
79.578,0,0,0.0,0.001094263750000022
79.588,0,0,0.0,0.001094263750000022
79.677,0,0,0.0,0.001094263750000022
79.781,0,0,0.0,0.001094263750000022
79.927,0,0,0.0,0.001094263750000022
79.978,0,0,0.0,0.001094263750000022
80.078,0,0,0.0,0.001094263750000022
80.095,0,0,0.0,0.001094263750000022
80.577,0,0,0.0,0.001094263750000022
80.577,0,0,0.0,0.001094263750000022
80.676,0,0,0.0,0.001094263750000022
80.677,0,0,0.0,0.001094263750000022
80.778,0,0,0.0,0.001094263750000022
80.877,0,0,0.0,0.001094263750000022
80.927,0,0,0.0,0.001094263750000022
80.987,0,0,0.0,0.001094263750000022
81.096,0,0,0.0,0.001094263750000022
81.182,0,0,0.0,0.001094263750000022
81.676,0,0,0.0,0.001094263750000022
81.679,0,0,0.0,0.001094263750000022
81.777,0,0,0.0,0.001094263750000022
81.79,0,0,0.0,0.001094263750000022
81.875,0,0,0.0,0.001094263750000022
81.875,0,0,0.0,0.001094263750000022
81.981,0,0,0.0,0.001094263750000022
82.081,0,0,0.0,0.001094263750000022
82.099,0,0,0.0,0.001094263750000022
82.474,0,0,0.0,0.001094263750000022
82.676,0,0,0.0,0.001094263750000022
82.679,0,0,0.0,0.001094263750000022
82.874,0,0,0.0,0.001094263750000022
82.875,0,0,0.0,0.001094263750000022
82.975,0,0,0.0,0.001094263750000022
82.978,0,0,0.0,0.001094263750000022
83.078,0,0,0.0,0.001094263750000022
83.097,0,0,0.0,0.001094263750000022
83.476,0,0,0.0,0.001094263750000022
83.678,0,0,0.0,0.001094263750000022
83.774,0,0,0.0,0.001094263750000022
83.874,0,0,0.0,0.001094263750000022
83.876,0,0,0.0,0.001094263750000022
83.977,0,0,0.0,0.001094263750000022
84.075,0,0,0.0,0.001094263750000022
84.078,0,0,0.0,0.001094263750000022
84.096,0,0,0.0,0.001094263750000022
84.379,0,0,0.0,0.001094263750000022
84.678,0,0,0.0,0.001094263750000022
84.776,0,0,0.0,0.001094263750000022
84.876,0,0,0.0,0.001094263750000022
84.974,0,0,0.0,0.001094263750000022
85.074,0,0,0.0,0.001094263750000022
85.077,0,0,0.0,0.001094263750000022
85.094,0,0,0.0,0.001094263750000022
85.175,0,0,0.0,0.001094263750000022
85.482,0,0,0.0,0.001094263750000022
85.579,0,0,0.0,0.001094263750000022
85.681,0,0,0.0,0.001094263750000022
85.78,0,0,0.0,0.001094263750000022
85.973,0,0,0.0,0.001094263750000022
86.074,0,0,0.0,0.001094263750000022
86.08,0,0,0.0,0.001094263750000022
86.097,0,0,0.0,0.001094263750000022
86.174,0,0,0.0,0.001094263750000022
86.476,0,0,0.0,0.001094263750000022
86.576,0,0,0.0,0.001094263750000022
86.579,0,0,0.0,0.001094263750000022
86.875,0,0,0.0,0.001094263750000022
86.877,0,0,0.0,0.001094263750000022
86.975,0,0,0.0,0.001094263750000022
86.976,0,0,0.0,0.001094263750000022
87.094,0,0,0.0,0.001094263750000022
87.174,0,0,0.0,0.001094263750000022
87.372,0,0,0.0,0.001094263750000022
87.476,0,0,0.0,0.001094263750000022
87.677,0,0,0.0,0.001094263750000022
87.779,0,0,0.0,0.001094263750000022
87.879,0,0,0.0,0.001094263750000022
87.897,0,0,0.0,0.001094263750000022
88.076,0,0,0.0,0.001094263750000022
88.089,0,0,0.0,0.001094263750000022
88.173,0,0,0.0,0.001094263750000022
88.174,0,0,0.0,0.001094263750000022
88.475,0,0,0.0,0.001094263750000022
88.475,0,0,0.0,0.001094263750000022
88.579,0,0,0.0,0.001094263750000022
88.683,0,0,0.0,0.001094263750000022
88.879,0,0,0.0,0.001094263750000022
89.075,0,0,0.0,0.001094263750000022
89.09,0,0,0.0,0.001094263750000022
89.176,0,0,0.0,0.001094263750000022
89.49,0,0,0.0,0.001094263750000022
89.573,0,0,0.0,0.001094263750000022
89.575,0,0,0.0,0.001094263750000022
89.59,0,0,0.0,0.001094263750000022
89.867,0,0,0.0,0.001094263750000022
89.875,0,0,0.0,0.001094263750000022
89.975,0,0,0.0,0.001094263750000022
90.081,0,0,0.0,0.001094263750000022
90.086,0,0,0.0,0.001094263750000022
90.478,0,0,0.0,0.001094263750000022
90.673,0,0,0.0,0.001094263750000022
90.676,0,0,0.0,0.001094263750000022
90.679,0,0,0.0,0.001094263750000022
90.775,0,0,0.0,0.001094263750000022
90.88,0,0,0.0,0.001094263750000022
90.897,0,0,0.0,0.001094263750000022
91.079,0,0,0.0,0.001094263750000022
91.096,0,0,0.0,0.001094263750000022
91.471,0,0,0.0,0.001094263750000022
91.676,0,0,0.0,0.001094263750000022
91.679,0,0,0.0,0.001094263750000022
91.687,0,0,0.0,0.001094263750000022
91.772,0,0,0.0,0.001094263750000022
91.878,0,0,0.0,0.001094263750000022
91.887,0,0,0.0,0.001094263750000022
92.075,0,0,0.0,0.001094263750000022
92.093,0,0,0.0,0.001094263750000022
92.175,0,0,0.0,0.001094263750000022
92.371,0,0,0.0,0.001094263750000022
92.574,0,0,0.0,0.001094263750000022
92.771,0,0,0.0,0.001094263750000022
92.771,0,0,0.0,0.001094263750000022
92.778,0,0,0.0,0.001094263750000022
92.874,0,0,0.0,0.001094263750000022
92.975,0,0,0.0,0.001094263750000022
93.095,0,0,0.0,0.001094263750000022
93.175,0,0,0.0,0.001094263750000022
93.474,0,0,0.0,0.001094263750000022
93.673,0,0,0.0,0.001094263750000022
93.771,0,0,0.0,0.001094263750000022
93.778,0,0,0.0,0.001094263750000022
93.873,0,0,0.0,0.001094263750000022
93.88,0,0,0.0,0.001094263750000022
93.971,0,0,0.0,0.001094263750000022
94.078,0,0,0.0,0.001094263750000022
94.091,0,0,0.0,0.001094263750000022
94.573,0,0,0.0,0.001094263750000022
94.675,0,0,0.0,0.001094263750000022
94.773,0,0,0.0,0.001094263750000022
94.874,0,0,0.0,0.001094263750000022
94.971,0,0,0.0,0.001094263750000022
94.973,0,0,0.0,0.001094263750000022
95.071,0,0,0.0,0.001094263750000022
95.074,0,0,0.0,0.001094263750000022
95.091,0,0,0.0,0.001094263750000022
95.573,0,0,0.0,0.001094263750000022
95.675,0,0,0.0,0.001094263750000022
95.676,0,0,0.0,0.001094263750000022
95.871,0,0,0.0,0.001094263750000022
95.971,0,0,0.0,0.001094263750000022
95.977,0,0,0.0,0.001094263750000022
95.978,0,0,0.0,0.001094263750000022
96.088,0,0,0.0,0.001094263750000022
96.171,0,0,0.0,0.001094263750000022
96.376,0,0,0.0,0.001094263750000022
96.573,0,0,0.0,0.001094263750000022
96.77,0,0,0.0,0.001094263750000022
96.773,0,0,0.0,0.001094263750000022
96.973,0,0,0.0,0.001094263750000022
97.071,0,0,0.0,0.001094263750000022
97.095,0,0,0.0,0.001094263750000022
97.171,0,0,0.0,0.001094263750000022
97.171,0,0,0.0,0.001094263750000022
97.573,0,0,0.0,0.001094263750000022
97.679,0,0,0.0,0.001094263750000022
97.872,0,0,0.0,0.001094263750000022
97.887,0,0,0.0,0.001094263750000022
97.973,0,0,0.0,0.001094263750000022
98.07,0,0,0.0,0.001094263750000022
98.092,0,0,0.0,0.001094263750000022
98.173,0,0,0.0,0.001094263750000022
98.476,0,0,0.0,0.001094263750000022
98.579,0,0,0.0,0.001094263750000022
98.684,0,0,0.0,0.001094263750000022
98.847,0,0,0.0,0.001094263750000022
98.972,0,0,0.0,0.001094263750000022
98.987,0,0,0.0,0.001094263750000022
99.073,0,0,0.0,0.001094263750000022
99.173,0,0,0.0,0.001094263750000022
99.47,0,0,0.0,0.001094263750000022
99.472,0,0,0.0,0.001094263750000022
99.572,0,0,0.0,0.001094263750000022
99.772,0,0,0.0,0.001094263750000022
99.847,0,0,0.0,0.001094263750000022
99.875,0,0,0.0,0.001094263750000022
99.972,0,0,0.0,0.001094263750000022
100.173,0,0,0.0,0.001094263750000022
100.469,0,0,0.0,0.001094263750000022
100.469,0,0,0.0,0.001094263750000022
100.572,0,0,0.0,0.001094263750000022
100.677,0,0,0.0,0.001094263750000022
100.778,0,0,0.0,0.001094263750000022
100.837,0,0,0.0,0.001094263750000022
100.975,0,0,0.0,0.001094263750000022
101.09,0,0,0.0,0.001094263750000022
101.173,0,0,0.0,0.001094263750000022
101.369,0,0,0.0,0.001094263750000022
101.572,0,0,0.0,0.001094263750000022
101.578,0,0,0.0,0.001094263750000022
101.671,0,0,0.0,0.001094263750000022
101.775,0,0,0.0,0.001094263750000022
101.857,0,0,0.0,0.001094263750000022
101.972,0,0,0.0,0.001094263750000022
102.072,0,0,0.0,0.001094263750000022
102.091,0,0,0.0,0.001094263750000022
102.569,0,0,0.0,0.001094263750000022
102.571,0,0,0.0,0.001094263750000022
102.671,0,0,0.0,0.001094263750000022
102.671,0,0,0.0,0.001094263750000022
102.772,0,0,0.0,0.001094263750000022
102.857,0,0,0.0,0.001094263750000022
102.871,0,0,0.0,0.001094263750000022
102.978,0,0,0.0,0.001094263750000022
103.089,0,0,0.0,0.001094263750000022
103.176,0,0,0.0,0.001094263750000022
103.669,0,0,0.0,0.001094263750000022
103.669,0,0,0.0,0.001094263750000022
103.672,0,0,0.0,0.001094263750000022
103.781,0,0,0.0,0.001094263750000022
103.869,0,0,0.0,0.001094263750000022
103.869,0,0,0.0,0.001094263750000022
103.975,0,0,0.0,0.001094263750000022
104.088,0,0,0.0,0.001094263750000022
104.172,0,0,0.0,0.001094263750000022
104.468,0,0,0.0,0.001094263750000022
104.568,0,0,0.0,0.001094263750000022
104.673,0,0,0.0,0.001094263750000022
104.771,0,0,0.0,0.001094263750000022
104.867,0,0,0.0,0.001094263750000022
104.969,0,0,0.0,0.001094263750000022
104.971,0,0,0.0,0.001094263750000022
105.071,0,0,0.0,0.001094263750000022
105.091,0,0,0.0,0.001094263750000022
105.47,0,0,0.0,0.001094263750000022
105.672,0,0,0.0,0.001094263750000022
105.767,0,0,0.0,0.001094263750000022
105.768,0,0,0.0,0.001094263750000022
105.768,0,0,0.0,0.001094263750000022
105.971,0,0,0.0,0.001094263750000022
106.069,0,0,0.0,0.001094263750000022
106.071,0,0,0.0,0.001094263750000022
106.088,0,0,0.0,0.001094263750000022
106.373,0,0,0.0,0.001094263750000022
106.672,0,0,0.0,0.001094263750000022
106.77,0,0,0.0,0.001094263750000022
106.869,0,0,0.0,0.001094263750000022
106.967,0,0,0.0,0.001094263750000022
107.067,0,0,0.0,0.001094263750000022
107.071,0,0,0.0,0.001094263750000022
107.08,0,0,0.0,0.001094263750000022
107.087,0,0,0.0,0.001094263750000022
107.169,0,0,0.0,0.001094263750000022
107.476,0,0,0.0,0.001094263750000022
107.574,0,0,0.0,0.001094263750000022
107.678,0,0,0.0,0.001094263750000022
107.774,0,0,0.0,0.001094263750000022
107.967,0,0,0.0,0.001094263750000022
108.07,0,0,0.0,0.001094263750000022
108.075,0,0,0.0,0.001094263750000022
108.089,0,0,0.0,0.001094263750000022
108.168,0,0,0.0,0.001094263750000022
108.469,0,0,0.0,0.001094263750000022
108.473,0,0,0.0,0.001094263750000022
108.672,0,0,0.0,0.001094263750000022
108.817,0,0,0.0,0.001094263750000022
108.867,0,0,0.0,0.001094263750000022
108.869,0,0,0.0,0.001094263750000022
108.969,0,0,0.0,0.001094263750000022
109.086,0,0,0.0,0.001094263750000022
109.167,0,0,0.0,0.001094263750000022
109.366,0,0,0.0,0.001094263750000022
109.469,0,0,0.0,0.001094263750000022
109.671,0,0,0.0,0.001094263750000022
109.772,0,0,0.0,0.001094263750000022
109.837,0,0,0.0,0.001094263750000022
109.872,0,0,0.0,0.001094263750000022
110.07,0,0,0.0,0.001094263750000022
110.082,0,0,0.0,0.001094263750000022
110.167,0,0,0.0,0.001094263750000022
110.17,0,0,0.0,0.001094263750000022
110.466,0,0,0.0,0.001094263750000022
110.469,0,0,0.0,0.001094263750000022
110.573,0,0,0.0,0.001094263750000022
110.676,0,0,0.0,0.001094263750000022
110.872,0,0,0.0,0.001094263750000022
111.069,0,0,0.0,0.001094263750000022
111.084,0,0,0.0,0.001094263750000022
111.17,0,0,0.0,0.001094263750000022
111.566,0,0,0.0,0.001094263750000022
111.568,0,0,0.0,0.001094263750000022
111.569,0,0,0.0,0.001094263750000022
111.579,0,0,0.0,0.001094263750000022
111.807,0,0,0.0,0.001094263750000022
111.868,0,0,0.0,0.001094263750000022
111.968,0,0,0.0,0.001094263750000022
112.069,0,0,0.0,0.001094263750000022
112.08,0,0,0.0,0.001094263750000022
112.569,0,0,0.0,0.001094263750000022
112.667,0,0,0.0,0.001094263750000022
112.668,0,0,0.0,0.001094263750000022
112.669,0,0,0.0,0.001094263750000022
112.772,0,0,0.0,0.001094263750000022
112.837,0,0,0.0,0.001094263750000022
112.874,0,0,0.0,0.001094263750000022
113.072,0,0,0.0,0.001094263750000022
113.089,0,0,0.0,0.001094263750000022
113.169,0,0,0.0,0.001094263750000022
113.465,0,0,0.0,0.001094263750000022
113.571,0,0,0.0,0.001094263750000022
113.673,0,0,0.0,0.001094263750000022
113.676,0,0,0.0,0.001094263750000022
113.765,0,0,0.0,0.001094263750000022
113.872,0,0,0.0,0.001094263750000022
114.068,0,0,0.0,0.001094263750000022
114.086,0,0,0.0,0.001094263750000022
114.169,0,0,0.0,0.001094263750000022
114.465,0,0,0.0,0.001094263750000022
114.67,0,0,0.0,0.001094263750000022
114.673,0,0,0.0,0.001094263750000022
114.765,0,0,0.0,0.001094263750000022
114.765,0,0,0.0,0.001094263750000022
114.868,0,0,0.0,0.001094263750000022
114.968,0,0,0.0,0.001094263750000022
115.085,0,0,0.0,0.001094263750000022
115.168,0,0,0.0,0.001094263750000022
115.467,0,0,0.0,0.001094263750000022
115.666,0,0,0.0,0.001094263750000022
115.765,0,0,0.0,0.001094263750000022
115.864,0,0,0.0,0.001094263750000022
115.865,0,0,0.0,0.001094263750000022
115.867,0,0,0.0,0.001094263750000022
115.965,0,0,0.0,0.001094263750000022
116.072,0,0,0.0,0.001094263750000022
116.085,0,0,0.0,0.001094263750000022
116.567,0,0,0.0,0.001094263750000022
116.669,0,0,0.0,0.001094263750000022
116.766,0,0,0.0,0.001094263750000022
116.867,0,0,0.0,0.001094263750000022
116.965,0,0,0.0,0.001094263750000022
116.967,0,0,0.0,0.001094263750000022
117.065,0,0,0.0,0.001094263750000022
117.067,0,0,0.0,0.001094263750000022
117.088,0,0,0.0,0.001094263750000022
117.566,0,0,0.0,0.001094263750000022
117.668,0,0,0.0,0.001094263750000022
117.669,0,0,0.0,0.001094263750000022
117.864,0,0,0.0,0.001094263750000022
117.964,0,0,0.0,0.001094263750000022
117.964,0,0,0.0,0.001094263750000022
118.087,0,0,0.0,0.001094263750000022
118.165,0,0,0.0,0.001094263750000022
118.168,0,0,0.0,0.001094263750000022
118.369,0,0,0.0,0.001094263750000022
118.568,0,0,0.0,0.001094263750000022
118.766,0,0,0.0,0.001094263750000022
118.866,0,0,0.0,0.001094263750000022
118.966,0,0,0.0,0.001094263750000022
119.064,0,0,0.0,0.001094263750000022
119.089,0,0,0.0,0.001094263750000022
119.164,0,0,0.0,0.001094263750000022
119.167,0,0,0.0,0.001094263750000022
119.365,0,0,0.0,0.001094263750000022
119.566,0,0,0.0,0.001094263750000022
119.671,0,0,0.0,0.001094263750000022
119.769,0,0,0.0,0.001094263750000022
119.966,0,0,0.0,0.001094263750000022
120.064,0,0,0.0,0.001094263750000022
120.086,0,0,0.0,0.001094263750000022
120.167,0,0,0.0,0.001094263750000022
120.469,0,0,0.0,0.001094263750000022
120.572,0,0,0.0,0.001094263750000022
120.672,0,0,0.0,0.001094263750000022
120.777,0,0,0.0,0.001094263750000022
120.927,0,0,0.0,0.001094263750000022
120.966,0,0,0.0,0.001094263750000022
121.066,0,0,0.0,0.001094263750000022
121.07,0,0,0.0,0.001094263750000022
121.463,0,0,0.0,0.001094263750000022
121.465,0,0,0.0,0.001094263750000022
121.566,0,0,0.0,0.001094263750000022
121.765,0,0,0.0,0.001094263750000022
121.777,0,0,0.0,0.001094263750000022
121.865,0,0,0.0,0.001094263750000022
121.966,0,0,0.0,0.001094263750000022
122.164,0,0,0.0,0.001094263750000022
122.166,0,0,0.0,0.001094263750000022
122.462,0,0,0.0,0.001094263750000022
122.465,0,0,0.0,0.001094263750000022
122.565,0,0,0.0,0.001094263750000022
122.67,0,0,0.0,0.001094263750000022
122.771,0,0,0.0,0.001094263750000022
122.969,0,0,0.0,0.001094263750000022
123.083,0,0,0.0,0.001094263750000022
123.165,0,0,0.0,0.001094263750000022
123.462,0,0,0.0,0.001094263750000022
123.564,0,0,0.0,0.001094263750000022
123.575,0,0,0.0,0.001094263750000022
123.663,0,0,0.0,0.001094263750000022
123.77,0,0,0.0,0.001094263750000022
123.797,0,0,0.0,0.001094263750000022
123.965,0,0,0.0,0.001094263750000022
124.065,0,0,0.0,0.001094263750000022
124.082,0,0,0.0,0.001094263750000022
124.462,0,0,0.0,0.001094263750000022
124.565,0,0,0.0,0.001094263750000022
124.663,0,0,0.0,0.001094263750000022
124.762,0,0,0.0,0.001094263750000022
124.765,0,0,0.0,0.001094263750000022
124.787,0,0,0.0,0.001094263750000022
124.865,0,0,0.0,0.001094263750000022
124.965,0,0,0.0,0.001094263750000022
125.082,0,0,0.0,0.001094263750000022
125.169,0,0,0.0,0.001094263750000022
125.663,0,0,0.0,0.001094263750000022
125.666,0,0,0.0,0.001094263750000022
125.764,0,0,0.0,0.001094263750000022
125.774,0,0,0.0,0.001094263750000022
125.861,0,0,0.0,0.001094263750000022
125.862,0,0,0.0,0.001094263750000022
125.968,0,0,0.0,0.001094263750000022
126.068,0,0,0.0,0.001094263750000022
126.086,0,0,0.0,0.001094263750000022
126.564,0,0,0.0,0.001094263750000022
126.663,0,0,0.0,0.001094263750000022
126.666,0,0,0.0,0.001094263750000022
126.861,0,0,0.0,0.001094263750000022
126.964,0,0,0.0,0.001094263750000022
126.964,0,0,0.0,0.001094263750000022
126.964,0,0,0.0,0.001094263750000022
127.064,0,0,0.0,0.001094263750000022
127.076,0,0,0.0,0.001094263750000022
127.464,0,0,0.0,0.001094263750000022
127.668,0,0,0.0,0.001094263750000022
127.761,0,0,0.0,0.001094263750000022
127.861,0,0,0.0,0.001094263750000022
127.863,0,0,0.0,0.001094263750000022
127.867,0,0,0.0,0.001094263750000022
128.062,0,0,0.0,0.001094263750000022
128.064,0,0,0.0,0.001094263750000022
128.081,0,0,0.0,0.001094263750000022
128.366,0,0,0.0,0.001094263750000022
128.665,0,0,0.0,0.001094263750000022
128.763,0,0,0.0,0.001094263750000022
128.863,0,0,0.0,0.001094263750000022
128.961,0,0,0.0,0.001094263750000022
129.061,0,0,0.0,0.001094263750000022
129.076,0,0,0.0,0.001094263750000022
129.081,0,0,0.0,0.001094263750000022
129.161,0,0,0.0,0.001094263750000022
129.164,0,0,0.0,0.001094263750000022
129.469,0,0,0.0,0.001094263750000022
129.566,0,0,0.0,0.001094263750000022
129.668,0,0,0.0,0.001094263750000022
129.761,0,0,0.0,0.001094263750000022
129.961,0,0,0.0,0.001094263750000022
130.063,0,0,0.0,0.001094263750000022
130.067,0,0,0.0,0.001094263750000022
130.083,0,0,0.0,0.001094263750000022
130.164,0,0,0.0,0.001094263750000022
130.463,0,0,0.0,0.001094263750000022
130.563,0,0,0.0,0.001094263750000022
130.665,0,0,0.0,0.001094263750000022
130.747,0,0,0.0,0.001094263750000022
130.862,0,0,0.0,0.001094263750000022
130.963,0,0,0.0,0.001094263750000022
130.963,0,0,0.0,0.001094263750000022
131.08,0,0,0.0,0.001094263750000022
131.161,0,0,0.0,0.001094263750000022
131.359,0,0,0.0,0.001094263750000022
131.462,0,0,0.0,0.001094263750000022
131.665,0,0,0.0,0.001094263750000022
131.747,0,0,0.0,0.001094263750000022
131.766,0,0,0.0,0.001094263750000022
131.866,0,0,0.0,0.001094263750000022
132.061,0,0,0.0,0.001094263750000022
132.063,0,0,0.0,0.001094263750000022
132.078,0,0,0.0,0.001094263750000022
132.361,0,0,0.0,0.001094263750000022
132.371,0,0,0.0,0.001094263750000022
132.566,0,0,0.0,0.001094263750000022
132.664,0,0,0.0,0.001094263750000022
132.767,0,0,0.0,0.001094263750000022
132.868,0,0,0.0,0.001094263750000022
133.062,0,0,0.0,0.001094263750000022
133.077,0,0,0.0,0.001094263750000022
133.163,0,0,0.0,0.001094263750000022
133.463,0,0,0.0,0.001094263750000022
133.559,0,0,0.0,0.001094263750000022
133.56,0,0,0.0,0.001094263750000022
133.573,0,0,0.0,0.001094263750000022
133.747,0,0,0.0,0.001094263750000022
133.862,0,0,0.0,0.001094263750000022
133.962,0,0,0.0,0.001094263750000022
134.062,0,0,0.0,0.001094263750000022
134.08,0,0,0.0,0.001094263750000022
134.562,0,0,0.0,0.001094263750000022
134.661,0,0,0.0,0.001094263750000022
134.663,0,0,0.0,0.001094263750000022
134.76,0,0,0.0,0.001094263750000022
134.766,0,0,0.0,0.001094263750000022
134.767,0,0,0.0,0.001094263750000022
134.868,0,0,0.0,0.001094263750000022
135.066,0,0,0.0,0.001094263750000022
135.083,0,0,0.0,0.001094263750000022
135.458,0,0,0.0,0.001094263750000022
135.66,0,0,0.0,0.001094263750000022
135.66,0,0,0.0,0.001094263750000022
135.67,0,0,0.0,0.001094263750000022
135.757,0,0,0.0,0.001094263750000022
135.759,0,0,0.0,0.001094263750000022
135.865,0,0,0.0,0.001094263750000022
136.061,0,0,0.0,0.001094263750000022
136.081,0,0,0.0,0.001094263750000022
136.162,0,0,0.0,0.001094263750000022
136.458,0,0,0.0,0.001094263750000022
136.659,0,0,0.0,0.001094263750000022
136.758,0,0,0.0,0.001094263750000022
136.759,0,0,0.0,0.001094263750000022
136.761,0,0,0.0,0.001094263750000022
136.861,0,0,0.0,0.001094263750000022
136.962,0,0,0.0,0.001094263750000022
137.079,0,0,0.0,0.001094263750000022
137.162,0,0,0.0,0.001094263750000022
137.461,0,0,0.0,0.001094263750000022
137.659,0,0,0.0,0.001094263750000022
137.758,0,0,0.0,0.001094263750000022
137.858,0,0,0.0,0.001094263750000022
137.86,0,0,0.0,0.001094263750000022
137.87,0,0,0.0,0.001094263750000022
137.958,0,0,0.0,0.001094263750000022
138.065,0,0,0.0,0.001094263750000022
138.079,0,0,0.0,0.001094263750000022
138.56,0,0,0.0,0.001094263750000022
138.662,0,0,0.0,0.001094263750000022
138.76,0,0,0.0,0.001094263750000022
138.764,0,0,0.0,0.001094263750000022
138.858,0,0,0.0,0.001094263750000022
138.958,0,0,0.0,0.001094263750000022
139.058,0,0,0.0,0.001094263750000022
139.061,0,0,0.0,0.001094263750000022
139.082,0,0,0.0,0.001094263750000022
139.56,0,0,0.0,0.001094263750000022
139.56,0,0,0.0,0.001094263750000022
139.662,0,0,0.0,0.001094263750000022
139.857,0,0,0.0,0.001094263750000022
139.858,0,0,0.0,0.001094263750000022
139.96,0,0,0.0,0.001094263750000022
140.061,0,0,0.0,0.001094263750000022
140.081,0,0,0.0,0.001094263750000022
140.158,0,0,0.0,0.001094263750000022
140.362,0,0,0.0,0.001094263750000022
140.56,0,0,0.0,0.001094263750000022
140.76,0,0,0.0,0.001094263750000022
140.86,0,0,0.0,0.001094263750000022
140.96,0,0,0.0,0.001094263750000022
141.058,0,0,0.0,0.001094263750000022
141.082,0,0,0.0,0.001094263750000022
141.158,0,0,0.0,0.001094263750000022
141.161,0,0,0.0,0.001094263750000022
141.358,0,0,0.0,0.001094263750000022
141.473,0,0,0.0,0.001094263750000022
141.665,0,0,0.0,0.001094263750000022
141.763,0,0,0.0,0.001094263750000022
141.959,0,0,0.0,0.001094263750000022
142.057,0,0,0.0,0.001094263750000022
142.058,0,0,0.0,0.001094263750000022
142.078,0,0,0.0,0.001094263750000022
142.463,0,0,0.0,0.001094263750000022
142.563,0,0,0.0,0.001094263750000022
142.665,0,0,0.0,0.001094263750000022
142.717,0,0,0.0,0.001094263750000022
142.847,0,0,0.0,0.001094263750000022
142.959,0,0,0.0,0.001094263750000022
143.059,0,0,0.0,0.001094263750000022
143.063,0,0,0.0,0.001094263750000022
143.076,0,0,0.0,0.001094263750000022
143.458,0,0,0.0,0.001094263750000022
143.559,0,0,0.0,0.001094263750000022
143.661,0,0,0.0,0.001094263750000022
143.717,0,0,0.0,0.001094263750000022
143.759,0,0,0.0,0.001094263750000022
143.862,0,0,0.0,0.001094263750000022
143.962,0,0,0.0,0.001094263750000022
144.159,0,0,0.0,0.001094263750000022
144.455,0,0,0.0,0.001094263750000022
144.459,0,0,0.0,0.001094263750000022
144.559,0,0,0.0,0.001094263750000022
144.664,0,0,0.0,0.001094263750000022
144.707,0,0,0.0,0.001094263750000022
144.762,0,0,0.0,0.001094263750000022
144.962,0,0,0.0,0.001094263750000022
145.076,0,0,0.0,0.001094263750000022
145.159,0,0,0.0,0.001094263750000022
145.456,0,0,0.0,0.001094263750000022
145.458,0,0,0.0,0.001094263750000022
145.569,0,0,0.0,0.001094263750000022
145.656,0,0,0.0,0.001094263750000022
145.727,0,0,0.0,0.001094263750000022
145.764,0,0,0.0,0.001094263750000022
145.959,0,0,0.0,0.001094263750000022
146.058,0,0,0.0,0.001094263750000022
146.076,0,0,0.0,0.001094263750000022
146.458,0,0,0.0,0.001094263750000022
146.657,0,0,0.0,0.001094263750000022
146.659,0,0,0.0,0.001094263750000022
146.727,0,0,0.0,0.001094263750000022
146.755,0,0,0.0,0.001094263750000022
146.758,0,0,0.0,0.001094263750000022
146.858,0,0,0.0,0.001094263750000022
146.964,0,0,0.0,0.001094263750000022
147.075,0,0,0.0,0.001094263750000022
147.162,0,0,0.0,0.001094263750000022
147.656,0,0,0.0,0.001094263750000022
147.659,0,0,0.0,0.001094263750000022
147.757,0,0,0.0,0.001094263750000022
147.767,0,0,0.0,0.001094263750000022
147.855,0,0,0.0,0.001094263750000022
147.858,0,0,0.0,0.001094263750000022
147.961,0,0,0.0,0.001094263750000022
148.08,0,0,0.0,0.001094263750000022
148.159,0,0,0.0,0.001094263750000022
148.557,0,0,0.0,0.001094263750000022
148.656,0,0,0.0,0.001094263750000022
148.66,0,0,0.0,0.001094263750000022
148.855,0,0,0.0,0.001094263750000022
148.857,0,0,0.0,0.001094263750000022
148.957,0,0,0.0,0.001094263750000022
148.958,0,0,0.0,0.001094263750000022
149.058,0,0,0.0,0.001094263750000022
149.073,0,0,0.0,0.001094263750000022
149.457,0,0,0.0,0.001094263750000022
149.659,0,0,0.0,0.001094263750000022
149.754,0,0,0.0,0.001094263750000022
149.854,0,0,0.0,0.001094263750000022
149.861,0,0,0.0,0.001094263750000022
149.957,0,0,0.0,0.001094263750000022
149.967,0,0,0.0,0.001094263750000022
150.055,0,0,0.0,0.001094263750000022
150.075,0,0,0.0,0.001094263750000022
150.359,0,0,0.0,0.001094263750000022
150.757,0,0,0.0,0.001094263750000022
150.856,0,0,0.0,0.001094263750000022
150.954,0,0,0.0,0.001094263750000022
151.054,0,0,0.0,0.001094263750000022
151.074,0,0,0.0,0.001094263750000022
151.155,0,0,0.0,0.001094263750000022
151.157,0,0,0.0,0.001094263750000022
151.457,0,0,0.0,0.001094263750000022
151.56,0,0,0.0,0.001094263750000022
151.756,0,0,0.0,0.001094263750000022
151.757,0,0,0.0,0.001094263750000022
151.954,0,0,0.0,0.001094263750000022
152.057,0,0,0.0,0.001094263750000022
152.061,0,0,0.0,0.001094263750000022
152.075,0,0,0.0,0.001094263750000022
152.157,0,0,0.0,0.001094263750000022
152.556,0,0,0.0,0.001094263750000022
152.655,0,0,0.0,0.001094263750000022
152.658,0,0,0.0,0.001094263750000022
152.677,0,0,0.0,0.001094263750000022
152.854,0,0,0.0,0.001094263750000022
152.856,0,0,0.0,0.001094263750000022
152.956,0,0,0.0,0.001094263750000022
153.073,0,0,0.0,0.001094263750000022
153.154,0,0,0.0,0.001094263750000022
153.353,0,0,0.0,0.001094263750000022
153.462,0,0,0.0,0.001094263750000022
153.658,0,0,0.0,0.001094263750000022
153.687,0,0,0.0,0.001094263750000022
153.759,0,0,0.0,0.001094263750000022
153.859,0,0,0.0,0.001094263750000022
154.056,0,0,0.0,0.001094263750000022
154.07,0,0,0.0,0.001094263750000022
154.154,0,0,0.0,0.001094263750000022
154.352,0,0,0.0,0.001094263750000022
154.364,0,0,0.0,0.001094263750000022
154.56,0,0,0.0,0.001094263750000022
154.663,0,0,0.0,0.001094263750000022
154.677,0,0,0.0,0.001094263750000022
154.862,0,0,0.0,0.001094263750000022
155.056,0,0,0.0,0.001094263750000022
155.071,0,0,0.0,0.001094263750000022
155.156,0,0,0.0,0.001094263750000022
155.455,0,0,0.0,0.001094263750000022
155.456,0,0,0.0,0.001094263750000022
155.553,0,0,0.0,0.001094263750000022
155.559,0,0,0.0,0.001094263750000022
155.677,0,0,0.0,0.001094263750000022
155.855,0,0,0.0,0.001094263750000022
155.956,0,0,0.0,0.001094263750000022
156.055,0,0,0.0,0.001094263750000022
156.074,0,0,0.0,0.001094263750000022
156.654,0,0,0.0,0.001094263750000022
156.657,0,0,0.0,0.001094263750000022
156.657,0,0,0.0,0.001094263750000022
156.697,0,0,0.0,0.001094263750000022
156.754,0,0,0.0,0.001094263750000022
156.759,0,0,0.0,0.001094263750000022
156.861,0,0,0.0,0.001094263750000022
157.059,0,0,0.0,0.001094263750000022
157.077,0,0,0.0,0.001094263750000022
157.452,0,0,0.0,0.001094263750000022
157.653,0,0,0.0,0.001094263750000022
157.657,0,0,0.0,0.001094263750000022
157.667,0,0,0.0,0.001094263750000022
157.697,0,0,0.0,0.001094263750000022
157.752,0,0,0.0,0.001094263750000022
157.859,0,0,0.0,0.001094263750000022
158.055,0,0,0.0,0.001094263750000022
158.074,0,0,0.0,0.001094263750000022
158.156,0,0,0.0,0.001094263750000022
158.452,0,0,0.0,0.001094263750000022
158.657,0,0,0.0,0.001094263750000022
158.752,0,0,0.0,0.001094263750000022
158.752,0,0,0.0,0.001094263750000022
158.755,0,0,0.0,0.001094263750000022
158.855,0,0,0.0,0.001094263750000022
158.955,0,0,0.0,0.001094263750000022
159.065,0,0,0.0,0.001094263750000022
159.072,0,0,0.0,0.001094263750000022
159.454,0,0,0.0,0.001094263750000022
159.654,0,0,0.0,0.001094263750000022
159.752,0,0,0.0,0.001094263750000022
159.854,0,0,0.0,0.001094263750000022
159.864,0,0,0.0,0.001094263750000022
159.951,0,0,0.0,0.001094263750000022
159.952,0,0,0.0,0.001094263750000022
160.058,0,0,0.0,0.001094263750000022
160.072,0,0,0.0,0.001094263750000022
160.554,0,0,0.0,0.001094263750000022
160.656,0,0,0.0,0.001094263750000022
160.751,0,0,0.0,0.001094263750000022
160.758,0,0,0.0,0.001094263750000022
160.954,0,0,0.0,0.001094263750000022
161.052,0,0,0.0,0.001094263750000022
161.054,0,0,0.0,0.001094263750000022
161.075,0,0,0.0,0.001094263750000022
161.557,0,0,0.0,0.001094263750000022
161.656,0,0,0.0,0.001094263750000022
161.656,0,0,0.0,0.001094263750000022
161.851,0,0,0.0,0.001094263750000022
161.951,0,0,0.0,0.001094263750000022
161.954,0,0,0.0,0.001094263750000022
162.054,0,0,0.0,0.001094263750000022
162.075,0,0,0.0,0.001094263750000022
162.152,0,0,0.0,0.001094263750000022
162.356,0,0,0.0,0.001094263750000022
162.554,0,0,0.0,0.001094263750000022
162.753,0,0,0.0,0.001094263750000022
162.853,0,0,0.0,0.001094263750000022
162.953,0,0,0.0,0.001094263750000022
163.051,0,0,0.0,0.001094263750000022
163.076,0,0,0.0,0.001094263750000022
163.151,0,0,0.0,0.001094263750000022
163.154,0,0,0.0,0.001094263750000022
163.463,0,0,0.0,0.001094263750000022
163.659,0,0,0.0,0.001094263750000022
163.727,0,0,0.0,0.001094263750000022
163.757,0,0,0.0,0.001094263750000022
164.051,0,0,0.0,0.001094263750000022
164.075,0,0,0.0,0.001094263750000022
164.154,0,0,0.0,0.001094263750000022
164.457,0,0,0.0,0.001094263750000022
164.557,0,0,0.0,0.001094263750000022
164.647,0,0,0.0,0.001094263750000022
164.658,0,0,0.0,0.001094263750000022
164.787,0,0,0.0,0.001094263750000022
164.953,0,0,0.0,0.001094263750000022
165.053,0,0,0.0,0.001094263750000022
165.057,0,0,0.0,0.001094263750000022
165.453,0,0,0.0,0.001094263750000022
165.553,0,0,0.0,0.001094263750000022
165.647,0,0,0.0,0.001094263750000022
165.655,0,0,0.0,0.001094263750000022
165.753,0,0,0.0,0.001094263750000022
165.856,0,0,0.0,0.001094263750000022
165.956,0,0,0.0,0.001094263750000022
166.062,0,0,0.0,0.001094263750000022
166.153,0,0,0.0,0.001094263750000022
166.45,0,0,0.0,0.001094263750000022
166.453,0,0,0.0,0.001094263750000022
166.553,0,0,0.0,0.001094263750000022
166.637,0,0,0.0,0.001094263750000022
166.657,0,0,0.0,0.001094263750000022
166.759,0,0,0.0,0.001094263750000022
166.956,0,0,0.0,0.001094263750000022
167.072,0,0,0.0,0.001094263750000022
167.153,0,0,0.0,0.001094263750000022
167.351,0,0,0.0,0.001094263750000022
167.45,0,0,0.0,0.001094263750000022
167.563,0,0,0.0,0.001094263750000022
167.651,0,0,0.0,0.001094263750000022
167.667,0,0,0.0,0.001094263750000022
167.758,0,0,0.0,0.001094263750000022
167.953,0,0,0.0,0.001094263750000022
168.053,0,0,0.0,0.001094263750000022
168.069,0,0,0.0,0.001094263750000022
168.159,0,0,0.0,0.001094263750000022
168.451,0,0,0.0,0.001094263750000022
168.552,0,0,0.0,0.001094263750000022
168.65,0,0,0.0,0.001094263750000022
168.749,0,0,0.0,0.001094263750000022
168.752,0,0,0.0,0.001094263750000022
168.756,0,0,0.0,0.001094263750000022
168.953,0,0,0.0,0.001094263750000022
169.069,0,0,0.0,0.001094263750000022
169.156,0,0,0.0,0.001094263750000022
169.65,0,0,0.0,0.001094263750000022
169.653,0,0,0.0,0.001094263750000022
169.751,0,0,0.0,0.001094263750000022
169.762,0,0,0.0,0.001094263750000022
169.849,0,0,0.0,0.001094263750000022
169.852,0,0,0.0,0.001094263750000022
169.956,0,0,0.0,0.001094263750000022
170.072,0,0,0.0,0.001094263750000022
170.153,0,0,0.0,0.001094263750000022
170.649,0,0,0.0,0.001094263750000022
170.653,0,0,0.0,0.001094263750000022
170.653,0,0,0.0,0.001094263750000022
170.848,0,0,0.0,0.001094263750000022
170.851,0,0,0.0,0.001094263750000022
170.951,0,0,0.0,0.001094263750000022
170.952,0,0,0.0,0.001094263750000022
171.058,0,0,0.0,0.001094263750000022
171.067,0,0,0.0,0.001094263750000022
171.451,0,0,0.0,0.001094263750000022
171.551,0,0,0.0,0.001094263750000022
171.748,0,0,0.0,0.001094263750000022
171.848,0,0,0.0,0.001094263750000022
171.855,0,0,0.0,0.001094263750000022
171.951,0,0,0.0,0.001094263750000022
171.961,0,0,0.0,0.001094263750000022
172.049,0,0,0.0,0.001094263750000022
172.068,0,0,0.0,0.001094263750000022
172.353,0,0,0.0,0.001094263750000022
172.556,0,0,0.0,0.001094263750000022
172.75,0,0,0.0,0.001094263750000022
172.847,0,0,0.0,0.001094263750000022
172.948,0,0,0.0,0.001094263750000022
173.048,0,0,0.0,0.001094263750000022
173.051,0,0,0.0,0.001094263750000022
173.061,0,0,0.0,0.001094263750000022
173.071,0,0,0.0,0.001094263750000022
173.149,0,0,0.0,0.001094263750000022
173.456,0,0,0.0,0.001094263750000022
173.553,0,0,0.0,0.001094263750000022
173.652,0,0,0.0,0.001094263750000022
173.75,0,0,0.0,0.001094263750000022
173.947,0,0,0.0,0.001094263750000022
174.05,0,0,0.0,0.001094263750000022
174.072,0,0,0.0,0.001094263750000022
174.151,0,0,0.0,0.001094263750000022
174.55,0,0,0.0,0.001094263750000022
174.627,0,0,0.0,0.001094263750000022
174.652,0,0,0.0,0.001094263750000022
174.849,0,0,0.0,0.001094263750000022
174.947,0,0,0.0,0.001094263750000022
174.95,0,0,0.0,0.001094263750000022
175.063,0,0,0.0,0.001094263750000022
175.148,0,0,0.0,0.001094263750000022
175.154,0,0,0.0,0.001094263750000022
175.346,0,0,0.0,0.001094263750000022
175.449,0,0,0.0,0.001094263750000022
175.652,0,0,0.0,0.001094263750000022
175.753,0,0,0.0,0.001094263750000022
175.853,0,0,0.0,0.001094263750000022
176.05,0,0,0.0,0.001094263750000022
176.064,0,0,0.0,0.001094263750000022
176.148,0,0,0.0,0.001094263750000022
176.358,0,0,0.0,0.001094263750000022
176.446,0,0,0.0,0.001094263750000022
176.553,0,0,0.0,0.001094263750000022
176.637,0,0,0.0,0.001094263750000022
176.657,0,0,0.0,0.001094263750000022
176.855,0,0,0.0,0.001094263750000022
177.049,0,0,0.0,0.001094263750000022
177.064,0,0,0.0,0.001094263750000022
177.15,0,0,0.0,0.001094263750000022
177.449,0,0,0.0,0.001094263750000022
177.546,0,0,0.0,0.001094263750000022
177.549,0,0,0.0,0.001094263750000022
177.559,0,0,0.0,0.001094263750000022
177.607,0,0,0.0,0.001094263750000022
177.849,0,0,0.0,0.001094263750000022
177.855,0,0,0.0,0.001094263750000022
178.049,0,0,0.0,0.001094263750000022
178.067,0,0,0.0,0.001094263750000022
178.549,0,0,0.0,0.001094263750000022
178.557,0,0,0.0,0.001094263750000022
178.637,0,0,0.0,0.001094263750000022
178.647,0,0,0.0,0.001094263750000022
178.747,0,0,0.0,0.001094263750000022
178.752,0,0,0.0,0.001094263750000022
178.855,0,0,0.0,0.001094263750000022
179.053,0,0,0.0,0.001094263750000022
179.07,0,0,0.0,0.001094263750000022
179.546,0,0,0.0,0.001094263750000022
179.627,0,0,0.0,0.001094263750000022
179.647,0,0,0.0,0.001094263750000022
179.65,0,0,0.0,0.001094263750000022
179.657,0,0,0.0,0.001094263750000022
179.746,0,0,0.0,0.001094263750000022
179.852,0,0,0.0,0.001094263750000022
180.049,0,0,0.0,0.001094263750000022
180.067,0,0,0.0,0.001094263750000022
180.149,0,0,0.0,0.001094263750000022
180.445,0,0,0.0,0.001094263750000022
180.65,0,0,0.0,0.001094263750000022
180.651,0,0,0.0,0.001094263750000022
180.745,0,0,0.0,0.001094263750000022
180.745,0,0,0.0,0.001094263750000022
180.848,0,0,0.0,0.001094263750000022
180.949,0,0,0.0,0.001094263750000022
181.058,0,0,0.0,0.001094263750000022
181.066,0,0,0.0,0.001094263750000022
181.447,0,0,0.0,0.001094263750000022
181.649,0,0,0.0,0.001094263750000022
181.745,0,0,0.0,0.001094263750000022
181.848,0,0,0.0,0.001094263750000022
181.857,0,0,0.0,0.001094263750000022
181.945,0,0,0.0,0.001094263750000022
181.945,0,0,0.0,0.001094263750000022
182.052,0,0,0.0,0.001094263750000022
182.066,0,0,0.0,0.001094263750000022
182.547,0,0,0.0,0.001094263750000022
182.649,0,0,0.0,0.001094263750000022
182.745,0,0,0.0,0.001094263750000022
182.751,0,0,0.0,0.001094263750000022
182.945,0,0,0.0,0.001094263750000022
182.947,0,0,0.0,0.001094263750000022
183.046,0,0,0.0,0.001094263750000022
183.048,0,0,0.0,0.001094263750000022
183.551,0,0,0.0,0.001094263750000022
183.747,0,0,0.0,0.001094263750000022
183.844,0,0,0.0,0.001094263750000022
183.944,0,0,0.0,0.001094263750000022
183.948,0,0,0.0,0.001094263750000022
184.047,0,0,0.0,0.001094263750000022
184.065,0,0,0.0,0.001094263750000022
184.146,0,0,0.0,0.001094263750000022
184.35,0,0,0.0,0.001094263750000022
184.547,0,0,0.0,0.001094263750000022
184.847,0,0,0.0,0.001094263750000022
184.947,0,0,0.0,0.001094263750000022
185.044,0,0,0.0,0.001094263750000022
185.145,0,0,0.0,0.001094263750000022
185.148,0,0,0.0,0.001094263750000022
185.597,0,0,0.0,0.001094263750000022
185.653,0,0,0.0,0.001094263750000022
185.75,0,0,0.0,0.001094263750000022
185.947,0,0,0.0,0.001094263750000022
186.044,0,0,0.0,0.001094263750000022
186.066,0,0,0.0,0.001094263750000022
186.147,0,0,0.0,0.001094263750000022
186.45,0,0,0.0,0.001094263750000022
186.55,0,0,0.0,0.001094263750000022
186.587,0,0,0.0,0.001094263750000022
186.652,0,0,0.0,0.001094263750000022
186.707,0,0,0.0,0.001094263750000022
186.947,0,0,0.0,0.001094263750000022
187.046,0,0,0.0,0.001094263750000022
187.047,0,0,0.0,0.001094263750000022
187.06,0,0,0.0,0.001094263750000022
187.446,0,0,0.0,0.001094263750000022
187.549,0,0,0.0,0.001094263750000022
187.577,0,0,0.0,0.001094263750000022
187.746,0,0,0.0,0.001094263750000022
187.85,0,0,0.0,0.001094263750000022
187.95,0,0,0.0,0.001094263750000022
188.146,0,0,0.0,0.001094263750000022
188.443,0,0,0.0,0.001094263750000022
188.446,0,0,0.0,0.001094263750000022
188.546,0,0,0.0,0.001094263750000022
188.577,0,0,0.0,0.001094263750000022
188.651,0,0,0.0,0.001094263750000022
188.751,0,0,0.0,0.001094263750000022
188.95,0,0,0.0,0.001094263750000022
189.064,0,0,0.0,0.001094263750000022
189.146,0,0,0.0,0.001094263750000022
189.443,0,0,0.0,0.001094263750000022
189.545,0,0,0.0,0.001094263750000022
189.557,0,0,0.0,0.001094263750000022
189.597,0,0,0.0,0.001094263750000022
189.645,0,0,0.0,0.001094263750000022
189.661,0,0,0.0,0.001094263750000022
189.946,0,0,0.0,0.001094263750000022
190.052,0,0,0.0,0.001094263750000022
190.064,0,0,0.0,0.001094263750000022
190.152,0,0,0.0,0.001094263750000022
190.443,0,0,0.0,0.001094263750000022
190.545,0,0,0.0,0.001094263750000022
190.644,0,0,0.0,0.001094263750000022
190.743,0,0,0.0,0.001094263750000022
190.745,0,0,0.0,0.001094263750000022
190.845,0,0,0.0,0.001094263750000022
190.946,0,0,0.0,0.001094263750000022
191.063,0,0,0.0,0.001094263750000022
191.15,0,0,0.0,0.001094263750000022
191.644,0,0,0.0,0.001094263750000022
191.647,0,0,0.0,0.001094263750000022
191.745,0,0,0.0,0.001094263750000022
191.755,0,0,0.0,0.001094263750000022
191.842,0,0,0.0,0.001094263750000022
191.845,0,0,0.0,0.001094263750000022
191.948,0,0,0.0,0.001094263750000022
192.066,0,0,0.0,0.001094263750000022
192.146,0,0,0.0,0.001094263750000022
192.544,0,0,0.0,0.001094263750000022
192.745,0,0,0.0,0.001094263750000022
192.842,0,0,0.0,0.001094263750000022
192.845,0,0,0.0,0.001094263750000022
192.848,0,0,0.0,0.001094263750000022
192.945,0,0,0.0,0.001094263750000022
193.045,0,0,0.0,0.001094263750000022
193.444,0,0,0.0,0.001094263750000022
193.841,0,0,0.0,0.001094263750000022
193.942,0,0,0.0,0.001094263750000022
193.945,0,0,0.0,0.001094263750000022
193.957,0,0,0.0,0.001094263750000022
194.042,0,0,0.0,0.001094263750000022
194.062,0,0,0.0,0.001094263750000022
194.346,0,0,0.0,0.001094263750000022
194.55,0,0,0.0,0.001094263750000022
194.843,0,0,0.0,0.001094263750000022
194.942,0,0,0.0,0.001094263750000022
195.042,0,0,0.0,0.001094263750000022
195.061,0,0,0.0,0.001094263750000022
195.142,0,0,0.0,0.001094263750000022
195.145,0,0,0.0,0.001094263750000022
195.45,0,0,0.0,0.001094263750000022
195.548,0,0,0.0,0.001094263750000022
195.551,0,0,0.0,0.001094263750000022
195.741,0,0,0.0,0.001094263750000022
196.044,0,0,0.0,0.001094263750000022
196.048,0,0,0.0,0.001094263750000022
196.048,0,0,0.0,0.001094263750000022
196.066,0,0,0.0,0.001094263750000022
196.544,0,0,0.0,0.001094263750000022
196.557,0,0,0.0,0.001094263750000022
196.645,0,0,0.0,0.001094263750000022
196.646,0,0,0.0,0.001094263750000022
196.943,0,0,0.0,0.001094263750000022
196.943,0,0,0.0,0.001094263750000022
197.06,0,0,0.0,0.001094263750000022
197.142,0,0,0.0,0.001094263750000022
197.339,0,0,0.0,0.001094263750000022
197.443,0,0,0.0,0.001094263750000022
197.557,0,0,0.0,0.001094263750000022
197.645,0,0,0.0,0.001094263750000022
197.746,0,0,0.0,0.001094263750000022
197.847,0,0,0.0,0.001094263750000022
198.043,0,0,0.0,0.001094263750000022
198.141,0,0,0.0,0.001094263750000022
198.339,0,0,0.0,0.001094263750000022
198.348,0,0,0.0,0.001094263750000022
198.547,0,0,0.0,0.001094263750000022
198.577,0,0,0.0,0.001094263750000022
198.753,0,0,0.0,0.001094263750000022
199.043,0,0,0.0,0.001094263750000022
199.058,0,0,0.0,0.001094263750000022
199.143,0,0,0.0,0.001094263750000022
199.442,0,0,0.0,0.001094263750000022
199.54,0,0,0.0,0.001094263750000022
199.542,0,0,0.0,0.001094263750000022
199.553,0,0,0.0,0.001094263750000022
199.842,0,0,0.0,0.001094263750000022
199.946,0,0,0.0,0.001094263750000022
200.061,0,0,0.0,0.001094263750000022
200.542,0,0,0.0,0.001094263750000022
200.567,0,0,0.0,0.001094263750000022
200.64,0,0,0.0,0.001094263750000022
200.741,0,0,0.0,0.001094263750000022
200.746,0,0,0.0,0.001094263750000022
200.848,0,0,0.0,0.001094263750000022
201.046,0,0,0.0,0.001094263750000022
201.567,0,0,0.0,0.001094263750000022
201.64,0,0,0.0,0.001094263750000022
201.64,0,0,0.0,0.001094263750000022
201.656,0,0,0.0,0.001094263750000022
201.74,0,0,0.0,0.001094263750000022
201.845,0,0,0.0,0.001094263750000022
202.042,0,0,0.0,0.001094263750000022
202.057,0,0,0.0,0.001094263750000022
202.143,0,0,0.0,0.001094263750000022
202.439,0,0,0.0,0.001094263750000022
202.643,0,0,0.0,0.001094263750000022
202.739,0,0,0.0,0.001094263750000022
202.739,0,0,0.0,0.001094263750000022
202.841,0,0,0.0,0.001094263750000022
202.942,0,0,0.0,0.001094263750000022
203.052,0,0,0.0,0.001094263750000022
203.06,0,0,0.0,0.001094263750000022
203.441,0,0,0.0,0.001094263750000022
203.643,0,0,0.0,0.001094263750000022
203.739,0,0,0.0,0.001094263750000022
203.853,0,0,0.0,0.001094263750000022
203.938,0,0,0.0,0.001094263750000022
203.939,0,0,0.0,0.001094263750000022
204.045,0,0,0.0,0.001094263750000022
204.059,0,0,0.0,0.001094263750000022
204.444,0,0,0.0,0.001094263750000022
204.643,0,0,0.0,0.001094263750000022
204.738,0,0,0.0,0.001094263750000022
204.741,0,0,0.0,0.001094263750000022
204.938,0,0,0.0,0.001094263750000022
204.941,0,0,0.0,0.001094263750000022
205.039,0,0,0.0,0.001094263750000022
205.041,0,0,0.0,0.001094263750000022
205.062,0,0,0.0,0.001094263750000022
205.544,0,0,0.0,0.001094263750000022
205.643,0,0,0.0,0.001094263750000022
205.938,0,0,0.0,0.001094263750000022
205.941,0,0,0.0,0.001094263750000022
206.041,0,0,0.0,0.001094263750000022
206.062,0,0,0.0,0.001094263750000022
206.139,0,0,0.0,0.001094263750000022
206.74,0,0,0.0,0.001094263750000022
206.84,0,0,0.0,0.001094263750000022
206.94,0,0,0.0,0.001094263750000022
207.038,0,0,0.0,0.001094263750000022
207.063,0,0,0.0,0.001094263750000022
207.138,0,0,0.0,0.001094263750000022
207.141,0,0,0.0,0.001094263750000022
207.587,0,0,0.0,0.001094263750000022
207.646,0,0,0.0,0.001094263750000022
207.74,0,0,0.0,0.001094263750000022
207.844,0,0,0.0,0.001094263750000022
208.059,0,0,0.0,0.001094263750000022
208.141,0,0,0.0,0.001094263750000022
208.444,0,0,0.0,0.001094263750000022
208.517,0,0,0.0,0.001094263750000022
208.544,0,0,0.0,0.001094263750000022
208.577,0,0,0.0,0.001094263750000022
208.646,0,0,0.0,0.001094263750000022
208.94,0,0,0.0,0.001094263750000022
209.04,0,0,0.0,0.001094263750000022
209.054,0,0,0.0,0.001094263750000022
209.44,0,0,0.0,0.001094263750000022
209.517,0,0,0.0,0.001094263750000022
209.54,0,0,0.0,0.001094263750000022
209.543,0,0,0.0,0.001094263750000022
209.74,0,0,0.0,0.001094263750000022
209.843,0,0,0.0,0.001094263750000022
209.943,0,0,0.0,0.001094263750000022
210.054,0,0,0.0,0.001094263750000022
210.14,0,0,0.0,0.001094263750000022
210.439,0,0,0.0,0.001094263750000022
210.517,0,0,0.0,0.001094263750000022
210.54,0,0,0.0,0.001094263750000022
210.645,0,0,0.0,0.001094263750000022
210.743,0,0,0.0,0.001094263750000022
210.944,0,0,0.0,0.001094263750000022
211.058,0,0,0.0,0.001094263750000022
211.14,0,0,0.0,0.001094263750000022
211.436,0,0,0.0,0.001094263750000022
211.537,0,0,0.0,0.001094263750000022
211.638,0,0,0.0,0.001094263750000022
211.657,0,0,0.0,0.001094263750000022
211.94,0,0,0.0,0.001094263750000022
212.04,0,0,0.0,0.001094263750000022
212.637,0,0,0.0,0.001094263750000022
212.64,0,0,0.0,0.001094263750000022
212.736,0,0,0.0,0.001094263750000022
212.739,0,0,0.0,0.001094263750000022
212.839,0,0,0.0,0.001094263750000022
212.945,0,0,0.0,0.001094263750000022
213.057,0,0,0.0,0.001094263750000022
213.64,0,0,0.0,0.001094263750000022
213.738,0,0,0.0,0.001094263750000022
213.748,0,0,0.0,0.001094263750000022
213.836,0,0,0.0,0.001094263750000022
213.942,0,0,0.0,0.001094263750000022
214.14,0,0,0.0,0.001094263750000022
214.536,0,0,0.0,0.001094263750000022
214.642,0,0,0.0,0.001094263750000022
214.835,0,0,0.0,0.001094263750000022
214.835,0,0,0.0,0.001094263750000022
214.842,0,0,0.0,0.001094263750000022
214.939,0,0,0.0,0.001094263750000022
215.039,0,0,0.0,0.001094263750000022
215.059,0,0,0.0,0.001094263750000022
215.438,0,0,0.0,0.001094263750000022
215.639,0,0,0.0,0.001094263750000022
215.735,0,0,0.0,0.001094263750000022
215.844,0,0,0.0,0.001094263750000022
215.944,0,0,0.0,0.001094263750000022
216.056,0,0,0.0,0.001094263750000022
216.34,0,0,0.0,0.001094263750000022
216.537,0,0,0.0,0.001094263750000022
216.737,0,0,0.0,0.001094263750000022
216.837,0,0,0.0,0.001094263750000022
216.938,0,0,0.0,0.001094263750000022
217.036,0,0,0.0,0.001094263750000022
217.055,0,0,0.0,0.001094263750000022
217.136,0,0,0.0,0.001094263750000022
217.342,0,0,0.0,0.001094263750000022
217.541,0,0,0.0,0.001094263750000022
217.737,0,0,0.0,0.001094263750000022
217.737,0,0,0.0,0.001094263750000022
217.935,0,0,0.0,0.001094263750000022
218.052,0,0,0.0,0.001094263750000022
218.487,0,0,0.0,0.001094263750000022
218.638,0,0,0.0,0.001094263750000022
218.639,0,0,0.0,0.001094263750000022
218.837,0,0,0.0,0.001094263750000022
218.937,0,0,0.0,0.001094263750000022
218.937,0,0,0.0,0.001094263750000022
219.054,0,0,0.0,0.001094263750000022
219.333,0,0,0.0,0.001094263750000022
219.436,0,0,0.0,0.001094263750000022
219.639,0,0,0.0,0.001094263750000022
219.74,0,0,0.0,0.001094263750000022
219.84,0,0,0.0,0.001094263750000022
220.134,0,0,0.0,0.001094263750000022
220.333,0,0,0.0,0.001094263750000022
220.342,0,0,0.0,0.001094263750000022
220.54,0,0,0.0,0.001094263750000022
220.644,0,0,0.0,0.001094263750000022
220.747,0,0,0.0,0.001094263750000022
221.037,0,0,0.0,0.001094263750000022
221.052,0,0,0.0,0.001094263750000022
221.436,0,0,0.0,0.001094263750000022
221.507,0,0,0.0,0.001094263750000022
221.533,0,0,0.0,0.001094263750000022
221.536,0,0,0.0,0.001094263750000022
221.546,0,0,0.0,0.001094263750000022
221.836,0,0,0.0,0.001094263750000022
221.94,0,0,0.0,0.001094263750000022
222.037,0,0,0.0,0.001094263750000022
222.053,0,0,0.0,0.001094263750000022
222.507,0,0,0.0,0.001094263750000022
222.534,0,0,0.0,0.001094263750000022
222.634,0,0,0.0,0.001094263750000022
222.637,0,0,0.0,0.001094263750000022
222.739,0,0,0.0,0.001094263750000022
222.842,0,0,0.0,0.001094263750000022
223.04,0,0,0.0,0.001094263750000022
223.057,0,0,0.0,0.001094263750000022
223.497,0,0,0.0,0.001094263750000022
223.633,0,0,0.0,0.001094263750000022
223.637,0,0,0.0,0.001094263750000022
223.647,0,0,0.0,0.001094263750000022
223.733,0,0,0.0,0.001094263750000022
223.839,0,0,0.0,0.001094263750000022
224.036,0,0,0.0,0.001094263750000022
224.05,0,0,0.0,0.001094263750000022
224.136,0,0,0.0,0.001094263750000022
224.432,0,0,0.0,0.001094263750000022
224.637,0,0,0.0,0.001094263750000022
224.732,0,0,0.0,0.001094263750000022
224.733,0,0,0.0,0.001094263750000022
224.736,0,0,0.0,0.001094263750000022
224.935,0,0,0.0,0.001094263750000022
225.041,0,0,0.0,0.001094263750000022
225.053,0,0,0.0,0.001094263750000022
225.435,0,0,0.0,0.001094263750000022
225.538,0,0,0.0,0.001094263750000022
225.732,0,0,0.0,0.001094263750000022
225.844,0,0,0.0,0.001094263750000022
225.932,0,0,0.0,0.001094263750000022
225.933,0,0,0.0,0.001094263750000022
226.039,0,0,0.0,0.001094263750000022
226.052,0,0,0.0,0.001094263750000022
226.438,0,0,0.0,0.001094263750000022
226.637,0,0,0.0,0.001094263750000022
226.734,0,0,0.0,0.001094263750000022
226.932,0,0,0.0,0.001094263750000022
226.934,0,0,0.0,0.001094263750000022
227.033,0,0,0.0,0.001094263750000022
227.035,0,0,0.0,0.001094263750000022
227.056,0,0,0.0,0.001094263750000022
227.537,0,0,0.0,0.001094263750000022
227.636,0,0,0.0,0.001094263750000022
227.734,0,0,0.0,0.001094263750000022
227.831,0,0,0.0,0.001094263750000022
227.931,0,0,0.0,0.001094263750000022
227.935,0,0,0.0,0.001094263750000022
228.035,0,0,0.0,0.001094263750000022
228.056,0,0,0.0,0.001094263750000022
228.132,0,0,0.0,0.001094263750000022
228.336,0,0,0.0,0.001094263750000022
228.534,0,0,0.0,0.001094263750000022
228.733,0,0,0.0,0.001094263750000022
228.834,0,0,0.0,0.001094263750000022
229.031,0,0,0.0,0.001094263750000022
229.056,0,0,0.0,0.001094263750000022
229.132,0,0,0.0,0.001094263750000022
229.135,0,0,0.0,0.001094263750000022
229.44,0,0,0.0,0.001094263750000022
229.467,0,0,0.0,0.001094263750000022
229.639,0,0,0.0,0.001094263750000022
229.737,0,0,0.0,0.001094263750000022
229.837,0,0,0.0,0.001094263750000022
230.032,0,0,0.0,0.001094263750000022
230.053,0,0,0.0,0.001094263750000022
230.134,0,0,0.0,0.001094263750000022
230.437,0,0,0.0,0.001094263750000022
230.457,0,0,0.0,0.001094263750000022
230.517,0,0,0.0,0.001094263750000022
230.636,0,0,0.0,0.001094263750000022
230.733,0,0,0.0,0.001094263750000022
230.931,0,0,0.0,0.001094263750000022
230.933,0,0,0.0,0.001094263750000022
231.034,0,0,0.0,0.001094263750000022
231.433,0,0,0.0,0.001094263750000022
231.457,0,0,0.0,0.001094263750000022
231.531,0,0,0.0,0.001094263750000022
231.534,0,0,0.0,0.001094263750000022
231.733,0,0,0.0,0.001094263750000022
231.837,0,0,0.0,0.001094263750000022
231.937,0,0,0.0,0.001094263750000022
232.048,0,0,0.0,0.001094263750000022
232.133,0,0,0.0,0.001094263750000022
232.43,0,0,0.0,0.001094263750000022
232.433,0,0,0.0,0.001094263750000022
232.447,0,0,0.0,0.001094263750000022
232.534,0,0,0.0,0.001094263750000022
232.638,0,0,0.0,0.001094263750000022
232.739,0,0,0.0,0.001094263750000022
232.937,0,0,0.0,0.001094263750000022
233.053,0,0,0.0,0.001094263750000022
233.134,0,0,0.0,0.001094263750000022
233.467,0,0,0.0,0.001094263750000022
233.533,0,0,0.0,0.001094263750000022
233.632,0,0,0.0,0.001094263750000022
233.641,0,0,0.0,0.001094263750000022
233.933,0,0,0.0,0.001094263750000022
234.033,0,0,0.0,0.001094263750000022
234.05,0,0,0.0,0.001094263750000022
234.133,0,0,0.0,0.001094263750000022
234.432,0,0,0.0,0.001094263750000022
234.462,0,0,0.0,0.001094263750000022
234.73,0,0,0.0,0.001094263750000022
234.733,0,0,0.0,0.001094263750000022
234.836,0,0,0.0,0.001094263750000022
234.939,0,0,0.0,0.001094263750000022
235.05,0,0,0.0,0.001094263750000022
235.137,0,0,0.0,0.001094263750000022
235.631,0,0,0.0,0.001094263750000022
235.634,0,0,0.0,0.001094263750000022
235.638,0,0,0.0,0.001094263750000022
235.736,0,0,0.0,0.001094263750000022
235.739,0,0,0.0,0.001094263750000022
235.83,0,0,0.0,0.001094263750000022
236.054,0,0,0.0,0.001094263750000022
236.134,0,0,0.0,0.001094263750000022
236.63,0,0,0.0,0.001094263750000022
236.634,0,0,0.0,0.001094263750000022
236.732,0,0,0.0,0.001094263750000022
236.829,0,0,0.0,0.001094263750000022
236.829,0,0,0.0,0.001094263750000022
236.83,0,0,0.0,0.001094263750000022
236.932,0,0,0.0,0.001094263750000022
237.038,0,0,0.0,0.001094263750000022
237.053,0,0,0.0,0.001094263750000022
237.432,0,0,0.0,0.001094263750000022
237.634,0,0,0.0,0.001094263750000022
237.729,0,0,0.0,0.001094263750000022
237.829,0,0,0.0,0.001094263750000022
237.929,0,0,0.0,0.001094263750000022
237.935,0,0,0.0,0.001094263750000022
238.029,0,0,0.0,0.001094263750000022
238.03,0,0,0.0,0.001094263750000022
238.048,0,0,0.0,0.001094263750000022
238.33,0,0,0.0,0.001094263750000022
238.532,0,0,0.0,0.001094263750000022
238.732,0,0,0.0,0.001094263750000022
238.831,0,0,0.0,0.001094263750000022
238.932,0,0,0.0,0.001094263750000022
239.029,0,0,0.0,0.001094263750000022
239.032,0,0,0.0,0.001094263750000022
239.048,0,0,0.0,0.001094263750000022
239.13,0,0,0.0,0.001094263750000022
239.431,0,0,0.0,0.001094263750000022
239.534,0,0,0.0,0.001094263750000022
239.731,0,0,0.0,0.001094263750000022
239.731,0,0,0.0,0.001094263750000022
239.929,0,0,0.0,0.001094263750000022
240.029,0,0,0.0,0.001094263750000022
240.029,0,0,0.0,0.001094263750000022
240.046,0,0,0.0,0.001094263750000022
240.437,0,0,0.0,0.001094263750000022
240.531,0,0,0.0,0.001094263750000022
240.534,0,0,0.0,0.001094263750000022
240.633,0,0,0.0,0.001094263750000022
240.83,0,0,0.0,0.001094263750000022
240.931,0,0,0.0,0.001094263750000022
241.031,0,0,0.0,0.001094263750000022
241.047,0,0,0.0,0.001094263750000022
241.129,0,0,0.0,0.001094263750000022
241.327,0,0,0.0,0.001094263750000022
241.427,0,0,0.0,0.001094263750000022
241.43,0,0,0.0,0.001094263750000022
241.632,0,0,0.0,0.001094263750000022
241.734,0,0,0.0,0.001094263750000022
241.834,0,0,0.0,0.001094263750000022
242.031,0,0,0.0,0.001094263750000022
242.044,0,0,0.0,0.001094263750000022
242.129,0,0,0.0,0.001094263750000022
242.339,0,0,0.0,0.001094263750000022
242.427,0,0,0.0,0.001094263750000022
242.447,0,0,0.0,0.001094263750000022
242.534,0,0,0.0,0.001094263750000022
242.637,0,0,0.0,0.001094263750000022
242.83,0,0,0.0,0.001094263750000022
243.03,0,0,0.0,0.001094263750000022
243.045,0,0,0.0,0.001094263750000022
243.131,0,0,0.0,0.001094263750000022
243.135,0,0,0.0,0.001094263750000022
243.326,0,0,0.0,0.001094263750000022
243.527,0,0,0.0,0.001094263750000022
243.53,0,0,0.0,0.001094263750000022
243.54,0,0,0.0,0.001094263750000022
243.829,0,0,0.0,0.001094263750000022
243.933,0,0,0.0,0.001094263750000022
244.03,0,0,0.0,0.001094263750000022
244.051,0,0,0.0,0.001094263750000022
244.447,0,0,0.0,0.001094263750000022
244.529,0,0,0.0,0.001094263750000022
244.628,0,0,0.0,0.001094263750000022
244.631,0,0,0.0,0.001094263750000022
244.631,0,0,0.0,0.001094263750000022
244.733,0,0,0.0,0.001094263750000022
244.835,0,0,0.0,0.001094263750000022
245.033,0,0,0.0,0.001094263750000022
245.05,0,0,0.0,0.001094263750000022
245.437,0,0,0.0,0.001094263750000022
245.526,0,0,0.0,0.001094263750000022
245.526,0,0,0.0,0.001094263750000022
245.631,0,0,0.0,0.001094263750000022
245.637,0,0,0.0,0.001094263750000022
245.727,0,0,0.0,0.001094263750000022
245.835,0,0,0.0,0.001094263750000022
246.029,0,0,0.0,0.001094263750000022
246.044,0,0,0.0,0.001094263750000022
246.13,0,0,0.0,0.001094263750000022
246.426,0,0,0.0,0.001094263750000022
246.526,0,0,0.0,0.001094263750000022
246.635,0,0,0.0,0.001094263750000022
246.726,0,0,0.0,0.001094263750000022
246.826,0,0,0.0,0.001094263750000022
246.829,0,0,0.0,0.001094263750000022
246.929,0,0,0.0,0.001094263750000022
247.035,0,0,0.0,0.001094263750000022
247.047,0,0,0.0,0.001094263750000022
247.327,0,0,0.0,0.001094263750000022
247.532,0,0,0.0,0.001094263750000022
247.726,0,0,0.0,0.001094263750000022
247.728,0,0,0.0,0.001094263750000022
247.838,0,0,0.0,0.001094263750000022
247.926,0,0,0.0,0.001094263750000022
247.926,0,0,0.0,0.001094263750000022
248.033,0,0,0.0,0.001094263750000022
248.046,0,0,0.0,0.001094263750000022
248.528,0,0,0.0,0.001094263750000022
248.627,0,0,0.0,0.001094263750000022
248.63,0,0,0.0,0.001094263750000022
248.728,0,0,0.0,0.001094263750000022
248.925,0,0,0.0,0.001094263750000022
249.028,0,0,0.0,0.001094263750000022
249.028,0,0,0.0,0.001094263750000022
249.029,0,0,0.0,0.001094263750000022
249.049,0,0,0.0,0.001094263750000022
249.531,0,0,0.0,0.001094263750000022
249.63,0,0,0.0,0.001094263750000022
249.631,0,0,0.0,0.001094263750000022
249.825,0,0,0.0,0.001094263750000022
249.925,0,0,0.0,0.001094263750000022
249.928,0,0,0.0,0.001094263750000022
250.028,0,0,0.0,0.001094263750000022
250.05,0,0,0.0,0.001094263750000022
250.126,0,0,0.0,0.001094263750000022
250.33,0,0,0.0,0.001094263750000022
250.528,0,0,0.0,0.001094263750000022
250.727,0,0,0.0,0.001094263750000022
250.827,0,0,0.0,0.001094263750000022
250.928,0,0,0.0,0.001094263750000022
251.025,0,0,0.0,0.001094263750000022
251.049,0,0,0.0,0.001094263750000022
251.125,0,0,0.0,0.001094263750000022
251.417,0,0,0.0,0.001094263750000022
251.433,0,0,0.0,0.001094263750000022
251.457,0,0,0.0,0.001094263750000022
251.633,0,0,0.0,0.001094263750000022
251.731,0,0,0.0,0.001094263750000022
251.831,0,0,0.0,0.001094263750000022
252.025,0,0,0.0,0.001094263750000022
252.047,0,0,0.0,0.001094263750000022
252.128,0,0,0.0,0.001094263750000022
252.387,0,0,0.0,0.001094263750000022
252.431,0,0,0.0,0.001094263750000022
252.447,0,0,0.0,0.001094263750000022
252.629,0,0,0.0,0.001094263750000022
252.727,0,0,0.0,0.001094263750000022
252.927,0,0,0.0,0.001094263750000022
253.027,0,0,0.0,0.001094263750000022
253.027,0,0,0.0,0.001094263750000022
253.042,0,0,0.0,0.001094263750000022
253.387,0,0,0.0,0.001094263750000022
253.427,0,0,0.0,0.001094263750000022
253.526,0,0,0.0,0.001094263750000022
253.527,0,0,0.0,0.001094263750000022
253.726,0,0,0.0,0.001094263750000022
253.83,0,0,0.0,0.001094263750000022
253.93,0,0,0.0,0.001094263750000022
254.127,0,0,0.0,0.001094263750000022
254.387,0,0,0.0,0.001094263750000022
254.424,0,0,0.0,0.001094263750000022
254.426,0,0,0.0,0.001094263750000022
254.436,0,0,0.0,0.001094263750000022
254.632,0,0,0.0,0.001094263750000022
254.732,0,0,0.0,0.001094263750000022
254.932,0,0,0.0,0.001094263750000022
255.038,0,0,0.0,0.001094263750000022
255.127,0,0,0.0,0.001094263750000022
255.407,0,0,0.0,0.001094263750000022
255.424,0,0,0.0,0.001094263750000022
255.456,0,0,0.0,0.001094263750000022
255.526,0,0,0.0,0.001094263750000022
255.625,0,0,0.0,0.001094263750000022
255.635,0,0,0.0,0.001094263750000022
255.926,0,0,0.0,0.001094263750000022
256.026,0,0,0.0,0.001094263750000022
256.044,0,0,0.0,0.001094263750000022
256.127,0,0,0.0,0.001094263750000022
256.426,0,0,0.0,0.001094263750000022
256.628,0,0,0.0,0.001094263750000022
256.628,0,0,0.0,0.001094263750000022
256.723,0,0,0.0,0.001094263750000022
256.726,0,0,0.0,0.001094263750000022
256.829,0,0,0.0,0.001094263750000022
256.932,0,0,0.0,0.001094263750000022
257.043,0,0,0.0,0.001094263750000022
257.13,0,0,0.0,0.001094263750000022
257.624,0,0,0.0,0.001094263750000022
257.628,0,0,0.0,0.001094263750000022
257.631,0,0,0.0,0.001094263750000022
257.729,0,0,0.0,0.001094263750000022
257.823,0,0,0.0,0.001094263750000022
257.825,0,0,0.0,0.001094263750000022
257.929,0,0,0.0,0.001094263750000022
258.046,0,0,0.0,0.001094263750000022
258.126,0,0,0.0,0.001094263750000022
258.624,0,0,0.0,0.001094263750000022
258.631,0,0,0.0,0.001094263750000022
258.723,0,0,0.0,0.001094263750000022
258.822,0,0,0.0,0.001094263750000022
258.823,0,0,0.0,0.001094263750000022
258.826,0,0,0.0,0.001094263750000022
258.925,0,0,0.0,0.001094263750000022
259.025,0,0,0.0,0.001094263750000022
259.046,0,0,0.0,0.001094263750000022
259.425,0,0,0.0,0.001094263750000022
259.627,0,0,0.0,0.001094263750000022
259.722,0,0,0.0,0.001094263750000022
259.822,0,0,0.0,0.001094263750000022
259.825,0,0,0.0,0.001094263750000022
259.925,0,0,0.0,0.001094263750000022
259.935,0,0,0.0,0.001094263750000022
260.023,0,0,0.0,0.001094263750000022
260.042,0,0,0.0,0.001094263750000022
260.327,0,0,0.0,0.001094263750000022
260.525,0,0,0.0,0.001094263750000022
260.724,0,0,0.0,0.001094263750000022
260.824,0,0,0.0,0.001094263750000022
260.827,0,0,0.0,0.001094263750000022
261.022,0,0,0.0,0.001094263750000022
261.025,0,0,0.0,0.001094263750000022
261.042,0,0,0.0,0.001094263750000022
261.123,0,0,0.0,0.001094263750000022
261.426,0,0,0.0,0.001094263750000022
261.528,0,0,0.0,0.001094263750000022
261.724,0,0,0.0,0.001094263750000022
261.724,0,0,0.0,0.001094263750000022
261.922,0,0,0.0,0.001094263750000022
262.022,0,0,0.0,0.001094263750000022
262.025,0,0,0.0,0.001094263750000022
262.028,0,0,0.0,0.001094263750000022
262.045,0,0,0.0,0.001094263750000022
262.367,0,0,0.0,0.001094263750000022
262.524,0,0,0.0,0.001094263750000022
262.626,0,0,0.0,0.001094263750000022
262.626,0,0,0.0,0.001094263750000022
262.824,0,0,0.0,0.001094263750000022
262.924,0,0,0.0,0.001094263750000022
263.024,0,0,0.0,0.001094263750000022
263.042,0,0,0.0,0.001094263750000022
263.122,0,0,0.0,0.001094263750000022
263.122,0,0,0.0,0.001094263750000022
263.321,0,0,0.0,0.001094263750000022
263.429,0,0,0.0,0.001094263750000022
263.536,0,0,0.0,0.001094263750000022
263.727,0,0,0.0,0.001094263750000022
263.827,0,0,0.0,0.001094263750000022
264.025,0,0,0.0,0.001094263750000022
264.122,0,0,0.0,0.001094263750000022
264.332,0,0,0.0,0.001094263750000022
264.377,0,0,0.0,0.001094263750000022
264.421,0,0,0.0,0.001094263750000022
264.528,0,0,0.0,0.001094263750000022
264.625,0,0,0.0,0.001094263750000022
264.727,0,0,0.0,0.001094263750000022
265.024,0,0,0.0,0.001094263750000022
265.038,0,0,0.0,0.001094263750000022
265.124,0,0,0.0,0.001094263750000022
265.128,0,0,0.0,0.001094263750000022
265.423,0,0,0.0,0.001094263750000022
265.521,0,0,0.0,0.001094263750000022
265.523,0,0,0.0,0.001094263750000022
265.534,0,0,0.0,0.001094263750000022
265.823,0,0,0.0,0.001094263750000022
265.927,0,0,0.0,0.001094263750000022
266.023,0,0,0.0,0.001094263750000022
266.044,0,0,0.0,0.001094263750000022
266.377,0,0,0.0,0.001094263750000022
266.427,0,0,0.0,0.001094263750000022
266.621,0,0,0.0,0.001094263750000022
266.625,0,0,0.0,0.001094263750000022
266.625,0,0,0.0,0.001094263750000022
266.727,0,0,0.0,0.001094263750000022
266.923,0,0,0.0,0.001094263750000022
267.027,0,0,0.0,0.001094263750000022
267.044,0,0,0.0,0.001094263750000022
267.367,0,0,0.0,0.001094263750000022
267.621,0,0,0.0,0.001094263750000022
267.621,0,0,0.0,0.001094263750000022
267.625,0,0,0.0,0.001094263750000022
267.635,0,0,0.0,0.001094263750000022
267.72,0,0,0.0,0.001094263750000022
267.829,0,0,0.0,0.001094263750000022
268.023,0,0,0.0,0.001094263750000022
268.043,0,0,0.0,0.001094263750000022
268.123,0,0,0.0,0.001094263750000022
268.419,0,0,0.0,0.001094263750000022
268.624,0,0,0.0,0.001094263750000022
268.629,0,0,0.0,0.001094263750000022
268.72,0,0,0.0,0.001094263750000022
268.819,0,0,0.0,0.001094263750000022
268.822,0,0,0.0,0.001094263750000022
268.832,0,0,0.0,0.001094263750000022
269.029,0,0,0.0,0.001094263750000022
269.042,0,0,0.0,0.001094263750000022
269.422,0,0,0.0,0.001094263750000022
269.525,0,0,0.0,0.001094263750000022
269.719,0,0,0.0,0.001094263750000022
269.822,0,0,0.0,0.001094263750000022
269.832,0,0,0.0,0.001094263750000022
269.919,0,0,0.0,0.001094263750000022
269.92,0,0,0.0,0.001094263750000022
270.026,0,0,0.0,0.001094263750000022
270.039,0,0,0.0,0.001094263750000022
270.521,0,0,0.0,0.001094263750000022
270.624,0,0,0.0,0.001094263750000022
270.719,0,0,0.0,0.001094263750000022
270.721,0,0,0.0,0.001094263750000022
270.919,0,0,0.0,0.001094263750000022
270.922,0,0,0.0,0.001094263750000022
271.022,0,0,0.0,0.001094263750000022
271.022,0,0,0.0,0.001094263750000022
271.039,0,0,0.0,0.001094263750000022
271.524,0,0,0.0,0.001094263750000022
271.623,0,0,0.0,0.001094263750000022
271.721,0,0,0.0,0.001094263750000022
271.819,0,0,0.0,0.001094263750000022
271.918,0,0,0.0,0.001094263750000022
272.022,0,0,0.0,0.001094263750000022
272.022,0,0,0.0,0.001094263750000022
272.032,0,0,0.0,0.001094263750000022
272.042,0,0,0.0,0.001094263750000022
272.12,0,0,0.0,0.001094263750000022
272.324,0,0,0.0,0.001094263750000022
272.521,0,0,0.0,0.001094263750000022
272.72,0,0,0.0,0.001094263750000022
272.821,0,0,0.0,0.001094263750000022
272.921,0,0,0.0,0.001094263750000022
273.019,0,0,0.0,0.001094263750000022
273.044,0,0,0.0,0.001094263750000022
273.119,0,0,0.0,0.001094263750000022
273.357,0,0,0.0,0.001094263750000022
273.367,0,0,0.0,0.001094263750000022
273.421,0,0,0.0,0.001094263750000022
273.626,0,0,0.0,0.001094263750000022
273.82,0,0,0.0,0.001094263750000022
273.82,0,0,0.0,0.001094263750000022
274.019,0,0,0.0,0.001094263750000022
274.04,0,0,0.0,0.001094263750000022
274.121,0,0,0.0,0.001094263750000022
274.357,0,0,0.0,0.001094263750000022
274.424,0,0,0.0,0.001094263750000022
274.427,0,0,0.0,0.001094263750000022
274.623,0,0,0.0,0.001094263750000022
274.72,0,0,0.0,0.001094263750000022
274.92,0,0,0.0,0.001094263750000022
275.02,0,0,0.0,0.001094263750000022
275.021,0,0,0.0,0.001094263750000022
275.037,0,0,0.0,0.001094263750000022
275.317,0,0,0.0,0.001094263750000022
275.42,0,0,0.0,0.001094263750000022
275.52,0,0,0.0,0.001094263750000022
275.527,0,0,0.0,0.001094263750000022
275.72,0,0,0.0,0.001094263750000022
275.824,0,0,0.0,0.001094263750000022
275.923,0,0,0.0,0.001094263750000022
276.121,0,0,0.0,0.001094263750000022
276.327,0,0,0.0,0.001094263750000022
276.417,0,0,0.0,0.001094263750000022
276.42,0,0,0.0,0.001094263750000022
276.43,0,0,0.0,0.001094263750000022
276.625,0,0,0.0,0.001094263750000022
276.726,0,0,0.0,0.001094263750000022
276.926,0,0,0.0,0.001094263750000022
277.035,0,0,0.0,0.001094263750000022
277.121,0,0,0.0,0.001094263750000022
277.347,0,0,0.0,0.001094263750000022
277.417,0,0,0.0,0.001094263750000022
277.451,0,0,0.0,0.001094263750000022
277.519,0,0,0.0,0.001094263750000022
277.618,0,0,0.0,0.001094263750000022
277.628,0,0,0.0,0.001094263750000022
277.92,0,0,0.0,0.001094263750000022
278.02,0,0,0.0,0.001094263750000022
278.037,0,0,0.0,0.001094263750000022
278.12,0,0,0.0,0.001094263750000022
278.419,0,0,0.0,0.001094263750000022
278.62,0,0,0.0,0.001094263750000022
278.621,0,0,0.0,0.001094263750000022
278.717,0,0,0.0,0.001094263750000022
278.719,0,0,0.0,0.001094263750000022
278.823,0,0,0.0,0.001094263750000022
278.925,0,0,0.0,0.001094263750000022
279.037,0,0,0.0,0.001094263750000022
279.124,0,0,0.0,0.001094263750000022
279.516,0,0,0.0,0.001094263750000022
279.617,0,0,0.0,0.001094263750000022
279.621,0,0,0.0,0.001094263750000022
279.719,0,0,0.0,0.001094263750000022
279.729,0,0,0.0,0.001094263750000022
279.816,0,0,0.0,0.001094263750000022
279.923,0,0,0.0,0.001094263750000022
280.041,0,0,0.0,0.001094263750000022
280.12,0,0,0.0,0.001094263750000022
280.617,0,0,0.0,0.001094263750000022
280.624,0,0,0.0,0.001094263750000022
280.718,0,0,0.0,0.001094263750000022
280.816,0,0,0.0,0.001094263750000022
280.816,0,0,0.0,0.001094263750000022
280.819,0,0,0.0,0.001094263750000022
280.919,0,0,0.0,0.001094263750000022
281.019,0,0,0.0,0.001094263750000022
281.04,0,0,0.0,0.001094263750000022
281.419,0,0,0.0,0.001094263750000022
281.62,0,0,0.0,0.001094263750000022
281.716,0,0,0.0,0.001094263750000022
281.816,0,0,0.0,0.001094263750000022
281.918,0,0,0.0,0.001094263750000022
281.929,0,0,0.0,0.001094263750000022
282.016,0,0,0.0,0.001094263750000022
282.016,0,0,0.0,0.001094263750000022
282.035,0,0,0.0,0.001094263750000022
282.321,0,0,0.0,0.001094263750000022
282.518,0,0,0.0,0.001094263750000022
282.716,0,0,0.0,0.001094263750000022
282.718,0,0,0.0,0.001094263750000022
282.822,0,0,0.0,0.001094263750000022
283.016,0,0,0.0,0.001094263750000022
283.019,0,0,0.0,0.001094263750000022
283.036,0,0,0.0,0.001094263750000022
283.116,0,0,0.0,0.001094263750000022
283.323,0,0,0.0,0.001094263750000022
283.521,0,0,0.0,0.001094263750000022
283.62,0,0,0.0,0.001094263750000022
283.718,0,0,0.0,0.001094263750000022
283.916,0,0,0.0,0.001094263750000022
284.016,0,0,0.0,0.001094263750000022
284.018,0,0,0.0,0.001094263750000022
284.022,0,0,0.0,0.001094263750000022
284.038,0,0,0.0,0.001094263750000022
284.518,0,0,0.0,0.001094263750000022
284.619,0,0,0.0,0.001094263750000022
284.62,0,0,0.0,0.001094263750000022
284.817,0,0,0.0,0.001094263750000022
284.918,0,0,0.0,0.001094263750000022
284.918,0,0,0.0,0.001094263750000022
285.034,0,0,0.0,0.001094263750000022
285.107,0,0,0.0,0.001094263750000022
285.115,0,0,0.0,0.001094263750000022
285.314,0,0,0.0,0.001094263750000022
285.425,0,0,0.0,0.001094263750000022
285.526,0,0,0.0,0.001094263750000022
285.721,0,0,0.0,0.001094263750000022
285.821,0,0,0.0,0.001094263750000022
286.018,0,0,0.0,0.001094263750000022
286.107,0,0,0.0,0.001094263750000022
286.115,0,0,0.0,0.001094263750000022
286.317,0,0,0.0,0.001094263750000022
286.326,0,0,0.0,0.001094263750000022
286.414,0,0,0.0,0.001094263750000022
286.521,0,0,0.0,0.001094263750000022
286.622,0,0,0.0,0.001094263750000022
286.721,0,0,0.0,0.001094263750000022
287.017,0,0,0.0,0.001094263750000022
287.021,0,0,0.0,0.001094263750000022
287.033,0,0,0.0,0.001094263750000022
287.122,0,0,0.0,0.001094263750000022
287.417,0,0,0.0,0.001094263750000022
287.514,0,0,0.0,0.001094263750000022
287.517,0,0,0.0,0.001094263750000022
287.618,0,0,0.0,0.001094263750000022
287.816,0,0,0.0,0.001094263750000022
287.92,0,0,0.0,0.001094263750000022
288.021,0,0,0.0,0.001094263750000022
288.037,0,0,0.0,0.001094263750000022
288.317,0,0,0.0,0.001094263750000022
288.515,0,0,0.0,0.001094263750000022
288.615,0,0,0.0,0.001094263750000022
288.618,0,0,0.0,0.001094263750000022
288.618,0,0,0.0,0.001094263750000022
288.72,0,0,0.0,0.001094263750000022
288.822,0,0,0.0,0.001094263750000022
289.02,0,0,0.0,0.001094263750000022
289.034,0,0,0.0,0.001094263750000022
289.307,0,0,0.0,0.001094263750000022
289.513,0,0,0.0,0.001094263750000022
289.615,0,0,0.0,0.001094263750000022
289.618,0,0,0.0,0.001094263750000022
289.624,0,0,0.0,0.001094263750000022
289.714,0,0,0.0,0.001094263750000022
289.822,0,0,0.0,0.001094263750000022
290.016,0,0,0.0,0.001094263750000022
290.036,0,0,0.0,0.001094263750000022
290.117,0,0,0.0,0.001094263750000022
290.413,0,0,0.0,0.001094263750000022
290.618,0,0,0.0,0.001094263750000022
290.622,0,0,0.0,0.001094263750000022
290.713,0,0,0.0,0.001094263750000022
290.813,0,0,0.0,0.001094263750000022
290.816,0,0,0.0,0.001094263750000022
290.916,0,0,0.0,0.001094263750000022
291.016,0,0,0.0,0.001094263750000022
291.033,0,0,0.0,0.001094263750000022
291.416,0,0,0.0,0.001094263750000022
291.515,0,0,0.0,0.001094263750000022
291.712,0,0,0.0,0.001094263750000022
291.815,0,0,0.0,0.001094263750000022
291.825,0,0,0.0,0.001094263750000022
291.913,0,0,0.0,0.001094263750000022
291.915,0,0,0.0,0.001094263750000022
292.019,0,0,0.0,0.001094263750000022
292.033,0,0,0.0,0.001094263750000022
292.418,0,0,0.0,0.001094263750000022
292.615,0,0,0.0,0.001094263750000022
292.617,0,0,0.0,0.001094263750000022
292.715,0,0,0.0,0.001094263750000022
292.815,0,0,0.0,0.001094263750000022
292.913,0,0,0.0,0.001094263750000022
293.015,0,0,0.0,0.001094263750000022
293.015,0,0,0.0,0.001094263750000022
293.033,0,0,0.0,0.001094263750000022
293.519,0,0,0.0,0.001094263750000022
293.617,0,0,0.0,0.001094263750000022
293.714,0,0,0.0,0.001094263750000022
293.812,0,0,0.0,0.001094263750000022
293.912,0,0,0.0,0.001094263750000022
294.015,0,0,0.0,0.001094263750000022
294.019,0,0,0.0,0.001094263750000022
294.025,0,0,0.0,0.001094263750000022
294.036,0,0,0.0,0.001094263750000022
294.113,0,0,0.0,0.001094263750000022
294.317,0,0,0.0,0.001094263750000022
294.515,0,0,0.0,0.001094263750000022
294.623,0,0,0.0,0.001094263750000022
294.814,0,0,0.0,0.001094263750000022
294.912,0,0,0.0,0.001094263750000022
295.012,0,0,0.0,0.001094263750000022
295.037,0,0,0.0,0.001094263750000022
295.113,0,0,0.0,0.001094263750000022
295.307,0,0,0.0,0.001094263750000022
295.414,0,0,0.0,0.001094263750000022
295.62,0,0,0.0,0.001094263750000022
295.814,0,0,0.0,0.001094263750000022
295.814,0,0,0.0,0.001094263750000022
296.007,0,0,0.0,0.001094263750000022
296.012,0,0,0.0,0.001094263750000022
296.033,0,0,0.0,0.001094263750000022
296.115,0,0,0.0,0.001094263750000022
296.357,0,0,0.0,0.001094263750000022
296.418,0,0,0.0,0.001094263750000022
296.616,0,0,0.0,0.001094263750000022
296.623,0,0,0.0,0.001094263750000022
296.914,0,0,0.0,0.001094263750000022
297.007,0,0,0.0,0.001094263750000022
297.012,0,0,0.0,0.001094263750000022
297.014,0,0,0.0,0.001094263750000022
297.028,0,0,0.0,0.001094263750000022
297.414,0,0,0.0,0.001094263750000022
297.514,0,0,0.0,0.001094263750000022
297.514,0,0,0.0,0.001094263750000022
297.707,0,0,0.0,0.001094263750000022
297.714,0,0,0.0,0.001094263750000022
297.817,0,0,0.0,0.001094263750000022
297.917,0,0,0.0,0.001094263750000022
298.114,0,0,0.0,0.001094263750000022
298.411,0,0,0.0,0.001094263750000022
298.411,0,0,0.0,0.001094263750000022
298.428,0,0,0.0,0.001094263750000022
298.619,0,0,0.0,0.001094263750000022
298.707,0,0,0.0,0.001094263750000022
298.719,0,0,0.0,0.001094263750000022
298.92,0,0,0.0,0.001094263750000022
299.029,0,0,0.0,0.001094263750000022
299.114,0,0,0.0,0.001094263750000022
299.411,0,0,0.0,0.001094263750000022
299.612,0,0,0.0,0.001094263750000022
299.615,0,0,0.0,0.001094263750000022
299.615,0,0,0.0,0.001094263750000022
299.715,0,0,0.0,0.001094263750000022
299.907,0,0,0.0,0.001094263750000022
299.913,0,0,0.0,0.001094263750000022
300.013,0,0,0.0,0.001094263750000022
300.031,0,0,0.0,0.001094263750000022
300.114,0,0,0.0,0.001094263750000022
300.413,0,0,0.0,0.001094263750000022
300.517,0,0,0.0,0.001094263750000022
300.614,0,0,0.0,0.001094263750000022
300.711,0,0,0.0,0.001094263750000022
300.713,0,0,0.0,0.001094263750000022
300.816,0,0,0.0,0.001094263750000022
300.919,0,0,0.0,0.001094263750000022
301.032,0,0,0.0,0.001094263750000022
301.117,0,0,0.0,0.001094263750000022
301.612,0,0,0.0,0.001094263750000022
301.612,0,0,0.0,0.001094263750000022
301.615,0,0,0.0,0.001094263750000022
301.712,0,0,0.0,0.001094263750000022
301.723,0,0,0.0,0.001094263750000022
301.81,0,0,0.0,0.001094263750000022
301.916,0,0,0.0,0.001094263750000022
302.032,0,0,0.0,0.001094263750000022
302.113,0,0,0.0,0.001094263750000022
302.612,0,0,0.0,0.001094263750000022
302.615,0,0,0.0,0.001094263750000022
302.713,0,0,0.0,0.001094263750000022
302.713,0,0,0.0,0.001094263750000022
302.81,0,0,0.0,0.001094263750000022
302.81,0,0,0.0,0.001094263750000022
302.913,0,0,0.0,0.001094263750000022
303.013,0,0,0.0,0.001094263750000022
303.034,0,0,0.0,0.001094263750000022
303.412,0,0,0.0,0.001094263750000022
303.614,0,0,0.0,0.001094263750000022
303.712,0,0,0.0,0.001094263750000022
303.81,0,0,0.0,0.001094263750000022
303.912,0,0,0.0,0.001094263750000022
303.922,0,0,0.0,0.001094263750000022
304.01,0,0,0.0,0.001094263750000022
304.01,0,0,0.0,0.001094263750000022
304.029,0,0,0.0,0.001094263750000022
304.412,0,0,0.0,0.001094263750000022
304.512,0,0,0.0,0.001094263750000022
304.712,0,0,0.0,0.001094263750000022
304.809,0,0,0.0,0.001094263750000022
304.816,0,0,0.0,0.001094263750000022
305.01,0,0,0.0,0.001094263750000022
305.012,0,0,0.0,0.001094263750000022
305.029,0,0,0.0,0.001094263750000022
305.11,0,0,0.0,0.001094263750000022
305.311,0,0,0.0,0.001094263750000022
305.515,0,0,0.0,0.001094263750000022
305.711,0,0,0.0,0.001094263750000022
305.812,0,0,0.0,0.001094263750000022
305.909,0,0,0.0,0.001094263750000022
306.01,0,0,0.0,0.001094263750000022
306.012,0,0,0.0,0.001094263750000022
306.016,0,0,0.0,0.001094263750000022
306.033,0,0,0.0,0.001094263750000022
306.507,0,0,0.0,0.001094263750000022
306.511,0,0,0.0,0.001094263750000022
306.613,0,0,0.0,0.001094263750000022
306.613,0,0,0.0,0.001094263750000022
306.811,0,0,0.0,0.001094263750000022
306.912,0,0,0.0,0.001094263750000022
307.012,0,0,0.0,0.001094263750000022
307.028,0,0,0.0,0.001094263750000022
307.11,0,0,0.0,0.001094263750000022
307.417,0,0,0.0,0.001094263750000022
307.507,0,0,0.0,0.001094263750000022
307.521,0,0,0.0,0.001094263750000022
307.714,0,0,0.0,0.001094263750000022
307.814,0,0,0.0,0.001094263750000022
308.012,0,0,0.0,0.001094263750000022
308.107,0,0,0.0,0.001094263750000022
308.109,0,0,0.0,0.001094263750000022
308.319,0,0,0.0,0.001094263750000022
308.407,0,0,0.0,0.001094263750000022
308.515,0,0,0.0,0.001094263750000022
308.613,0,0,0.0,0.001094263750000022
308.707,0,0,0.0,0.001094263750000022
308.715,0,0,0.0,0.001094263750000022
309.011,0,0,0.0,0.001094263750000022
309.025,0,0,0.0,0.001094263750000022
309.112,0,0,0.0,0.001094263750000022
309.112,0,0,0.0,0.001094263750000022
309.407,0,0,0.0,0.001094263750000022
309.507,0,0,0.0,0.001094263750000022
309.511,0,0,0.0,0.001094263750000022
309.521,0,0,0.0,0.001094263750000022
309.81,0,0,0.0,0.001094263750000022
310.014,0,0,0.0,0.001094263750000022
310.028,0,0,0.0,0.001094263750000022
310.51,0,0,0.0,0.001094263750000022
310.608,0,0,0.0,0.001094263750000022
310.611,0,0,0.0,0.001094263750000022
310.612,0,0,0.0,0.001094263750000022
310.707,0,0,0.0,0.001094263750000022
310.714,0,0,0.0,0.001094263750000022
310.816,0,0,0.0,0.001094263750000022
311.014,0,0,0.0,0.001094263750000022
311.025,0,0,0.0,0.001094263750000022
311.507,0,0,0.0,0.001094263750000022
311.607,0,0,0.0,0.001094263750000022
311.608,0,0,0.0,0.001094263750000022
311.612,0,0,0.0,0.001094263750000022
311.622,0,0,0.0,0.001094263750000022
311.707,0,0,0.0,0.001094263750000022
311.81,0,0,0.0,0.001094263750000022
312.01,0,0,0.0,0.001094263750000022
312.027,0,0,0.0,0.001094263750000022
312.117,0,0,0.0,0.001094263750000022
312.406,0,0,0.0,0.001094263750000022
312.608,0,0,0.0,0.001094263750000022
312.616,0,0,0.0,0.001094263750000022
312.707,0,0,0.0,0.001094263750000022
312.806,0,0,0.0,0.001094263750000022
312.809,0,0,0.0,0.001094263750000022
312.91,0,0,0.0,0.001094263750000022
313.011,0,0,0.0,0.001094263750000022
313.027,0,0,0.0,0.001094263750000022
313.311,0,0,0.0,0.001094263750000022
313.509,0,0,0.0,0.001094263750000022
313.706,0,0,0.0,0.001094263750000022
313.809,0,0,0.0,0.001094263750000022
313.818,0,0,0.0,0.001094263750000022
313.907,0,0,0.0,0.001094263750000022
313.909,0,0,0.0,0.001094263750000022
314.014,0,0,0.0,0.001094263750000022
314.026,0,0,0.0,0.001094263750000022
314.412,0,0,0.0,0.001094263750000022
314.61,0,0,0.0,0.001094263750000022
314.706,0,0,0.0,0.001094263750000022
314.706,0,0,0.0,0.001094263750000022
314.906,0,0,0.0,0.001094263750000022
314.909,0,0,0.0,0.001094263750000022
314.912,0,0,0.0,0.001094263750000022
315.009,0,0,0.0,0.001094263750000022
315.026,0,0,0.0,0.001094263750000022
315.514,0,0,0.0,0.001094263750000022
315.61,0,0,0.0,0.001094263750000022
315.708,0,0,0.0,0.001094263750000022
315.806,0,0,0.0,0.001094263750000022
315.906,0,0,0.0,0.001094263750000022
316.006,0,0,0.0,0.001094263750000022
316.008,0,0,0.0,0.001094263750000022
316.019,0,0,0.0,0.001094263750000022
316.03,0,0,0.0,0.001094263750000022
316.107,0,0,0.0,0.001094263750000022
316.311,0,0,0.0,0.001094263750000022
316.508,0,0,0.0,0.001094263750000022
316.616,0,0,0.0,0.001094263750000022
316.808,0,0,0.0,0.001094263750000022
316.908,0,0,0.0,0.001094263750000022
317.005,0,0,0.0,0.001094263750000022
317.032,0,0,0.0,0.001094263750000022
317.106,0,0,0.0,0.001094263750000022
317.407,0,0,0.0,0.001094263750000022
317.411,0,0,0.0,0.001094263750000022
317.507,0,0,0.0,0.001094263750000022
317.614,0,0,0.0,0.001094263750000022
317.805,0,0,0.0,0.001094263750000022
317.808,0,0,0.0,0.001094263750000022
318.006,0,0,0.0,0.001094263750000022
318.026,0,0,0.0,0.001094263750000022
318.108,0,0,0.0,0.001094263750000022
318.112,0,0,0.0,0.001094263750000022
318.206,0,0,0.0,0.001094263750000022
318.411,0,0,0.0,0.001094263750000022
318.61,0,0,0.0,0.001094263750000022
318.707,0,0,0.0,0.001094263750000022
318.905,0,0,0.0,0.001094263750000022
318.907,0,0,0.0,0.001094263750000022
319.008,0,0,0.0,0.001094263750000022
319.021,0,0,0.0,0.001094263750000022
319.206,0,0,0.0,0.001094263750000022
319.407,0,0,0.0,0.001094263750000022
319.507,0,0,0.0,0.001094263750000022
319.507,0,0,0.0,0.001094263750000022
319.707,0,0,0.0,0.001094263750000022
319.811,0,0,0.0,0.001094263750000022
319.911,0,0,0.0,0.001094263750000022
320.02,0,0,0.0,0.001094263750000022
320.108,0,0,0.0,0.001094263750000022
320.205,0,0,0.0,0.001094263750000022
320.404,0,0,0.0,0.001094263750000022
320.413,0,0,0.0,0.001094263750000022
320.504,0,0,0.0,0.001094263750000022
320.612,0,0,0.0,0.001094263750000022
320.713,0,0,0.0,0.001094263750000022
320.907,0,0,0.0,0.001094263750000022
321.019,0,0,0.0,0.001094263750000022
321.105,0,0,0.0,0.001094263750000022
321.108,0,0,0.0,0.001094263750000022
321.403,0,0,0.0,0.001094263750000022
321.506,0,0,0.0,0.001094263750000022
321.606,0,0,0.0,0.001094263750000022
321.608,0,0,0.0,0.001094263750000022
321.707,0,0,0.0,0.001094263750000022
321.907,0,0,0.0,0.001094263750000022
322.011,0,0,0.0,0.001094263750000022
322.024,0,0,0.0,0.001094263750000022
322.107,0,0,0.0,0.001094263750000022
322.406,0,0,0.0,0.001094263750000022
322.51,0,0,0.0,0.001094263750000022
322.608,0,0,0.0,0.001094263750000022
322.704,0,0,0.0,0.001094263750000022
322.706,0,0,0.0,0.001094263750000022
322.81,0,0,0.0,0.001094263750000022
322.913,0,0,0.0,0.001094263750000022
323.024,0,0,0.0,0.001094263750000022
323.111,0,0,0.0,0.001094263750000022
323.605,0,0,0.0,0.001094263750000022
323.605,0,0,0.0,0.001094263750000022
323.608,0,0,0.0,0.001094263750000022
323.705,0,0,0.0,0.001094263750000022
323.716,0,0,0.0,0.001094263750000022
323.804,0,0,0.0,0.001094263750000022
323.91,0,0,0.0,0.001094263750000022
324.027,0,0,0.0,0.001094263750000022
324.107,0,0,0.0,0.001094263750000022
324.604,0,0,0.0,0.001094263750000022
324.613,0,0,0.0,0.001094263750000022
324.703,0,0,0.0,0.001094263750000022
324.705,0,0,0.0,0.001094263750000022
324.706,0,0,0.0,0.001094263750000022
324.803,0,0,0.0,0.001094263750000022
324.906,0,0,0.0,0.001094263750000022
325.006,0,0,0.0,0.001094263750000022
325.027,0,0,0.0,0.001094263750000022
325.405,0,0,0.0,0.001094263750000022
325.608,0,0,0.0,0.001094263750000022
325.705,0,0,0.0,0.001094263750000022
325.803,0,0,0.0,0.001094263750000022
325.905,0,0,0.0,0.001094263750000022
326.003,0,0,0.0,0.001094263750000022
326.003,0,0,0.0,0.001094263750000022
326.006,0,0,0.0,0.001094263750000022
326.023,0,0,0.0,0.001094263750000022
326.405,0,0,0.0,0.001094263750000022
326.505,0,0,0.0,0.001094263750000022
326.705,0,0,0.0,0.001094263750000022
326.802,0,0,0.0,0.001094263750000022
326.805,0,0,0.0,0.001094263750000022
327.003,0,0,0.0,0.001094263750000022
327.006,0,0,0.0,0.001094263750000022
327.023,0,0,0.0,0.001094263750000022
327.103,0,0,0.0,0.001094263750000022
327.508,0,0,0.0,0.001094263750000022
327.704,0,0,0.0,0.001094263750000022
327.805,0,0,0.0,0.001094263750000022
327.902,0,0,0.0,0.001094263750000022
328.003,0,0,0.0,0.001094263750000022
328.005,0,0,0.0,0.001094263750000022
328.026,0,0,0.0,0.001094263750000022
328.177,0,0,0.0,0.001094263750000022
328.203,0,0,0.0,0.001094263750000022
328.504,0,0,0.0,0.001094263750000022
328.606,0,0,0.0,0.001094263750000022
328.607,0,0,0.0,0.001094263750000022
328.804,0,0,0.0,0.001094263750000022
328.905,0,0,0.0,0.001094263750000022
329.005,0,0,0.0,0.001094263750000022
329.021,0,0,0.0,0.001094263750000022
329.103,0,0,0.0,0.001094263750000022
329.203,0,0,0.0,0.001094263750000022
329.407,0,0,0.0,0.001094263750000022
329.41,0,0,0.0,0.001094263750000022
329.511,0,0,0.0,0.001094263750000022
329.708,0,0,0.0,0.001094263750000022
329.808,0,0,0.0,0.001094263750000022
329.908,0,0,0.0,0.001094263750000022
330.103,0,0,0.0,0.001094263750000022
330.205,0,0,0.0,0.001094263750000022
330.312,0,0,0.0,0.001094263750000022
330.508,0,0,0.0,0.001094263750000022
330.704,0,0,0.0,0.001094263750000022
330.707,0,0,0.0,0.001094263750000022
331.004,0,0,0.0,0.001094263750000022
331.019,0,0,0.0,0.001094263750000022
331.104,0,0,0.0,0.001094263750000022
331.105,0,0,0.0,0.001094263750000022
331.147,0,0,0.0,0.001094263750000022
331.404,0,0,0.0,0.001094263750000022
331.501,0,0,0.0,0.001094263750000022
331.504,0,0,0.0,0.001094263750000022
331.514,0,0,0.0,0.001094263750000022
331.803,0,0,0.0,0.001094263750000022
331.907,0,0,0.0,0.001094263750000022
332.007,0,0,0.0,0.001094263750000022
332.024,0,0,0.0,0.001094263750000022
332.204,0,0,0.0,0.001094263750000022
332.602,0,0,0.0,0.001094263750000022
332.605,0,0,0.0,0.001094263750000022
332.605,0,0,0.0,0.001094263750000022
332.606,0,0,0.0,0.001094263750000022
332.707,0,0,0.0,0.001094263750000022
332.81,0,0,0.0,0.001094263750000022
333.007,0,0,0.0,0.001094263750000022
333.024,0,0,0.0,0.001094263750000022
333.204,0,0,0.0,0.001094263750000022
333.601,0,0,0.0,0.001094263750000022
333.602,0,0,0.0,0.001094263750000022
333.605,0,0,0.0,0.001094263750000022
333.615,0,0,0.0,0.001094263750000022
333.701,0,0,0.0,0.001094263750000022
333.803,0,0,0.0,0.001094263750000022
334.003,0,0,0.0,0.001094263750000022
334.024,0,0,0.0,0.001094263750000022
334.104,0,0,0.0,0.001094263750000022
334.399,0,0,0.0,0.001094263750000022
334.604,0,0,0.0,0.001094263750000022
334.7,0,0,0.0,0.001094263750000022
334.703,0,0,0.0,0.001094263750000022
334.8,0,0,0.0,0.001094263750000022
334.803,0,0,0.0,0.001094263750000022
334.903,0,0,0.0,0.001094263750000022
335.02,0,0,0.0,0.001094263750000022
335.104,0,0,0.0,0.001094263750000022
335.499,0,0,0.0,0.001094263750000022
335.7,0,0,0.0,0.001094263750000022
335.802,0,0,0.0,0.001094263750000022
335.806,0,0,0.0,0.001094263750000022
335.812,0,0,0.0,0.001094263750000022
335.9,0,0,0.0,0.001094263750000022
336.007,0,0,0.0,0.001094263750000022
336.02,0,0,0.0,0.001094263750000022
336.177,0,0,0.0,0.001094263750000022
336.402,0,0,0.0,0.001094263750000022
336.601,0,0,0.0,0.001094263750000022
336.604,0,0,0.0,0.001094263750000022
336.702,0,0,0.0,0.001094263750000022
336.9,0,0,0.0,0.001094263750000022
336.9,0,0,0.0,0.001094263750000022
336.906,0,0,0.0,0.001094263750000022
337.003,0,0,0.0,0.001094263750000022
337.02,0,0,0.0,0.001094263750000022
337.507,0,0,0.0,0.001094263750000022
337.603,0,0,0.0,0.001094263750000022
337.701,0,0,0.0,0.001094263750000022
337.799,0,0,0.0,0.001094263750000022
337.899,0,0,0.0,0.001094263750000022
337.906,0,0,0.0,0.001094263750000022
338.002,0,0,0.0,0.001094263750000022
338.009,0,0,0.0,0.001094263750000022
338.023,0,0,0.0,0.001094263750000022
338.1,0,0,0.0,0.001094263750000022
338.501,0,0,0.0,0.001094263750000022
338.604,0,0,0.0,0.001094263750000022
338.802,0,0,0.0,0.001094263750000022
338.901,0,0,0.0,0.001094263750000022
339.002,0,0,0.0,0.001094263750000022
339.025,0,0,0.0,0.001094263750000022
339.099,0,0,0.0,0.001094263750000022
339.103,0,0,0.0,0.001094263750000022
339.177,0,0,0.0,0.001094263750000022
339.203,0,0,0.0,0.001094263750000022
339.407,0,0,0.0,0.001094263750000022
339.607,0,0,0.0,0.001094263750000022
339.801,0,0,0.0,0.001094263750000022
339.801,0,0,0.0,0.001094263750000022
339.999,0,0,0.0,0.001094263750000022
340.024,0,0,0.0,0.001094263750000022
340.099,0,0,0.0,0.001094263750000022
340.106,0,0,0.0,0.001094263750000022
340.404,0,0,0.0,0.001094263750000022
340.407,0,0,0.0,0.001094263750000022
340.603,0,0,0.0,0.001094263750000022
340.701,0,0,0.0,0.001094263750000022
340.901,0,0,0.0,0.001094263750000022
341.001,0,0,0.0,0.001094263750000022
341.015,0,0,0.0,0.001094263750000022
341.101,0,0,0.0,0.001094263750000022
341.199,0,0,0.0,0.001094263750000022
341.398,0,0,0.0,0.001094263750000022
341.401,0,0,0.0,0.001094263750000022
341.501,0,0,0.0,0.001094263750000022
341.701,0,0,0.0,0.001094263750000022
341.804,0,0,0.0,0.001094263750000022
342.001,0,0,0.0,0.001094263750000022
342.01,0,0,0.0,0.001094263750000022
342.101,0,0,0.0,0.001094263750000022
342.199,0,0,0.0,0.001094263750000022
342.401,0,0,0.0,0.001094263750000022
342.497,0,0,0.0,0.001094263750000022
342.498,0,0,0.0,0.001094263750000022
342.606,0,0,0.0,0.001094263750000022
342.706,0,0,0.0,0.001094263750000022
342.811,0,0,0.0,0.001094263750000022
343.016,0,0,0.0,0.001094263750000022
343.101,0,0,0.0,0.001094263750000022
343.201,0,0,0.0,0.001094263750000022
343.397,0,0,0.0,0.001094263750000022
343.5,0,0,0.0,0.001094263750000022
343.599,0,0,0.0,0.001094263750000022
343.602,0,0,0.0,0.001094263750000022
343.7,0,0,0.0,0.001094263750000022
343.9,0,0,0.0,0.001094263750000022
344.004,0,0,0.0,0.001094263750000022
344.017,0,0,0.0,0.001094263750000022
344.101,0,0,0.0,0.001094263750000022
344.399,0,0,0.0,0.001094263750000022
344.5,0,0,0.0,0.001094263750000022
344.598,0,0,0.0,0.001094263750000022
344.697,0,0,0.0,0.001094263750000022
344.7,0,0,0.0,0.001094263750000022
344.803,0,0,0.0,0.001094263750000022
344.906,0,0,0.0,0.001094263750000022
345.018,0,0,0.0,0.001094263750000022
345.104,0,0,0.0,0.001094263750000022
345.499,0,0,0.0,0.001094263750000022
345.598,0,0,0.0,0.001094263750000022
345.697,0,0,0.0,0.001094263750000022
345.699,0,0,0.0,0.001094263750000022
345.709,0,0,0.0,0.001094263750000022
345.797,0,0,0.0,0.001094263750000022
345.903,0,0,0.0,0.001094263750000022
346.011,0,0,0.0,0.001094263750000022
346.1,0,0,0.0,0.001094263750000022
346.598,0,0,0.0,0.001094263750000022
346.601,0,0,0.0,0.001094263750000022
346.697,0,0,0.0,0.001094263750000022
346.697,0,0,0.0,0.001094263750000022
346.699,0,0,0.0,0.001094263750000022
346.797,0,0,0.0,0.001094263750000022
346.899,0,0,0.0,0.001094263750000022
347.0,0,0,0.0,0.001094263750000022
347.021,0,0,0.0,0.001094263750000022
347.399,0,0,0.0,0.001094263750000022
347.601,0,0,0.0,0.001094263750000022
347.605,0,0,0.0,0.001094263750000022
347.796,0,0,0.0,0.001094263750000022
347.899,0,0,0.0,0.001094263750000022
347.909,0,0,0.0,0.001094263750000022
347.997,0,0,0.0,0.001094263750000022
347.997,0,0,0.0,0.001094263750000022
348.016,0,0,0.0,0.001094263750000022
348.498,0,0,0.0,0.001094263750000022
348.696,0,0,0.0,0.001094263750000022
348.698,0,0,0.0,0.001094263750000022
348.798,0,0,0.0,0.001094263750000022
348.996,0,0,0.0,0.001094263750000022
348.999,0,0,0.0,0.001094263750000022
349.016,0,0,0.0,0.001094263750000022
349.097,0,0,0.0,0.001094263750000022
349.117,0,0,0.0,0.001094263750000022
349.502,0,0,0.0,0.001094263750000022
349.698,0,0,0.0,0.001094263750000022
349.798,0,0,0.0,0.001094263750000022
349.896,0,0,0.0,0.001094263750000022
349.996,0,0,0.0,0.001094263750000022
349.999,0,0,0.0,0.001094263750000022
350.019,0,0,0.0,0.001094263750000022
350.107,0,0,0.0,0.001094263750000022
350.196,0,0,0.0,0.001094263750000022
350.401,0,0,0.0,0.001094263750000022
350.498,0,0,0.0,0.001094263750000022
350.6,0,0,0.0,0.001094263750000022
350.798,0,0,0.0,0.001094263750000022
350.898,0,0,0.0,0.001094263750000022
350.995,0,0,0.0,0.001094263750000022
351.011,0,0,0.0,0.001094263750000022
351.096,0,0,0.0,0.001094263750000022
351.196,0,0,0.0,0.001094263750000022
351.203,0,0,0.0,0.001094263750000022
351.504,0,0,0.0,0.001094263750000022
351.701,0,0,0.0,0.001094263750000022
351.801,0,0,0.0,0.001094263750000022
351.901,0,0,0.0,0.001094263750000022
352.096,0,0,0.0,0.001094263750000022
352.197,0,0,0.0,0.001094263750000022
352.198,0,0,0.0,0.001094263750000022
352.502,0,0,0.0,0.001094263750000022
352.698,0,0,0.0,0.001094263750000022
352.797,0,0,0.0,0.001094263750000022
352.996,0,0,0.0,0.001094263750000022
352.998,0,0,0.0,0.001094263750000022
353.012,0,0,0.0,0.001094263750000022
353.077,0,0,0.0,0.001094263750000022
353.096,0,0,0.0,0.001094263750000022
353.197,0,0,0.0,0.001094263750000022
353.497,0,0,0.0,0.001094263750000022
353.498,0,0,0.0,0.001094263750000022
353.508,0,0,0.0,0.001094263750000022
353.797,0,0,0.0,0.001094263750000022
353.901,0,0,0.0,0.001094263750000022
354.001,0,0,0.0,0.001094263750000022
354.02,0,0,0.0,0.001094263750000022
354.097,0,0,0.0,0.001094263750000022
354.198,0,0,0.0,0.001094263750000022
354.497,0,0,0.0,0.001094263750000022
354.505,0,0,0.0,0.001094263750000022
354.596,0,0,0.0,0.001094263750000022
354.599,0,0,0.0,0.001094263750000022
354.701,0,0,0.0,0.001094263750000022
354.803,0,0,0.0,0.001094263750000022
355.001,0,0,0.0,0.001094263750000022
355.018,0,0,0.0,0.001094263750000022
355.198,0,0,0.0,0.001094263750000022
355.595,0,0,0.0,0.001094263750000022
355.605,0,0,0.0,0.001094263750000022
355.694,0,0,0.0,0.001094263750000022
355.696,0,0,0.0,0.001094263750000022
355.696,0,0,0.0,0.001094263750000022
355.703,0,0,0.0,0.001094263750000022
355.997,0,0,0.0,0.001094263750000022
356.018,0,0,0.0,0.001094263750000022
356.097,0,0,0.0,0.001094263750000022
356.394,0,0,0.0,0.001094263750000022
356.598,0,0,0.0,0.001094263750000022
356.603,0,0,0.0,0.001094263750000022
356.696,0,0,0.0,0.001094263750000022
356.794,0,0,0.0,0.001094263750000022
356.797,0,0,0.0,0.001094263750000022
356.9,0,0,0.0,0.001094263750000022
357.003,0,0,0.0,0.001094263750000022
357.014,0,0,0.0,0.001094263750000022
357.496,0,0,0.0,0.001094263750000022
357.693,0,0,0.0,0.001094263750000022
357.699,0,0,0.0,0.001094263750000022
357.8,0,0,0.0,0.001094263750000022
357.806,0,0,0.0,0.001094263750000022
357.894,0,0,0.0,0.001094263750000022
358.0,0,0,0.0,0.001094263750000022
358.016,0,0,0.0,0.001094263750000022
358.057,0,0,0.0,0.001094263750000022
358.399,0,0,0.0,0.001094263750000022
358.598,0,0,0.0,0.001094263750000022
358.693,0,0,0.0,0.001094263750000022
358.795,0,0,0.0,0.001094263750000022
358.893,0,0,0.0,0.001094263750000022
358.894,0,0,0.0,0.001094263750000022
358.894,0,0,0.0,0.001094263750000022
358.996,0,0,0.0,0.001094263750000022
359.014,0,0,0.0,0.001094263750000022
359.419,0,0,0.0,0.001094263750000022
359.598,0,0,0.0,0.001094263750000022
359.695,0,0,0.0,0.001094263750000022
359.793,0,0,0.0,0.001094263750000022
359.893,0,0,0.0,0.001094263750000022
359.994,0,0,0.0,0.001094263750000022
359.994,0,0,0.0,0.001094263750000022
360.002,0,0,0.0,0.001094263750000022
360.013,0,0,0.0,0.001094263750000022
360.094,0,0,0.0,0.001094263750000022
360.495,0,0,0.0,0.001094263750000022
360.597,0,0,0.0,0.001094263750000022
360.795,0,0,0.0,0.001094263750000022
360.895,0,0,0.0,0.001094263750000022
360.995,0,0,0.0,0.001094263750000022
361.014,0,0,0.0,0.001094263750000022
361.093,0,0,0.0,0.001094263750000022
361.096,0,0,0.0,0.001094263750000022
361.117,0,0,0.0,0.001094263750000022
361.401,0,0,0.0,0.001094263750000022
361.6,0,0,0.0,0.001094263750000022
361.693,0,0,0.0,0.001094263750000022
361.795,0,0,0.0,0.001094263750000022
361.993,0,0,0.0,0.001094263750000022
362.014,0,0,0.0,0.001094263750000022
362.077,0,0,0.0,0.001094263750000022
362.093,0,0,0.0,0.001094263750000022
362.094,0,0,0.0,0.001094263750000022
362.206,0,0,0.0,0.001094263750000022
362.398,0,0,0.0,0.001094263750000022
362.597,0,0,0.0,0.001094263750000022
362.694,0,0,0.0,0.001094263750000022
362.895,0,0,0.0,0.001094263750000022
362.995,0,0,0.0,0.001094263750000022
363.008,0,0,0.0,0.001094263750000022
363.095,0,0,0.0,0.001094263750000022
363.193,0,0,0.0,0.001094263750000022
363.394,0,0,0.0,0.001094263750000022
363.394,0,0,0.0,0.001094263750000022
363.494,0,0,0.0,0.001094263750000022
363.694,0,0,0.0,0.001094263750000022
363.798,0,0,0.0,0.001094263750000022
363.898,0,0,0.0,0.001094263750000022
364.008,0,0,0.0,0.001094263750000022
364.095,0,0,0.0,0.001094263750000022
364.193,0,0,0.0,0.001094263750000022
364.494,0,0,0.0,0.001094263750000022
364.593,0,0,0.0,0.001094263750000022
364.599,0,0,0.0,0.001094263750000022
364.7,0,0,0.0,0.001094263750000022
364.797,0,0,0.0,0.001094263750000022
365.016,0,0,0.0,0.001094263750000022
365.067,0,0,0.0,0.001094263750000022
365.095,0,0,0.0,0.001094263750000022
365.195,0,0,0.0,0.001094263750000022
365.391,0,0,0.0,0.001094263750000022
365.494,0,0,0.0,0.001094263750000022
365.593,0,0,0.0,0.001094263750000022
365.595,0,0,0.0,0.001094263750000022
365.694,0,0,0.0,0.001094263750000022
365.894,0,0,0.0,0.001094263750000022
365.994,0,0,0.0,0.001094263750000022
366.011,0,0,0.0,0.001094263750000022
366.095,0,0,0.0,0.001094263750000022
366.422,0,0,0.0,0.001094263750000022
366.493,0,0,0.0,0.001094263750000022
366.691,0,0,0.0,0.001094263750000022
366.693,0,0,0.0,0.001094263750000022
366.797,0,0,0.0,0.001094263750000022
366.9,0,0,0.0,0.001094263750000022
367.011,0,0,0.0,0.001094263750000022
367.057,0,0,0.0,0.001094263750000022
367.098,0,0,0.0,0.001094263750000022
367.591,0,0,0.0,0.001094263750000022
367.595,0,0,0.0,0.001094263750000022
367.691,0,0,0.0,0.001094263750000022
367.693,0,0,0.0,0.001094263750000022
367.699,0,0,0.0,0.001094263750000022
367.791,0,0,0.0,0.001094263750000022
367.9,0,0,0.0,0.001094263750000022
368.005,0,0,0.0,0.001094263750000022
368.094,0,0,0.0,0.001094263750000022
368.499,0,0,0.0,0.001094263750000022
368.592,0,0,0.0,0.001094263750000022
368.693,0,0,0.0,0.001094263750000022
368.693,0,0,0.0,0.001094263750000022
368.79,0,0,0.0,0.001094263750000022
368.891,0,0,0.0,0.001094263750000022
368.893,0,0,0.0,0.001094263750000022
368.993,0,0,0.0,0.001094263750000022
369.014,0,0,0.0,0.001094263750000022
369.392,0,0,0.0,0.001094263750000022
369.594,0,0,0.0,0.001094263750000022
369.598,0,0,0.0,0.001094263750000022
369.79,0,0,0.0,0.001094263750000022
369.892,0,0,0.0,0.001094263750000022
369.99,0,0,0.0,0.001094263750000022
369.99,0,0,0.0,0.001094263750000022
369.993,0,0,0.0,0.001094263750000022
370.01,0,0,0.0,0.001094263750000022
370.392,0,0,0.0,0.001094263750000022
370.496,0,0,0.0,0.001094263750000022
370.692,0,0,0.0,0.001094263750000022
370.789,0,0,0.0,0.001094263750000022
370.792,0,0,0.0,0.001094263750000022
370.99,0,0,0.0,0.001094263750000022
371.01,0,0,0.0,0.001094263750000022
371.092,0,0,0.0,0.001094263750000022
371.093,0,0,0.0,0.001094263750000022
371.495,0,0,0.0,0.001094263750000022
371.692,0,0,0.0,0.001094263750000022
371.794,0,0,0.0,0.001094263750000022
371.889,0,0,0.0,0.001094263750000022
371.99,0,0,0.0,0.001094263750000022
371.992,0,0,0.0,0.001094263750000022
372.014,0,0,0.0,0.001094263750000022
372.047,0,0,0.0,0.001094263750000022
372.19,0,0,0.0,0.001094263750000022
372.395,0,0,0.0,0.001094263750000022
372.492,0,0,0.0,0.001094263750000022
372.594,0,0,0.0,0.001094263750000022
372.791,0,0,0.0,0.001094263750000022
372.892,0,0,0.0,0.001094263750000022
372.991,0,0,0.0,0.001094263750000022
373.009,0,0,0.0,0.001094263750000022
373.09,0,0,0.0,0.001094263750000022
373.19,0,0,0.0,0.001094263750000022
373.392,0,0,0.0,0.001094263750000022
373.498,0,0,0.0,0.001094263750000022
373.695,0,0,0.0,0.001094263750000022
373.795,0,0,0.0,0.001094263750000022
373.889,0,0,0.0,0.001094263750000022
374.017,0,0,0.0,0.001094263750000022
374.09,0,0,0.0,0.001094263750000022
374.192,0,0,0.0,0.001094263750000022
374.495,0,0,0.0,0.001094263750000022
374.691,0,0,0.0,0.001094263750000022
374.791,0,0,0.0,0.001094263750000022
374.991,0,0,0.0,0.001094263750000022
375.009,0,0,0.0,0.001094263750000022
375.017,0,0,0.0,0.001094263750000022
375.091,0,0,0.0,0.001094263750000022
375.092,0,0,0.0,0.001094263750000022
375.137,0,0,0.0,0.001094263750000022
375.391,0,0,0.0,0.001094263750000022
375.491,0,0,0.0,0.001094263750000022
375.491,0,0,0.0,0.001094263750000022
375.503,0,0,0.0,0.001094263750000022
375.791,0,0,0.0,0.001094263750000022
375.895,0,0,0.0,0.001094263750000022
375.995,0,0,0.0,0.001094263750000022
376.014,0,0,0.0,0.001094263750000022
376.191,0,0,0.0,0.001094263750000022
376.491,0,0,0.0,0.001094263750000022
376.503,0,0,0.0,0.001094263750000022
376.589,0,0,0.0,0.001094263750000022
376.689,0,0,0.0,0.001094263750000022
376.695,0,0,0.0,0.001094263750000022
376.796,0,0,0.0,0.001094263750000022
376.997,0,0,0.0,0.001094263750000022
377.012,0,0,0.0,0.001094263750000022
377.191,0,0,0.0,0.001094263750000022
377.489,0,0,0.0,0.001094263750000022
377.589,0,0,0.0,0.001094263750000022
377.593,0,0,0.0,0.001094263750000022
377.596,0,0,0.0,0.001094263750000022
377.688,0,0,0.0,0.001094263750000022
377.697,0,0,0.0,0.001094263750000022
377.991,0,0,0.0,0.001094263750000022
378.011,0,0,0.0,0.001094263750000022
378.091,0,0,0.0,0.001094263750000022
378.387,0,0,0.0,0.001094263750000022
378.592,0,0,0.0,0.001094263750000022
378.597,0,0,0.0,0.001094263750000022
378.69,0,0,0.0,0.001094263750000022
378.787,0,0,0.0,0.001094263750000022
378.79,0,0,0.0,0.001094263750000022
378.894,0,0,0.0,0.001094263750000022
378.996,0,0,0.0,0.001094263750000022
379.007,0,0,0.0,0.001094263750000022
379.387,0,0,0.0,0.001094263750000022
379.489,0,0,0.0,0.001094263750000022
379.687,0,0,0.0,0.001094263750000022
379.787,0,0,0.0,0.001094263750000022
379.787,0,0,0.0,0.001094263750000022
379.8,0,0,0.0,0.001094263750000022
379.888,0,0,0.0,0.001094263750000022
379.994,0,0,0.0,0.001094263750000022
380.591,0,0,0.0,0.001094263750000022
380.687,0,0,0.0,0.001094263750000022
380.789,0,0,0.0,0.001094263750000022
380.803,0,0,0.0,0.001094263750000022
380.887,0,0,0.0,0.001094263750000022
380.887,0,0,0.0,0.001094263750000022
380.99,0,0,0.0,0.001094263750000022
381.786,0,0,0.0,0.001094263750000022
381.887,0,0,0.0,0.001094263750000022
381.987,0,0,0.0,0.001094263750000022
381.989,0,0,0.0,0.001094263750000022
382.0,0,0,0.0,0.001094263750000022
382.088,0,0,0.0,0.001094263750000022
382.889,0,0,0.0,0.001094263750000022
382.893,0,0,0.0,0.001094263750000022
383.087,0,0,0.0,0.001094263750000022
383.09,0,0,0.0,0.001094263750000022
383.986,0,0,0.0,0.001094263750000022
384.086,0,0,0.0,0.001094263750000022
384.089,0,0,0.0,0.001094263750000022
385.089,0,0,0.0,0.001094263750000022
385.186,0,0,0.0,0.001094263750000022
386.186,0,0,0.0,0.001094263750000022
452.57,0,0,0.0,0.001094263750000022
452.984,0,0,0.0,0.001094263750000022
453.365,0,0,0.0,0.001094263750000022
453.468,0,0,0.0,0.001094263750000022
453.985,0,0,0.0,0.001094263750000022
454.465,0,0,0.0,0.001094263750000022
454.566,0,0,0.0,0.001094263750000022
454.777,0,0,0.0,0.001094263750000022
454.985,0,0,0.0,0.001094263750000022
455.566,0,0,0.0,0.001094263750000022
455.665,0,0,0.0,0.001094263750000022
455.667,0,0,0.0,0.001094263750000022
455.797,0,0,0.0,0.001094263750000022
455.985,0,0,0.0,0.001094263750000022
456.47,0,0,0.0,0.001094263750000022
456.566,0,0,0.0,0.001094263750000022
456.667,0,0,0.0,0.001094263750000022
456.765,0,0,0.0,0.001094263750000022
456.865,0,0,0.0,0.001094263750000022
456.988,0,0,0.0,0.001094263750000022
457.467,0,0,0.0,0.001094263750000022
457.569,0,0,0.0,0.001094263750000022
457.569,0,0,0.0,0.001094263750000022
457.764,0,0,0.0,0.001094263750000022
457.867,0,0,0.0,0.001094263750000022
457.871,0,0,0.0,0.001094263750000022
457.981,0,0,0.0,0.001094263750000022
458.366,0,0,0.0,0.001094263750000022
458.47,0,0,0.0,0.001094263750000022
458.667,0,0,0.0,0.001094263750000022
458.764,0,0,0.0,0.001094263750000022
458.766,0,0,0.0,0.001094263750000022
458.964,0,0,0.0,0.001094263750000022
458.965,0,0,0.0,0.001094263750000022
458.983,0,0,0.0,0.001094263750000022
459.47,0,0,0.0,0.001094263750000022
459.666,0,0,0.0,0.001094263750000022
459.766,0,0,0.0,0.001094263750000022
459.787,0,0,0.0,0.001094263750000022
459.864,0,0,0.0,0.001094263750000022
459.964,0,0,0.0,0.001094263750000022
459.987,0,0,0.0,0.001094263750000022
460.067,0,0,0.0,0.001094263750000022
460.164,0,0,0.0,0.001094263750000022
460.466,0,0,0.0,0.001094263750000022
460.47,0,0,0.0,0.001094263750000022
460.568,0,0,0.0,0.001094263750000022
460.666,0,0,0.0,0.001094263750000022
460.866,0,0,0.0,0.001094263750000022
460.966,0,0,0.0,0.001094263750000022
460.982,0,0,0.0,0.001094263750000022
461.067,0,0,0.0,0.001094263750000022
461.164,0,0,0.0,0.001094263750000022
461.466,0,0,0.0,0.001094263750000022
461.472,0,0,0.0,0.001094263750000022
461.669,0,0,0.0,0.001094263750000022
461.767,0,0,0.0,0.001094263750000022
461.865,0,0,0.0,0.001094263750000022
461.866,0,0,0.0,0.001094263750000022
461.982,0,0,0.0,0.001094263750000022
462.064,0,0,0.0,0.001094263750000022
462.164,0,0,0.0,0.001094263750000022
462.365,0,0,0.0,0.001094263750000022
462.469,0,0,0.0,0.001094263750000022
462.665,0,0,0.0,0.001094263750000022
462.757,0,0,0.0,0.001094263750000022
462.765,0,0,0.0,0.001094263750000022
462.965,0,0,0.0,0.001094263750000022
462.98,0,0,0.0,0.001094263750000022
463.066,0,0,0.0,0.001094263750000022
463.166,0,0,0.0,0.001094263750000022
463.362,0,0,0.0,0.001094263750000022
463.466,0,0,0.0,0.001094263750000022
463.48,0,0,0.0,0.001094263750000022
463.765,0,0,0.0,0.001094263750000022
463.869,0,0,0.0,0.001094263750000022
463.917,0,0,0.0,0.001094263750000022
463.969,0,0,0.0,0.001094263750000022
464.166,0,0,0.0,0.001094263750000022
464.363,0,0,0.0,0.001094263750000022
464.391,0,0,0.0,0.001094263750000022
464.462,0,0,0.0,0.001094263750000022
464.668,0,0,0.0,0.001094263750000022
464.771,0,0,0.0,0.001094263750000022
464.875,0,0,0.0,0.001094263750000022
464.982,0,0,0.0,0.001094263750000022
465.165,0,0,0.0,0.001094263750000022
465.567,0,0,0.0,0.001094263750000022
465.567,0,0,0.0,0.001094263750000022
465.577,0,0,0.0,0.001094263750000022
465.662,0,0,0.0,0.001094263750000022
465.765,0,0,0.0,0.001094263750000022
465.965,0,0,0.0,0.001094263750000022
465.986,0,0,0.0,0.001094263750000022
466.068,0,0,0.0,0.001094263750000022
466.361,0,0,0.0,0.001094263750000022
466.563,0,0,0.0,0.001094263750000022
466.567,0,0,0.0,0.001094263750000022
466.571,0,0,0.0,0.001094263750000022
466.764,0,0,0.0,0.001094263750000022
466.868,0,0,0.0,0.001094263750000022
466.971,0,0,0.0,0.001094263750000022
466.984,0,0,0.0,0.001094263750000022
467.566,0,0,0.0,0.001094263750000022
467.661,0,0,0.0,0.001094263750000022
467.761,0,0,0.0,0.001094263750000022
467.774,0,0,0.0,0.001094263750000022
467.862,0,0,0.0,0.001094263750000022
467.968,0,0,0.0,0.001094263750000022
467.982,0,0,0.0,0.001094263750000022
468.363,0,0,0.0,0.001094263750000022
468.565,0,0,0.0,0.001094263750000022
468.661,0,0,0.0,0.001094263750000022
468.763,0,0,0.0,0.001094263750000022
468.861,0,0,0.0,0.001094263750000022
468.962,0,0,0.0,0.001094263750000022
468.964,0,0,0.0,0.001094263750000022
468.98,0,0,0.0,0.001094263750000022
469.371,0,0,0.0,0.001094263750000022
469.565,0,0,0.0,0.001094263750000022
469.663,0,0,0.0,0.001094263750000022
469.667,0,0,0.0,0.001094263750000022
469.861,0,0,0.0,0.001094263750000022
469.964,0,0,0.0,0.001094263750000022
469.984,0,0,0.0,0.001094263750000022
470.062,0,0,0.0,0.001094263750000022
470.368,0,0,0.0,0.001094263750000022
470.466,0,0,0.0,0.001094263750000022
470.565,0,0,0.0,0.001094263750000022
470.763,0,0,0.0,0.001094263750000022
470.863,0,0,0.0,0.001094263750000022
470.983,0,0,0.0,0.001094263750000022
471.061,0,0,0.0,0.001094263750000022
471.165,0,0,0.0,0.001094263750000022
471.371,0,0,0.0,0.001094263750000022
471.571,0,0,0.0,0.001094263750000022
471.762,0,0,0.0,0.001094263750000022
471.863,0,0,0.0,0.001094263750000022
471.982,0,0,0.0,0.001094263750000022
472.063,0,0,0.0,0.001094263750000022
472.063,0,0,0.0,0.001094263750000022
472.172,0,0,0.0,0.001094263750000022
472.37,0,0,0.0,0.001094263750000022
472.565,0,0,0.0,0.001094263750000022
472.663,0,0,0.0,0.001094263750000022
472.863,0,0,0.0,0.001094263750000022
472.963,0,0,0.0,0.001094263750000022
472.979,0,0,0.0,0.001094263750000022
473.062,0,0,0.0,0.001094263750000022
473.16,0,0,0.0,0.001094263750000022
473.362,0,0,0.0,0.001094263750000022
473.362,0,0,0.0,0.001094263750000022
473.462,0,0,0.0,0.001094263750000022
473.564,0,0,0.0,0.001094263750000022
473.766,0,0,0.0,0.001094263750000022
473.866,0,0,0.0,0.001094263750000022
473.966,0,0,0.0,0.001094263750000022
473.977,0,0,0.0,0.001094263750000022
474.161,0,0,0.0,0.001094263750000022
474.372,0,0,0.0,0.001094263750000022
474.459,0,0,0.0,0.001094263750000022
474.568,0,0,0.0,0.001094263750000022
474.661,0,0,0.0,0.001094263750000022
474.762,0,0,0.0,0.001094263750000022
474.862,0,0,0.0,0.001094263750000022
474.977,0,0,0.0,0.001094263750000022
475.063,0,0,0.0,0.001094263750000022
475.162,0,0,0.0,0.001094263750000022
475.359,0,0,0.0,0.001094263750000022
475.461,0,0,0.0,0.001094263750000022
475.564,0,0,0.0,0.001094263750000022
475.567,0,0,0.0,0.001094263750000022
475.576,0,0,0.0,0.001094263750000022
475.862,0,0,0.0,0.001094263750000022
475.965,0,0,0.0,0.001094263750000022
475.979,0,0,0.0,0.001094263750000022
476.066,0,0,0.0,0.001094263750000022
476.39,0,0,0.0,0.001094263750000022
476.462,0,0,0.0,0.001094263750000022
476.573,0,0,0.0,0.001094263750000022
476.659,0,0,0.0,0.001094263750000022
476.707,0,0,0.0,0.001094263750000022
476.765,0,0,0.0,0.001094263750000022
476.868,0,0,0.0,0.001094263750000022
476.979,0,0,0.0,0.001094263750000022
477.066,0,0,0.0,0.001094263750000022
477.361,0,0,0.0,0.001094263750000022
477.56,0,0,0.0,0.001094263750000022
477.588,0,0,0.0,0.001094263750000022
477.658,0,0,0.0,0.001094263750000022
477.758,0,0,0.0,0.001094263750000022
477.761,0,0,0.0,0.001094263750000022
477.862,0,0,0.0,0.001094263750000022
477.979,0,0,0.0,0.001094263750000022
478.062,0,0,0.0,0.001094263750000022
478.559,0,0,0.0,0.001094263750000022
478.563,0,0,0.0,0.001094263750000022
478.66,0,0,0.0,0.001094263750000022
478.661,0,0,0.0,0.001094263750000022
478.76,0,0,0.0,0.001094263750000022
478.858,0,0,0.0,0.001094263750000022
478.861,0,0,0.0,0.001094263750000022
478.965,0,0,0.0,0.001094263750000022
478.979,0,0,0.0,0.001094263750000022
479.36,0,0,0.0,0.001094263750000022
479.562,0,0,0.0,0.001094263750000022
479.563,0,0,0.0,0.001094263750000022
479.758,0,0,0.0,0.001094263750000022
479.76,0,0,0.0,0.001094263750000022
479.864,0,0,0.0,0.001094263750000022
479.87,0,0,0.0,0.001094263750000022
479.958,0,0,0.0,0.001094263750000022
479.976,0,0,0.0,0.001094263750000022
480.36,0,0,0.0,0.001094263750000022
480.463,0,0,0.0,0.001094263750000022
480.658,0,0,0.0,0.001094263750000022
480.66,0,0,0.0,0.001094263750000022
480.86,0,0,0.0,0.001094263750000022
480.874,0,0,0.0,0.001094263750000022
480.958,0,0,0.0,0.001094263750000022
480.958,0,0,0.0,0.001094263750000022
480.978,0,0,0.0,0.001094263750000022
481.467,0,0,0.0,0.001094263750000022
481.66,0,0,0.0,0.001094263750000022
481.759,0,0,0.0,0.001094263750000022
481.807,0,0,0.0,0.001094263750000022
481.858,0,0,0.0,0.001094263750000022
481.957,0,0,0.0,0.001094263750000022
481.982,0,0,0.0,0.001094263750000022
482.061,0,0,0.0,0.001094263750000022
482.158,0,0,0.0,0.001094263750000022
482.36,0,0,0.0,0.001094263750000022
482.46,0,0,0.0,0.001094263750000022
482.562,0,0,0.0,0.001094263750000022
482.66,0,0,0.0,0.001094263750000022
482.86,0,0,0.0,0.001094263750000022
482.96,0,0,0.0,0.001094263750000022
483.06,0,0,0.0,0.001094263750000022
483.158,0,0,0.0,0.001094263750000022
483.164,0,0,0.0,0.001094263750000022
483.364,0,0,0.0,0.001094263750000022
483.467,0,0,0.0,0.001094263750000022
483.663,0,0,0.0,0.001094263750000022
483.759,0,0,0.0,0.001094263750000022
483.859,0,0,0.0,0.001094263750000022
484.057,0,0,0.0,0.001094263750000022
484.158,0,0,0.0,0.001094263750000022
484.465,0,0,0.0,0.001094263750000022
484.659,0,0,0.0,0.001094263750000022
484.759,0,0,0.0,0.001094263750000022
484.817,0,0,0.0,0.001094263750000022
484.959,0,0,0.0,0.001094263750000022
485.06,0,0,0.0,0.001094263750000022
485.159,0,0,0.0,0.001094263750000022
485.368,0,0,0.0,0.001094263750000022
485.473,0,0,0.0,0.001094263750000022
485.759,0,0,0.0,0.001094263750000022
485.863,0,0,0.0,0.001094263750000022
485.963,0,0,0.0,0.001094263750000022
486.159,0,0,0.0,0.001094263750000022
486.557,0,0,0.0,0.001094263750000022
486.663,0,0,0.0,0.001094263750000022
486.765,0,0,0.0,0.001094263750000022
486.863,0,0,0.0,0.001094263750000022
487.759,0,0,0.0,0.001094263750000022
487.959,0,0,0.0,0.001094263750000022
488.062,0,0,0.0,0.001094263750000022
488.862,0,0,0.0,0.001094263750000022
488.964,0,0,0.0,0.001094263750000022
489.772,0,0,0.0,0.001094263750000022
489.964,0,0,0.0,0.001094263750000022
490.958,0,0,0.0,0.001094263750000022
490.969,0,0,0.0,0.001094263750000022
732.911,0,0,0.0,0.001094263750000022
733.196,0,0,0.0,0.001094263750000022
733.908,0,0,0.0,0.001094263750000022
734.307,0,0,0.0,0.001094263750000022
734.39,0,0,0.0,0.001094263750000022
734.913,0,0,0.0,0.001094263750000022
735.396,0,0,0.0,0.001094263750000022
735.594,0,0,0.0,0.001094263750000022
736.007,0,0,0.0,0.001094263750000022
736.097,0,0,0.0,0.001094263750000022
736.187,0,0,0.0,0.001094263750000022
736.201,0,0,0.0,0.001094263750000022
736.396,0,0,0.0,0.001094263750000022
736.495,0,0,0.0,0.001094263750000022
736.905,0,0,0.0,0.001094263750000022
737.189,0,0,0.0,0.001094263750000022
737.389,0,0,0.0,0.001094263750000022
737.39,0,0,0.0,0.001094263750000022
737.492,0,0,0.0,0.001094263750000022
737.69,0,0,0.0,0.001094263750000022
737.794,0,0,0.0,0.001094263750000022
737.906,0,0,0.0,0.001094263750000022
738.4,0,0,0.0,0.001094263750000022
738.488,0,0,0.0,0.001094263750000022
738.492,0,0,0.0,0.001094263750000022
738.595,0,0,0.0,0.001094263750000022
738.79,0,0,0.0,0.001094263750000022
738.893,0,0,0.0,0.001094263750000022
738.91,0,0,0.0,0.001094263750000022
739.067,0,0,0.0,0.001094263750000022
739.488,0,0,0.0,0.001094263750000022
739.488,0,0,0.0,0.001094263750000022
739.491,0,0,0.0,0.001094263750000022
739.497,0,0,0.0,0.001094263750000022
739.588,0,0,0.0,0.001094263750000022
739.691,0,0,0.0,0.001094263750000022
739.892,0,0,0.0,0.001094263750000022
739.996,0,0,0.0,0.001094263750000022
740.49,0,0,0.0,0.001094263750000022
740.492,0,0,0.0,0.001094263750000022
740.589,0,0,0.0,0.001094263750000022
740.686,0,0,0.0,0.001094263750000022
740.689,0,0,0.0,0.001094263750000022
740.795,0,0,0.0,0.001094263750000022
740.907,0,0,0.0,0.001094263750000022
740.991,0,0,0.0,0.001094263750000022
740.997,0,0,0.0,0.001094263750000022
741.389,0,0,0.0,0.001094263750000022
741.586,0,0,0.0,0.001094263750000022
741.686,0,0,0.0,0.001094263750000022
741.686,0,0,0.0,0.001094263750000022
741.692,0,0,0.0,0.001094263750000022
741.7,0,0,0.0,0.001094263750000022
741.895,0,0,0.0,0.001094263750000022
741.905,0,0,0.0,0.001094263750000022
741.997,0,0,0.0,0.001094263750000022
742.487,0,0,0.0,0.001094263750000022
742.585,0,0,0.0,0.001094263750000022
742.688,0,0,0.0,0.001094263750000022
742.692,0,0,0.0,0.001094263750000022
742.785,0,0,0.0,0.001094263750000022
742.789,0,0,0.0,0.001094263750000022
742.889,0,0,0.0,0.001094263750000022
742.906,0,0,0.0,0.001094263750000022
743.017,0,0,0.0,0.001094263750000022
743.387,0,0,0.0,0.001094263750000022
743.49,0,0,0.0,0.001094263750000022
743.588,0,0,0.0,0.001094263750000022
743.685,0,0,0.0,0.001094263750000022
743.786,0,0,0.0,0.001094263750000022
743.886,0,0,0.0,0.001094263750000022
743.888,0,0,0.0,0.001094263750000022
743.89,0,0,0.0,0.001094263750000022
743.909,0,0,0.0,0.001094263750000022
743.986,0,0,0.0,0.001094263750000022
744.391,0,0,0.0,0.001094263750000022
744.49,0,0,0.0,0.001094263750000022
744.685,0,0,0.0,0.001094263750000022
744.788,0,0,0.0,0.001094263750000022
744.888,0,0,0.0,0.001094263750000022
744.908,0,0,0.0,0.001094263750000022
744.986,0,0,0.0,0.001094263750000022
744.989,0,0,0.0,0.001094263750000022
745.007,0,0,0.0,0.001094263750000022
745.187,0,0,0.0,0.001094263750000022
745.387,0,0,0.0,0.001094263750000022
745.493,0,0,0.0,0.001094263750000022
745.585,0,0,0.0,0.001094263750000022
745.687,0,0,0.0,0.001094263750000022
745.885,0,0,0.0,0.001094263750000022
745.907,0,0,0.0,0.001094263750000022
745.986,0,0,0.0,0.001094263750000022
745.988,0,0,0.0,0.001094263750000022
746.092,0,0,0.0,0.001094263750000022
746.489,0,0,0.0,0.001094263750000022
746.593,0,0,0.0,0.001094263750000022
746.886,0,0,0.0,0.001094263750000022
746.904,0,0,0.0,0.001094263750000022
746.988,0,0,0.0,0.001094263750000022
747.067,0,0,0.0,0.001094263750000022
747.086,0,0,0.0,0.001094263750000022
747.392,0,0,0.0,0.001094263750000022
747.587,0,0,0.0,0.001094263750000022
747.69,0,0,0.0,0.001094263750000022
747.888,0,0,0.0,0.001094263750000022
747.985,0,0,0.0,0.001094263750000022
748.007,0,0,0.0,0.001094263750000022
748.007,0,0,0.0,0.001094263750000022
748.085,0,0,0.0,0.001094263750000022
748.384,0,0,0.0,0.001094263750000022
748.494,0,0,0.0,0.001094263750000022
748.687,0,0,0.0,0.001094263750000022
748.789,0,0,0.0,0.001094263750000022
748.908,0,0,0.0,0.001094263750000022
748.987,0,0,0.0,0.001094263750000022
749.087,0,0,0.0,0.001094263750000022
749.384,0,0,0.0,0.001094263750000022
749.398,0,0,0.0,0.001094263750000022
749.485,0,0,0.0,0.001094263750000022
749.586,0,0,0.0,0.001094263750000022
749.787,0,0,0.0,0.001094263750000022
749.89,0,0,0.0,0.001094263750000022
749.904,0,0,0.0,0.001094263750000022
749.967,0,0,0.0,0.001094263750000022
749.987,0,0,0.0,0.001094263750000022
750.189,0,0,0.0,0.001094263750000022
750.308,0,0,0.0,0.001094263750000022
750.386,0,0,0.0,0.001094263750000022
750.498,0,0,0.0,0.001094263750000022
750.583,0,0,0.0,0.001094263750000022
750.692,0,0,0.0,0.001094263750000022
750.887,0,0,0.0,0.001094263750000022
750.99,0,0,0.0,0.001094263750000022
751.484,0,0,0.0,0.001094263750000022
751.583,0,0,0.0,0.001094263750000022
751.584,0,0,0.0,0.001094263750000022
751.586,0,0,0.0,0.001094263750000022
751.595,0,0,0.0,0.001094263750000022
751.792,0,0,0.0,0.001094263750000022
751.987,0,0,0.0,0.001094263750000022
752.583,0,0,0.0,0.001094263750000022
752.586,0,0,0.0,0.001094263750000022
752.683,0,0,0.0,0.001094263750000022
752.783,0,0,0.0,0.001094263750000022
752.786,0,0,0.0,0.001094263750000022
752.892,0,0,0.0,0.001094263750000022
753.491,0,0,0.0,0.001094263750000022
753.682,0,0,0.0,0.001094263750000022
753.785,0,0,0.0,0.001094263750000022
753.792,0,0,0.0,0.001094263750000022
753.883,0,0,0.0,0.001094263750000022
753.883,0,0,0.0,0.001094263750000022
754.682,0,0,0.0,0.001094263750000022
754.683,0,0,0.0,0.001094263750000022
754.882,0,0,0.0,0.001094263750000022
754.885,0,0,0.0,0.001094263750000022
754.985,0,0,0.0,0.001094263750000022
755.782,0,0,0.0,0.001094263750000022
755.782,0,0,0.0,0.001094263750000022
755.885,0,0,0.0,0.001094263750000022
755.889,0,0,0.0,0.001094263750000022
756.083,0,0,0.0,0.001094263750000022
756.884,0,0,0.0,0.001094263750000022
756.983,0,0,0.0,0.001094263750000022
757.082,0,0,0.0,0.001094263750000022
757.982,0,0,0.0,0.001094263750000022
758.984,0,0,0.0,0.001094263750000022
998.841,0,0,0.0,0.001094263750000022
999.026,0,0,0.0,0.001094263750000022
1000.012,0,0,0.0,0.001094263750000022
1000.126,0,0,0.0,0.001094263750000022
1000.437,0,0,0.0,0.001094263750000022
1001.315,0,0,0.0,0.001094263750000022
1001.332,0,0,0.0,0.001094263750000022
1001.707,0,0,0.0,0.001094263750000022
1001.846,0,0,0.0,0.001094263750000022
1002.007,0,0,0.0,0.001094263750000022
1002.02,0,0,0.0,0.001094263750000022
1002.321,0,0,0.0,0.001094263750000022
1002.417,0,0,0.0,0.001094263750000022
1002.521,0,0,0.0,0.001094263750000022
1002.807,0,0,0.0,0.001094263750000022
1002.842,0,0,0.0,0.001094263750000022
1003.017,0,0,0.0,0.001094263750000022
1003.417,0,0,0.0,0.001094263750000022
1003.423,0,0,0.0,0.001094263750000022
1003.512,0,0,0.0,0.001094263750000022
1003.557,0,0,0.0,0.001094263750000022
1003.615,0,0,0.0,0.001094263750000022
1003.841,0,0,0.0,0.001094263750000022
1004.113,0,0,0.0,0.001094263750000022
1004.314,0,0,0.0,0.001094263750000022
1004.416,0,0,0.0,0.001094263750000022
1004.417,0,0,0.0,0.001094263750000022
1004.514,0,0,0.0,0.001094263750000022
1004.714,0,0,0.0,0.001094263750000022
1004.721,0,0,0.0,0.001094263750000022
1004.836,0,0,0.0,0.001094263750000022
1005.113,0,0,0.0,0.001094263750000022
1005.514,0,0,0.0,0.001094263750000022
1005.518,0,0,0.0,0.001094263750000022
1005.613,0,0,0.0,0.001094263750000022
1005.614,0,0,0.0,0.001094263750000022
1005.62,0,0,0.0,0.001094263750000022
1005.715,0,0,0.0,0.001094263750000022
1005.841,0,0,0.0,0.001094263750000022
1006.007,0,0,0.0,0.001094263750000022
1006.113,0,0,0.0,0.001094263750000022
1006.367,0,0,0.0,0.001094263750000022
1006.511,0,0,0.0,0.001094263750000022
1006.513,0,0,0.0,0.001094263750000022
1006.614,0,0,0.0,0.001094263750000022
1006.714,0,0,0.0,0.001094263750000022
1006.724,0,0,0.0,0.001094263750000022
1006.84,0,0,0.0,0.001094263750000022
1006.914,0,0,0.0,0.001094263750000022
1007.113,0,0,0.0,0.001094263750000022
1007.415,0,0,0.0,0.001094263750000022
1007.415,0,0,0.0,0.001094263750000022
1007.415,0,0,0.0,0.001094263750000022
1007.711,0,0,0.0,0.001094263750000022
1007.713,0,0,0.0,0.001094263750000022
1007.826,0,0,0.0,0.001094263750000022
1007.832,0,0,0.0,0.001094263750000022
1007.914,0,0,0.0,0.001094263750000022
1007.914,0,0,0.0,0.001094263750000022
1008.016,0,0,0.0,0.001094263750000022
1008.317,0,0,0.0,0.001094263750000022
1008.412,0,0,0.0,0.001094263750000022
1008.613,0,0,0.0,0.001094263750000022
1008.619,0,0,0.0,0.001094263750000022
1008.713,0,0,0.0,0.001094263750000022
1008.814,0,0,0.0,0.001094263750000022
1008.841,0,0,0.0,0.001094263750000022
1008.913,0,0,0.0,0.001094263750000022
1009.012,0,0,0.0,0.001094263750000022
1009.113,0,0,0.0,0.001094263750000022
1009.327,0,0,0.0,0.001094263750000022
1009.421,0,0,0.0,0.001094263750000022
1009.513,0,0,0.0,0.001094263750000022
1009.613,0,0,0.0,0.001094263750000022
1009.813,0,0,0.0,0.001094263750000022
1009.819,0,0,0.0,0.001094263750000022
1009.842,0,0,0.0,0.001094263750000022
1009.913,0,0,0.0,0.001094263750000022
1010.021,0,0,0.0,0.001094263750000022
1010.323,0,0,0.0,0.001094263750000022
1010.327,0,0,0.0,0.001094263750000022
1010.421,0,0,0.0,0.001094263750000022
1010.519,0,0,0.0,0.001094263750000022
1010.81,0,0,0.0,0.001094263750000022
1010.813,0,0,0.0,0.001094263750000022
1010.919,0,0,0.0,0.001094263750000022
1010.933,0,0,0.0,0.001094263750000022
1011.319,0,0,0.0,0.001094263750000022
1011.424,0,0,0.0,0.001094263750000022
1011.507,0,0,0.0,0.001094263750000022
1011.618,0,0,0.0,0.001094263750000022
1011.618,0,0,0.0,0.001094263750000022
1011.713,0,0,0.0,0.001094263750000022
1011.834,0,0,0.0,0.001094263750000022
1012.009,0,0,0.0,0.001094263750000022
1012.01,0,0,0.0,0.001094263750000022
1012.414,0,0,0.0,0.001094263750000022
1012.507,0,0,0.0,0.001094263750000022
1012.612,0,0,0.0,0.001094263750000022
1012.707,0,0,0.0,0.001094263750000022
1012.712,0,0,0.0,0.001094263750000022
1012.839,0,0,0.0,0.001094263750000022
1012.912,0,0,0.0,0.001094263750000022
1013.013,0,0,0.0,0.001094263750000022
1013.109,0,0,0.0,0.001094263750000022
1013.312,0,0,0.0,0.001094263750000022
1013.414,0,0,0.0,0.001094263750000022
1013.427,0,0,0.0,0.001094263750000022
1013.622,0,0,0.0,0.001094263750000022
1013.807,0,0,0.0,0.001094263750000022
1013.816,0,0,0.0,0.001094263750000022
1013.84,0,0,0.0,0.001094263750000022
1013.912,0,0,0.0,0.001094263750000022
1014.108,0,0,0.0,0.001094263750000022
1014.309,0,0,0.0,0.001094263750000022
1014.511,0,0,0.0,0.001094263750000022
1014.512,0,0,0.0,0.001094263750000022
1014.547,0,0,0.0,0.001094263750000022
1014.618,0,0,0.0,0.001094263750000022
1014.712,0,0,0.0,0.001094263750000022
1014.725,0,0,0.0,0.001094263750000022
1014.835,0,0,0.0,0.001094263750000022
1015.114,0,0,0.0,0.001094263750000022
1015.309,0,0,0.0,0.001094263750000022
1015.317,0,0,0.0,0.001094263750000022
1015.412,0,0,0.0,0.001094263750000022
1015.467,0,0,0.0,0.001094263750000022
1015.718,0,0,0.0,0.001094263750000022
1015.811,0,0,0.0,0.001094263750000022
1015.822,0,0,0.0,0.001094263750000022
1015.835,0,0,0.0,0.001094263750000022
1016.01,0,0,0.0,0.001094263750000022
1016.321,0,0,0.0,0.001094263750000022
1016.413,0,0,0.0,0.001094263750000022
1016.419,0,0,0.0,0.001094263750000022
1016.436,0,0,0.0,0.001094263750000022
1016.509,0,0,0.0,0.001094263750000022
1016.815,0,0,0.0,0.001094263750000022
1016.818,0,0,0.0,0.001094263750000022
1016.833,0,0,0.0,0.001094263750000022
1017.013,0,0,0.0,0.001094263750000022
1017.314,0,0,0.0,0.001094263750000022
1017.409,0,0,0.0,0.001094263750000022
1017.511,0,0,0.0,0.001094263750000022
1017.611,0,0,0.0,0.001094263750000022
1017.612,0,0,0.0,0.001094263750000022
1017.71,0,0,0.0,0.001094263750000022
1017.812,0,0,0.0,0.001094263750000022
1017.835,0,0,0.0,0.001094263750000022
1018.507,0,0,0.0,0.001094263750000022
1018.507,0,0,0.0,0.001094263750000022
1018.51,0,0,0.0,0.001094263750000022
1018.608,0,0,0.0,0.001094263750000022
1018.611,0,0,0.0,0.001094263750000022
1018.712,0,0,0.0,0.001094263750000022
1018.811,0,0,0.0,0.001094263750000022
1018.831,0,0,0.0,0.001094263750000022
1018.837,0,0,0.0,0.001094263750000022
1018.911,0,0,0.0,0.001094263750000022
1019.109,0,0,0.0,0.001094263750000022
1019.31,0,0,0.0,0.001094263750000022
1019.418,0,0,0.0,0.001094263750000022
1019.509,0,0,0.0,0.001094263750000022
1019.61,0,0,0.0,0.001094263750000022
1019.808,0,0,0.0,0.001094263750000022
1019.81,0,0,0.0,0.001094263750000022
1019.842,0,0,0.0,0.001094263750000022
1020.011,0,0,0.0,0.001094263750000022
1020.02,0,0,0.0,0.001094263750000022
1020.315,0,0,0.0,0.001094263750000022
1020.412,0,0,0.0,0.001094263750000022
1020.509,0,0,0.0,0.001094263750000022
1020.613,0,0,0.0,0.001094263750000022
1020.624,0,0,0.0,0.001094263750000022
1020.71,0,0,0.0,0.001094263750000022
1020.834,0,0,0.0,0.001094263750000022
1020.908,0,0,0.0,0.001094263750000022
1021.014,0,0,0.0,0.001094263750000022
1021.319,0,0,0.0,0.001094263750000022
1021.513,0,0,0.0,0.001094263750000022
1021.709,0,0,0.0,0.001094263750000022
1021.71,0,0,0.0,0.001094263750000022
1021.91,0,0,0.0,0.001094263750000022
1022.006,0,0,0.0,0.001094263750000022
1022.007,0,0,0.0,0.001094263750000022
1022.011,0,0,0.0,0.001094263750000022
1022.12,0,0,0.0,0.001094263750000022
1022.367,0,0,0.0,0.001094263750000022
1022.424,0,0,0.0,0.001094263750000022
1022.609,0,0,0.0,0.001094263750000022
1022.712,0,0,0.0,0.001094263750000022
1022.91,0,0,0.0,0.001094263750000022
1022.913,0,0,0.0,0.001094263750000022
1023.03,0,0,0.0,0.001094263750000022
1023.106,0,0,0.0,0.001094263750000022
1023.309,0,0,0.0,0.001094263750000022
1023.411,0,0,0.0,0.001094263750000022
1023.522,0,0,0.0,0.001094263750000022
1023.709,0,0,0.0,0.001094263750000022
1023.715,0,0,0.0,0.001094263750000022
1023.832,0,0,0.0,0.001094263750000022
1023.91,0,0,0.0,0.001094263750000022
1024.111,0,0,0.0,0.001094263750000022
1024.407,0,0,0.0,0.001094263750000022
1024.467,0,0,0.0,0.001094263750000022
1024.514,0,0,0.0,0.001094263750000022
1024.707,0,0,0.0,0.001094263750000022
1024.714,0,0,0.0,0.001094263750000022
1024.809,0,0,0.0,0.001094263750000022
1024.833,0,0,0.0,0.001094263750000022
1025.005,0,0,0.0,0.001094263750000022
1025.009,0,0,0.0,0.001094263750000022
1025.312,0,0,0.0,0.001094263750000022
1025.41,0,0,0.0,0.001094263750000022
1025.41,0,0,0.0,0.001094263750000022
1025.417,0,0,0.0,0.001094263750000022
1025.608,0,0,0.0,0.001094263750000022
1025.814,0,0,0.0,0.001094263750000022
1025.834,0,0,0.0,0.001094263750000022
1025.915,0,0,0.0,0.001094263750000022
1026.01,0,0,0.0,0.001094263750000022
1026.308,0,0,0.0,0.001094263750000022
1026.411,0,0,0.0,0.001094263750000022
1026.508,0,0,0.0,0.001094263750000022
1026.508,0,0,0.0,0.001094263750000022
1026.522,0,0,0.0,0.001094263750000022
1026.708,0,0,0.0,0.001094263750000022
1026.835,0,0,0.0,0.001094263750000022
1026.908,0,0,0.0,0.001094263750000022
1027.307,0,0,0.0,0.001094263750000022
1027.505,0,0,0.0,0.001094263750000022
1027.606,0,0,0.0,0.001094263750000022
1027.608,0,0,0.0,0.001094263750000022
1027.608,0,0,0.0,0.001094263750000022
1027.707,0,0,0.0,0.001094263750000022
1027.721,0,0,0.0,0.001094263750000022
1027.807,0,0,0.0,0.001094263750000022
1027.837,0,0,0.0,0.001094263750000022
1028.205,0,0,0.0,0.001094263750000022
1028.307,0,0,0.0,0.001094263750000022
1028.415,0,0,0.0,0.001094263750000022
1028.507,0,0,0.0,0.001094263750000022
1028.605,0,0,0.0,0.001094263750000022
1028.608,0,0,0.0,0.001094263750000022
1028.611,0,0,0.0,0.001094263750000022
1028.808,0,0,0.0,0.001094263750000022
1028.835,52,5,0.5715,0.0010985500000000288
1029.106,52,5,0.5715,0.0011415712500000223
1029.405,0,0,0.0,0.0011415712500000223
1029.409,0,0,0.0,0.0011415712500000223
1029.412,0,0,0.0,0.0011415712500000223
1029.613,0,0,0.0,0.0011415712500000223
1029.627,0,0,0.0,0.0011415712500000223
1029.707,0,0,0.0,0.0011415712500000223
1029.707,0,0,0.0,0.0011415712500000223
1029.808,0,0,0.0,0.0011415712500000223
1029.83,0,0,0.0,0.0011415712500000223
1030.106,0,0,0.0,0.0011415712500000223
1030.307,0,0,0.0,0.0011415712500000223
1030.313,52,5,0.5715,0.001142523750000036
1030.604,0,0,0.0,0.001142523750000036
1030.707,0,0,0.0,0.001142523750000036
1030.71,0,0,0.0,0.001142523750000036
1030.727,0,0,0.0,0.001142523750000036
1030.807,0,0,0.0,0.001142523750000036
1030.828,0,0,0.0,0.001142523750000036
1030.907,0,0,0.0,0.001142523750000036
1031.106,0,0,0.0,0.001142523750000036
1031.408,52,5,0.5715,0.0011904662500000212
1031.507,0,0,0.0,0.0011904662500000212
1031.606,0,0,0.0,0.0011904662500000212
1031.806,0,0,0.0,0.0011904662500000212
1031.807,0,0,0.0,0.0011904662500000212
1031.907,0,0,0.0,0.0011904662500000212
1031.907,0,0,0.0,0.0011904662500000212
1032.011,0,0,0.0,0.0011904662500000212
1032.206,0,0,0.0,0.0011904662500000212
1032.408,0,0,0.0,0.0011904662500000212
1032.506,52,5,0.5715,0.0012060237500000504
1032.51,10,1,0.1143,0.0012061507500000473
1032.707,0,0,0.0,0.0012061507500000473
1032.806,0,0,0.0,0.0012061507500000473
1032.844,0,0,0.0,0.0012061507500000473
1032.912,0,0,0.0,0.0012061507500000473
1033.108,0,0,0.0,0.0012061507500000473
1033.206,0,0,0.0,0.0012061507500000473
1033.337,0,0,0.0,0.0012061507500000473
1033.408,0,0,0.0,0.0012061507500000473
1033.609,41,4,0.4572,0.0012316777500000502
1033.706,0,0,0.0,0.0012316777500000502
1033.706,20,2,0.2286,0.0012316777500000502
1033.838,52,5,0.5715,0.00125263275000006
1034.007,52,5,0.5715,0.0012794615000000752
1034.007,0,0,0.0,0.0012794615000000752
1034.397,0,0,0.0,0.0012794615000000752
1034.407,0,0,0.0,0.0012794615000000752
1034.505,0,0,0.0,0.0012794615000000752
1034.515,0,0,0.0,0.0012794615000000752
1034.603,31,3,0.3429,0.0012878435000000718
1034.826,0,0,0.0,0.0012878435000000718
1034.906,31,3,0.3429,0.001295463500000065
1035.004,0,0,0.0,0.001295463500000065
1035.006,0,0,0.0,0.001295463500000065
1035.104,52,5,0.5715,0.001311021000000058
1035.506,0,0,0.0,0.001311021000000058
1035.508,0,0,0.0,0.001311021000000058
1035.605,0,0,0.0,0.001311021000000058
1035.617,0,0,0.0,0.001311021000000058
1035.806,46,4,0.4572,0.0013350240000000678
1035.809,20,2,0.2286,0.0013352145000000634
1035.831,0,0,0.0,0.0013352145000000634
1036.204,0,0,0.0,0.0013352145000000634
1036.505,0,0,0.0,0.0013352145000000634
1036.607,0,0,0.0,0.0013352145000000634
1036.611,0,0,0.0,0.0013352145000000634
1036.704,0,0,0.0,0.0013352145000000634
1036.805,0,0,0.0,0.0013352145000000634
1036.811,5,0,0.0,0.0013352145000000634
1036.829,0,0,0.0,0.0013352145000000634
1037.107,0,0,0.0,0.0013352145000000634
1037.157,52,5,0.5715,0.0013431520000000562
1037.412,52,5,0.5715,0.0013836332500000736
1037.504,0,0,0.0,0.0013836332500000736
1037.603,0,0,0.0,0.0013836332500000736
1037.704,10,1,0.1143,0.00138684000000007
1037.705,0,0,0.0,0.00138684000000007
1037.831,0,0,0.0,0.00138684000000007
1037.906,0,0,0.0,0.00138684000000007
1038.009,0,0,0.0,0.00138684000000007
1038.177,0,0,0.0,0.00138684000000007
1038.402,0,0,0.0,0.00138684000000007
1038.504,0,0,0.0,0.00138684000000007
1038.504,0,0,0.0,0.00138684000000007
1038.61,20,2,0.2286,0.0013935710000000695
1038.624,0,0,0.0,0.0013935710000000695
1038.704,41,4,0.4572,0.0014037310000000604
1038.811,0,0,0.0,0.0014037310000000604
1038.825,0,0,0.0,0.0014037310000000604
1039.103,0,0,0.0,0.0014037310000000604
1039.406,0,0,0.0,0.0014037310000000604
1039.601,0,0,0.0,0.0014037310000000604
1039.601,0,0,0.0,0.0014037310000000604
1039.707,31,3,0.3429,0.00141382750000006
1039.805,0,0,0.0,0.00141382750000006
1039.807,36,3,0.3429,0.0014140180000000555
1039.823,0,0,0.0,0.0014140180000000555
1039.829,0,0,0.0,0.0014140180000000555
1040.1,0,0,0.0,0.0014140180000000555
1040.177,0,0,0.0,0.0014140180000000555
1040.412,0,0,0.0,0.0014140180000000555
1040.501,0,0,0.0,0.0014140180000000555
1040.603,0,0,0.0,0.0014140180000000555
1040.701,0,0,0.0,0.0014140180000000555
1040.834,0,0,0.0,0.0014140180000000555
1040.904,15,1,0.1143,0.0014162405000000535
1040.907,46,4,0.4572,0.0014166215000000445
1041.102,0,0,0.0,0.0014166215000000445
1041.102,0,0,0.0,0.0014166215000000445
1041.177,0,0,0.0,0.0014166215000000445
1041.503,0,0,0.0,0.0014166215000000445
1041.503,0,0,0.0,0.0014166215000000445
1041.513,0,0,0.0,0.0014166215000000445
1041.704,0,0,0.0,0.0014166215000000445
1041.803,0,0,0.0,0.0014166215000000445
1041.834,0,0,0.0,0.0014166215000000445
1041.902,5,0,0.0,0.0014166215000000445
1042.102,0,0,0.0,0.0014166215000000445
1042.308,0,0,0.0,0.0014166215000000445
1042.317,0,0,0.0,0.0014166215000000445
1042.409,0,0,0.0,0.0014166215000000445
1042.703,0,0,0.0,0.0014166215000000445
1042.707,0,0,0.0,0.0014166215000000445
1042.803,0,0,0.0,0.0014166215000000445
1042.828,0,0,0.0,0.0014166215000000445
1043.002,0,0,0.0,0.0014166215000000445
1043.004,0,0,0.0,0.0014166215000000445
1043.316,0,0,0.0,0.0014166215000000445
1043.407,0,0,0.0,0.0014166215000000445
1043.507,0,0,0.0,0.0014166215000000445
1043.509,0,0,0.0,0.0014166215000000445
1043.703,0,0,0.0,0.0014166215000000445
1043.903,0,0,0.0,0.0014166215000000445
1044.002,0,0,0.0,0.0014166215000000445
1044.003,0,0,0.0,0.0014166215000000445
1044.102,0,0,0.0,0.0014166215000000445
1044.327,0,0,0.0,0.0014166215000000445
1044.509,0,0,0.0,0.0014166215000000445
1044.603,0,0,0.0,0.0014166215000000445
1044.708,0,0,0.0,0.0014166215000000445
1044.807,0,0,0.0,0.0014166215000000445
1044.901,0,0,0.0,0.0014166215000000445
1045.101,0,0,0.0,0.0014166215000000445
1045.101,0,0,0.0,0.0014166215000000445
1045.307,0,0,0.0,0.0014166215000000445
1045.337,0,0,0.0,0.0014166215000000445
1045.608,0,0,0.0,0.0014166215000000445
1045.706,0,0,0.0,0.0014166215000000445
1045.708,0,0,0.0,0.0014166215000000445
1045.809,0,0,0.0,0.0014166215000000445
1045.826,0,0,0.0,0.0014166215000000445
1046.202,0,0,0.0,0.0014166215000000445
1046.308,0,0,0.0,0.0014166215000000445
1046.317,0,0,0.0,0.0014166215000000445
1046.404,0,0,0.0,0.0014166215000000445
1046.417,0,0,0.0,0.0014166215000000445
1046.708,0,0,0.0,0.0014166215000000445
1046.804,0,0,0.0,0.0014166215000000445
1046.821,0,0,0.0,0.0014166215000000445
1047.003,0,0,0.0,0.0014166215000000445
1047.006,0,0,0.0,0.0014166215000000445
1047.403,0,0,0.0,0.0014166215000000445
1047.414,0,0,0.0,0.0014166215000000445
1047.501,0,0,0.0,0.0014166215000000445
1047.516,0,0,0.0,0.0014166215000000445
1047.808,0,0,0.0,0.0014166215000000445
1047.832,0,0,0.0,0.0014166215000000445
1047.906,0,0,0.0,0.0014166215000000445
1048.101,0,0,0.0,0.0014166215000000445
1048.127,0,0,0.0,0.0014166215000000445
1048.403,0,0,0.0,0.0014166215000000445
1048.404,0,0,0.0,0.0014166215000000445
1048.499,0,0,0.0,0.0014166215000000445
1048.502,0,0,0.0,0.0014166215000000445
1048.708,0,0,0.0,0.0014166215000000445
1048.814,0,0,0.0,0.0014166215000000445
1048.822,52,5,0.5715,0.0014178915000000144
1049.157,0,0,0.0,0.0014178915000000144
1049.198,52,5,0.5715,0.001424400250000041
1049.423,0,0,0.0,0.001424400250000041
1049.499,0,0,0.0,0.001424400250000041
1049.503,0,0,0.0,0.001424400250000041
1049.601,0,0,0.0,0.001424400250000041
1049.702,0,0,0.0,0.001424400250000041
1049.808,0,0,0.0,0.001424400250000041
1049.827,0,0,0.0,0.001424400250000041
1050.006,0,0,0.0,0.001424400250000041
1050.113,52,5,0.5715,0.0014413865000000364
1050.147,0,0,0.0,0.0014413865000000364
1050.501,0,0,0.0,0.0014413865000000364
1050.504,0,0,0.0,0.0014413865000000364
1050.601,0,0,0.0,0.0014413865000000364
1050.605,0,0,0.0,0.0014413865000000364
1050.607,0,0,0.0,0.0014413865000000364
1050.707,0,0,0.0,0.0014413865000000364
1050.824,0,0,0.0,0.0014413865000000364
1051.1,0,0,0.0,0.0014413865000000364
1051.402,0,0,0.0,0.0014413865000000364
1051.701,0,0,0.0,0.0014413865000000364
1051.801,0,0,0.0,0.0014413865000000364
1051.801,0,0,0.0,0.0014413865000000364
1051.801,0,0,0.0,0.0014413865000000364
1051.802,0,0,0.0,0.0014413865000000364
1051.823,0,0,0.0,0.0014413865000000364
1052.1,0,0,0.0,0.0014413865000000364
1052.127,5,0,0.0,0.0014413865000000364
1052.147,52,5,0.5715,0.0014445615000000336
1052.6,46,4,0.4572,0.0015020925000000303
1052.698,15,1,0.1143,0.0015052040000000362
1052.701,0,0,0.0,0.0015052040000000362
1052.72,0,0,0.0,0.0015052040000000362
1052.828,0,0,0.0,0.0015052040000000362
1052.901,0,0,0.0,0.0015052040000000362
1052.901,0,0,0.0,0.0015052040000000362
1053.009,0,0,0.0,0.0015052040000000362
1053.177,0,0,0.0,0.0015052040000000362
1053.197,0,0,0.0,0.0015052040000000362
1053.206,0,0,0.0,0.0015052040000000362
1053.402,0,0,0.0,0.0015052040000000362
1053.504,36,3,0.3429,0.0015149195000000231
1053.6,0,0,0.0,0.0015149195000000231
1053.8,26,2,0.2286,0.001527619500000026
1053.898,0,0,0.0,0.001527619500000026
1053.901,0,0,0.0,0.001527619500000026
1054.008,0,0,0.0,0.001527619500000026
1054.112,0,0,0.0,0.001527619500000026
1054.31,0,0,0.0,0.001527619500000026
1054.399,0,0,0.0,0.001527619500000026
1054.5,0,0,0.0,0.001527619500000026
1054.8,26,2,0.2286,0.001546669500000023
1054.8,41,4,0.4572,0.001546669500000023
1054.837,0,0,0.0,0.001546669500000023
1054.9,0,0,0.0,0.001546669500000023
1055.199,0,0,0.0,0.001546669500000023
1055.403,0,0,0.0,0.001546669500000023
1055.41,0,0,0.0,0.001546669500000023
1055.603,0,0,0.0,0.001546669500000023
1055.697,0,0,0.0,0.001546669500000023
1055.8,15,1,0.1143,0.0015499397500000252
1055.826,0,0,0.0,0.0015499397500000252
1055.896,0,0,0.0,0.0015499397500000252
1056.0,52,5,0.5715,0.0015664497500000318
1056.187,0,0,0.0,0.0015664497500000318
1056.357,0,0,0.0,0.0015664497500000318
1056.407,0,0,0.0,0.0015664497500000318
1056.499,0,0,0.0,0.0015664497500000318
1056.509,0,0,0.0,0.0015664497500000318
1056.605,0,0,0.0,0.0015664497500000318
1056.819,0,0,0.0,0.0015664497500000318
1056.9,0,0,0.0,0.0015664497500000318
1056.997,0,0,0.0,0.0015664497500000318
1057.098,0,0,0.0,0.0015664497500000318
1057.398,0,0,0.0,0.0015664497500000318
1057.411,0,0,0.0,0.0015664497500000318
1057.499,0,0,0.0,0.0015664497500000318
1057.608,0,0,0.0,0.0015664497500000318
1057.8,0,0,0.0,0.0015664497500000318
1057.805,0,0,0.0,0.0015664497500000318
1057.825,0,0,0.0,0.0015664497500000318
1058.127,0,0,0.0,0.0015664497500000318
1058.198,0,0,0.0,0.0015664497500000318
1058.422,0,0,0.0,0.0015664497500000318
1058.496,0,0,0.0,0.0015664497500000318
1058.499,0,0,0.0,0.0015664497500000318
1058.604,0,0,0.0,0.0015664497500000318
1058.703,0,0,0.0,0.0015664497500000318
1058.824,0,0,0.0,0.0015664497500000318
1058.899,0,0,0.0,0.0015664497500000318
1059.007,0,0,0.0,0.0015664497500000318
1059.157,0,0,0.0,0.0015664497500000318
1059.398,0,0,0.0,0.0015664497500000318
1059.498,0,0,0.0,0.0015664497500000318
1059.598,0,0,0.0,0.0015664497500000318
1059.602,0,0,0.0,0.0015664497500000318
1059.61,0,0,0.0,0.0015664497500000318
1059.821,0,0,0.0,0.0015664497500000318
1059.899,0,0,0.0,0.0015664497500000318
1060.001,0,0,0.0,0.0015664497500000318
1060.117,0,0,0.0,0.0015664497500000318
1060.397,0,0,0.0,0.0015664497500000318
1060.4,0,0,0.0,0.0015664497500000318
1060.698,0,0,0.0,0.0015664497500000318
1060.704,0,0,0.0,0.0015664497500000318
1060.708,0,0,0.0,0.0015664497500000318
1060.805,0,0,0.0,0.0015664497500000318
1060.819,0,0,0.0,0.0015664497500000318
1061.095,0,0,0.0,0.0015664497500000318
1061.097,0,0,0.0,0.0015664497500000318
1061.4,0,0,0.0,0.0015664497500000318
1061.406,0,0,0.0,0.0015664497500000318
1061.495,0,0,0.0,0.0015664497500000318
1061.597,0,0,0.0,0.0015664497500000318
1061.698,0,0,0.0,0.0015664497500000318
1061.798,0,0,0.0,0.0015664497500000318
1061.811,0,0,0.0,0.0015664497500000318
1061.822,0,0,0.0,0.0015664497500000318
1061.998,0,0,0.0,0.0015664497500000318
1062.0,0,0,0.0,0.0015664497500000318
1062.195,0,0,0.0,0.0015664497500000318
1062.403,0,0,0.0,0.0015664497500000318
1062.597,0,0,0.0,0.0015664497500000318
1062.597,0,0,0.0,0.0015664497500000318
1062.696,0,0,0.0,0.0015664497500000318
1062.798,0,0,0.0,0.0015664497500000318
1062.824,0,0,0.0,0.0015664497500000318
1063.098,0,0,0.0,0.0015664497500000318
1063.102,0,0,0.0,0.0015664497500000318
1063.197,0,0,0.0,0.0015664497500000318
1063.399,0,0,0.0,0.0015664497500000318
1063.497,0,0,0.0,0.0015664497500000318
1063.598,0,0,0.0,0.0015664497500000318
1063.701,0,0,0.0,0.0015664497500000318
1063.797,0,0,0.0,0.0015664497500000318
1063.801,0,0,0.0,0.0015664497500000318
1063.829,0,0,0.0,0.0015664497500000318
1064.096,0,0,0.0,0.0015664497500000318
1064.399,0,0,0.0,0.0015664497500000318
1064.405,0,0,0.0,0.0015664497500000318
1064.597,0,0,0.0,0.0015664497500000318
1064.695,0,0,0.0,0.0015664497500000318
1064.797,0,0,0.0,0.0015664497500000318
1064.822,0,0,0.0,0.0015664497500000318
1064.996,0,0,0.0,0.0015664497500000318
1064.997,0,0,0.0,0.0015664497500000318
1065.167,0,0,0.0,0.0015664497500000318
1065.203,0,0,0.0,0.0015664497500000318
1065.307,0,0,0.0,0.0015664497500000318
1065.503,0,0,0.0,0.0015664497500000318
1065.603,0,0,0.0,0.0015664497500000318
1065.696,0,0,0.0,0.0015664497500000318
1065.895,0,0,0.0,0.0015664497500000318
1065.993,0,0,0.0,0.0015664497500000318
1065.995,0,0,0.0,0.0015664497500000318
1066.102,0,0,0.0,0.0015664497500000318
1066.327,0,0,0.0,0.0015664497500000318
1066.497,0,0,0.0,0.0015664497500000318
1066.502,0,0,0.0,0.0015664497500000318
1066.702,0,0,0.0,0.0015664497500000318
1066.803,0,0,0.0,0.0015664497500000318
1066.897,0,0,0.0,0.0015664497500000318
1067.093,0,0,0.0,0.0015664497500000318
1067.193,0,0,0.0,0.0015664497500000318
1067.307,0,0,0.0,0.0015664497500000318
1067.596,0,0,0.0,0.0015664497500000318
1067.7,0,0,0.0,0.0015664497500000318
1067.794,0,0,0.0,0.0015664497500000318
1067.817,0,0,0.0,0.0015664497500000318
1067.897,0,0,0.0,0.0015664497500000318
1068.092,0,0,0.0,0.0015664497500000318
1068.093,0,0,0.0,0.0015664497500000318
1068.097,0,0,0.0,0.0015664497500000318
1068.193,0,0,0.0,0.0015664497500000318
1068.309,0,0,0.0,0.0015664497500000318
1068.502,0,0,0.0,0.0015664497500000318
1068.609,0,0,0.0,0.0015664497500000318
1068.696,0,0,0.0,0.0015664497500000318
1068.821,0,0,0.0,0.0015664497500000318
1068.996,0,0,0.0,0.0015664497500000318
1069.094,0,0,0.0,0.0015664497500000318
1069.377,0,0,0.0,0.0015664497500000318
1069.397,0,0,0.0,0.0015664497500000318
1069.404,0,0,0.0,0.0015664497500000318
1069.596,0,0,0.0,0.0015664497500000318
1069.802,0,0,0.0,0.0015664497500000318
1069.826,0,0,0.0,0.0015664497500000318
1069.902,0,0,0.0,0.0015664497500000318
1069.992,0,0,0.0,0.0015664497500000318
1070.097,0,0,0.0,0.0015664497500000318
1070.397,0,0,0.0,0.0015664497500000318
1070.398,0,0,0.0,0.0015664497500000318
1070.398,0,0,0.0,0.0015664497500000318
1070.4,0,0,0.0,0.0015664497500000318
1070.417,0,0,0.0,0.0015664497500000318
1070.702,0,0,0.0,0.0015664497500000318
1070.813,0,0,0.0,0.0015664497500000318
1070.896,0,0,0.0,0.0015664497500000318
1070.998,0,0,0.0,0.0015664497500000318
1071.198,0,0,0.0,0.0015664497500000318
1071.495,0,0,0.0,0.0015664497500000318
1071.499,0,0,0.0,0.0015664497500000318
1071.499,0,0,0.0,0.0015664497500000318
1071.595,0,0,0.0,0.0015664497500000318
1071.607,0,0,0.0,0.0015664497500000318
1071.795,0,0,0.0,0.0015664497500000318
1071.821,0,0,0.0,0.0015664497500000318
1072.194,0,0,0.0,0.0015664497500000318
1072.2,0,0,0.0,0.0015664497500000318
1072.396,0,0,0.0,0.0015664497500000318
1072.492,0,0,0.0,0.0015664497500000318
1072.595,0,0,0.0,0.0015664497500000318
1072.598,0,0,0.0,0.0015664497500000318
1072.704,0,0,0.0,0.0015664497500000318
1072.795,0,0,0.0,0.0015664497500000318
1072.821,0,0,0.0,0.0015664497500000318
1073.093,0,0,0.0,0.0015664497500000318
1073.396,0,0,0.0,0.0015664497500000318
1073.403,0,0,0.0,0.0015664497500000318
1073.492,0,0,0.0,0.0015664497500000318
1073.494,0,0,0.0,0.0015664497500000318
1073.692,0,0,0.0,0.0015664497500000318
1073.794,0,0,0.0,0.0015664497500000318
1073.804,0,0,0.0,0.0015664497500000318
1073.819,0,0,0.0,0.0015664497500000318
1073.895,0,0,0.0,0.0015664497500000318
1074.093,0,0,0.0,0.0015664497500000318
1074.396,0,0,0.0,0.0015664497500000318
1074.594,0,0,0.0,0.0015664497500000318
1074.6,0,0,0.0,0.0015664497500000318
1074.692,0,0,0.0,0.0015664497500000318
1074.692,0,0,0.0,0.0015664497500000318
1074.694,0,0,0.0,0.0015664497500000318
1074.716,0,0,0.0,0.0015664497500000318
1074.82,0,0,0.0,0.0015664497500000318
1074.996,0,0,0.0,0.0015664497500000318
1075.117,0,0,0.0,0.0015664497500000318
1075.2,0,0,0.0,0.0015664497500000318
1075.4,0,0,0.0,0.0015664497500000318
1075.594,0,0,0.0,0.0015664497500000318
1075.794,0,0,0.0,0.0015664497500000318
1075.8,0,0,0.0,0.0015664497500000318
1075.895,0,0,0.0,0.0015664497500000318
1076.002,0,0,0.0,0.0015664497500000318
1076.177,0,0,0.0,0.0015664497500000318
1076.199,0,0,0.0,0.0015664497500000318
1076.399,0,0,0.0,0.0015664497500000318
1076.493,0,0,0.0,0.0015664497500000318
1076.698,0,0,0.0,0.0015664497500000318
1076.791,0,0,0.0,0.0015664497500000318
1076.894,0,0,0.0,0.0015664497500000318
1077.09,0,0,0.0,0.0015664497500000318
1077.177,0,0,0.0,0.0015664497500000318
1077.193,0,0,0.0,0.0015664497500000318
1077.401,0,0,0.0,0.0015664497500000318
1077.599,0,0,0.0,0.0015664497500000318
1077.694,0,0,0.0,0.0015664497500000318
1077.793,0,0,0.0,0.0015664497500000318
1077.83,0,0,0.0,0.0015664497500000318
1077.992,0,0,0.0,0.0015664497500000318
1077.996,0,0,0.0,0.0015664497500000318
1078.127,0,0,0.0,0.0015664497500000318
1078.327,0,0,0.0,0.0015664497500000318
1078.395,0,0,0.0,0.0015664497500000318
1078.593,0,0,0.0,0.0015664497500000318
1078.693,0,0,0.0,0.0015664497500000318
1078.819,0,0,0.0,0.0015664497500000318
1078.893,0,0,0.0,0.0015664497500000318
1078.989,0,0,0.0,0.0015664497500000318
1078.994,0,0,0.0,0.0015664497500000318
1079.037,0,0,0.0,0.0015664497500000318
1079.394,0,0,0.0,0.0015664497500000318
1079.395,0,0,0.0,0.0015664497500000318
1079.401,0,0,0.0,0.0015664497500000318
1079.407,0,0,0.0,0.0015664497500000318
1079.599,0,0,0.0,0.0015664497500000318
1079.797,0,0,0.0,0.0015664497500000318
1079.82,0,0,0.0,0.0015664497500000318
1079.893,0,0,0.0,0.0015664497500000318
1080.089,0,0,0.0,0.0015664497500000318
1080.493,0,0,0.0,0.0015664497500000318
1080.493,0,0,0.0,0.0015664497500000318
1080.598,0,0,0.0,0.0015664497500000318
1080.692,0,0,0.0,0.0015664497500000318
1080.693,0,0,0.0,0.0015664497500000318
1080.693,0,0,0.0,0.0015664497500000318
1080.815,0,0,0.0,0.0015664497500000318
1081.037,0,0,0.0,0.0015664497500000318
1081.095,0,0,0.0,0.0015664497500000318
1081.201,0,0,0.0,0.0015664497500000318
1081.698,0,0,0.0,0.0015664497500000318
1081.698,0,0,0.0,0.0015664497500000318
1081.792,0,0,0.0,0.0015664497500000318
1081.802,0,0,0.0,0.0015664497500000318
1081.807,0,0,0.0,0.0015664497500000318
1081.816,0,0,0.0,0.0015664497500000318
1081.995,0,0,0.0,0.0015664497500000318
1082.037,0,0,0.0,0.0015664497500000318
1082.394,0,0,0.0,0.0015664497500000318
1082.394,0,0,0.0,0.0015664497500000318
1082.394,0,0,0.0,0.0015664497500000318
1082.49,0,0,0.0,0.0015664497500000318
1082.792,0,0,0.0,0.0015664497500000318
1082.798,0,0,0.0,0.0015664497500000318
1082.809,0,0,0.0,0.0015664497500000318
1082.892,0,0,0.0,0.0015664497500000318
1082.994,0,0,0.0,0.0015664497500000318
1083.39,0,0,0.0,0.0015664497500000318
1083.591,0,0,0.0,0.0015664497500000318
1083.592,0,0,0.0,0.0015664497500000318
1083.692,0,0,0.0,0.0015664497500000318
1083.712,0,0,0.0,0.0015664497500000318
1083.805,0,0,0.0,0.0015664497500000318
1083.812,0,0,0.0,0.0015664497500000318
1083.89,0,0,0.0,0.0015664497500000318
1084.097,0,0,0.0,0.0015664497500000318
1084.191,0,0,0.0,0.0015664497500000318
1084.192,0,0,0.0,0.0015664497500000318
1084.4,0,0,0.0,0.0015664497500000318
1084.589,0,0,0.0,0.0015664497500000318
1084.592,0,0,0.0,0.0015664497500000318
1084.792,0,0,0.0,0.0015664497500000318
1084.811,0,0,0.0,0.0015664497500000318
1084.821,0,0,0.0,0.0015664497500000318
1084.892,0,0,0.0,0.0015664497500000318
1084.892,0,0,0.0,0.0015664497500000318
1085.094,0,0,0.0,0.0015664497500000318
1085.399,0,0,0.0,0.0015664497500000318
1085.491,0,0,0.0,0.0015664497500000318
1085.497,0,0,0.0,0.0015664497500000318
1085.789,0,0,0.0,0.0015664497500000318
1085.792,0,0,0.0,0.0015664497500000318
1085.823,0,0,0.0,0.0015664497500000318
1085.898,0,0,0.0,0.0015664497500000318
1086.002,0,0,0.0,0.0015664497500000318
1086.047,0,0,0.0,0.0015664497500000318
1086.397,0,0,0.0,0.0015664497500000318
1086.491,0,0,0.0,0.0015664497500000318
1086.598,0,0,0.0,0.0015664497500000318
1086.691,0,0,0.0,0.0015664497500000318
1086.791,0,0,0.0,0.0015664497500000318
1086.815,0,0,0.0,0.0015664497500000318
1086.888,0,0,0.0,0.0015664497500000318
1086.889,0,0,0.0,0.0015664497500000318
1087.107,0,0,0.0,0.0015664497500000318
1087.197,0,0,0.0,0.0015664497500000318
1087.494,0,0,0.0,0.0015664497500000318
1087.691,0,0,0.0,0.0015664497500000318
1087.691,0,0,0.0,0.0015664497500000318
1087.891,0,0,0.0,0.0015664497500000318
1087.895,0,0,0.0,0.0015664497500000318
1087.991,0,0,0.0,0.0015664497500000318
1088.101,0,0,0.0,0.0015664497500000318
1088.147,0,0,0.0,0.0015664497500000318
1088.405,0,0,0.0,0.0015664497500000318
1088.59,0,0,0.0,0.0015664497500000318
1088.691,0,0,0.0,0.0015664497500000318
1088.891,0,0,0.0,0.0015664497500000318
1088.894,0,0,0.0,0.0015664497500000318
1088.989,0,0,0.0,0.0015664497500000318
1089.011,0,0,0.0,0.0015664497500000318
1089.047,0,0,0.0,0.0015664497500000318
1089.2,0,0,0.0,0.0015664497500000318
1089.398,0,0,0.0,0.0015664497500000318
1089.504,0,0,0.0,0.0015664497500000318
1089.602,0,0,0.0,0.0015664497500000318
1089.696,0,0,0.0,0.0015664497500000318
1089.704,0,0,0.0,0.0015664497500000318
1089.813,0,0,0.0,0.0015664497500000318
1090.092,0,0,0.0,0.0015664497500000318
1090.19,0,0,0.0,0.0015664497500000318
1090.194,0,0,0.0,0.0015664497500000318
1090.496,0,0,0.0,0.0015664497500000318
1090.696,0,0,0.0,0.0015664497500000318
1090.79,0,0,0.0,0.0015664497500000318
1090.807,0,0,0.0,0.0015664497500000318
1090.99,0,0,0.0,0.0015664497500000318
1091.007,0,0,0.0,0.0015664497500000318
1091.088,0,0,0.0,0.0015664497500000318
1091.391,0,0,0.0,0.0015664497500000318
1091.392,0,0,0.0,0.0015664497500000318
1091.399,0,0,0.0,0.0015664497500000318
1091.59,0,0,0.0,0.0015664497500000318
1091.796,0,0,0.0,0.0015664497500000318
1091.811,0,0,0.0,0.0015664497500000318
1091.896,0,0,0.0,0.0015664497500000318
1091.992,0,0,0.0,0.0015664497500000318
1092.097,0,0,0.0,0.0015664497500000318
1092.388,0,0,0.0,0.0015664497500000318
1092.391,0,0,0.0,0.0015664497500000318
1092.392,0,0,0.0,0.0015664497500000318
1092.49,0,0,0.0,0.0015664497500000318
1092.589,0,0,0.0,0.0015664497500000318
1092.69,0,0,0.0,0.0015664497500000318
1092.89,0,0,0.0,0.0015664497500000318
1093.195,0,0,0.0,0.0015664497500000318
1093.486,0,0,0.0,0.0015664497500000318
1093.489,0,0,0.0,0.0015664497500000318
1093.587,0,0,0.0,0.0015664497500000318
1093.689,0,0,0.0,0.0015664497500000318
1093.689,0,0,0.0,0.0015664497500000318
1093.704,0,0,0.0,0.0015664497500000318
1094.39,0,0,0.0,0.0015664497500000318
1094.486,0,0,0.0,0.0015664497500000318
1094.588,0,0,0.0,0.0015664497500000318
1094.589,0,0,0.0,0.0015664497500000318
1094.789,0,0,0.0,0.0015664497500000318
1095.592,0,0,0.0,0.0015664497500000318
1095.6,0,0,0.0,0.0015664497500000318
1095.608,0,0,0.0,0.0015664497500000318
1095.688,0,0,0.0,0.0015664497500000318
1095.789,0,0,0.0,0.0015664497500000318
1096.691,0,0,0.0,0.0015664497500000318
1096.708,0,0,0.0,0.0015664497500000318
1096.888,0,0,0.0,0.0015664497500000318
1096.889,0,0,0.0,0.0015664497500000318
1097.888,0,0,0.0,0.0015664497500000318
1097.988,0,0,0.0,0.0015664497500000318
1098.888,0,0,0.0,0.0015664497500000318
1166.869,0,0,0.0,0.0015664497500000318
1167.969,0,0,0.0,0.0015664497500000318
1217.779,0,0,0.0,0.0015664497500000318
1217.964,0,0,0.0,0.0015664497500000318
1218.777,0,0,0.0,0.0015664497500000318
1218.951,0,0,0.0,0.0015664497500000318
1219.159,0,0,0.0,0.0015664497500000318
1220.049,0,0,0.0,0.0015664497500000318
1220.153,0,0,0.0,0.0015664497500000318
1220.747,0,0,0.0,0.0015664497500000318
1220.951,0,0,0.0,0.0015664497500000318
1220.973,0,0,0.0,0.0015664497500000318
1221.162,0,0,0.0,0.0015664497500000318
1221.36,0,0,0.0,0.0015664497500000318
1221.774,0,0,0.0,0.0015664497500000318
1222.051,0,0,0.0,0.0015664497500000318
1222.152,0,0,0.0,0.0015664497500000318
1222.152,0,0,0.0,0.0015664497500000318
1222.458,0,0,0.0,0.0015664497500000318
1222.657,0,0,0.0,0.0015664497500000318
1222.773,0,0,0.0,0.0015664497500000318
1223.152,0,0,0.0,0.0015664497500000318
1223.181,0,0,0.0,0.0015664497500000318
1223.354,0,0,0.0,0.0015664497500000318
1223.36,0,0,0.0,0.0015664497500000318
1223.452,0,0,0.0,0.0015664497500000318
1223.458,0,0,0.0,0.0015664497500000318
1223.777,0,0,0.0,0.0015664497500000318
1223.954,0,0,0.0,0.0015664497500000318
1224.35,0,0,0.0,0.0015664497500000318
1224.451,0,0,0.0,0.0015664497500000318
1224.452,0,0,0.0,0.0015664497500000318
1224.457,0,0,0.0,0.0015664497500000318
1224.551,0,0,0.0,0.0015664497500000318
1224.652,0,0,0.0,0.0015664497500000318
1224.777,0,0,0.0,0.0015664497500000318
1225.05,0,0,0.0,0.0015664497500000318
1225.157,0,0,0.0,0.0015664497500000318
1225.167,0,0,0.0,0.0015664497500000318
1225.449,0,0,0.0,0.0015664497500000318
1225.549,0,0,0.0,0.0015664497500000318
1225.551,0,0,0.0,0.0015664497500000318
1225.652,0,0,0.0,0.0015664497500000318
1225.665,0,0,0.0,0.0015664497500000318
1225.77,0,0,0.0,0.0015664497500000318
1226.148,0,0,0.0,0.0015664497500000318
1226.36,0,0,0.0,0.0015664497500000318
1226.449,0,0,0.0,0.0015664497500000318
1226.451,0,0,0.0,0.0015664497500000318
1226.451,0,0,0.0,0.0015664497500000318
1226.551,0,0,0.0,0.0015664497500000318
1226.647,0,0,0.0,0.0015664497500000318
1226.752,0,0,0.0,0.0015664497500000318
1226.777,0,0,0.0,0.0015664497500000318
1227.05,0,0,0.0,0.0015664497500000318
1227.353,0,0,0.0,0.0015664497500000318
1227.45,0,0,0.0,0.0015664497500000318
1227.451,0,0,0.0,0.0015664497500000318
1227.651,0,0,0.0,0.0015664497500000318
1227.651,0,0,0.0,0.0015664497500000318
1227.651,0,0,0.0,0.0015664497500000318
1227.75,0,0,0.0,0.0015664497500000318
1227.751,0,0,0.0,0.0015664497500000318
1227.773,0,0,0.0,0.0015664497500000318
1227.847,0,0,0.0,0.0015664497500000318
1228.45,0,0,0.0,0.0015664497500000318
1228.65,0,0,0.0,0.0015664497500000318
1228.654,0,0,0.0,0.0015664497500000318
1228.677,0,0,0.0,0.0015664497500000318
1228.697,0,0,0.0,0.0015664497500000318
1228.751,0,0,0.0,0.0015664497500000318
1228.754,0,0,0.0,0.0015664497500000318
1228.771,0,0,0.0,0.0015664497500000318
1228.851,0,0,0.0,0.0015664497500000318
1228.953,0,0,0.0,0.0015664497500000318
1229.352,0,0,0.0,0.0015664497500000318
1229.45,0,0,0.0,0.0015664497500000318
1229.55,0,0,0.0,0.0015664497500000318
1229.553,0,0,0.0,0.0015664497500000318
1229.637,0,0,0.0,0.0015664497500000318
1229.85,0,0,0.0,0.0015664497500000318
1229.854,0,0,0.0,0.0015664497500000318
1229.961,0,0,0.0,0.0015664497500000318
1230.15,0,0,0.0,0.0015664497500000318
1230.352,0,0,0.0,0.0015664497500000318
1230.453,0,0,0.0,0.0015664497500000318
1230.456,0,0,0.0,0.0015664497500000318
1230.65,0,0,0.0,0.0015664497500000318
1230.75,0,0,0.0,0.0015664497500000318
1230.776,0,0,0.0,0.0015664497500000318
1230.85,0,0,0.0,0.0015664497500000318
1231.052,0,0,0.0,0.0015664497500000318
1231.061,0,0,0.0,0.0015664497500000318
1231.164,0,0,0.0,0.0015664497500000318
1231.358,0,0,0.0,0.0015664497500000318
1231.555,0,0,0.0,0.0015664497500000318
1231.653,0,0,0.0,0.0015664497500000318
1231.75,0,0,0.0,0.0015664497500000318
1231.782,0,0,0.0,0.0015664497500000318
1231.95,0,0,0.0,0.0015664497500000318
1232.15,0,0,0.0,0.0015664497500000318
1232.16,0,0,0.0,0.0015664497500000318
1232.449,0,0,0.0,0.0015664497500000318
1232.454,0,0,0.0,0.0015664497500000318
1232.549,0,0,0.0,0.0015664497500000318
1232.737,0,0,0.0,0.0015664497500000318
1232.75,0,0,0.0,0.0015664497500000318
1232.767,0,0,0.0,0.0015664497500000318
1232.947,0,0,0.0,0.0015664497500000318
1232.95,0,0,0.0,0.0015664497500000318
1233.046,0,0,0.0,0.0015664497500000318
1233.452,0,0,0.0,0.0015664497500000318
1233.455,0,0,0.0,0.0015664497500000318
1233.555,0,0,0.0,0.0015664497500000318
1233.737,0,0,0.0,0.0015664497500000318
1233.748,0,0,0.0,0.0015664497500000318
1233.753,0,0,0.0,0.0015664497500000318
1233.775,0,0,0.0,0.0015664497500000318
1234.149,0,0,0.0,0.0015664497500000318
1234.154,0,0,0.0,0.0015664497500000318
1234.352,0,0,0.0,0.0015664497500000318
1234.555,0,0,0.0,0.0015664497500000318
1234.627,0,0,0.0,0.0015664497500000318
1234.649,0,0,0.0,0.0015664497500000318
1234.749,0,0,0.0,0.0015664497500000318
1234.755,0,0,0.0,0.0015664497500000318
1234.773,0,0,0.0,0.0015664497500000318
1235.146,0,0,0.0,0.0015664497500000318
1235.448,0,0,0.0,0.0015664497500000318
1235.449,0,0,0.0,0.0015664497500000318
1235.449,0,0,0.0,0.0015664497500000318
1235.649,0,0,0.0,0.0015664497500000318
1235.657,0,0,0.0,0.0015664497500000318
1235.697,0,0,0.0,0.0015664497500000318
1235.781,0,0,0.0,0.0015664497500000318
1235.849,0,0,0.0,0.0015664497500000318
1236.047,0,0,0.0,0.0015664497500000318
1236.448,0,0,0.0,0.0015664497500000318
1236.448,0,0,0.0,0.0015664497500000318
1236.451,0,0,0.0,0.0015664497500000318
1236.561,0,0,0.0,0.0015664497500000318
1236.646,0,0,0.0,0.0015664497500000318
1236.648,0,0,0.0,0.0015664497500000318
1236.755,0,0,0.0,0.0015664497500000318
1236.777,0,0,0.0,0.0015664497500000318
1236.952,0,0,0.0,0.0015664497500000318
1237.35,0,0,0.0,0.0015664497500000318
1237.35,0,0,0.0,0.0015664497500000318
1237.454,0,0,0.0,0.0015664497500000318
1237.545,0,0,0.0,0.0015664497500000318
1237.651,0,0,0.0,0.0015664497500000318
1237.658,0,0,0.0,0.0015664497500000318
1237.752,0,0,0.0,0.0015664497500000318
1237.76,0,0,0.0,0.0015664497500000318
1237.771,0,0,0.0,0.0015664497500000318
1237.944,0,0,0.0,0.0015664497500000318
1238.36,0,0,0.0,0.0015664497500000318
1238.607,0,0,0.0,0.0015664497500000318
1238.617,0,0,0.0,0.0015664497500000318
1238.645,0,0,0.0,0.0015664497500000318
1238.647,0,0,0.0,0.0015664497500000318
1238.768,0,0,0.0,0.0015664497500000318
1238.848,0,0,0.0,0.0015664497500000318
1238.852,0,0,0.0,0.0015664497500000318
1239.046,0,0,0.0,0.0015664497500000318
1239.147,0,0,0.0,0.0015664497500000318
1239.447,0,0,0.0,0.0015664497500000318
1239.547,0,0,0.0,0.0015664497500000318
1239.553,0,0,0.0,0.0015664497500000318
1239.645,0,0,0.0,0.0015664497500000318
1239.645,0,0,0.0,0.0015664497500000318
1239.747,0,0,0.0,0.0015664497500000318
1239.769,0,0,0.0,0.0015664497500000318
1240.045,0,0,0.0,0.0015664497500000318
1240.165,0,0,0.0,0.0015664497500000318
1240.353,0,0,0.0,0.0015664497500000318
1240.446,0,0,0.0,0.0015664497500000318
1240.647,0,0,0.0,0.0015664497500000318
1240.747,0,0,0.0,0.0015664497500000318
1240.771,0,0,0.0,0.0015664497500000318
1240.847,0,0,0.0,0.0015664497500000318
1240.947,0,0,0.0,0.0015664497500000318
1240.952,0,0,0.0,0.0015664497500000318
1241.153,0,0,0.0,0.0015664497500000318
1241.348,0,0,0.0,0.0015664497500000318
1241.547,0,0,0.0,0.0015664497500000318
1241.646,0,0,0.0,0.0015664497500000318
1241.697,0,0,0.0,0.0015664497500000318
1241.847,0,0,0.0,0.0015664497500000318
1241.945,0,0,0.0,0.0015664497500000318
1241.947,0,0,0.0,0.0015664497500000318
1242.051,0,0,0.0,0.0015664497500000318
1242.446,0,0,0.0,0.0015664497500000318
1242.552,0,0,0.0,0.0015664497500000318
1242.552,0,0,0.0,0.0015664497500000318
1242.597,0,0,0.0,0.0015664497500000318
1242.844,0,0,0.0,0.0015664497500000318
1242.844,0,0,0.0,0.0015664497500000318
1243.048,0,0,0.0,0.0015664497500000318
1243.146,0,0,0.0,0.0015664497500000318
1243.164,0,0,0.0,0.0015664497500000318
1243.348,0,0,0.0,0.0015664497500000318
1243.446,0,0,0.0,0.0015664497500000318
1243.652,0,0,0.0,0.0015664497500000318
1243.752,0,0,0.0,0.0015664497500000318
1243.769,0,0,0.0,0.0015664497500000318
1243.846,0,0,0.0,0.0015664497500000318
1244.143,0,0,0.0,0.0015664497500000318
1244.347,0,0,0.0,0.0015664497500000318
1244.361,0,0,0.0,0.0015664497500000318
1244.587,0,0,0.0,0.0015664497500000318
1244.646,0,0,0.0,0.0015664497500000318
1244.657,0,0,0.0,0.0015664497500000318
1244.746,0,0,0.0,0.0015664497500000318
1244.784,0,0,0.0,0.0015664497500000318
1244.946,0,0,0.0,0.0015664497500000318
1245.044,0,0,0.0,0.0015664497500000318
1245.172,0,0,0.0,0.0015664497500000318
1245.445,0,0,0.0,0.0015664497500000318
1245.445,0,0,0.0,0.0015664497500000318
1245.445,0,0,0.0,0.0015664497500000318
1245.462,0,0,0.0,0.0015664497500000318
1245.645,0,0,0.0,0.0015664497500000318
1245.768,0,0,0.0,0.0015664497500000318
1245.85,0,0,0.0,0.0015664497500000318
1246.044,0,0,0.0,0.0015664497500000318
1246.345,0,0,0.0,0.0015664497500000318
1246.347,0,0,0.0,0.0015664497500000318
1246.442,0,0,0.0,0.0015664497500000318
1246.445,0,0,0.0,0.0015664497500000318
1246.451,0,0,0.0,0.0015664497500000318
1246.651,0,0,0.0,0.0015664497500000318
1246.755,0,0,0.0,0.0015664497500000318
1246.77,0,0,0.0,0.0015664497500000318
1247.041,0,0,0.0,0.0015664497500000318
1247.346,0,0,0.0,0.0015664497500000318
1247.445,0,0,0.0,0.0015664497500000318
1247.445,0,0,0.0,0.0015664497500000318
1247.555,0,0,0.0,0.0015664497500000318
1247.627,0,0,0.0,0.0015664497500000318
1247.642,0,0,0.0,0.0015664497500000318
1247.745,0,0,0.0,0.0015664497500000318
1247.765,0,0,0.0,0.0015664497500000318
1248.043,0,0,0.0,0.0015664497500000318
1248.145,0,0,0.0,0.0015664497500000318
1248.444,0,0,0.0,0.0015664497500000318
1248.445,0,0,0.0,0.0015664497500000318
1248.545,0,0,0.0,0.0015664497500000318
1248.548,0,0,0.0,0.0015664497500000318
1248.55,0,0,0.0,0.0015664497500000318
1248.645,0,0,0.0,0.0015664497500000318
1248.768,0,0,0.0,0.0015664497500000318
1249.046,0,0,0.0,0.0015664497500000318
1249.441,0,0,0.0,0.0015664497500000318
1249.444,0,0,0.0,0.0015664497500000318
1249.637,0,0,0.0,0.0015664497500000318
1249.644,0,0,0.0,0.0015664497500000318
1249.648,0,0,0.0,0.0015664497500000318
1249.745,0,0,0.0,0.0015664497500000318
1249.745,0,0,0.0,0.0015664497500000318
1249.77,0,0,0.0,0.0015664497500000318
1249.844,0,0,0.0,0.0015664497500000318
1249.943,0,0,0.0,0.0015664497500000318
1250.355,0,0,0.0,0.0015664497500000318
1250.544,0,0,0.0,0.0015664497500000318
1250.617,0,0,0.0,0.0015664497500000318
1250.637,0,0,0.0,0.0015664497500000318
1250.642,0,0,0.0,0.0015664497500000318
1250.745,0,0,0.0,0.0015664497500000318
1250.765,0,0,0.0,0.0015664497500000318
1250.85,0,0,0.0,0.0015664497500000318
1250.944,0,0,0.0,0.0015664497500000318
1250.948,0,0,0.0,0.0015664497500000318
1251.346,0,0,0.0,0.0015664497500000318
1251.543,0,0,0.0,0.0015664497500000318
1251.544,0,0,0.0,0.0015664497500000318
1251.55,0,0,0.0,0.0015664497500000318
1251.577,0,0,0.0,0.0015664497500000318
1251.775,0,0,0.0,0.0015664497500000318
1251.841,0,0,0.0,0.0015664497500000318
1251.945,0,0,0.0,0.0015664497500000318
1251.952,0,0,0.0,0.0015664497500000318
1252.057,0,0,0.0,0.0015664497500000318
1252.441,0,0,0.0,0.0015664497500000318
1252.447,0,0,0.0,0.0015664497500000318
1252.667,0,0,0.0,0.0015664497500000318
1252.743,0,0,0.0,0.0015664497500000318
1252.75,0,0,0.0,0.0015664497500000318
1252.844,0,0,0.0,0.0015664497500000318
1253.039,0,0,0.0,0.0015664497500000318
1253.054,0,0,0.0,0.0015664497500000318
1253.345,0,0,0.0,0.0015664497500000318
1253.549,0,0,0.0,0.0015664497500000318
1253.637,0,0,0.0,0.0015664497500000318
1253.644,0,0,0.0,0.0015664497500000318
1253.743,0,0,0.0,0.0015664497500000318
1253.776,0,0,0.0,0.0015664497500000318
1253.944,0,0,0.0,0.0015664497500000318
1254.042,0,0,0.0,0.0015664497500000318
1254.153,0,0,0.0,0.0015664497500000318
1254.344,0,0,0.0,0.0015664497500000318
1254.442,0,0,0.0,0.0015664497500000318
1254.543,0,0,0.0,0.0015664497500000318
1254.549,0,0,0.0,0.0015664497500000318
1254.646,0,0,0.0,0.0015664497500000318
1254.765,0,0,0.0,0.0015664497500000318
1254.941,0,0,0.0,0.0015664497500000318
1255.042,0,0,0.0,0.0015664497500000318
1255.146,0,0,0.0,0.0015664497500000318
1255.162,0,0,0.0,0.0015664497500000318
1255.449,0,0,0.0,0.0015664497500000318
1255.643,0,0,0.0,0.0015664497500000318
1255.657,0,0,0.0,0.0015664497500000318
1255.743,0,0,0.0,0.0015664497500000318
1255.748,0,0,0.0,0.0015664497500000318
1255.759,0,0,0.0,0.0015664497500000318
1256.039,0,0,0.0,0.0015664497500000318
1256.344,0,0,0.0,0.0015664497500000318
1256.357,0,0,0.0,0.0015664497500000318
1256.44,0,0,0.0,0.0015664497500000318
1256.548,0,0,0.0,0.0015664497500000318
1256.657,0,0,0.0,0.0015664497500000318
1256.743,0,0,0.0,0.0015664497500000318
1256.767,0,0,0.0,0.0015664497500000318
1256.843,0,0,0.0,0.0015664497500000318
1257.041,0,0,0.0,0.0015664497500000318
1257.442,0,0,0.0,0.0015664497500000318
1257.452,0,0,0.0,0.0015664497500000318
1257.542,0,0,0.0,0.0015664497500000318
1257.542,0,0,0.0,0.0015664497500000318
1257.554,0,0,0.0,0.0015664497500000318
1257.557,0,0,0.0,0.0015664497500000318
1257.752,0,0,0.0,0.0015664497500000318
1257.771,0,0,0.0,0.0015664497500000318
1258.04,0,0,0.0,0.0015664497500000318
1258.341,0,0,0.0,0.0015664497500000318
1258.35,0,0,0.0,0.0015664497500000318
1258.439,0,0,0.0,0.0015664497500000318
1258.552,0,0,0.0,0.0015664497500000318
1258.642,0,0,0.0,0.0015664497500000318
1258.748,0,0,0.0,0.0015664497500000318
1258.767,0,0,0.0,0.0015664497500000318
1258.842,0,0,0.0,0.0015664497500000318
1258.946,0,0,0.0,0.0015664497500000318
1259.343,0,0,0.0,0.0015664497500000318
1259.35,0,0,0.0,0.0015664497500000318
1259.439,0,0,0.0,0.0015664497500000318
1259.442,0,0,0.0,0.0015664497500000318
1259.447,0,0,0.0,0.0015664497500000318
1259.742,0,0,0.0,0.0015664497500000318
1259.766,0,0,0.0,0.0015664497500000318
1259.942,0,0,0.0,0.0015664497500000318
1259.943,0,0,0.0,0.0015664497500000318
1260.343,0,0,0.0,0.0015664497500000318
1260.517,0,0,0.0,0.0015664497500000318
1260.541,0,0,0.0,0.0015664497500000318
1260.545,0,0,0.0,0.0015664497500000318
1260.639,0,0,0.0,0.0015664497500000318
1260.64,0,0,0.0,0.0015664497500000318
1260.751,0,0,0.0,0.0015664497500000318
1260.767,0,0,0.0,0.0015664497500000318
1261.042,0,0,0.0,0.0015664497500000318
1261.045,0,0,0.0,0.0015664497500000318
1261.44,0,0,0.0,0.0015664497500000318
1261.537,0,0,0.0,0.0015664497500000318
1261.538,0,0,0.0,0.0015664497500000318
1261.641,0,0,0.0,0.0015664497500000318
1261.641,0,0,0.0,0.0015664497500000318
1261.741,0,0,0.0,0.0015664497500000318
1261.741,0,0,0.0,0.0015664497500000318
1261.766,0,0,0.0,0.0015664497500000318
1262.039,0,0,0.0,0.0015664497500000318
1262.15,0,0,0.0,0.0015664497500000318
1262.342,0,0,0.0,0.0015664497500000318
1262.349,0,0,0.0,0.0015664497500000318
1262.64,0,0,0.0,0.0015664497500000318
1262.741,0,0,0.0,0.0015664497500000318
1262.765,0,0,0.0,0.0015664497500000318
1262.841,0,0,0.0,0.0015664497500000318
1262.941,0,0,0.0,0.0015664497500000318
1262.945,0,0,0.0,0.0015664497500000318
1263.145,0,0,0.0,0.0015664497500000318
1263.44,0,0,0.0,0.0015664497500000318
1263.546,0,0,0.0,0.0015664497500000318
1263.577,0,0,0.0,0.0015664497500000318
1263.64,0,0,0.0,0.0015664497500000318
1263.762,0,0,0.0,0.0015664497500000318
1263.84,0,0,0.0,0.0015664497500000318
1263.936,0,0,0.0,0.0015664497500000318
1263.938,0,0,0.0,0.0015664497500000318
1264.048,0,0,0.0,0.0015664497500000318
1264.154,0,0,0.0,0.0015664497500000318
1264.44,0,0,0.0,0.0015664497500000318
1264.54,0,0,0.0,0.0015664497500000318
1264.64,0,0,0.0,0.0015664497500000318
1264.84,0,0,0.0,0.0015664497500000318
1264.84,0,0,0.0,0.0015664497500000318
1265.039,0,0,0.0,0.0015664497500000318
1265.137,0,0,0.0,0.0015664497500000318
1265.341,0,0,0.0,0.0015664497500000318
1265.352,0,0,0.0,0.0015664497500000318
1265.537,0,0,0.0,0.0015664497500000318
1265.643,0,0,0.0,0.0015664497500000318
1265.761,0,0,0.0,0.0015664497500000318
1265.84,0,0,0.0,0.0015664497500000318
1265.84,0,0,0.0,0.0015664497500000318
1266.036,0,0,0.0,0.0015664497500000318
1266.038,0,0,0.0,0.0015664497500000318
1266.137,0,0,0.0,0.0015664497500000318
1266.355,0,0,0.0,0.0015664497500000318
1266.548,0,0,0.0,0.0015664497500000318
1266.587,0,0,0.0,0.0015664497500000318
1266.74,0,0,0.0,0.0015664497500000318
1266.773,0,0,0.0,0.0015664497500000318
1266.843,0,0,0.0,0.0015664497500000318
1267.041,0,0,0.0,0.0015664497500000318
1267.168,0,0,0.0,0.0015664497500000318
1267.347,0,0,0.0,0.0015664497500000318
1267.436,0,0,0.0,0.0015664497500000318
1267.443,0,0,0.0,0.0015664497500000318
1267.507,0,0,0.0,0.0015664497500000318
1267.645,0,0,0.0,0.0015664497500000318
1267.762,0,0,0.0,0.0015664497500000318
1267.846,0,0,0.0,0.0015664497500000318
1268.038,0,0,0.0,0.0015664497500000318
1268.341,0,0,0.0,0.0015664497500000318
1268.342,0,0,0.0,0.0015664497500000318
1268.344,0,0,0.0,0.0015664497500000318
1268.347,0,0,0.0,0.0015664497500000318
1268.439,0,0,0.0,0.0015664497500000318
1268.645,0,0,0.0,0.0015664497500000318
1268.76,0,0,0.0,0.0015664497500000318
1268.839,0,0,0.0,0.0015664497500000318
1268.941,0,0,0.0,0.0015664497500000318
1269.341,0,0,0.0,0.0015664497500000318
1269.442,0,0,0.0,0.0015664497500000318
1269.442,0,0,0.0,0.0015664497500000318
1269.497,0,0,0.0,0.0015664497500000318
1269.544,0,0,0.0,0.0015664497500000318
1269.638,0,0,0.0,0.0015664497500000318
1269.739,0,0,0.0,0.0015664497500000318
1269.756,0,0,0.0,0.0015664497500000318
1270.138,0,0,0.0,0.0015664497500000318
1270.143,0,0,0.0,0.0015664497500000318
1270.436,0,0,0.0,0.0015664497500000318
1270.438,0,0,0.0,0.0015664497500000318
1270.538,0,0,0.0,0.0015664497500000318
1270.651,0,0,0.0,0.0015664497500000318
1270.738,0,0,0.0,0.0015664497500000318
1270.738,0,0,0.0,0.0015664497500000318
1270.764,0,0,0.0,0.0015664497500000318
1271.036,0,0,0.0,0.0015664497500000318
1271.34,0,0,0.0,0.0015664497500000318
1271.437,0,0,0.0,0.0015664497500000318
1271.567,0,0,0.0,0.0015664497500000318
1271.636,0,0,0.0,0.0015664497500000318
1271.738,0,0,0.0,0.0015664497500000318
1271.764,0,0,0.0,0.0015664497500000318
1271.838,0,0,0.0,0.0015664497500000318
1271.838,0,0,0.0,0.0015664497500000318
1271.942,0,0,0.0,0.0015664497500000318
1272.336,0,0,0.0,0.0015664497500000318
1272.336,0,0,0.0,0.0015664497500000318
1272.543,0,0,0.0,0.0015664497500000318
1272.547,0,0,0.0,0.0015664497500000318
1272.635,0,0,0.0,0.0015664497500000318
1272.637,0,0,0.0,0.0015664497500000318
1272.736,0,0,0.0,0.0015664497500000318
1272.763,0,0,0.0,0.0015664497500000318
1272.844,0,0,0.0,0.0015664497500000318
1272.939,0,0,0.0,0.0015664497500000318
1273.147,0,0,0.0,0.0015664497500000318
1273.435,0,0,0.0,0.0015664497500000318
1273.487,0,0,0.0,0.0015664497500000318
1273.537,0,0,0.0,0.0015664497500000318
1273.541,0,0,0.0,0.0015664497500000318
1273.759,0,0,0.0,0.0015664497500000318
1273.835,0,0,0.0,0.0015664497500000318
1273.837,0,0,0.0,0.0015664497500000318
1273.942,0,0,0.0,0.0015664497500000318
1274.137,0,0,0.0,0.0015664497500000318
1274.437,0,0,0.0,0.0015664497500000318
1274.443,0,0,0.0,0.0015664497500000318
1274.597,0,0,0.0,0.0015664497500000318
1274.734,0,0,0.0,0.0015664497500000318
1274.838,0,0,0.0,0.0015664497500000318
1274.841,0,0,0.0,0.0015664497500000318
1275.033,0,0,0.0,0.0015664497500000318
1275.036,0,0,0.0,0.0015664497500000318
1275.345,0,0,0.0,0.0015664497500000318
1275.542,0,0,0.0,0.0015664497500000318
1275.567,0,0,0.0,0.0015664497500000318
1275.637,0,0,0.0,0.0015664497500000318
1275.737,0,0,0.0,0.0015664497500000318
1275.768,0,0,0.0,0.0015664497500000318
1275.937,0,0,0.0,0.0015664497500000318
1276.038,0,0,0.0,0.0015664497500000318
1276.137,0,0,0.0,0.0015664497500000318
1276.477,0,0,0.0,0.0015664497500000318
1276.536,0,0,0.0,0.0015664497500000318
1276.567,0,0,0.0,0.0015664497500000318
1276.636,0,0,0.0,0.0015664497500000318
1276.64,0,0,0.0,0.0015664497500000318
1276.758,0,0,0.0,0.0015664497500000318
1276.937,0,0,0.0,0.0015664497500000318
1277.032,0,0,0.0,0.0015664497500000318
1277.337,0,0,0.0,0.0015664497500000318
1277.338,0,0,0.0,0.0015664497500000318
1277.352,0,0,0.0,0.0015664497500000318
1277.536,0,0,0.0,0.0015664497500000318
1277.607,0,0,0.0,0.0015664497500000318
1277.74,0,0,0.0,0.0015664497500000318
1277.757,0,0,0.0,0.0015664497500000318
1277.837,0,0,0.0,0.0015664497500000318
1277.938,0,0,0.0,0.0015664497500000318
1278.338,0,0,0.0,0.0015664497500000318
1278.345,0,0,0.0,0.0015664497500000318
1278.467,0,0,0.0,0.0015664497500000318
1278.542,0,0,0.0,0.0015664497500000318
1278.635,0,0,0.0,0.0015664497500000318
1278.736,0,0,0.0,0.0015664497500000318
1278.736,0,0,0.0,0.0015664497500000318
1278.759,0,0,0.0,0.0015664497500000318
1279.135,0,0,0.0,0.0015664497500000318
1279.14,0,0,0.0,0.0015664497500000318
1279.163,0,0,0.0,0.0015664497500000318
1279.435,0,0,0.0,0.0015664497500000318
1279.536,0,0,0.0,0.0015664497500000318
1279.643,0,0,0.0,0.0015664497500000318
1279.735,0,0,0.0,0.0015664497500000318
1279.748,0,0,0.0,0.0015664497500000318
1279.764,0,0,0.0,0.0015664497500000318
1280.034,0,0,0.0,0.0015664497500000318
1280.343,0,0,0.0,0.0015664497500000318
1280.343,0,0,0.0,0.0015664497500000318
1280.433,0,0,0.0,0.0015664497500000318
1280.435,0,0,0.0,0.0015664497500000318
1280.547,0,0,0.0,0.0015664497500000318
1280.742,0,0,0.0,0.0015664497500000318
1280.764,0,0,0.0,0.0015664497500000318
1280.835,0,0,0.0,0.0015664497500000318
1280.94,0,0,0.0,0.0015664497500000318
1281.333,0,0,0.0,0.0015664497500000318
1281.341,0,0,0.0,0.0015664497500000318
1281.441,0,0,0.0,0.0015664497500000318
1281.541,0,0,0.0,0.0015664497500000318
1281.635,0,0,0.0,0.0015664497500000318
1281.642,0,0,0.0,0.0015664497500000318
1281.758,0,0,0.0,0.0015664497500000318
1281.832,0,0,0.0,0.0015664497500000318
1282.034,0,0,0.0,0.0015664497500000318
1282.487,0,0,0.0,0.0015664497500000318
1282.487,0,0,0.0,0.0015664497500000318
1282.534,0,0,0.0,0.0015664497500000318
1282.634,0,0,0.0,0.0015664497500000318
1282.635,0,0,0.0,0.0015664497500000318
1282.735,0,0,0.0,0.0015664497500000318
1282.748,0,0,0.0,0.0015664497500000318
1282.75,0,0,0.0,0.0015664497500000318
1282.835,0,0,0.0,0.0015664497500000318
1283.033,0,0,0.0,0.0015664497500000318
1283.434,0,0,0.0,0.0015664497500000318
1283.438,0,0,0.0,0.0015664497500000318
1283.477,0,0,0.0,0.0015664497500000318
1283.534,0,0,0.0,0.0015664497500000318
1283.732,0,0,0.0,0.0015664497500000318
1283.76,0,0,0.0,0.0015664497500000318
1283.835,0,0,0.0,0.0015664497500000318
1283.835,0,0,0.0,0.0015664497500000318
1283.939,0,0,0.0,0.0015664497500000318
1284.144,0,0,0.0,0.0015664497500000318
1284.34,0,0,0.0,0.0015664497500000318
1284.434,0,0,0.0,0.0015664497500000318
1284.634,0,0,0.0,0.0015664497500000318
1284.734,0,0,0.0,0.0015664497500000318
1284.758,0,0,0.0,0.0015664497500000318
1284.831,0,0,0.0,0.0015664497500000318
1284.935,0,0,0.0,0.0015664497500000318
1284.939,0,0,0.0,0.0015664497500000318
1285.14,0,0,0.0,0.0015664497500000318
1285.477,0,0,0.0,0.0015664497500000318
1285.477,0,0,0.0,0.0015664497500000318
1285.634,0,0,0.0,0.0015664497500000318
1285.634,0,0,0.0,0.0015664497500000318
1285.734,0,0,0.0,0.0015664497500000318
1285.831,0,0,0.0,0.0015664497500000318
1285.934,0,0,0.0,0.0015664497500000318
1286.133,0,0,0.0,0.0015664497500000318
1286.344,0,0,0.0,0.0015664497500000318
1286.437,0,0,0.0,0.0015664497500000318
1286.537,0,0,0.0,0.0015664497500000318
1286.537,0,0,0.0,0.0015664497500000318
1286.834,0,0,0.0,0.0015664497500000318
1286.932,0,0,0.0,0.0015664497500000318
1286.954,0,0,0.0,0.0015664497500000318
1287.034,0,0,0.0,0.0015664497500000318
1287.143,0,0,0.0,0.0015664497500000318
1287.341,0,0,0.0,0.0015664497500000318
1287.442,0,0,0.0,0.0015664497500000318
1287.639,0,0,0.0,0.0015664497500000318
1287.755,0,0,0.0,0.0015664497500000318
1287.834,0,0,0.0,0.0015664497500000318
1287.834,0,0,0.0,0.0015664497500000318
1288.132,0,0,0.0,0.0015664497500000318
1288.132,0,0,0.0,0.0015664497500000318
1288.133,0,0,0.0,0.0015664497500000318
1288.349,0,0,0.0,0.0015664497500000318
1288.467,0,0,0.0,0.0015664497500000318
1288.633,0,0,0.0,0.0015664497500000318
1288.733,0,0,0.0,0.0015664497500000318
1288.765,0,0,0.0,0.0015664497500000318
1288.839,0,0,0.0,0.0015664497500000318
1289.132,0,0,0.0,0.0015664497500000318
1289.153,0,0,0.0,0.0015664497500000318
1289.341,0,0,0.0,0.0015664497500000318
1289.432,0,0,0.0,0.0015664497500000318
1289.432,0,0,0.0,0.0015664497500000318
1289.437,0,0,0.0,0.0015664497500000318
1289.533,0,0,0.0,0.0015664497500000318
1289.762,0,0,0.0,0.0015664497500000318
1289.839,0,0,0.0,0.0015664497500000318
1289.934,0,0,0.0,0.0015664497500000318
1290.331,0,0,0.0,0.0015664497500000318
1290.432,0,0,0.0,0.0015664497500000318
1290.433,0,0,0.0,0.0015664497500000318
1290.438,0,0,0.0,0.0015664497500000318
1290.532,0,0,0.0,0.0015664497500000318
1290.633,0,0,0.0,0.0015664497500000318
1290.758,0,0,0.0,0.0015664497500000318
1290.833,0,0,0.0,0.0015664497500000318
1291.031,0,0,0.0,0.0015664497500000318
1291.135,0,0,0.0,0.0015664497500000318
1291.43,0,0,0.0,0.0015664497500000318
1291.457,0,0,0.0,0.0015664497500000318
1291.532,0,0,0.0,0.0015664497500000318
1291.631,0,0,0.0,0.0015664497500000318
1291.632,0,0,0.0,0.0015664497500000318
1291.645,0,0,0.0,0.0015664497500000318
1291.756,0,0,0.0,0.0015664497500000318
1292.028,0,0,0.0,0.0015664497500000318
1292.43,0,0,0.0,0.0015664497500000318
1292.431,0,0,0.0,0.0015664497500000318
1292.457,0,0,0.0,0.0015664497500000318
1292.531,0,0,0.0,0.0015664497500000318
1292.532,0,0,0.0,0.0015664497500000318
1292.631,0,0,0.0,0.0015664497500000318
1292.644,0,0,0.0,0.0015664497500000318
1292.757,0,0,0.0,0.0015664497500000318
1292.94,0,0,0.0,0.0015664497500000318
1293.431,0,0,0.0,0.0015664497500000318
1293.431,0,0,0.0,0.0015664497500000318
1293.487,0,0,0.0,0.0015664497500000318
1293.631,0,0,0.0,0.0015664497500000318
1293.631,0,0,0.0,0.0015664497500000318
1293.632,0,0,0.0,0.0015664497500000318
1293.732,0,0,0.0,0.0015664497500000318
1293.754,0,0,0.0,0.0015664497500000318
1293.829,0,0,0.0,0.0015664497500000318
1294.03,0,0,0.0,0.0015664497500000318
1294.447,0,0,0.0,0.0015664497500000318
1294.507,0,0,0.0,0.0015664497500000318
1294.587,0,0,0.0,0.0015664497500000318
1294.631,0,0,0.0,0.0015664497500000318
1294.634,0,0,0.0,0.0015664497500000318
1294.732,0,0,0.0,0.0015664497500000318
1294.735,0,0,0.0,0.0015664497500000318
1294.741,0,0,0.0,0.0015664497500000318
1294.752,0,0,0.0,0.0015664497500000318
1294.933,0,0,0.0,0.0015664497500000318
1295.333,0,0,0.0,0.0015664497500000318
1295.43,0,0,0.0,0.0015664497500000318
1295.431,0,0,0.0,0.0015664497500000318
1295.447,0,0,0.0,0.0015664497500000318
1295.53,0,0,0.0,0.0015664497500000318
1295.831,0,0,0.0,0.0015664497500000318
1295.932,0,0,0.0,0.0015664497500000318
1295.935,0,0,0.0,0.0015664497500000318
1296.131,0,0,0.0,0.0015664497500000318
1296.333,0,0,0.0,0.0015664497500000318
1296.434,0,0,0.0,0.0015664497500000318
1296.437,0,0,0.0,0.0015664497500000318
1296.73,0,0,0.0,0.0015664497500000318
1296.756,0,0,0.0,0.0015664497500000318
1296.829,0,0,0.0,0.0015664497500000318
1296.831,0,0,0.0,0.0015664497500000318
1297.029,0,0,0.0,0.0015664497500000318
1297.13,0,0,0.0,0.0015664497500000318
1297.145,0,0,0.0,0.0015664497500000318
1297.34,0,0,0.0,0.0015664497500000318
1297.53,0,0,0.0,0.0015664497500000318
1297.634,0,0,0.0,0.0015664497500000318
1297.73,0,0,0.0,0.0015664497500000318
1297.762,0,0,0.0,0.0015664497500000318
1297.931,0,0,0.0,0.0015664497500000318
1298.13,0,0,0.0,0.0015664497500000318
1298.429,0,0,0.0,0.0015664497500000318
1298.434,0,0,0.0,0.0015664497500000318
1298.437,0,0,0.0,0.0015664497500000318
1298.53,0,0,0.0,0.0015664497500000318
1298.587,0,0,0.0,0.0015664497500000318
1298.73,0,0,0.0,0.0015664497500000318
1298.752,0,0,0.0,0.0015664497500000318
1298.93,0,0,0.0,0.0015664497500000318
1298.932,0,0,0.0,0.0015664497500000318
1299.027,0,0,0.0,0.0015664497500000318
1299.433,0,0,0.0,0.0015664497500000318
1299.435,0,0,0.0,0.0015664497500000318
1299.536,0,0,0.0,0.0015664497500000318
1299.547,0,0,0.0,0.0015664497500000318
1299.733,0,0,0.0,0.0015664497500000318
1299.757,0,0,0.0,0.0015664497500000318
1299.828,0,0,0.0,0.0015664497500000318
1300.13,0,0,0.0,0.0015664497500000318
1300.135,0,0,0.0,0.0015664497500000318
1300.144,0,0,0.0,0.0015664497500000318
1300.332,0,0,0.0,0.0015664497500000318
1300.535,0,0,0.0,0.0015664497500000318
1300.629,0,0,0.0,0.0015664497500000318
1300.73,0,0,0.0,0.0015664497500000318
1300.736,0,0,0.0,0.0015664497500000318
1300.749,0,0,0.0,0.0015664497500000318
1301.127,0,0,0.0,0.0015664497500000318
1301.429,0,0,0.0,0.0015664497500000318
1301.429,0,0,0.0,0.0015664497500000318
1301.435,0,0,0.0,0.0015664497500000318
1301.467,0,0,0.0,0.0015664497500000318
1301.629,0,0,0.0,0.0015664497500000318
1301.629,0,0,0.0,0.0015664497500000318
1301.739,0,0,0.0,0.0015664497500000318
1301.758,0,0,0.0,0.0015664497500000318
1302.028,0,0,0.0,0.0015664497500000318
1302.331,0,0,0.0,0.0015664497500000318
1302.429,0,0,0.0,0.0015664497500000318
1302.432,0,0,0.0,0.0015664497500000318
1302.53,0,0,0.0,0.0015664497500000318
1302.626,0,0,0.0,0.0015664497500000318
1302.629,0,0,0.0,0.0015664497500000318
1302.735,0,0,0.0,0.0015664497500000318
1302.755,0,0,0.0,0.0015664497500000318
1302.928,0,0,0.0,0.0015664497500000318
1303.33,0,0,0.0,0.0015664497500000318
1303.427,0,0,0.0,0.0015664497500000318
1303.429,0,0,0.0,0.0015664497500000318
1303.526,0,0,0.0,0.0015664497500000318
1303.638,0,0,0.0,0.0015664497500000318
1303.729,0,0,0.0,0.0015664497500000318
1303.732,0,0,0.0,0.0015664497500000318
1303.741,0,0,0.0,0.0015664497500000318
1303.749,0,0,0.0,0.0015664497500000318
1303.925,0,0,0.0,0.0015664497500000318
1304.33,0,0,0.0,0.0015664497500000318
1304.426,0,0,0.0,0.0015664497500000318
1304.457,0,0,0.0,0.0015664497500000318
1304.528,0,0,0.0,0.0015664497500000318
1304.628,0,0,0.0,0.0015664497500000318
1304.753,0,0,0.0,0.0015664497500000318
1304.828,0,0,0.0,0.0015664497500000318
1304.832,0,0,0.0,0.0015664497500000318
1305.027,0,0,0.0,0.0015664497500000318
1305.128,0,0,0.0,0.0015664497500000318
1305.429,0,0,0.0,0.0015664497500000318
1305.528,0,0,0.0,0.0015664497500000318
1305.528,0,0,0.0,0.0015664497500000318
1305.626,0,0,0.0,0.0015664497500000318
1305.628,0,0,0.0,0.0015664497500000318
1305.728,0,0,0.0,0.0015664497500000318
1305.751,0,0,0.0,0.0015664497500000318
1306.027,0,0,0.0,0.0015664497500000318
1306.134,0,0,0.0,0.0015664497500000318
1306.334,0,0,0.0,0.0015664497500000318
1306.527,0,0,0.0,0.0015664497500000318
1306.531,0,0,0.0,0.0015664497500000318
1306.728,0,0,0.0,0.0015664497500000318
1306.728,0,0,0.0,0.0015664497500000318
1306.752,0,0,0.0,0.0015664497500000318
1306.928,0,0,0.0,0.0015664497500000318
1306.932,0,0,0.0,0.0015664497500000318
1307.134,0,0,0.0,0.0015664497500000318
1307.497,0,0,0.0,0.0015664497500000318
1307.517,0,0,0.0,0.0015664497500000318
1307.528,0,0,0.0,0.0015664497500000318
1307.627,0,0,0.0,0.0015664497500000318
1307.728,0,0,0.0,0.0015664497500000318
1307.819,0,0,0.0,0.0015664497500000318
1307.928,0,0,0.0,0.0015664497500000318
1308.032,0,0,0.0,0.0015664497500000318
1308.417,0,0,0.0,0.0015664497500000318
1308.428,0,0,0.0,0.0015664497500000318
1308.533,0,0,0.0,0.0015664497500000318
1308.533,0,0,0.0,0.0015664497500000318
1308.825,0,0,0.0,0.0015664497500000318
1308.825,0,0,0.0,0.0015664497500000318
1309.027,0,0,0.0,0.0015664497500000318
1309.126,0,0,0.0,0.0015664497500000318
1309.145,0,0,0.0,0.0015664497500000318
1309.329,0,0,0.0,0.0015664497500000318
1309.427,0,0,0.0,0.0015664497500000318
1309.633,0,0,0.0,0.0015664497500000318
1309.733,0,0,0.0,0.0015664497500000318
1309.751,0,0,0.0,0.0015664497500000318
1309.828,0,0,0.0,0.0015664497500000318
1310.123,0,0,0.0,0.0015664497500000318
1310.328,0,0,0.0,0.0015664497500000318
1310.345,0,0,0.0,0.0015664497500000318
1310.437,0,0,0.0,0.0015664497500000318
1310.527,0,0,0.0,0.0015664497500000318
1310.627,0,0,0.0,0.0015664497500000318
1310.727,0,0,0.0,0.0015664497500000318
1310.762,0,0,0.0,0.0015664497500000318
1310.833,0,0,0.0,0.0015664497500000318
1311.025,0,0,0.0,0.0015664497500000318
1311.158,0,0,0.0,0.0015664497500000318
1311.425,0,0,0.0,0.0015664497500000318
1311.426,0,0,0.0,0.0015664497500000318
1311.426,0,0,0.0,0.0015664497500000318
1311.526,0,0,0.0,0.0015664497500000318
1311.627,0,0,0.0,0.0015664497500000318
1311.752,0,0,0.0,0.0015664497500000318
1311.831,0,0,0.0,0.0015664497500000318
1311.928,0,0,0.0,0.0015664497500000318
1312.326,0,0,0.0,0.0015664497500000318
1312.328,0,0,0.0,0.0015664497500000318
1312.425,0,0,0.0,0.0015664497500000318
1312.426,0,0,0.0,0.0015664497500000318
1312.432,0,0,0.0,0.0015664497500000318
1312.632,0,0,0.0,0.0015664497500000318
1312.736,0,0,0.0,0.0015664497500000318
1312.742,0,0,0.0,0.0015664497500000318
1313.022,0,0,0.0,0.0015664497500000318
1313.328,0,0,0.0,0.0015664497500000318
1313.334,0,0,0.0,0.0015664497500000318
1313.426,0,0,0.0,0.0015664497500000318
1313.427,0,0,0.0,0.0015664497500000318
1313.535,0,0,0.0,0.0015664497500000318
1313.623,0,0,0.0,0.0015664497500000318
1313.727,0,0,0.0,0.0015664497500000318
1313.746,0,0,0.0,0.0015664497500000318
1314.024,0,0,0.0,0.0015664497500000318
1314.125,0,0,0.0,0.0015664497500000318
1314.425,0,0,0.0,0.0015664497500000318
1314.525,0,0,0.0,0.0015664497500000318
1314.526,0,0,0.0,0.0015664497500000318
1314.529,0,0,0.0,0.0015664497500000318
1314.531,0,0,0.0,0.0015664497500000318
1314.545,0,0,0.0,0.0015664497500000318
1314.747,0,0,0.0,0.0015664497500000318
1315.027,0,0,0.0,0.0015664497500000318
1315.134,0,0,0.0,0.0015664497500000318
1315.33,0,0,0.0,0.0015664497500000318
1315.422,0,0,0.0,0.0015664497500000318
1315.625,0,0,0.0,0.0015664497500000318
1315.629,0,0,0.0,0.0015664497500000318
1315.726,0,0,0.0,0.0015664497500000318
1315.737,0,0,0.0,0.0015664497500000318
1315.751,0,0,0.0,0.0015664497500000318
1315.825,0,0,0.0,0.0015664497500000318
1316.024,0,0,0.0,0.0015664497500000318
1316.326,0,0,0.0,0.0015664497500000318
1316.327,0,0,0.0,0.0015664497500000318
1316.437,0,0,0.0,0.0015664497500000318
1316.622,0,0,0.0,0.0015664497500000318
1316.625,0,0,0.0,0.0015664497500000318
1316.726,0,0,0.0,0.0015664497500000318
1316.742,0,0,0.0,0.0015664497500000318
1316.825,0,0,0.0,0.0015664497500000318
1316.925,0,0,0.0,0.0015664497500000318
1316.929,0,0,0.0,0.0015664497500000318
1317.327,0,0,0.0,0.0015664497500000318
1317.387,0,0,0.0,0.0015664497500000318
1317.524,0,0,0.0,0.0015664497500000318
1317.53,0,0,0.0,0.0015664497500000318
1317.624,0,0,0.0,0.0015664497500000318
1317.752,0,0,0.0,0.0015664497500000318
1317.822,0,0,0.0,0.0015664497500000318
1317.925,0,0,0.0,0.0015664497500000318
1317.929,0,0,0.0,0.0015664497500000318
1318.124,0,0,0.0,0.0015664497500000318
1318.424,0,0,0.0,0.0015664497500000318
1318.428,0,0,0.0,0.0015664497500000318
1318.477,0,0,0.0,0.0015664497500000318
1318.724,0,0,0.0,0.0015664497500000318
1318.73,0,0,0.0,0.0015664497500000318
1318.824,0,0,0.0,0.0015664497500000318
1319.023,0,0,0.0,0.0015664497500000318
1319.121,0,0,0.0,0.0015664497500000318
1319.326,0,0,0.0,0.0015664497500000318
1319.437,0,0,0.0,0.0015664497500000318
1319.524,0,0,0.0,0.0015664497500000318
1319.624,0,0,0.0,0.0015664497500000318
1319.724,0,0,0.0,0.0015664497500000318
1319.751,0,0,0.0,0.0015664497500000318
1319.924,0,0,0.0,0.0015664497500000318
1319.932,0,0,0.0,0.0015664497500000318
1320.134,0,0,0.0,0.0015664497500000318
1320.325,0,0,0.0,0.0015664497500000318
1320.423,0,0,0.0,0.0015664497500000318
1320.524,0,0,0.0,0.0015664497500000318
1320.527,0,0,0.0,0.0015664497500000318
1320.53,0,0,0.0,0.0015664497500000318
1320.746,0,0,0.0,0.0015664497500000318
1320.922,0,0,0.0,0.0015664497500000318
1321.022,0,0,0.0,0.0015664497500000318
1321.127,0,0,0.0,0.0015664497500000318
1321.143,0,0,0.0,0.0015664497500000318
1321.367,0,0,0.0,0.0015664497500000318
1321.429,0,0,0.0,0.0015664497500000318
1321.529,0,0,0.0,0.0015664497500000318
1321.729,0,0,0.0,0.0015664497500000318
1321.745,0,0,0.0,0.0015664497500000318
1321.924,0,0,0.0,0.0015664497500000318
1322.02,0,0,0.0,0.0015664497500000318
1322.325,0,0,0.0,0.0015664497500000318
1322.326,0,0,0.0,0.0015664497500000318
1322.407,0,0,0.0,0.0015664497500000318
1322.42,0,0,0.0,0.0015664497500000318
1322.529,0,0,0.0,0.0015664497500000318
1322.723,0,0,0.0,0.0015664497500000318
1322.744,0,0,0.0,0.0015664497500000318
1322.823,0,0,0.0,0.0015664497500000318
1323.021,0,0,0.0,0.0015664497500000318
1323.367,0,0,0.0,0.0015664497500000318
1323.423,0,0,0.0,0.0015664497500000318
1323.432,0,0,0.0,0.0015664497500000318
1323.522,0,0,0.0,0.0015664497500000318
1323.528,0,0,0.0,0.0015664497500000318
1323.535,0,0,0.0,0.0015664497500000318
1323.729,0,0,0.0,0.0015664497500000318
1323.745,0,0,0.0,0.0015664497500000318
1324.021,0,0,0.0,0.0015664497500000318
1324.324,0,0,0.0,0.0015664497500000318
1324.417,0,0,0.0,0.0015664497500000318
1324.42,0,0,0.0,0.0015664497500000318
1324.529,0,0,0.0,0.0015664497500000318
1324.622,0,0,0.0,0.0015664497500000318
1324.729,0,0,0.0,0.0015664497500000318
1324.822,0,0,0.0,0.0015664497500000318
1325.324,0,0,0.0,0.0015664497500000318
1325.324,0,0,0.0,0.0015664497500000318
1325.333,0,0,0.0,0.0015664497500000318
1325.42,0,0,0.0,0.0015664497500000318
1325.423,0,0,0.0,0.0015664497500000318
1325.723,0,0,0.0,0.0015664497500000318
1325.828,0,0,0.0,0.0015664497500000318
1326.324,0,0,0.0,0.0015664497500000318
1326.521,0,0,0.0,0.0015664497500000318
1326.522,0,0,0.0,0.0015664497500000318
1326.619,0,0,0.0,0.0015664497500000318
1326.622,0,0,0.0,0.0015664497500000318
1326.732,0,0,0.0,0.0015664497500000318
1326.92,0,0,0.0,0.0015664497500000318
1327.426,0,0,0.0,0.0015664497500000318
1327.519,0,0,0.0,0.0015664497500000318
1327.722,0,0,0.0,0.0015664497500000318
1327.722,0,0,0.0,0.0015664497500000318
1327.822,0,0,0.0,0.0015664497500000318
1328.719,0,0,0.0,0.0015664497500000318
1328.722,0,0,0.0,0.0015664497500000318
1328.922,0,0,0.0,0.0015664497500000318
1329.534,0,0,0.0,0.0015664497500000318
1329.919,0,0,0.0,0.0015664497500000318
1330.921,0,0,0.0,0.0015664497500000318
1388.73,0,0,0.0,0.0015664497500000318
1389.003,0,0,0.0,0.0015664497500000318
1389.727,0,0,0.0,0.0015664497500000318
1389.906,0,0,0.0,0.0015664497500000318
1390.729,0,0,0.0,0.0015664497500000318
1391.0,0,0,0.0,0.0015664497500000318
1391.197,0,0,0.0,0.0015664497500000318
1391.724,0,0,0.0,0.0015664497500000318
1392.002,0,0,0.0,0.0015664497500000318
1392.1,0,0,0.0,0.0015664497500000318
1392.177,0,0,0.0,0.0015664497500000318
1392.187,0,0,0.0,0.0015664497500000318
1392.502,0,0,0.0,0.0015664497500000318
1392.603,0,0,0.0,0.0015664497500000318
1392.727,0,0,0.0,0.0015664497500000318
1393.008,0,0,0.0,0.0015664497500000318
1393.109,0,0,0.0,0.0015664497500000318
1393.187,0,0,0.0,0.0015664497500000318
1393.402,0,0,0.0,0.0015664497500000318
1393.5,0,0,0.0,0.0015664497500000318
1393.703,0,0,0.0,0.0015664497500000318
1393.734,0,0,0.0,0.0015664497500000318
1393.807,0,0,0.0,0.0015664497500000318
1394.001,0,0,0.0,0.0015664497500000318
1394.307,0,0,0.0,0.0015664497500000318
1394.31,0,0,0.0,0.0015664497500000318
1394.6,0,0,0.0,0.0015664497500000318
1394.699,0,0,0.0,0.0015664497500000318
1394.703,0,0,0.0,0.0015664497500000318
1394.731,0,0,0.0,0.0015664497500000318
1394.901,0,0,0.0,0.0015664497500000318
1395.108,0,0,0.0,0.0015664497500000318
1395.177,0,0,0.0,0.0015664497500000318
1395.408,0,0,0.0,0.0015664497500000318
1395.508,0,0,0.0,0.0015664497500000318
1395.602,0,0,0.0,0.0015664497500000318
1395.707,0,0,0.0,0.0015664497500000318
1395.802,0,0,0.0,0.0015664497500000318
1395.901,0,0,0.0,0.0015664497500000318
1396.001,0,0,0.0,0.0015664497500000318
1396.013,0,0,0.0,0.0015664497500000318
1396.116,0,0,0.0,0.0015664497500000318
1396.402,0,0,0.0,0.0015664497500000318
1396.407,0,0,0.0,0.0015664497500000318
1396.602,0,0,0.0,0.0015664497500000318
1396.706,0,0,0.0,0.0015664497500000318
1396.802,0,0,0.0,0.0015664497500000318
1396.998,0,0,0.0,0.0015664497500000318
1397.098,0,0,0.0,0.0015664497500000318
1397.111,0,0,0.0,0.0015664497500000318
1397.501,0,0,0.0,0.0015664497500000318
1397.605,0,0,0.0,0.0015664497500000318
1397.7,0,0,0.0,0.0015664497500000318
1397.702,0,0,0.0,0.0015664497500000318
1397.72,0,0,0.0,0.0015664497500000318
1397.906,0,0,0.0,0.0015664497500000318
1398.098,0,0,0.0,0.0015664497500000318
1398.104,0,0,0.0,0.0015664497500000318
1398.167,0,0,0.0,0.0015664497500000318
1398.407,0,0,0.0,0.0015664497500000318
1398.514,0,0,0.0,0.0015664497500000318
1398.602,0,0,0.0,0.0015664497500000318
1398.727,0,0,0.0,0.0015664497500000318
1398.902,0,0,0.0,0.0015664497500000318
1398.907,0,0,0.0,0.0015664497500000318
1399.0,0,0,0.0,0.0015664497500000318
1399.134,0,0,0.0,0.0015664497500000318
1399.199,0,0,0.0,0.0015664497500000318
1399.31,0,0,0.0,0.0015664497500000318
1399.411,0,0,0.0,0.0015664497500000318
1399.701,0,0,0.0,0.0015664497500000318
1399.718,0,0,0.0,0.0015664497500000318
1399.807,0,0,0.0,0.0015664497500000318
1400.0,0,0,0.0,0.0015664497500000318
1400.167,0,0,0.0,0.0015664497500000318
1400.401,0,0,0.0,0.0015664497500000318
1400.498,0,0,0.0,0.0015664497500000318
1400.607,0,0,0.0,0.0015664497500000318
1400.719,0,0,0.0,0.0015664497500000318
1400.809,0,0,0.0,0.0015664497500000318
1400.903,0,0,0.0,0.0015664497500000318
1401.104,0,0,0.0,0.0015664497500000318
1401.157,0,0,0.0,0.0015664497500000318
1401.167,0,0,0.0,0.0015664497500000318
1401.167,0,0,0.0,0.0015664497500000318
1401.309,0,0,0.0,0.0015664497500000318
1401.404,0,0,0.0,0.0015664497500000318
1401.404,0,0,0.0,0.0015664497500000318
1401.5,0,0,0.0,0.0015664497500000318
1401.512,0,0,0.0,0.0015664497500000318
1401.701,0,0,0.0,0.0015664497500000318
1401.73,0,0,0.0,0.0015664497500000318
1402.1,0,0,0.0,0.0015664497500000318
1402.1,0,0,0.0,0.0015664497500000318
1402.397,0,0,0.0,0.0015664497500000318
1402.5,0,0,0.0,0.0015664497500000318
1402.5,0,0,0.0,0.0015664497500000318
1402.61,0,0,0.0,0.0015664497500000318
1402.7,0,0,0.0,0.0015664497500000318
1402.732,0,0,0.0,0.0015664497500000318
1402.999,0,0,0.0,0.0015664497500000318
1403.187,0,0,0.0,0.0015664497500000318
1403.307,0,0,0.0,0.0015664497500000318
1403.307,0,0,0.0,0.0015664497500000318
1403.399,0,0,0.0,0.0015664497500000318
1403.497,0,0,0.0,0.0015664497500000318
1403.597,0,0,0.0,0.0015664497500000318
1403.7,0,0,0.0,0.0015664497500000318
1403.712,0,0,0.0,0.0015664497500000318
1403.725,52,5,0.5715,0.0015685135000000191
1403.8,0,0,0.0,0.0015685135000000191
1403.998,52,5,0.5715,0.001599946000000034
1404.203,0,0,0.0,0.001599946000000034
1404.399,0,0,0.0,0.001599946000000034
1404.499,0,0,0.0,0.001599946000000034
1404.506,0,0,0.0,0.001599946000000034
1404.599,0,0,0.0,0.001599946000000034
1404.7,0,0,0.0,0.001599946000000034
1404.725,0,0,0.0,0.001599946000000034
1404.798,0,0,0.0,0.001599946000000034
1404.8,0,0,0.0,0.001599946000000034
1404.901,0,0,0.0,0.001599946000000034
1405.105,52,5,0.5715,0.0016323310000000261
1405.116,0,0,0.0,0.0016323310000000261
1405.399,0,0,0.0,0.0016323310000000261
1405.502,0,0,0.0,0.0016323310000000261
1405.605,0,0,0.0,0.0016323310000000261
1405.706,0,0,0.0,0.0016323310000000261
1405.8,0,0,0.0,0.0016323310000000261
1406.104,0,0,0.0,0.0016323310000000261
1406.307,52,5,0.5715,0.001664557250000022
1406.404,0,0,0.0,0.001664557250000022
1406.496,0,0,0.0,0.001664557250000022
1406.603,0,0,0.0,0.001664557250000022
1406.696,0,0,0.0,0.001664557250000022
1406.8,0,0,0.0,0.001664557250000022
1407.205,0,0,0.0,0.001664557250000022
1407.504,10,1,0.1143,0.0016740505000000215
1407.599,0,0,0.0,0.0016740505000000215
1407.702,0,0,0.0,0.0016740505000000215
1407.897,0,0,0.0,0.0016740505000000215
1408.197,52,5,0.5715,0.0017216755000000143
1408.498,46,4,0.4572,0.0017599025000000343
1408.598,20,2,0.2286,0.0017662525000000284
1408.804,0,0,0.0,0.0017662525000000284
1408.899,0,0,0.0,0.0017662525000000284
1409.137,0,0,0.0,0.0017662525000000284
1409.312,0,0,0.0,0.0017662525000000284
1409.398,36,3,0.3429,0.0017744440000000297
1409.702,31,3,0.3429,0.001803400000000038
1409.899,0,0,0.0,0.001803400000000038
1410.498,0,0,0.0,0.001803400000000038
1410.698,20,2,0.2286,0.001816100000000041
1410.698,46,4,0.4572,0.001816100000000041
1411.707,10,1,0.1143,0.0018481357500000413
1472.71,416,39,4.4577,0.07738510049999994
1472.885,416,39,4.4577,0.07760179424999988
1473.71,475,45,5.1434999999999995,0.07878051299999995
1473.981,475,45,5.1434999999999995,0.0791677042499999
1474.176,422,40,4.572,0.07941535424999982
1475.699,422,40,4.572,0.08134956424999999
1475.937,475,45,5.1434999999999995,0.08168960674999975
1475.947,422,40,4.572,0.08170230674999975
1475.977,422,40,4.572,0.08174040675
1476.178,475,45,5.1434999999999995,0.08202758550000003
1476.378,475,45,5.1434999999999995,0.08231333549999977
1476.578,422,40,4.572,0.08256733549999982
1476.705,422,40,4.572,0.08272862549999976
1477.078,422,40,4.572,0.08320233549999982
1477.078,422,40,4.572,0.08320233549999982
1477.099,475,45,5.1434999999999995,0.08323233924999976
1477.176,475,45,5.1434999999999995,0.08334235299999976
1477.578,427,40,4.572,0.08385289299999982
1477.679,379,36,4.1148,0.08396833599999995
1477.707,475,45,5.1434999999999995,0.08400834099999997
1477.881,475,45,5.1434999999999995,0.08425694349999995
1478.377,422,40,4.572,0.08488686349999977
1478.377,422,40,4.572,0.08488686349999977
1478.578,395,37,4.2291,0.0851229882499998
1478.675,437,41,4.6863,0.08524925799999977
1478.927,475,45,5.1434999999999995,0.0856093029999997
1478.977,475,45,5.1434999999999995,0.08568074049999996
1479.377,422,40,4.572,0.08618874049999979
1479.477,422,40,4.572,0.08631574049999996
1479.478,475,45,5.1434999999999995,0.08631716924999992
1479.575,453,43,4.9149,0.08644959849999989
1479.577,469,44,5.0292,0.08645239249999982
1479.676,406,38,4.3434,0.08657183599999974
1479.897,475,45,5.1434999999999995,0.08688758974999974
1480.184,475,45,5.1434999999999995,0.08729764099999979
1480.477,422,40,4.572,0.08766975099999993
1480.583,459,43,4.9149,0.08781446749999992
1480.777,475,45,5.1434999999999995,0.08809164499999987
1480.778,464,44,5.0292,0.08809304199999984
1481.381,427,40,4.572,0.08885885199999993
1481.477,475,45,5.1434999999999995,0.08899601199999994
1481.674,422,40,4.572,0.0892462019999998
1481.777,443,42,4.8006,0.0893835524999999
1481.777,475,45,5.1434999999999995,0.0893835524999999
1482.577,475,45,5.1434999999999995,0.09052655249999983
1482.577,422,40,4.572,0.09052655249999983
1482.774,437,41,4.6863,0.09078299724999969
1482.877,432,41,4.6863,0.09091707749999978
1483.577,475,45,5.1434999999999995,0.09191720249999984
1483.783,453,43,4.9149,0.0921984439999997
1483.877,422,40,4.572,0.09231782399999976
1484.78,464,44,5.0292,0.09357931499999979
1484.972,0,0,0.0,0.09357931499999979
1485.764,0,0,0.0,0.09357931499999979
1485.978,0,0,0.0,0.09357931499999979
1486.173,0,0,0.0,0.09357931499999979
1486.766,0,0,0.0,0.09357931499999979
1487.075,0,0,0.0,0.09357931499999979
1487.375,0,0,0.0,0.09357931499999979
1487.772,189,18,2.0574,0.09380620049999976
1487.907,0,0,0.0,0.09380620049999976
1487.967,0,0,0.0,0.09380620049999976
1487.974,189,18,2.0574,0.09381020099999966
1488.179,0,0,0.0,0.09381020099999966
1488.381,0,0,0.0,0.09381020099999966
1488.574,0,0,0.0,0.09381020099999966
1488.766,211,70,8.001,0.09423692099999968
1488.877,0,0,0.0,0.09423692099999968
1488.973,211,70,8.001,0.09445028099999969
1489.371,211,20,2.286,0.09470301099999978
1489.472,0,0,0.0,0.09470301099999978
1489.472,0,0,0.0,0.09470301099999978
1489.574,0,0,0.0,0.09470301099999978
1489.578,0,0,0.0,0.09470301099999978
1489.769,528,50,5.715,0.09500622349999983
1490.071,528,50,5.715,0.09548564849999969
1490.374,211,70,8.001,0.09615906599999993
1490.383,0,0,0.0,0.09615906599999993
1490.475,0,0,0.0,0.09615906599999993
1490.672,0,0,0.0,0.09615906599999993
1490.773,528,70,8.001,0.09638353849999967
1490.774,0,0,0.0,0.09638353849999967
1490.957,211,20,2.286,0.0964997434999998
1490.973,528,70,8.001,0.09653530349999948
1491.074,528,50,5.715,0.09669564099999965
1491.473,211,70,8.001,0.09758241849999941
1491.477,0,0,0.0,0.09758241849999941
1491.494,0,0,0.0,0.09758241849999941
1491.573,211,20,2.286,0.09763258349999952
1491.674,0,0,0.0,0.09763258349999952
1491.765,528,95,10.8585,0.09790706224999988
1491.874,0,0,0.0,0.09790706224999988
1491.978,528,95,10.8585,0.09822075225000002
1492.183,528,70,8.001,0.09867636474999986
1492.377,528,50,5.715,0.09898433974999979
1492.473,211,70,8.001,0.0991976997499998
1492.574,211,25,2.8575,0.0992778684999999
1492.675,0,0,0.0,0.0992778684999999
1492.77,528,113,12.9159,0.09961870475
1492.773,42,4,0.4572,0.09961908574999999
1492.774,0,0,0.0,0.09961908574999999
1492.874,0,0,0.0,0.09961908574999999
1492.973,528,113,12.9159,0.09997427299999975
1493.18,528,70,8.001,0.10043433049999999
1493.182,528,95,10.8585,0.10044036299999985
1493.477,528,50,5.715,0.10090867549999996
1493.671,211,35,4.0005,0.10112425799999991
1493.673,242,68,7.7724,0.1011285759999998
1493.768,528,137,15.6591,0.10154180224999992
1493.774,105,10,1.143,0.10154370724999988
1493.88,0,0,0.0,0.10154370724999988
1493.885,528,137,15.6591,0.10156545599999936
1494.083,528,115,13.1445,0.1022884034999997
1494.473,528,70,8.001,0.10315517849999942
1494.479,528,52,5.9436,0.10316508449999956
1494.488,306,64,7.3152,0.10318337249999959
1494.767,528,155,17.7165,0.10455640124999957
1494.871,211,50,5.715,0.10472150124999964
1494.947,528,95,10.8585,0.10495073624999902
1494.972,528,155,17.7165,0.10507376749999947
1494.974,147,14,1.6002,0.10507465649999945
1495.073,528,140,16.002,0.10551471150000016
1495.097,528,115,13.1445,0.10560234149999975
1495.573,528,72,8.2296,0.1066904775
1495.679,528,56,6.4008,0.1068789455
1495.765,528,175,20.0025,0.10735678300000007
1495.773,211,60,6.858,0.1073720229999997
1495.873,401,58,6.6293999999999995,0.10755617299999996
1495.937,528,95,10.8585,0.10774921299999951
1496.073,528,175,20.0025,0.10850486300000059
1496.478,528,95,10.8585,0.10972644425000051
1496.578,528,77,8.8011,0.10997091925000028
1496.769,528,200,22.86,0.11118376925000048
1496.773,528,62,7.0866,0.11119164325000029
1496.887,528,155,17.7165,0.11175266575000045
1496.887,528,140,16.002,0.11175266575000045
1496.937,528,115,13.1445,0.11193522825000028
1496.969,528,200,22.86,0.11213842825000125
1496.973,464,54,6.1722,0.11214528625000109
1497.372,528,175,20.0025,0.11436223000000173
1497.373,528,115,13.1445,0.11436588125000165
1497.472,528,155,17.7165,0.11485308500000131
1497.572,528,99,11.3157,0.11516741000000102
1497.763,528,210,24.003,0.11644090250000123
1497.772,528,85,9.7155,0.11646519125000128
1497.877,528,140,16.002,0.11693191625000136
1497.877,528,66,7.5438,0.11693191625000136
1497.975,528,210,24.003,0.11758533125000108
1498.172,528,200,22.86,0.11883628125000181
1498.37,528,141,16.1163,0.11972267775000121
1498.482,528,120,13.716,0.12014939775000152
1498.572,528,155,17.7165,0.12059231025000113
1498.585,528,105,12.0015,0.12063564900000162
1498.763,528,219,25.0317,0.12187332750000081
1498.772,528,90,10.286999999999999,0.12189904500000084
1498.877,528,175,20.0025,0.12248245125000094
1499.069,528,219,25.0317,0.12381747525000099
1499.371,528,210,24.003,0.12583106025000187
1499.372,528,157,17.9451,0.12583604500000176
1499.47,528,144,16.4592,0.12628410100000156
1499.471,528,200,22.86,0.1262904510000014
1499.582,528,125,14.2875,0.12673098225000182
1499.768,528,238,27.2034,0.12813649125000123
1499.78,528,109,12.4587,0.12817802025000105
1499.907,528,175,20.0025,0.12888366400000079
1499.97,528,238,27.2034,0.12935972350000155
1500.171,528,220,25.146,0.1307637085000017
1500.371,528,210,24.003,0.132097208500002
1500.471,528,200,22.86,0.13273220850000142
1500.491,528,149,17.0307,0.13282682350000133
1500.569,528,161,18.4023,0.1332255400000012
1500.671,528,177,20.2311,0.1337987545000017
1500.678,528,132,15.0876,0.13382809150000197
1500.766,528,250,28.575,0.13452659150000168
1500.97,528,250,28.575,0.13614584150000128
1501.37,528,240,27.432,0.13919384150000025
1501.468,528,220,25.146,0.13987837150000154
1501.57,528,210,24.003,0.14055845650000062
1501.671,528,201,22.9743,0.14120301325000134
1501.671,528,182,20.802599999999998,0.14120301325000134
1501.671,528,167,19.0881,0.14120301325000134
1501.672,528,152,17.3736,0.14120783925000122
1501.768,528,270,30.861,0.14203079925000126
1502.07,528,270,30.861,0.14461969425000046
1502.178,528,240,27.432,0.1454426542500018
1502.37,528,220,25.146,0.14678377425000028
1502.574,528,210,24.003,0.14814394425000146
1502.746,528,270,30.861,0.1496184142500017
1502.771,528,203,23.2029,0.1497795455000008
1502.872,528,171,19.5453,0.1503278997500014
1502.872,528,190,21.717,0.1503278997500014
1502.927,528,250,28.575,0.15076446225000012
1502.97,528,270,30.861,0.15113307975000115
1503.176,528,270,30.861,0.1528990147500003
1503.376,528,250,28.575,0.15448651475000066
1503.57,528,240,27.432,0.15596479475000036
1503.57,528,212,24.2316,0.15596479475000036
1503.67,528,220,25.146,0.15666329475000132
1503.724,528,280,32.004,0.15714335475000007
1503.771,528,206,23.5458,0.15745075825000024
1503.871,528,195,22.2885,0.15806988325000107
1503.969,528,280,32.004,0.1589411032500007
1504.086,528,270,30.861,0.15994408575000035
1504.37,528,250,28.575,0.1621983357499994
1504.57,528,241,27.5463,0.16372868574999974
1504.723,528,271,30.9753,0.16504513599999993
1504.77,528,224,25.6032,0.1653794000000001
1504.871,528,215,24.5745,0.16606885125000087
1504.879,528,271,30.9753,0.16613768524999925
1504.897,528,270,30.861,0.1662919902499995
1504.968,528,208,23.7744,0.1667608742500004
1505.07,528,280,32.004,0.1676676542499992
1505.179,528,270,30.861,0.16860205675000048
1505.469,528,270,30.861,0.17108808175000018
1505.573,528,252,28.8036,0.1719201857500005
1505.77,528,243,27.7749,0.17344008999999966
1505.77,528,230,26.289,0.17344008999999966
1505.87,528,217,24.8031,0.17412906499999903
1505.875,528,270,30.861,0.17417192749999996
1506.067,528,270,30.861,0.1758178475
1506.176,528,280,32.004,0.17678685749999934
1506.378,528,270,30.861,0.17851850249999932
1506.478,528,270,30.861,0.17937575250000048
1506.482,528,256,29.2608,0.17940826449999972
1506.727,528,261,29.8323,0.1814385182500007
1506.87,528,246,28.1178,0.18255541974999917
1506.97,528,234,26.746199999999998,0.1832983697500002
1507.07,528,261,29.8323,0.18412704474999944
1507.095,528,270,30.861,0.18434135725000023
1507.095,528,280,32.004,0.18434135725000023
1507.167,528,270,30.861,0.18495857724999928
1507.475,528,271,30.9753,0.1876086862499992
1507.67,528,270,30.861,0.18928032375000062
1507.72,528,260,29.718,0.18969307375000025
1507.77,528,248,28.3464,0.19008677374999988
1507.775,528,262,29.9466,0.1901283662500008
1508.069,528,260,29.718,0.1925553362499997
1508.173,528,260,29.718,0.19341385625000004
1508.179,528,270,30.861,0.19346529125000078
1508.569,528,273,31.2039,0.19684571374999968
1508.679,528,270,30.861,0.19778868875000077
1508.725,528,250,28.575,0.19815381374999935
1508.837,528,270,30.861,0.19911393375000003
1508.876,528,266,30.4038,0.19944330824999992
1508.968,528,250,28.575,0.20017355825000072
1508.987,528,280,32.004,0.20034246825000077
1509.369,528,260,29.718,0.2034958782499994
1509.369,528,270,30.861,0.2034958782499994
1509.475,528,278,31.7754,0.20443148724999935
1509.569,528,270,30.861,0.20523730224999978
1509.675,528,276,31.5468,0.20616618024999972
1509.729,528,250,28.575,0.2065948052500004
1509.773,528,270,30.861,0.2069719952499993
1509.907,528,260,29.718,0.20807816524999942
1510.068,528,250,28.575,0.20935610274999988
1510.169,528,260,29.718,0.21018985775000082
1510.368,528,260,29.718,0.21183260274999952
1510.575,528,276,31.5468,0.21364654375000044
1510.668,528,270,30.861,0.21444378624999913
1510.669,528,270,30.861,0.21445235875000088
1510.681,528,278,31.7754,0.2145582767500004
1510.714,528,240,27.432,0.21480973674999965
1511.066,528,240,27.432,0.21749197675000032
1511.168,528,250,28.575,0.2183016017499992
1511.366,528,260,29.718,0.21993609174999998
1511.566,528,260,29.718,0.22158709175000035
1511.566,528,270,30.861,0.22158709175000035
1511.675,528,273,31.2039,0.2225318764999997
1511.725,528,240,27.432,0.22291287649999936
1511.768,528,268,30.6324,0.22327876350000037
1511.847,528,250,28.575,0.22390582599999997
1511.968,528,240,27.432,0.2248278460000007
1512.368,528,250,28.575,0.22800284599999962
1512.471,528,259,29.6037,0.22884984075000017
1512.566,528,265,30.2895,0.22964914700000041
1512.567,528,250,28.575,0.22965708450000022
1512.568,528,260,29.718,0.22966533950000004
1512.669,528,270,30.861,0.230531162000001
1512.725,528,231,26.403299999999998,0.23094187999999963
1512.877,528,240,27.432,0.23210011999999997
1513.068,528,231,26.403299999999998,0.23350096175000018
1513.099,528,250,28.575,0.23374702424999977
1513.176,528,240,27.432,0.23433376424999974
1513.571,528,260,29.718,0.2375944892499996
1513.668,528,250,28.575,0.23836442674999944
1513.668,528,263,30.0609,0.23836442674999944
1513.688,528,270,30.861,0.23853587675000124
1513.706,528,225,25.7175,0.23866446424999982
1513.768,528,257,29.3751,0.23917036875000083
1513.877,528,240,27.432,0.24000094875000025
1513.97,528,225,25.7175,0.24066531750000078
1514.167,528,230,26.289,0.24210390999999998
1514.565,528,249,28.4607,0.24525039850000108
1514.567,528,240,27.432,0.24526563850000072
1514.571,528,250,28.575,0.24529738849999996
1514.738,528,215,24.5745,0.24643737225000095
1514.768,528,254,29.0322,0.24667930725000073
1514.837,528,240,27.432,0.24720508725000043
1514.868,528,260,29.718,0.24746099225
1514.878,528,215,24.5745,0.24752925474999996
1515.173,528,225,25.7175,0.24963666100000048
1515.467,528,240,27.432,0.25187694100000124
1515.473,528,240,27.432,0.25192266100000016
1515.667,528,247,28.2321,0.2534440574999998
1515.753,528,230,26.289,0.2540720724999999
1515.865,528,250,28.575,0.25496107250000055
1515.866,528,230,26.289,0.25496837500000036
1515.867,528,230,26.289,0.25497567750000016
1515.868,528,252,28.8036,0.2549836785
1516.085,528,215,24.5745,0.25646497475000063
1516.177,528,225,25.7175,0.2571221997499997
1516.572,528,240,27.432,0.26013209974999957
1516.667,528,244,27.8892,0.2608680647499998
1516.68,528,250,28.575,0.26097125225000095
1516.751,528,230,26.289,0.2614897297500003
1516.767,528,240,27.432,0.2616116497500009
1516.817,528,230,26.289,0.2619767747500006
1517.067,528,230,26.289,0.2638023997500006
1517.067,528,230,26.289,0.2638023997500006
1517.178,528,215,24.5745,0.2645601135000013
1517.47,528,230,26.289,0.2666924435000007
1517.667,528,238,27.2034,0.26818107399999985
1517.747,528,240,27.432,0.268790674000001
1517.773,528,240,27.432,0.2689887939999998
1517.867,528,242,27.6606,0.2697110430000002
1517.947,528,225,25.7175,0.2702825429999997
1517.963,528,240,27.432,0.2704044630000003
1518.085,528,230,26.289,0.2712953680000008
1518.366,528,230,26.289,0.27334737050000046
1518.472,528,224,25.6032,0.27410124250000045
1518.572,528,229,26.1747,0.2748283174999998
1518.75,528,250,28.575,0.2762411925000007
1518.77,528,235,26.8605,0.27639041750000054
1518.865,528,240,27.432,0.27711431750000076
1518.877,528,215,24.5745,0.27719623250000036
1518.965,528,250,28.575,0.2778947325000001
1519.166,528,240,27.432,0.27942635250000025
1519.166,528,230,26.289,0.27942635250000025
1519.375,528,216,24.6888,0.28085967450000066
1519.574,528,222,25.3746,0.2822623260000011
1519.672,528,228,26.0604,0.2829717480000008
1519.75,528,259,29.6037,0.2836131615000006
1519.767,528,233,26.631899999999998,0.283738923250001
1519.787,528,230,26.289,0.28388497325000084
1520.066,528,259,29.6037,0.2861792600000008
1520.363,528,230,26.289,0.28834810250000104
1520.366,528,250,28.575,0.2883719150000005
1520.465,528,240,27.432,0.289126295
1520.477,528,219,25.0317,0.28920973400000116
1520.672,528,219,25.0317,0.2905656177500007
1520.755,528,280,32.004,0.2913034877500015
1520.772,528,226,25.8318,0.29142547125000023
1520.965,528,280,32.004,0.2931412412500001
1521.057,528,230,26.289,0.2938130712500008
1521.369,528,250,28.575,0.29628957125
1521.369,528,240,27.432,0.29628957125
1521.466,528,230,26.289,0.29699791374999984
1521.565,528,231,26.403299999999998,0.297724004500001
1521.571,528,224,25.6032,0.2977666765
1521.757,528,280,32.004,0.29942021650000133
1521.766,528,217,24.8031,0.2994822242500014
1521.787,528,260,29.718,0.2996555792500011
1521.97,528,280,32.004,0.301282449250001
1522.463,528,260,29.718,0.3053521642500005
1522.565,528,250,28.575,0.3061617892500012
1522.566,528,230,26.289,0.306169091750001
1522.665,528,241,27.5463,0.3069266150000005
1522.665,528,233,26.631899999999998,0.3069266150000005
1522.677,528,227,25.9461,0.3070131020000001
1522.74,528,290,33.147,0.307593174500001
1522.867,528,280,32.004,0.3087222045000006
1523.062,528,290,33.147,0.310517667
1523.364,528,280,32.004,0.3132024470000012
1523.366,528,260,29.718,0.31321895700000085
1523.565,528,250,28.575,0.31479851950000143
1523.664,528,230,26.289,0.31552146700000094
1523.721,528,290,33.147,0.3160462945000011
1523.765,528,243,27.7749,0.31638576550000186
1523.865,528,236,26.9748,0.3171350655000012
1523.867,528,280,32.004,0.3171528455000008
1523.962,528,290,33.147,0.31802755800000104
1524.464,528,280,32.004,0.3224903380000006
1524.563,528,252,28.8036,0.32328243700000187
1524.564,528,280,32.004,0.3232913270000017
1524.665,528,262,29.9466,0.32413149550000075
1524.718,528,281,32.1183,0.32460434825000173
1524.765,528,246,28.1178,0.3249714417500019
1524.807,528,290,33.147,0.3253581567500011
1524.865,528,238,27.2034,0.32579643375000106
1524.964,528,281,32.1183,0.32667968700000044
1525.174,528,290,33.147,0.3286132620000008
1525.364,528,280,32.004,0.3303023620000013
1525.368,528,290,33.147,0.33033919200000045
1525.564,528,280,32.004,0.3320816320000017
1525.671,528,266,30.4038,0.3329853005000014
1525.71,528,284,32.4612,0.3333369635000013
1525.763,528,248,28.3464,0.3337542855000004
1525.865,528,255,29.1465,0.33458010300000113
1525.964,528,284,32.4612,0.3354727860000005
1526.068,528,280,32.004,0.3363973460000009
1526.47,528,290,33.147,0.34009876100000125
1526.664,528,281,32.1183,0.3418295805000009
1526.72,528,280,32.004,0.34232742050000126
1526.764,528,280,32.004,0.3427185805000001
1526.765,528,272,31.0896,0.3427272165000019
1526.865,528,257,29.3751,0.3435431915000011
1526.867,528,290,33.147,0.34356160650000067
1526.876,528,280,32.004,0.3436416165000008
1527.064,528,285,32.5755,0.34534278150000175
1527.374,528,290,33.147,0.34819710650000124
1527.47,528,290,33.147,0.3490810265000013
1527.564,528,283,32.3469,0.34992564000000176
1527.719,528,275,31.4325,0.3512789837500015
1527.797,528,280,32.004,0.3519724037500013
1527.864,528,280,32.004,0.35256803375000134
1527.963,528,275,31.4325,0.35343242750000076
1527.965,528,276,31.5468,0.35344995350000036
1528.064,528,280,32.004,0.3543300635000018
1528.164,528,285,32.5755,0.355234938500001
1528.47,528,290,33.147,0.3580524335000014
1528.67,528,290,33.147,0.3598939335000018
1528.719,528,280,32.004,0.3603295435000016
1528.764,528,280,32.004,0.3607295935000003
1528.847,528,280,32.004,0.36146746350000103
1528.864,528,286,32.6898,0.36162183200000153
1529.061,528,280,32.004,0.3633731620000005
1529.088,528,280,32.004,0.3636131920000009
1529.364,528,275,31.4325,0.3660230170000015
1529.464,528,280,32.004,0.3669120170000007
1529.567,528,288,32.9184,0.3678538490000013
1529.723,528,270,30.861,0.3691911590000008
1529.764,528,290,33.147,0.36956866650000025
1529.847,528,285,32.5755,0.37031971275000103
1529.962,528,270,30.861,0.3713055502500011
1529.964,528,288,32.9184,0.3713238382500007
1530.362,528,280,32.004,0.3748620582500019
1530.364,528,280,32.004,0.3748798382500015
1530.371,528,285,32.5755,0.37494317950000206
1530.462,528,275,31.4325,0.37573772325000115
1530.464,528,281,32.1183,0.3757555667500007
1530.72,528,270,30.861,0.37795012675000145
1530.764,528,285,32.5755,0.37834827175000024
1530.868,528,290,33.147,0.37930585175000064
1530.962,528,270,30.861,0.3801116667500011
1531.36,528,270,30.861,0.3835235217500003
1531.364,528,280,32.004,0.3835590817500015
1531.463,528,280,32.004,0.38443919175000085
1531.473,528,284,32.4612,0.3845293617500008
1531.562,528,275,31.4325,0.3853064430000003
1531.663,528,282,32.2326,0.3862107465000013
1531.707,528,270,30.861,0.3865879365000021
1531.764,528,283,32.3469,0.3871000957500002
1532.06,528,270,30.861,0.38963755575000064
1532.36,528,275,31.4325,0.39225693075000023
1532.461,528,279,31.8897,0.3931516140000012
1532.466,528,280,32.004,0.3931960640000002
1532.575,528,282,32.2326,0.39417199550000154
1532.718,528,260,29.718,0.3953524605000018
1532.765,528,283,32.3469,0.395774767250002
1532.777,528,270,30.861,0.3958776372500015
1532.777,528,270,30.861,0.3958776372500015
1532.871,528,260,29.718,0.3966536072500019
1533.361,528,270,30.861,0.400854132250002
1533.468,528,279,31.8897,0.40180196500000176
1533.483,528,277,31.6611,0.40193388625000065
1533.561,528,270,30.861,0.40260254125000045
1533.562,528,276,31.5468,0.40261130425000025
1533.673,528,281,32.1183,0.40360161850000115
1533.718,528,264,30.1752,0.40397880850000173
1533.767,528,270,30.861,0.40439886100000155
1533.966,528,264,30.1752,0.4060668790000002
1534.361,528,260,29.718,0.40932760400000195
1534.361,528,270,30.861,0.40932760400000195
1534.459,528,270,30.861,0.4101677090000016
1534.561,528,270,30.861,0.4110421040000004
1534.585,528,276,31.5468,0.4112524160000014
1534.706,528,260,29.718,0.4122512710000003
1534.762,528,277,31.6611,0.41274377700000064
1534.86,528,278,31.7754,0.41360877400000023
1535.061,528,260,29.718,0.4152680290000004
1535.161,528,265,30.2895,0.41610940400000157
1535.559,528,270,30.861,0.4195212590000008
1535.561,528,270,30.861,0.4195384040000004
1535.661,528,270,30.861,0.42039565400000156
1535.717,528,255,29.1465,0.4208490440000019
1535.765,528,274,31.3182,0.4212666200000019
1535.767,528,260,29.718,0.42128313000000156
1535.864,528,255,29.1465,0.4220684662500014
1535.962,528,279,31.8897,0.422936574750001
1536.167,528,260,29.718,0.4246288497500004
1536.361,528,265,30.2895,0.426261117250002
1536.467,528,269,30.7467,0.42716643675000193
1536.467,528,270,30.861,0.42716643675000193
1536.56,528,260,29.718,0.42793415175000066
1536.713,528,260,29.718,0.4291971667500008
1536.859,528,270,30.861,0.43044875175000047
1536.96,528,260,29.718,0.4312825067500014
1536.962,528,272,31.0896,0.431299778750001
1537.076,528,255,29.1465,0.43222275125000126
1537.36,528,260,29.718,0.4345671712500003
1537.361,528,265,30.2895,0.434575585000002
1537.56,528,260,29.718,0.43621833000000065
1537.71,528,250,28.575,0.4374089550000014
1537.761,528,267,30.5181,0.4378412947500008
1537.761,528,270,30.861,0.4378412947500008
1537.862,528,270,30.861,0.4387071172500017
1537.869,528,250,28.575,0.4387626797500004
1538.06,528,260,29.718,0.4403393847500006
1538.171,528,255,29.1465,0.44123806850000147
1538.46,528,260,29.718,0.4436237635000014
1538.56,528,265,30.2895,0.44446513850000063
1538.658,528,261,29.8323,0.4452772400000003
1538.764,528,264,30.1752,0.44616573200000026
1538.861,528,270,30.861,0.44699726450000205
1538.959,528,250,28.575,0.4477751395000017
1539.057,528,250,28.575,0.44855301450000135
1539.166,528,260,29.718,0.4494528095000007
1539.368,528,255,29.1465,0.4510882520000007
1539.466,528,260,29.718,0.4518972420000003
1539.466,528,264,30.1752,0.4518972420000003
1539.715,528,250,28.575,0.4538736795000005
1539.86,528,262,29.9466,0.4550798620000004
1539.961,528,262,29.9466,0.45592003050000135
1539.965,528,250,28.575,0.4559517805000006
1540.157,528,250,28.575,0.4574757805000007
1540.158,528,250,28.575,0.45748371800000054
1540.468,528,255,29.1465,0.4599935555000019
1540.66,528,263,30.0609,0.461596803500002
1540.66,528,259,29.6037,0.461596803500002
1540.71,528,250,28.575,0.4619936785000016
1540.747,528,260,29.718,0.4622991135000019
1540.76,528,263,30.0609,0.4624076667500012
1541.057,528,250,28.575,0.46476510425000145
1541.167,528,250,28.575,0.46563822925000065
1541.559,528,256,29.2608,0.4688244052500011
1541.717,528,241,27.5463,0.4700333817500021
1541.747,528,250,28.575,0.47027150675000184
1541.747,528,250,28.575,0.47027150675000184
1541.76,528,257,29.3751,0.4703775835000012
1541.86,528,261,29.8323,0.4712062585000004
1541.887,528,259,29.6037,0.47142828625000077
1541.958,528,241,27.5463,0.47197156050000183
1542.359,528,250,28.575,0.47515449800000054
1542.36,528,250,28.575,0.47516243550000037
1542.465,528,257,29.3751,0.4760192092500005
1542.559,528,250,28.575,0.47676533425000095
1542.665,528,258,29.4894,0.4776336332500009
1542.712,528,240,27.432,0.4779917732500011
1542.757,528,250,28.575,0.47834896075000166
1542.86,528,256,29.2608,0.4791861447500003
1543.059,528,240,27.432,0.48070252475000086
1543.088,528,250,28.575,0.48093271225000084
1543.356,528,240,27.432,0.4829748722500011
1543.456,528,250,28.575,0.48376862225000034
1543.565,528,250,28.575,0.48463380975000153
1543.568,528,255,29.1465,0.48465809850000097
1543.659,528,250,28.575,0.48538041100000195
1543.671,528,259,29.6037,0.4854790900000015
1543.704,528,231,26.403299999999998,0.4857211202500008
1544.056,528,231,26.403299999999998,0.48830277625000146
1544.159,528,240,27.432,0.48908763625000196
1544.556,528,250,28.575,0.49223882375000144
1544.559,528,250,28.575,0.4922626362500009
1544.665,528,252,28.8036,0.49311074225000084
1544.715,528,239,27.3177,0.4934901547500005
1544.747,528,240,27.432,0.4937339947500017
1544.759,528,250,28.575,0.49382924475000123
1544.797,528,250,28.575,0.4941308697500013
1544.957,528,239,27.3177,0.4953449897500019
1545.058,528,230,26.289,0.4960825422500011
1545.358,528,240,27.432,0.49836854225000077
1545.464,528,250,28.575,0.49920991725000075
1545.465,528,250,28.575,0.4992178547500006
1545.558,528,240,27.432,0.49992651475000116
1545.657,528,250,28.575,0.5007123272500006
1545.716,528,230,26.289,0.5011431747500004
1545.757,528,250,28.575,0.5014686122500017
1546.058,528,230,26.289,0.5036666647500012
1546.457,528,230,26.289,0.506580362250002
1546.564,528,240,27.432,0.5073957022500019
1546.678,528,250,28.575,0.5083005772500021
1546.726,528,230,26.289,0.5086510972500021
1546.756,528,250,28.575,0.5088892222500019
1546.758,528,248,28.3464,0.5089049702500015
1546.759,528,250,28.575,0.5089129077500013
1546.767,528,240,27.432,0.5089738677500016
1546.767,528,240,27.432,0.5089738677500016
1546.961,528,230,26.289,0.5103905527500013
1547.158,528,230,26.289,0.5118291452500006
1547.555,528,240,27.432,0.5148542852500018
1547.557,528,230,26.289,0.5148688902500014
1547.562,528,240,27.432,0.5149069902500005
1547.742,528,230,26.289,0.5162214402500009
1547.761,528,245,28.0035,0.516369236500001
1547.797,528,240,27.432,0.5166435565000015
1547.859,528,250,28.575,0.5171356815000007
1547.956,528,230,26.289,0.5178440240000005
1548.164,528,230,26.289,0.5193629440000012
1548.457,528,230,26.289,0.5215025765000021
1548.463,528,240,27.432,0.521548296500001
1548.467,528,238,27.2034,0.521578522500002
1548.745,528,248,28.3464,0.5237674945000004
1548.777,528,230,26.289,0.5240011745000015
1548.856,528,240,27.432,0.5246031545000012
1548.866,528,248,28.3464,0.5246818945000011
1548.958,528,243,27.7749,0.5253916975000019
1549.075,528,230,26.289,0.5262460900000017
1549.167,528,230,26.289,0.5269179200000007
1549.563,528,239,27.3177,0.5299228670000021
1549.727,528,230,26.289,0.5311204770000021
1549.745,528,259,29.6037,0.5312684955000004
1549.757,528,232,26.517599999999998,0.5313568875000017
1549.757,528,236,26.9748,0.5313568875000017
1549.758,528,240,27.432,0.5313645075000015
1550.057,528,259,29.6037,0.5338232592500013
1550.157,528,250,28.575,0.5346170092500006
1550.167,528,230,26.289,0.5346900342500005
1550.461,528,230,26.289,0.5368369692500012
1550.657,528,237,27.0891,0.5383118202500006
1550.739,528,287,32.8041,0.5390590247500016
1550.76,528,235,26.8605,0.5392157110000012
1550.847,528,230,26.289,0.5398510285000011
1550.857,528,233,26.631899999999998,0.539925006000001
1551.054,528,287,32.8041,0.5417201192500021
1551.357,528,260,29.718,0.5442213842500011
1551.357,528,250,28.575,0.5442213842500011
1551.37,528,230,26.289,0.5443163167500005
1551.565,528,230,26.289,0.5457403042500016
1551.738,528,310,35.433,0.5474430567500017
1551.76,528,234,26.746199999999998,0.5476065057500012
1551.787,528,230,26.289,0.5478036732500016
1551.957,528,237,27.0891,0.5490828807500021
1552.056,528,310,35.433,0.5500572882500014
1552.076,528,260,29.718,0.5502223882500012
1552.156,528,290,33.147,0.5509589882500006
1552.366,528,230,26.289,0.5524925132500008
1552.564,528,230,26.289,0.5539384082500015
1552.657,528,230,26.289,0.5546175407500004
1552.687,528,250,28.575,0.5548556657500001
1552.728,528,300,34.29,0.5552461907500017
1552.757,528,232,26.517599999999998,0.5554598047500017
1552.955,528,300,34.29,0.5573457547500004
1553.354,528,260,29.718,0.5606394997500013
1553.355,528,310,35.433,0.5606493422500011
1553.455,528,290,33.147,0.5615700922500002
1553.468,528,234,26.746199999999998,0.5616666757500013
1553.662,528,230,26.289,0.563083360750001
1553.714,528,295,33.7185,0.5635704057500002
1553.763,528,230,26.289,0.56392822825
1553.947,528,250,28.575,0.5653887282499998
1553.955,528,295,33.7185,0.5654636582500001
1554.356,528,300,34.29,0.5692831832500007
1554.359,528,310,35.433,0.56931271075
1554.455,528,290,33.147,0.57019663075
1554.456,528,252,28.8036,0.5702046317499998
1554.555,528,260,29.718,0.5710218767500012
1554.562,528,240,27.432,0.57107521675
1554.756,528,230,26.289,0.5724919017500013
1554.954,528,286,32.6898,0.5742898407500001
1555.155,528,295,33.7185,0.5761724570000003
1555.452,528,300,34.29,0.5790013820000005
1555.555,528,310,35.433,0.5800151595000012
1555.557,528,255,29.1465,0.5800313520000008
1555.559,528,266,30.4038,0.5800482430000004
1555.655,528,292,33.3756,0.5809382590000004
1555.668,528,244,27.8892,0.5810389699999998
1555.711,528,289,33.0327,0.581433527250001
1556.155,528,289,33.0327,0.5855075602500006
1556.355,528,285,32.5755,0.587317310250001
1556.455,528,295,33.7185,0.5882539352500001
1556.557,528,309,35.3187,0.589254631750001
1556.7,528,281,32.1183,0.5905304420000013
1556.755,528,296,33.8328,0.5910473320000018
1556.767,528,300,34.29,0.5911616320000013
1556.856,528,275,31.4325,0.5919387132500008
1556.856,528,257,29.3751,0.5919387132500008
1556.952,528,281,32.1183,0.5927952012500008
1557.052,528,290,33.147,0.59371595125
1557.354,528,285,32.5755,0.5964486737500012
1557.553,528,307,35.0901,0.5983883765000019
1557.554,528,295,33.7185,0.5983977427500017
1557.655,528,299,34.1757,0.5993565610000006
1557.708,528,284,32.4612,0.5998344620000016
1557.755,528,302,34.5186,0.6002851215000018
1557.856,528,281,32.1183,0.6011862182500007
1557.959,528,284,32.4612,0.6021149692500013
1558.155,528,280,32.004,0.6038574092500005
1558.355,528,290,33.147,0.6056989092500009
1558.554,528,285,32.5755,0.6074996105000016
1558.555,528,295,33.7185,0.6075089767500014
1558.558,528,298,34.0614,0.6075373612500007
1558.711,528,285,32.5755,0.6089218200000008
1558.752,528,306,34.9758,0.6093201555000003
1558.855,528,304,34.7472,0.6103143115000009
1558.953,528,285,32.5755,0.6112010890000006
1559.16,528,285,32.5755,0.6130741802500016
1559.163,528,290,33.147,0.6131018027500009
1559.554,528,285,32.5755,0.6166398640000016
1559.754,528,293,33.4899,0.6185004139999999
1559.787,528,280,32.004,0.6187937840000011
1559.854,528,297,33.9471,0.6194255772500011
1559.861,528,302,34.5186,0.6194926967500017
1559.865,528,280,32.004,0.6195282567500009
1560.054,528,285,32.5755,0.6212384705000016
1560.164,528,285,32.5755,0.6222338330000007
1560.363,528,280,32.004,0.6240029430000013
1560.554,528,290,33.147,0.6257615755000016
1560.554,528,286,32.6898,0.6257615755000016
1560.652,528,290,33.147,0.6266639105000011
1560.716,528,280,32.004,0.6272328704999998
1560.955,528,296,33.8328,0.6294789925000001
1560.956,528,280,32.004,0.6294878824999999
1560.972,528,280,32.004,0.6296301225000005
1561.069,528,285,32.5755,0.6305078512500003
1561.36,528,285,32.5755,0.6331410374999997
1561.459,528,280,32.004,0.6340211475000012
1561.554,528,288,32.9184,0.6348898275000014
1561.711,528,280,32.004,0.6362855575000008
1561.854,528,287,32.8041,0.637588609250001
1561.952,528,288,32.9184,0.6384847212500007
1561.956,528,280,32.004,0.6385202812499998
1562.167,528,285,32.5755,0.6404295674999999
1562.353,528,280,32.004,0.6420831075000012
1562.353,528,280,32.004,0.6420831075000012
1562.459,528,285,32.5755,0.6430422750000011
1562.652,528,286,32.6898,0.644794811500001
1562.654,528,281,32.1183,0.6448126550000005
1562.7,528,275,31.4325,0.645214292500001
1562.757,528,288,32.9184,0.6457355005000011
1562.95,528,275,31.4325,0.6474206317500009
1562.953,528,280,32.004,0.6474473017500002
1563.353,528,280,32.004,0.651003301750001
1563.356,528,280,32.004,0.6510299717500003
1563.359,528,284,32.4612,0.6510570227499997
1563.465,528,285,32.5755,0.6520161902499996
1563.659,528,282,32.2326,0.6537531692500013
1563.71,528,275,31.4325,0.6541984630000006
1563.854,528,283,32.3469,0.6554923390000007
1563.955,528,275,31.4325,0.6563741952499997
1564.151,528,280,32.004,0.658116635250001
1564.353,528,280,32.004,0.659912415250001
1564.459,528,283,32.3469,0.660864851750001
1564.553,528,280,32.004,0.6617005117500014
1564.659,528,285,32.5755,0.6626596792500014
1564.687,528,275,31.4325,0.6629041542499995
1564.706,528,270,30.861,0.6630670317499995
1564.853,528,283,32.3469,0.6643878635000009
1565.053,528,270,30.861,0.6661023635000013
1565.161,528,280,32.004,0.6670624835000009
1565.45,528,280,32.004,0.6696316935000007
1565.452,528,275,31.4325,0.6696491560000003
1565.552,528,280,32.004,0.6705381559999994
1565.553,528,282,32.2326,0.6705471095000013
1565.698,528,270,30.861,0.6717901220000011
1565.762,528,285,32.5755,0.6723692419999997
1565.952,528,270,30.861,0.6739980170000002
1566.053,528,270,30.861,0.6748638395000012
1566.352,528,275,31.4325,0.677474483250001
1566.474,528,280,32.004,0.6785590632499996
1566.552,528,275,31.4325,0.6792401007499994
1566.552,528,280,32.004,0.6792401007499994
1566.552,528,280,32.004,0.6792401007499994
1566.659,528,281,32.1183,0.6801947280000011
1566.713,528,265,30.2895,0.6806490705
1566.955,528,265,30.2895,0.6826851979999997
1567.152,528,270,30.861,0.6843739805000008
1567.349,528,270,30.861,0.6860627629999998
1567.552,528,279,31.8897,0.6878609877499996
1567.555,528,275,31.4325,0.6878871815000009
1567.653,528,280,32.004,0.6887584015000006
1567.665,528,280,32.004,0.6888650815
1567.708,528,265,30.2895,0.689226872750001
1567.752,528,280,32.004,0.6896180327499999
1568.051,528,265,30.2895,0.6921337439999997
1568.451,528,270,30.861,0.6955627440000005
1568.555,528,275,31.4325,0.6964707940000009
1568.667,528,270,30.861,0.6974309139999997
1568.752,528,275,31.4325,0.69817307025
1568.752,528,278,31.7754,0.69817307025
1568.756,528,280,32.004,0.6982086302500011
1568.951,528,260,29.718,0.6998183552500006
1569.052,528,265,30.2895,0.7006681439999997
1569.357,528,265,30.2895,0.7032343377500002
1569.551,528,270,30.861,0.7048974027499999
1569.551,528,270,30.861,0.7048974027499999
1569.552,528,274,31.3182,0.7049061022499997
1569.705,528,255,29.1465,0.7061448284999999
1569.75,528,276,31.5468,0.7065391635000006
1569.752,528,275,31.4325,0.7065566260000001
1569.95,528,255,29.1465,0.7081596835000009
1570.066,528,260,29.718,0.7091172635000008
1570.454,528,265,30.2895,0.7123817985000002
1570.551,528,269,30.7467,0.71321025125
1570.551,528,270,30.861,0.71321025125
1570.706,528,255,29.1465,0.7144651699999999
1570.717,528,265,30.2895,0.7145577212500015
1570.852,528,272,31.0896,0.7157235812500015
1570.856,528,255,29.1465,0.7157559662500007
1570.949,528,275,31.4325,0.7165679725000014
1571.151,528,255,29.1465,0.7182034150000014
1571.557,528,265,30.2895,0.7216193975000009
1571.649,528,270,30.861,0.7224080674999999
1571.667,528,260,29.718,0.7225566575000001
1571.754,528,268,30.6324,0.7232969405
1571.757,528,265,30.2895,0.7233221817500014
1571.852,528,271,30.9753,0.7241395855000017
1571.859,528,259,29.6037,0.7241971482500004
1571.95,528,255,29.1465,0.7249339070000014
1572.163,528,255,29.1465,0.726658408250001
1572.356,528,260,29.718,0.7282516232500009
1572.457,528,264,30.1752,0.7290982052500019
1572.551,528,265,30.2895,0.7298890977500004
1572.707,528,251,28.6893,0.7311323007500018
1572.751,528,267,30.5181,0.7315052997500007
1572.849,528,270,30.861,0.7323454047500003
1572.953,528,251,28.6893,0.7331742067500007
1573.05,528,260,29.718,0.7339749417500006
1573.069,528,255,29.1465,0.7341287705000006
1573.452,528,260,29.718,0.737290435500001
1573.551,528,263,30.0609,0.7381171102500004
1573.704,528,250,28.575,0.7393315477500005
1573.717,528,255,29.1465,0.7394367990000017
1573.756,528,265,30.2895,0.7397649352500016
1574.05,528,250,28.575,0.7420985602500006
1574.162,528,255,29.1465,0.7430053402500013
1574.35,528,250,28.575,0.7444975902500003
1574.35,528,255,29.1465,0.7444975902500003
1574.447,528,260,29.718,0.7452983252500002
1574.556,528,259,29.6037,0.7461946595000014
1574.651,528,262,29.9466,0.7469849170000017
1574.699,528,250,28.575,0.7473659170000017
1574.851,528,265,30.2895,0.748644807000002
1574.946,528,250,28.575,0.7493988695000005
1575.147,528,250,28.575,0.7509943070000006
1575.353,528,250,28.575,0.7526294320000017
1575.45,528,255,29.1465,0.7534147682500015
1575.549,528,260,29.718,0.754232013250001
1575.556,528,257,29.3751,0.7542891315000015
1575.702,528,250,28.575,0.7554480065000012
1575.754,528,261,29.8323,0.7558789175000005
1575.757,528,255,29.1465,0.7559032062500017
1575.952,528,250,28.575,0.7574510187500012
1576.066,528,250,28.575,0.7583558937500015
1576.349,528,250,28.575,0.7606022062500006
1576.45,528,256,29.2608,0.7614231342500015
1576.549,528,250,28.575,0.762208946750001
1576.552,528,260,29.718,0.7622337117500003
1576.559,528,255,29.1465,0.7622903855000008
1576.703,528,240,27.432,0.7633876655000009
1576.75,528,256,29.2608,0.7637696815000011
1577.046,528,240,27.432,0.7660252015000015
1577.348,528,250,28.575,0.7684223265000008
1577.448,528,250,28.575,0.7692160765000018
1577.455,528,257,29.3751,0.7692731947500004
1577.647,528,250,28.575,0.7707971947500005
1577.649,528,250,28.575,0.7708130697500002
1577.662,528,255,29.1465,0.7709183210000013
1577.695,528,249,28.4607,0.7711792107500006
1577.749,528,258,29.4894,0.7716215517500014
1577.948,528,249,28.4607,0.7731947960000018
1578.149,528,240,27.432,0.7747264160000003
1578.548,528,250,28.575,0.7778934785000011
1578.549,528,250,28.575,0.777901416000001
1578.549,528,255,29.1465,0.777901416000001
1578.55,528,258,29.4894,0.7779096075000007
1578.647,528,250,28.575,0.7786795450000006
1578.649,528,250,28.575,0.7786954200000002
1578.702,528,241,27.5463,0.7791009627500011
1578.952,528,241,27.5463,0.7810139002500011
1579.064,528,250,28.575,0.7819029002500016
1579.346,528,240,27.432,0.7840517402500011
1579.452,528,250,28.575,0.784893115250001
1579.548,528,250,28.575,0.7856551152500011
1579.554,528,250,28.575,0.7857027402500018
1579.65,528,259,29.6037,0.7864921722500018
1579.704,528,240,27.432,0.7869036522500007
1579.747,528,253,28.9179,0.7872490605000017
1579.85,528,250,28.575,0.7880666230000004
1579.95,528,240,27.432,0.7888286230000014
1580.159,528,240,27.432,0.790421203000002
1580.354,528,250,28.575,0.7919690155000014
1580.648,528,249,28.4607,0.7942933060000004
1580.694,528,240,27.432,0.7946438260000007
1580.697,528,240,27.432,0.7946666860000002
1580.748,528,250,28.575,0.7950714985000015
1580.749,528,250,28.575,0.7950794360000013
1580.849,528,250,28.575,0.7958731860000006
1580.857,528,240,27.432,0.7959341460000009
1581.054,528,240,27.432,0.7974352860000018
1581.347,528,240,27.432,0.799667946000001
1581.454,528,250,28.575,0.8005172585000008
1581.548,528,240,27.432,0.8012335385000011
1581.548,528,247,28.2321,0.8012335385000011
1581.548,528,250,28.575,0.8012335385000011
1581.706,528,240,27.432,0.8024374985000003
1581.849,528,250,28.575,0.8035725610000006
1581.856,528,240,27.432,0.8036259010000011
1582.066,528,240,27.432,0.8052261010000014
1582.157,528,240,27.432,0.8059195210000005
1582.447,528,240,27.432,0.8081293210000002
1582.547,528,250,28.575,0.8089230710000013
1582.554,528,242,27.6606,0.8089768555000018
1582.7,528,240,27.432,0.8100893755000015
1582.848,528,244,27.8892,0.8112359315000008
1582.946,528,250,28.575,0.8120138065000005
1583.044,528,240,27.432,0.812760566500002
1583.159,528,240,27.432,0.813636866500002
1583.547,528,240,27.432,0.8165934265000014
1583.547,528,244,27.8892,0.8165934265000014
1583.627,528,240,27.432,0.8172030265000009
1583.651,528,248,28.3464,0.8173920025000018
1583.687,528,240,27.432,0.8176663225000005
1583.699,528,240,27.432,0.8177577625000018
1583.751,528,242,27.6606,0.818157304500001
1583.943,528,240,27.432,0.8196203445000011
1584.069,528,240,27.432,0.8205804645000009
1584.357,528,240,27.432,0.822775024500001
1584.547,528,240,27.432,0.8242228245000014
1584.56,528,245,28.0035,0.8243239482500008
1584.597,528,240,27.432,0.824605888250001
1584.699,528,240,27.432,0.8253831282500017
1584.717,528,240,27.432,0.8255202882500019
1584.949,528,240,27.432,0.8272881282500016
1585.066,528,240,27.432,0.8281796682500013
1585.147,528,240,27.432,0.8287968882500006
1585.353,528,240,27.432,0.8303666082500016
1585.547,528,240,27.432,0.8318448882500014
1585.587,528,240,27.432,0.8321496882500011
1585.656,528,240,27.432,0.8326754682500008
1585.7,528,240,27.432,0.8330107482500015
1585.851,528,243,27.7749,0.8341757510000021
1586.046,528,240,27.432,0.8356616510000016
1586.346,528,240,27.432,0.8379476510000012
1586.346,528,240,27.432,0.8379476510000012
1586.456,528,240,27.432,0.8387858510000005
1586.553,528,240,27.432,0.839524991000002
1586.677,528,240,27.432,0.8404698710000005
1586.756,528,240,27.432,0.8410718510000018
1586.945,528,240,27.432,0.8425120310000007
1587.146,528,240,27.432,0.8440436510000009
1587.346,528,240,27.432,0.8455676510000012
1587.446,528,240,27.432,0.8463296510000005
1587.546,528,240,27.432,0.8470916510000015
1587.546,528,240,27.432,0.8470916510000015
1587.553,528,240,27.432,0.847144991000002
1587.7,528,240,27.432,0.8482651310000014
1587.747,528,240,27.432,0.8486232710000017
1587.945,528,240,27.432,0.8501320310000007
1588.343,528,240,27.432,0.8531647910000018
1588.545,528,240,27.432,0.8547040310000017
1588.549,528,240,27.432,0.854734511000001
1588.646,528,240,27.432,0.8554736510000008
1588.647,528,240,27.432,0.8554812710000007
1588.652,528,240,27.432,0.8555193710000015
1588.677,528,240,27.432,0.8557098710000005
1588.703,528,240,27.432,0.855907991000001
1589.043,528,240,27.432,0.8584987910000004
1589.154,528,240,27.432,0.8593446110000011
1589.345,528,240,27.432,0.8608000310000014
1589.643,528,240,27.432,0.8630707910000014
1589.646,528,240,27.432,0.8630936510000009
1589.677,528,240,27.432,0.8633298710000005
1589.746,528,240,27.432,0.863855651000002
1589.846,528,240,27.432,0.8646176510000012
1589.942,528,240,27.432,0.8653491710000012
1590.146,528,240,27.432,0.8669036510000008
1590.345,528,240,27.432,0.8684200310000013
1590.543,528,240,27.432,0.8699287910000003
1590.545,528,240,27.432,0.8699440310000017
1590.545,528,240,27.432,0.8699440310000017
1590.701,528,235,26.8605,0.8711079860000014
1590.746,528,240,27.432,0.871450886000002
1590.946,528,240,27.432,0.8729748860000006
1590.95,528,235,26.8605,0.8730047310000016
1591.155,528,240,27.432,0.8745668310000011
1591.345,528,240,27.432,0.8760146310000015
1591.442,528,240,27.432,0.8767537710000014
1591.545,528,240,27.432,0.877538631000002
1591.645,528,240,27.432,0.8783006310000012
1591.696,528,235,26.8605,0.8786811547500007
1591.843,528,240,27.432,0.879801294750002
1591.845,528,240,27.432,0.8798165347500017
1591.944,528,235,26.8605,0.8805551985000012
1592.145,528,235,26.8605,0.8820549097500013
1592.645,528,240,27.432,0.8858649097500013
1592.645,528,240,27.432,0.8858649097500013
1592.667,528,240,27.432,0.8860325497500008
1592.667,528,240,27.432,0.8860325497500008
1592.695,528,235,26.8605,0.886241464750001
1592.745,528,240,27.432,0.8866224647500006
1592.749,528,240,27.432,0.8866529447500017
1592.856,528,235,26.8605,0.8874512985000015
1593.051,528,235,26.8605,0.888906242250001
1593.345,528,240,27.432,0.8911465222500018
1593.444,528,240,27.432,0.8919009022500013
1593.545,528,240,27.432,0.8926705222500022
1593.607,528,235,26.8605,0.8931331197500014
1593.698,528,235,26.8605,0.8938120935000023
1593.749,528,240,27.432,0.8942007135000019
1593.843,528,240,27.432,0.8949169935000022
1593.944,528,235,26.8605,0.8956705797500013
1594.045,528,235,26.8605,0.8964241660000022
1594.06,528,235,26.8605,0.8965360847500012
1594.345,528,235,26.8605,0.8986625410000019
1594.544,528,239,27.3177,0.9001726027500024
1594.645,528,240,27.432,0.9009422227500016
1594.701,528,230,26.289,0.9013511627500018
1594.745,528,240,27.432,0.9016864427500009
1594.845,528,240,27.432,0.9024484427500019
1595.041,528,230,26.289,0.9038797327500012
1595.148,528,235,26.8605,0.904678086500001
1595.344,528,235,26.8605,0.9061404915000021
1595.444,528,235,26.8605,0.9068866165000015
1595.597,528,235,26.8605,0.9080281877500016
1595.642,528,240,27.432,0.9083710877500022
1595.644,528,238,27.2034,0.9083862007500019
1595.703,528,230,26.289,0.9088170482500016
1595.845,528,240,27.432,0.9098990882500021
1595.943,528,230,26.289,0.9106147332500018
1596.343,528,230,26.289,0.9135357332500024
1596.344,528,235,26.8605,0.9135431945000022
1596.35,528,235,26.8605,0.9135879620000011
1596.443,528,235,26.8605,0.9142818582500017
1596.45,528,235,26.8605,0.9143340870000022
1596.719,528,239,27.3177,0.9163753262500022
1596.744,528,237,27.0891,0.9165634450000012
1596.845,528,240,27.432,0.9173330650000021
1597.044,528,239,27.3177,0.9188431267500027
1597.34,528,230,26.289,0.9210046667500014
1597.341,528,230,26.289,0.9210119692500012
1597.344,528,235,26.8605,0.9210343530000024
1597.441,528,235,26.8605,0.9217580942500022
1597.45,528,235,26.8605,0.9218252455000023
1597.644,528,235,26.8605,0.923272728000002
1597.658,528,240,27.432,0.9233794080000013
1597.723,528,240,27.432,0.9238747080000017
1597.744,528,236,26.9748,0.9240320610000013
1598.041,528,240,27.432,0.9262952010000015
1598.153,528,240,27.432,0.9271486410000022
1598.341,528,235,26.8605,0.9285513560000013
1598.442,528,235,26.8605,0.9293049422500022
1598.446,528,230,26.289,0.9293341522500015
1598.55,528,235,26.8605,0.9301101222500018
1598.707,528,230,26.289,0.9312566147500029
1598.727,528,260,29.718,0.9314217147500027
1598.744,528,235,26.8605,0.9315485560000014
1598.852,528,260,29.718,0.9324400960000029
1599.343,528,240,27.432,0.9361815160000028
1599.442,528,240,27.432,0.9369358960000023
1599.449,528,230,26.289,0.9369870135000027
1599.449,528,234,26.746199999999998,0.9369870135000027
1599.543,528,230,26.289,0.9376734485000014
1599.544,528,235,26.8605,0.937680909750003
1599.65,528,235,26.8605,0.9384718022500029
1599.726,528,273,31.2039,0.9391305512500031
1600.042,528,273,31.2039,0.9418695602500015
1600.343,528,260,29.718,0.9443543152500028
1600.442,528,240,27.432,0.9451086952500023
1600.549,528,230,26.289,0.9458900627500021
1600.587,528,240,27.432,0.9461796227500022
1600.644,528,235,26.8605,0.9466049140000024
1600.725,528,302,34.5186,0.9473815825000014
1600.743,528,230,26.289,0.9475130275000015
1600.743,528,232,26.517599999999998,0.9475130275000015
1601.042,528,302,34.5186,0.9503799890000013
1601.146,528,275,31.4325,0.9512880390000017
1601.441,528,260,29.718,0.9537232640000023
1601.54,528,240,27.432,0.9544776440000018
1601.64,528,240,27.432,0.9552396440000028
1601.643,528,232,26.517599999999998,0.9552617420000024
1601.716,528,314,35.8902,0.955989515500001
1601.746,528,230,26.289,0.9562085905000025
1601.941,528,314,35.8902,0.9581526430000019
1601.943,528,231,26.403299999999998,0.9581673115000016
1602.342,528,275,31.4325,0.9616510802500026
1602.345,528,260,29.718,0.9616758452500019
1602.442,528,242,27.6606,0.9624211447500017
1602.577,528,305,34.8615,0.9637284510000016
1602.698,528,305,34.8615,0.9649001847500025
1602.742,528,240,27.432,0.9652354647500015
1602.84,528,235,26.8605,0.9659666672500012
1602.94,528,305,34.8615,0.9669350422500026
1602.943,528,230,26.289,0.9669569497500021
1603.056,528,315,36.0045,0.9680870910000027
1603.341,528,305,34.8615,0.9708469597500012
1603.445,528,275,31.4325,0.9717550097500016
1603.641,528,260,29.718,0.9733729897500027
1603.648,528,240,27.432,0.9734263297500015
1603.697,528,310,35.433,0.9739086122500014
1603.742,528,246,28.1178,0.9742600847500019
1603.742,528,237,27.0891,0.9742600847500019
1603.847,528,310,35.433,0.9752935472500021
1604.141,528,305,34.8615,0.978140569750003
1604.341,528,305,34.8615,0.9800773197500012
1604.345,528,275,31.4325,0.9801122447500024
1604.577,528,315,36.0045,0.982432534750002
1604.641,528,263,30.0609,0.9829669507500027
1604.842,528,252,28.8036,0.9845751517500029
1604.85,528,300,34.29,0.9846513517500011
1604.941,528,310,35.433,0.9855470192500023
1604.942,528,240,27.432,0.9855546392500022
1605.154,528,305,34.8615,0.9876075942500021
1605.347,528,315,36.0045,0.989537835500002
1605.45,528,305,34.8615,0.9905352617500026
1605.645,528,281,32.1183,0.992275003000002
1605.697,528,309,35.3187,0.9927851620000011
1605.739,528,267,30.5181,0.9931412065000024
1605.742,528,256,29.2608,0.9931655905000017
1605.943,528,309,35.3187,0.9951375512500019
1606.06,528,310,35.433,0.9962891237500016
1606.141,528,300,34.29,0.9970606487500028
1606.446,528,314,35.8902,1.0001013462500012
1606.55,528,307,35.0901,1.0011150602500016
1606.627,528,305,34.8615,1.0018607090000016
1606.694,528,301,34.4043,1.0025010112500017
1606.741,528,290,33.147,1.002933763750002
1606.941,528,270,30.861,1.0046482637500023
1607.04,528,301,34.4043,1.0055943820000017
1607.148,528,310,35.433,1.0066573720000012
1607.34,528,310,35.433,1.0085471320000012
1607.34,528,300,34.29,1.0085471320000012
1607.341,528,305,34.8615,1.0085568157500011
1607.547,528,312,35.6616,1.0105974517500025
1607.686,528,309,35.3187,1.0119611460000015
1607.741,528,310,35.433,1.012502483500002
1607.841,528,296,33.8328,1.0134422835000012
1607.937,528,309,35.3187,1.0143841155000013
1608.038,528,300,34.29,1.0153461405000024
1608.343,528,310,35.433,1.018348103000003
1608.441,528,306,34.9758,1.0193002220000025
1608.54,528,300,34.29,1.0202431970000019
1608.641,528,309,35.3187,1.021234082750003
1608.667,528,309,35.3187,1.0214891622500015
1608.696,528,301,34.4043,1.0217663080000015
1608.841,528,312,35.6616,1.0232026780000012
1608.942,528,301,34.4043,1.0241679097500023
1609.138,528,300,34.29,1.0260348097500014
1609.14,528,310,35.433,1.0260544947500032
1609.353,528,307,35.0901,1.0281306590000028
1609.539,528,310,35.433,1.029961364000002
1609.544,528,300,34.29,1.030008989000003
1609.554,528,308,35.2044,1.030106779000003
1609.696,528,300,34.29,1.0314593290000011
1609.741,528,307,35.0901,1.0318979552500018
1610.037,528,300,34.29,1.0347173552500022
1610.339,528,300,34.29,1.0375939052500014
1610.439,528,310,35.433,1.0385781552500026
1610.441,528,305,34.8615,1.0385975227500022
1610.543,528,310,35.433,1.0396014577500008
1610.547,528,300,34.29,1.0396395577500022
1610.652,528,309,35.3187,1.0406696865000022
1610.686,528,300,34.29,1.0409935365000011
1610.74,528,302,34.5186,1.041511315500002
1610.938,528,300,34.29,1.0433972655000028
1611.039,528,300,34.29,1.0443592905000016
1611.539,528,300,34.29,1.0491217905000016
1611.539,528,310,35.433,1.0491217905000016
1611.547,528,300,34.29,1.049197990500002
1611.547,528,302,34.5186,1.049197990500002
1611.637,528,308,35.2044,1.050078100500001
1611.692,528,295,33.7185,1.0505932442500017
1611.74,528,305,34.8615,1.0510580642500016
1611.941,528,295,33.7185,1.052940680500002
1612.149,528,300,34.29,1.0549218805000005
1612.336,528,300,34.29,1.0567030555000017
1612.538,528,300,34.29,1.0586271055000016
1612.539,528,310,35.433,1.0586369480000013
1612.539,528,302,34.5186,1.0586369480000013
1612.641,528,300,34.29,1.0596084980000022
1612.695,528,290,33.147,1.060105703000001
1612.738,528,307,35.0901,1.060524834750002
1612.84,528,305,34.8615,1.0615125772500007
1613.039,528,290,33.147,1.0633448697500014
1613.148,528,295,33.7185,1.0643657910000006
1613.338,528,300,34.29,1.0661755410000011
1613.547,528,300,34.29,1.0681662660000018
1613.638,528,300,34.29,1.0690330410000008
1613.684,528,285,32.5755,1.0694492835000013
1613.739,528,308,35.2044,1.069987128500002
1613.739,528,304,34.7472,1.069987128500002
1613.743,528,303,34.6329,1.0700256095000011
1613.847,528,285,32.5755,1.0709666795000015
1614.045,528,290,33.147,1.0727897645000024
1614.444,528,300,34.29,1.0765902395000013
1614.538,528,300,34.29,1.0774855895000017
1614.538,528,300,34.29,1.0774855895000017
1614.539,528,305,34.8615,1.0774952732500016
1614.597,528,295,33.7185,1.0780385157500016
1614.692,528,280,32.004,1.078883065750002
1614.839,528,307,35.0901,1.0803159115000014
1614.848,528,280,32.004,1.0803959215000014
1615.056,528,285,32.5755,1.0822780615000023
1615.148,528,290,33.147,1.083125151500001
1615.438,528,295,33.7185,1.0858413640000029
1615.538,528,299,34.1757,1.086790689000002
1615.638,528,300,34.29,1.087743189000001
1615.693,528,271,30.9753,1.0882164227500017
1615.839,528,300,34.29,1.0896070727500013
1615.937,528,303,34.6329,1.090549857250001
1616.035,528,271,30.9753,1.0913930737500026
1616.146,528,290,33.147,1.0924151062500014
1616.15,528,285,32.5755,1.0924513012500026
1616.537,528,280,32.004,1.095891731250002
1616.538,528,295,33.7185,1.0959010975000019
1616.638,528,300,34.29,1.0968535975000009
1616.641,528,298,34.0614,1.0968819820000024
1616.695,528,265,30.2895,1.0973363245000012
1616.742,528,300,34.29,1.0977839995000014
1616.934,528,265,30.2895,1.0993994395000015
1617.347,528,290,33.147,1.1032021370000016
1617.527,528,270,30.861,1.1047451870000022
1617.538,528,294,33.6042,1.1048478665000019
1617.567,528,280,32.004,1.1051056765000018
1617.627,528,285,32.5755,1.1056486015000013
1617.641,528,297,33.9471,1.1057806180000025
1617.69,528,255,29.1465,1.1061773342500023
1617.836,528,300,34.29,1.107567984250002
1617.94,528,255,29.1465,1.1084099942500023
1618.056,528,270,30.861,1.1094044042500022
1618.135,528,265,30.2895,1.1100690905000017
1618.344,528,285,32.5755,1.1119602792500023
1618.497,528,280,32.004,1.1133204492500024
1618.537,528,289,33.0327,1.113687479250002
1618.647,528,292,33.3756,1.1147072892500012
1618.689,528,260,29.718,1.1150539992500024
1618.735,528,296,33.8328,1.1154863072500008
1619.037,528,260,29.718,1.1179793172500019
1619.337,528,280,32.004,1.1206463172500014
1619.447,528,284,32.4612,1.1216381872500005
1619.527,528,255,29.1465,1.122285887250002
1619.527,528,265,30.2895,1.122285887250002
1619.527,528,270,30.861,1.122285887250002
1619.543,528,288,32.9184,1.1224321912500006
1619.687,528,245,28.0035,1.1235523312500006
1619.744,528,291,33.2613,1.1240789685000008
1619.935,528,245,28.0035,1.125564709750001
1620.14,528,260,29.718,1.1272569847500022
1620.336,528,255,29.1465,1.1288438497500015
1620.437,528,278,31.7754,1.1297353262500005
1620.536,528,265,30.2895,1.1305682875000018
1620.537,528,282,32.2326,1.1305772410000017
1620.537,528,270,30.861,1.1305772410000017
1620.692,528,245,28.0035,1.1317829472500014
1620.737,528,286,32.6898,1.132191569750002
1620.935,528,245,28.0035,1.133731762250001
1621.333,528,245,28.0035,1.136827704750002
1621.333,528,260,29.718,1.136827704750002
1621.436,528,255,29.1465,1.1376616185000006
1621.539,528,264,30.1752,1.138524964500001
1621.637,528,281,32.1183,1.1393992960000008
1621.637,528,275,31.4325,1.1393992960000008
1621.68,528,236,26.9748,1.1397214950000016
1621.737,528,269,30.7467,1.1402083177500018
1622.034,528,236,26.9748,1.1424337387500019
1622.342,528,260,29.718,1.1449762787500017
1622.517,528,245,28.0035,1.1463375600000014
1622.536,528,255,29.1465,1.1464913887500014
1622.577,528,245,28.0035,1.146810317500001
1622.692,528,235,26.8605,1.1476683612500012
1622.736,528,262,29.9466,1.148034375250002
1622.737,528,273,31.2039,1.1480430430000017
1622.74,528,267,30.5181,1.1480684747500012
1622.935,528,235,26.8605,1.1495234185000007
1623.136,528,235,26.8605,1.1510231297500009
1623.336,528,245,28.0035,1.1525788797500012
1623.435,528,258,29.4894,1.1533898382500005
1623.442,528,256,29.2608,1.153446734250001
1623.535,528,245,28.0035,1.1541701580000017
1623.688,528,230,26.289,1.1552874405000018
1623.836,528,259,29.6037,1.156504481500001
1623.937,528,266,30.4038,1.157357477
1623.938,528,230,26.289,1.1573647795000015
1624.14,528,245,28.0035,1.1589360870000014
1624.145,528,235,26.8605,1.1589733932500006
1624.339,528,235,26.8605,1.1604208757500003
1624.435,528,245,28.0035,1.1611676357500003
1624.635,528,255,29.1465,1.1627868857500006
1624.686,528,221,25.2603,1.1631447400000001
1624.736,528,258,29.4894,1.1635543150000016
1624.736,528,257,29.3751,1.1635543150000016
1624.934,528,221,25.2603,1.1649436315000006
1625.039,528,230,26.289,1.1657103940000006
1625.441,528,235,26.8605,1.168709816500001
1625.507,528,235,26.8605,1.169202259000001
1625.533,528,245,28.0035,1.1694045064999998
1625.639,528,251,28.6893,1.1702492469999999
1625.71,528,220,25.146,1.1707451820000008
1625.735,528,245,28.0035,1.1709396507499996
1625.809,528,220,25.146,1.1714565407500002
1625.836,528,259,29.6037,1.1716785685000006
1626.05,528,220,25.146,1.1731733585000002
1626.434,528,235,26.8605,1.1760384785000002
1626.435,528,243,27.7749,1.17604619375
1626.441,528,235,26.8605,1.1760909612500006
1626.507,528,230,26.289,1.1765729262500009
1626.719,528,220,25.146,1.1780537462500007
1626.833,528,248,28.3464,1.178951382250001
1626.833,528,245,28.0035,1.178951382250001
1626.934,528,220,25.146,1.1796568672500003
1627.034,528,220,25.146,1.1803553672500013
1627.134,528,220,25.146,1.1810538672500006
1627.444,528,235,26.8605,1.1833668547500003
1627.497,528,230,26.289,1.183753887250001
1627.641,528,235,26.8605,1.1848283072500012
1627.716,528,229,26.1747,1.1853736135
1627.735,528,241,27.5463,1.18551899675
1627.735,528,245,28.0035,1.18551899675
1628.032,528,229,26.1747,1.1876784095000001
1628.058,528,220,25.146,1.1878600195000006
1628.138,528,220,25.146,1.1884188195
1628.434,528,230,26.289,1.1905803595000004
1628.538,528,234,26.746199999999998,1.1913530275000008
1628.557,528,220,25.146,1.191485742500001
1628.722,528,248,28.3464,1.1927849525000007
1628.741,528,235,26.8605,1.1929267162500008
1628.835,528,238,27.2034,1.1936370272500012
1628.931,528,248,28.3464,1.1943929312500012
1629.333,528,230,26.289,1.1973285362500015
1629.334,528,220,25.146,1.1973355212500012
1629.348,528,220,25.146,1.1974333112500004
1629.433,528,220,25.146,1.1980270362500007
1629.44,528,228,26.0604,1.1980777092500012
1629.726,528,250,28.575,1.2003478342500018
1629.838,528,235,26.8605,1.2011834942500006
1630.033,528,250,28.575,1.20273130675
1630.134,528,250,28.575,1.203532994250001
1630.334,528,230,26.289,1.2049934942500014
1630.431,528,220,25.146,1.2056710392500012
1630.433,528,220,25.146,1.2056850092500009
1630.533,528,220,25.146,1.2063835092500002
1630.634,528,226,25.8318,1.207108234750001
1630.719,528,259,29.6037,1.2078072110000013
1630.734,528,231,26.403299999999998,1.2079172247500003
1630.932,528,259,29.6037,1.209545428250001
1631.331,528,220,25.146,1.2123324432500002
1631.331,528,230,26.289,1.2123324432500002
1631.333,528,250,28.575,1.2123483182500017
1631.433,528,250,28.575,1.213142068250001
1631.434,528,220,25.146,1.2131490532500007
1631.54,528,220,25.146,1.2138894632500006
1631.724,528,265,30.2895,1.2154375932500003
1631.734,528,223,25.4889,1.2155083957500004
1631.932,528,265,30.2895,1.2171743182500012
1632.333,528,260,29.718,1.2204845732500018
1632.333,528,250,28.575,1.2204845732500018
1632.432,528,250,28.575,1.2212703857500014
1632.531,528,222,25.3746,1.2219681872500008
1632.533,528,220,25.146,1.2219821572500005
1632.539,528,230,26.289,1.222025972250001
1632.643,528,220,25.146,1.2227524122500013
1632.72,528,283,32.3469,1.2234442765000013
1632.935,528,283,32.3469,1.2253761052500005
1633.049,528,265,30.2895,1.2263352727500008
1633.43,528,260,29.718,1.2294804277500015
1633.533,528,250,28.575,1.2302979902500002
1633.633,528,225,25.7175,1.2310123652500011
1633.633,528,220,25.146,1.2310123652500011
1633.633,528,250,28.575,1.2310123652500011
1633.633,528,234,26.746199999999998,1.2310123652500011
1633.718,528,289,33.0327,1.2317923040000014
1634.033,528,289,33.0327,1.2346826652499998
1634.332,528,265,30.2895,1.2371983765000016
1634.333,528,250,28.575,1.2372063140000014
1634.537,528,285,32.5755,1.2390522590000008
1634.537,528,260,29.718,1.2390522590000008
1634.704,528,290,33.147,1.2405899115
1634.732,528,250,28.575,1.2408121615000003
1634.833,528,240,27.432,1.2415817815000012
1634.931,528,290,33.147,1.242484116500001
1634.933,528,227,25.9461,1.2424985310000005
1635.139,528,290,33.147,1.2443952759999997
1635.338,528,285,32.5755,1.2461959772500002
1635.532,528,265,30.2895,1.2478282447499998
1635.632,528,260,29.718,1.2486537447500008
1635.689,528,299,34.1757,1.249194860000001
1635.73,528,252,28.8036,1.2495229010000004
1635.732,528,250,28.575,1.249538776
1635.831,528,244,27.8892,1.2503057289999995
1635.932,528,299,34.1757,1.2512645472500006
1636.047,528,290,33.147,1.2523234097500007
1636.33,528,285,32.5755,1.2548842059999998
1636.331,528,290,33.147,1.2548934134999996
1636.532,528,265,30.2895,1.2565845772499997
1636.535,528,261,29.8323,1.256609437500001
1636.682,528,291,33.2613,1.2579676072500003
1636.833,528,255,29.1465,1.2591901410000008
1636.84,528,291,33.2613,1.2592548157499992
1636.93,528,250,28.575,1.2599691907500004
1637.032,528,300,34.29,1.260940740749999
1637.145,528,290,33.147,1.2619811882499996
1637.431,528,290,33.147,1.26461453325
1637.535,528,285,32.5755,1.2655556032500004
1637.687,528,290,33.147,1.2669551432499986
1637.732,528,269,30.7467,1.2673394769999993
1637.832,528,263,30.0609,1.2681745020000004
1637.832,528,257,29.3751,1.2681745020000004
1637.931,528,290,33.147,1.2690860444999998
1638.031,528,290,33.147,1.270006794499999
1638.138,528,300,34.29,1.2710259694999988
1638.337,528,290,33.147,1.2728582619999995
1638.437,528,290,33.147,1.2737790119999988
1638.532,528,286,32.6898,1.274641659499999
1638.688,528,280,32.004,1.2760284995000006
1638.729,528,275,31.4325,1.27638648075
1638.932,528,264,30.1752,1.2780880267499999
1639.031,528,280,32.004,1.2789681367499992
1639.057,528,290,33.147,1.2792075317499998
1639.141,528,300,34.29,1.2800076317500004
1639.437,528,290,33.147,1.2827330517499989
1639.632,528,290,33.147,1.2845285142500003
1639.641,528,279,31.8897,1.2846082385000004
1639.682,528,280,32.004,1.2849727284999999
1639.738,528,287,32.8041,1.2854830145000002
1640.028,528,280,32.004,1.2880611144999998
1640.131,528,280,32.004,1.2889767845000004
1640.467,528,290,33.147,1.2920705045000005
1640.467,528,290,33.147,1.2920705045000005
1640.531,528,292,33.3756,1.292663848499999
1640.607,528,300,34.29,1.2933877484999992
1640.731,528,290,33.147,1.2945294784999994
1640.837,528,288,32.9184,1.2954987424999993
1640.929,528,280,32.004,1.2963166225000002
1641.33,528,280,32.004,1.2998815124999987
1641.332,528,290,33.147,1.2998999275000003
1641.437,528,298,34.0614,1.3008933849999984
1641.457,528,280,32.004,1.3010711850000003
1641.53,528,290,33.147,1.301743332499999
1641.637,528,295,33.7185,1.3027455212499988
1641.686,528,271,30.9753,1.3031671294999985
1641.831,528,290,33.147,1.3045022169999982
1642.031,528,271,30.9753,1.3062230669999986
1642.327,528,280,32.004,1.308854506999999
1642.33,528,280,32.004,1.3088811769999984
1642.33,528,280,32.004,1.3088811769999984
1642.532,528,290,33.147,1.3107410919999984
1642.536,528,296,33.8328,1.3107786839999997
1642.63,528,289,33.0327,1.3116412045000003
1642.643,528,297,33.9471,1.3117637912499995
1642.675,528,274,31.3182,1.3120421752499989
1643.13,528,270,30.861,1.3159426627500002
1643.497,528,280,32.004,1.3192052927499998
1643.527,528,280,32.004,1.3194719927499996
1643.63,528,287,32.8041,1.3204105545000002
1643.631,528,290,33.147,1.320419762
1643.636,528,293,33.4899,1.320466275749999
1643.693,528,270,30.861,1.3209549082499992
1643.929,528,270,30.861,1.3229780182500002
1644.329,528,275,31.4325,1.326470518249999
1644.329,528,270,30.861,1.326470518249999
1644.435,528,280,32.004,1.3274128582499989
1644.528,528,284,32.4612,1.3282514392499996
1644.529,528,280,32.004,1.3282603292499993
1644.529,528,280,32.004,1.3282603292499993
1644.628,528,290,33.147,1.3291718717499987
1644.686,528,274,31.3182,1.3296764427499987
1645.029,528,274,31.3182,1.3326603712499994
1645.14,528,275,31.4325,1.3336295400000002
1645.477,528,270,30.861,1.3365184725
1645.487,528,270,30.861,1.3366041975
1645.529,528,280,32.004,1.3369775774999992
1645.629,528,280,32.004,1.3378665774999985
1645.63,528,282,32.2326,1.3378755310000003
1645.679,528,260,29.718,1.338280026
1645.729,528,280,32.004,1.3387245259999996
1645.931,528,260,29.718,1.3403920359999997
1646.129,528,275,31.4325,1.3421208234999984
1646.526,528,270,30.861,1.3455241059999998
1646.528,528,275,31.4325,1.3455415684999994
1646.533,528,278,31.7754,1.3455857009999983
1646.547,528,270,30.861,1.3457057159999994
1646.685,528,269,30.7467,1.3468843394999988
1646.729,528,280,32.004,1.3472754994999996
1646.829,528,280,32.004,1.3481644994999988
1646.84,528,269,30.7467,1.3482584477499986
1647.134,528,260,29.718,1.3506854177499994
1647.429,528,275,31.4325,1.3532611365
1647.434,528,270,30.861,1.353303998999999
1647.477,528,275,31.4325,1.35367944275
1647.629,528,271,30.9753,1.3549872887499985
1647.681,528,261,29.8323,1.3554181997499997
1647.827,528,275,31.4325,1.3566929622499992
1647.829,528,280,32.004,1.3567107422499989
1647.837,528,261,29.8323,1.3567770362499991
1648.034,528,270,30.861,1.35846581875
1648.138,528,260,29.718,1.3593243387499985
1648.328,528,275,31.4325,1.360983276249999
1648.534,528,270,30.861,1.3627492112500001
1648.629,528,272,31.0896,1.3635696312499985
1648.682,528,255,29.1465,1.3639987324999994
1649.025,528,255,29.1465,1.3667757462499999
1649.028,528,260,29.718,1.3668005112499992
1649.134,528,270,30.861,1.3677091962499992
1649.507,528,273,31.2039,1.3709422669999995
1649.567,528,260,29.718,1.3714375669999992
1649.628,528,271,30.9753,1.3719624262499985
1649.678,528,250,28.575,1.37235930125
1649.829,528,273,31.2039,1.3736681314999986
1649.838,528,250,28.575,1.3737395689999987
1650.138,528,270,30.861,1.3763113189999983
1650.328,528,255,29.1465,1.3778496064999988
1650.328,528,260,29.718,1.3778496064999988
1650.337,528,260,29.718,1.3779239014999989
1650.534,528,270,30.861,1.3796126839999998
1650.673,528,245,28.0035,1.380693930249999
1650.732,528,272,31.0896,1.3812034542499987
1650.826,528,271,30.9753,1.382012253749999
1651.027,528,245,28.0035,1.3835757824999992
1651.047,528,255,29.1465,1.383737707499999
1651.127,528,250,28.575,1.3843727074999985
1651.334,528,270,30.861,1.3861472149999994
1651.397,528,260,29.718,1.3866672799999984
1651.533,528,262,29.9466,1.387798595999998
1651.628,528,267,30.5181,1.3886039347499983
1651.684,528,231,26.403299999999998,1.3890146527499987
1651.828,528,273,31.2039,1.3902628087499986
1652.027,528,231,26.403299999999998,1.3917223244999992
1652.134,528,245,28.0035,1.392554650749999
1652.327,528,250,28.575,1.3940865882499989
1652.333,528,268,30.6324,1.3941376422499996
1652.467,528,255,29.1465,1.3952225397499998
1652.627,528,260,29.718,1.3965433397499987
1652.633,528,265,30.2895,1.3965938222499994
1652.682,528,230,26.289,1.3969516447499992
1652.733,528,263,30.0609,1.3973775074999986
1652.932,528,230,26.289,1.398830704999999
1653.326,528,230,26.289,1.401707889999999
1653.33,528,250,28.575,1.4017396399999984
1653.426,528,245,28.0035,1.4024863999999984
1653.427,528,255,29.1465,1.4024944962499981
1653.427,528,259,29.6037,1.4024944962499981
1653.527,528,266,30.4038,1.4033390462499993
1653.677,528,220,25.146,1.4043867962499983
1653.728,528,267,30.5181,1.4048191359999995
1654.026,528,220,25.146,1.4069006659999996
1654.03,528,230,26.289,1.4069298759999989
1654.467,528,230,26.289,1.4101210684999999
1654.526,528,245,28.0035,1.4105800147499996
1654.527,528,257,29.3751,1.4105881744999995
1654.527,528,250,28.575,1.4105881744999995
1654.627,528,254,29.0322,1.4113946244999989
1654.633,528,263,30.0609,1.4114447259999996
1654.683,528,215,24.5745,1.4117860384999992
1655.026,528,215,24.5745,1.4141274422499996
1655.13,528,220,25.146,1.4148538822499999
1655.325,528,249,28.4607,1.4163955034999993
1655.326,528,230,26.289,1.4164028059999991
1655.424,528,245,28.0035,1.4171651234999987
1655.524,528,230,26.289,1.417895373499998
1655.682,528,210,24.003,1.4189488384999989
1655.827,528,252,28.8036,1.4201089834999987
1655.827,528,256,29.2608,1.4201089834999987
1655.925,528,210,24.003,1.4207623984999984
1656.326,528,230,26.289,1.4236907009999988
1656.426,528,220,25.146,1.424389200999998
1656.435,528,230,26.289,1.4244549234999981
1656.447,528,215,24.5745,1.4245368384999977
1656.524,528,248,28.3464,1.4251431364999976
1656.677,528,205,23.4315,1.4261389752499978
1656.724,528,242,27.6606,1.426500099749998
1656.827,528,251,28.6893,1.4273209324999985
1656.931,528,205,23.4315,1.4279978424999988
1657.032,528,210,24.003,1.428671259999998
1657.326,528,215,24.5745,1.4306781774999986
1657.525,528,220,25.146,1.4320681924999992
1657.526,528,229,26.1747,1.432075463249999
1657.632,528,237,27.0891,1.432873086749999
1657.681,528,200,22.86,1.433184236749999
1657.726,528,230,26.289,1.4335128492499996
1657.726,528,246,28.1178,1.4335128492499996
1657.924,528,200,22.86,1.4347701492499987
1658.043,528,205,23.4315,1.4355446904999982
1658.329,528,220,25.146,1.4375424004999986
1658.429,528,215,24.5745,1.4382250254999995
1658.477,528,210,24.003,1.4385450654999996
1658.526,528,227,25.9461,1.4388982207499994
1658.685,528,195,22.2885,1.4398826294999987
1658.826,528,230,26.289,1.4409122819999993
1658.836,528,195,22.2885,1.4409741944999992
1658.926,528,234,26.746199999999998,1.4416428494999987
1659.035,528,200,22.86,1.4423349994999997
1659.331,528,210,24.003,1.4443085794999986
1659.407,528,205,23.4315,1.4448032444999988
1659.526,528,225,25.7175,1.4456533507499998
1659.531,528,215,24.5745,1.445687481999999
1659.725,528,219,25.0317,1.4470364124999986
1659.729,528,230,26.289,1.4470656224999996
1659.924,528,195,22.2885,1.4482729162499992
1659.936,528,195,22.2885,1.4483472112499989
1660.125,528,200,22.86,1.4495473612499994
1660.331,528,205,23.4315,1.4508881637499988
1660.429,528,210,24.003,1.4515415787500001
1660.625,528,214,24.4602,1.4528733007499994
1660.625,528,217,24.8031,1.4528733007499994
1660.683,528,181,20.688299999999998,1.4532066122499994
1660.826,528,222,25.3746,1.4542145477499995
1661.024,528,181,20.688299999999998,1.4553524042499988
1661.125,528,195,22.2885,1.4559777204999995
1661.331,528,205,23.4315,1.457318522999999
1661.397,528,195,22.2885,1.4577271454999992
1661.517,528,200,22.86,1.4584891455
1661.531,528,209,23.8887,1.4585820459999992
1661.731,528,212,24.2316,1.4599282459999996
1661.923,528,189,21.6027,1.4610803899999996
1661.925,528,216,24.6888,1.4610941059999993
1662.137,528,195,22.2885,1.4624066509999993
1662.323,528,180,20.573999999999998,1.463469641
1662.334,528,200,22.86,1.463539491
1662.423,528,195,22.2885,1.4640905122499996
1662.438,528,204,23.3172,1.4641876672500003
1662.525,528,208,23.7744,1.4647622152500002
1662.672,528,181,20.688299999999998,1.4656069874999997
1662.825,528,211,24.1173,1.46663197275
1663.024,528,181,20.688299999999998,1.467775575999999
1663.03,528,190,21.717,1.4678117709999996
1663.397,528,180,20.573999999999998,1.4699091759999994
1663.436,528,199,22.7457,1.4701555877499992
1663.467,528,195,22.2885,1.4703475165000004
1663.524,528,195,22.2885,1.4707004177499992
1663.677,528,171,19.5453,1.4715310929999992
1663.73,528,206,23.5458,1.4718777395
1664.023,528,171,19.5453,1.4734685097499993
1664.323,528,180,20.573999999999998,1.4751830097500003
1664.324,528,195,22.2885,1.475189201
1664.324,528,190,21.717,1.475189201
1664.324,528,195,22.2885,1.475189201
1664.427,528,180,20.573999999999998,1.475777845999999
1664.624,528,197,22.5171,1.47701003175
1664.682,528,174,19.8882,1.47733045275
1664.73,528,201,22.9743,1.47763677675
1664.922,528,174,19.8882,1.4786974807500002
1665.323,528,170,19.431,1.4808618782500005
1665.323,528,180,20.573999999999998,1.4808618782500005
1665.323,528,190,21.717,1.4808618782500005
1665.424,528,195,22.2885,1.4814871944999999
1665.521,528,192,21.9456,1.4820785064999997
1665.543,528,196,22.4028,1.4822154124999993
1665.623,528,180,20.573999999999998,1.4826726125000003
1665.674,528,170,19.431,1.482947885
1666.023,528,170,19.431,1.4848316124999996
1666.029,528,175,20.0025,1.4848649500000002
1666.487,528,170,19.431,1.4873370050000005
1666.523,528,180,20.573999999999998,1.4875427449999996
1666.523,528,190,21.717,1.4875427449999996
1666.533,528,195,22.2885,1.4876046574999995
1666.623,528,182,20.802599999999998,1.4881247225000003
1666.629,528,187,21.3741,1.4881603459999995
1666.683,528,165,18.8595,1.4884432385
1666.922,528,165,18.8595,1.4896952997500001
1667.323,528,175,20.0025,1.4919233560000005
1667.426,528,180,20.573999999999998,1.4925120009999995
1667.437,528,170,19.431,1.4925713734999992
1667.447,528,170,19.431,1.4926253484999992
1667.623,528,188,21.4884,1.4936758925000002
1667.635,528,195,22.2885,1.4937501874999999
1667.681,528,160,18.288,1.4939838675000001
1667.823,528,185,21.1455,1.4948179400000003
1667.824,528,184,21.0312,1.494823782
1667.921,528,160,18.288,1.495316542
1668.322,528,170,19.431,1.4974809394999993
1668.323,528,175,20.0025,1.4974864957500005
1668.377,528,165,18.8595,1.4977693882499998
1668.523,528,186,21.2598,1.4986315912499997
1668.622,528,170,19.431,1.4991659437500005
1668.669,528,160,18.288,1.4994047037500007
1668.72,528,178,20.3454,1.4996929302500004
1668.823,528,187,21.3741,1.5003044670000008
1668.921,528,160,18.288,1.5008023070000005
1669.028,528,160,18.288,1.5013458670000004
1669.32,528,175,20.0025,1.5029682919999998
1669.322,528,165,18.8595,1.5029787694999996
1669.425,528,170,19.431,1.503534712
1669.526,528,171,19.5453,1.5040830662500007
1669.677,528,160,18.288,1.50485014625
1669.823,528,175,20.0025,1.505661358750001
1669.823,528,183,20.9169,1.505661358750001
1669.827,528,160,18.288,1.5056816787500005
1670.122,528,160,18.288,1.5071802787500008
1670.132,528,160,18.288,1.5072310787500007
1670.322,528,170,19.431,1.5082566037499998
1670.437,528,165,18.8595,1.5088590599999998
1670.62,528,174,19.8882,1.5098700434999999
1670.822,528,172,19.6596,1.5109731654999998
1670.823,528,173,19.7739,1.5109786582500009
1670.83,528,151,17.2593,1.511012218
1670.921,528,160,18.288,1.5114744980000008
1671.134,528,160,18.288,1.5125565380000006
1671.322,528,160,18.288,1.513511578
1671.431,528,165,18.8595,1.5140826017500006
1671.522,528,173,19.7739,1.514582442
1671.625,528,169,19.3167,1.5151351142500005
1671.677,528,150,17.145,1.51538276425
1671.822,528,173,19.7739,1.5161792129999998
1671.924,528,150,17.145,1.5166649880000003
1672.04,528,160,18.288,1.5172542680000003
1672.122,528,150,17.145,1.5176447930000008
1672.322,528,160,18.288,1.5186607929999998
1672.427,528,160,18.288,1.519194193
1672.531,528,164,18.7452,1.5197357210000002
1672.675,528,150,17.145,1.5204215210000003
1672.728,528,167,19.0881,1.520702540250001
1672.822,528,171,19.5453,1.52121288975
1672.924,528,150,17.145,1.5216986647500004
1673.134,528,160,18.288,1.5227654647500006
1673.321,528,150,17.145,1.5236560522500002
1673.321,528,150,17.145,1.5236560522500002
1673.321,528,160,18.288,1.5236560522500002
1673.521,528,160,18.288,1.5246720522500004
1673.67,528,141,16.1163,1.5253390880000008
1673.721,528,162,18.5166,1.5256014065000005
1673.822,528,166,18.9738,1.526133727
1673.917,528,141,16.1163,1.52655901825
1674.119,528,150,17.145,1.52752104325
1674.325,528,150,17.145,1.5285021182500005
1674.421,528,160,18.288,1.5289897982500005
1674.477,528,160,18.288,1.5292742782500006
1674.521,528,150,17.145,1.52948382825
1674.521,528,160,18.288,1.52948382825
1674.673,528,140,16.002,1.5301594682500002
1674.821,528,161,18.4023,1.5309160072499997
1674.923,528,140,16.002,1.53136939725
1675.12,528,140,16.002,1.5322450622499995
1675.32,528,150,17.145,1.5331975622499996
1675.333,528,158,18.0594,1.5332627767500002
1675.521,528,150,17.145,1.5341581267499995
1675.524,528,150,17.145,1.5341724142499993
1675.533,528,160,18.288,1.5342181342499994
1675.63,528,160,18.288,1.5347108942500005
1675.673,528,135,15.4305,1.534895203
1676.017,528,135,15.4305,1.5363696730000003
1676.319,528,140,16.002,1.5377120629999999
1676.357,528,150,17.145,1.537893038
1676.419,528,140,16.002,1.5381686280000006
1676.421,528,156,17.8308,1.5381785340000005
1676.524,528,150,17.145,1.5386690714999998
1676.63,528,160,18.288,1.539207551500001
1676.666,528,135,15.4305,1.5393618565000002
1676.721,528,150,17.145,1.5396237940000006
1676.919,528,135,15.4305,1.540472471500001
1677.12,528,135,15.4305,1.5413340077500002
1677.32,528,140,16.002,1.5422230077500003
1677.518,528,150,17.145,1.5431659827500008
1677.519,528,140,16.002,1.5431704277500007
1677.52,528,150,17.145,1.5431751902500006
1677.521,528,153,17.4879,1.5431800480000004
1677.672,528,130,14.859,1.5438033005000007
1677.721,528,150,17.145,1.5440366630000006
1677.922,528,130,14.859,1.5448662905000008
1678.123,528,135,15.4305,1.545727826750001
1678.317,528,135,15.4305,1.5465593592500009
1678.519,528,140,16.002,1.547457249250001
1678.519,528,140,16.002,1.547457249250001
1678.52,528,148,16.9164,1.547461948250001
1678.621,528,151,17.2593,1.5479461675000015
1678.676,528,125,14.2875,1.5481644487500008
1678.718,528,150,17.145,1.5483644737500015
1678.821,528,150,17.145,1.5488550112500008
1679.019,528,125,14.2875,1.5496408237500012
1679.129,528,130,14.859,1.5500948487500008
1679.325,528,135,15.4305,1.5509349537500015
1679.397,528,135,15.4305,1.551243563750001
1679.619,528,140,16.002,1.552230353750001
1679.662,528,107,12.2301,1.5523764355000014
1679.719,528,146,16.6878,1.5526406590000015
1679.72,528,140,16.002,1.5526451040000013
1679.82,528,150,17.145,1.5531213540000008
1679.828,528,107,12.2301,1.553148532000001
1680.025,528,125,14.2875,1.5539303757500014
1680.407,528,130,14.859,1.5555070807500007
1680.425,528,135,15.4305,1.5555842332500007
1680.519,528,140,16.002,1.556002063250001
1680.519,528,135,15.4305,1.556002063250001
1680.519,528,139,15.8877,1.556002063250001
1680.673,528,55,6.2865,1.556270985750001
1680.82,528,143,16.3449,1.5569384025000006
1680.83,528,55,6.2865,1.5569558650000006
1681.037,528,105,12.0015,1.557645951250001
1681.129,528,125,14.2875,1.5580110762500003
1681.419,528,130,14.859,1.559208051250001
1681.518,528,135,15.4305,1.5596323900000009
1681.619,528,135,15.4305,1.5600653012500003
1681.684,147,14,1.6002,1.5600941937500004
1681.819,528,137,15.6591,1.5606814100000004
1681.917,528,140,16.002,1.5611170200000002
1682.015,147,14,1.6002,1.5611605810000002
1682.118,528,105,12.0015,1.5615039572499996
1682.119,528,50,5.715,1.5615055447499995
1682.126,528,125,14.2875,1.5615333259999997
1682.518,528,130,14.859,1.563151306
1682.519,528,135,15.4305,1.5631555922499998
1682.622,528,134,15.3162,1.56359380575
1682.704,105,10,1.143,1.56361984075
1682.722,528,136,15.5448,1.56369756475
1682.915,105,10,1.143,1.56375884225
1683.317,528,50,5.715,1.56439701725
1683.328,528,125,14.2875,1.5644406734999998
1683.437,528,105,12.0015,1.5648040522499995
1683.518,528,129,14.7447,1.565135808
1683.532,528,132,15.0876,1.5651944819999994
1683.711,211,20,2.286,1.5653081469999994
1683.817,528,135,15.4305,1.5657624894999993
1684.018,211,20,2.286,1.5658901244999992
1684.037,105,10,1.143,1.5658961569999992
1684.107,105,10,1.143,1.565918381999999
1684.115,105,10,1.143,1.5659209219999992
1684.33,528,105,12.0015,1.5666376782499989
1684.518,528,121,13.8303,1.5673599272499992
1684.627,528,127,14.5161,1.5677994424999988
1684.71,211,65,7.4295,1.567970733749999
1684.716,528,131,14.9733,1.5679956892499984
1685.018,211,65,7.4295,1.5686189417499987
1685.107,528,50,5.715,1.5687602292499987
1685.317,211,20,2.286,1.5688935792499987
1685.318,528,50,5.715,1.5688951667499986
1685.387,105,10,1.143,1.5689170742499987
1685.387,105,10,1.143,1.5689170742499987
1685.427,528,94,10.7442,1.5690364542499986
1685.524,528,117,13.373099999999999,1.5693967849999986
1685.708,211,61,6.9723,1.569753146999999
1685.724,528,126,14.4018,1.5698171549999984
1685.916,211,61,6.9723,1.5701890109999985
1686.316,211,70,8.001,1.5710780109999987
1686.417,211,20,2.286,1.5711421459999986
1686.417,443,42,4.8006,1.5711421459999986
1686.517,105,10,1.143,1.5711738959999986
1686.517,105,10,1.143,1.5711738959999986
1686.518,528,77,8.8011,1.5711763407499986
1686.709,211,78,8.9154,1.5716493522499986
1686.718,528,111,12.6873,1.5716810704999986
1686.919,211,78,8.9154,1.5721788469999987
1687.314,211,60,6.858,1.5729313219999985
1687.367,211,70,8.001,1.5730491144999983
1687.42,211,20,2.286,1.5730827694999983
1687.517,115,11,1.2573,1.5731166467499982
1687.617,316,30,3.429,1.5732118967499982
1687.618,528,66,7.5438,1.5732139922499981
1687.715,211,98,11.2014,1.573515807749998
1687.717,105,10,1.143,1.5735164427499981
1688.017,211,98,11.2014,1.574449892749998
1688.12,211,80,9.144,1.5747115127499975
1688.416,211,60,6.858,1.5752753927499976
1688.514,211,70,8.001,1.5754931977499975
1688.614,211,20,2.286,1.5755566977499975
1688.623,231,22,2.5146,1.5755629842499976
1688.714,211,118,13.4874,1.5759039157499972
1688.717,136,13,1.4859,1.5759051539999973
1688.721,105,10,1.143,1.5759064239999974
1688.913,211,118,13.4874,1.5766257519999973
1689.32,211,60,6.858,1.5774010869999973
1689.357,211,100,11.43,1.5775185619999974
1689.416,211,80,9.144,1.5776684219999972
1689.422,211,70,8.001,1.5776817569999975
1689.622,211,30,3.429,1.5778722569999974
1689.706,211,138,15.7734,1.5782403029999967
1689.817,168,16,1.8288,1.5782966909999967
1689.917,105,10,1.143,1.5783284409999967
1689.921,211,138,15.7734,1.5783459669999973
1690.116,211,120,13.716,1.579088916999997
1690.316,211,100,11.43,1.5797239169999973
1690.516,211,80,9.144,1.5802319169999974
1690.616,211,60,6.858,1.5804224169999972
1690.622,211,45,5.1434999999999995,1.5804309894999973
1690.71,211,162,18.5166,1.5808836174999972
1690.714,189,18,2.0574,1.5808859034999971
1690.716,211,68,7.7724,1.5808902214999971
1690.92,211,162,18.5166,1.5819394954999981
1691.122,211,140,16.002,1.5828373854999982
1691.377,211,100,11.43,1.5836470104999978
1691.407,211,120,13.716,1.5837613104999977
1691.416,211,80,9.144,1.5837841704999978
1691.516,211,64,7.3152,1.583987370499998
1691.709,211,183,20.9169,1.585108748749998
1691.816,211,65,7.4295,1.5853295699999979
1691.917,211,55,6.2865,1.5855059412499977
1692.013,211,183,20.9169,1.5860637252499976
1692.016,211,165,18.8595,1.5860794414999984
1692.317,211,140,16.002,1.587417386499998
1692.326,211,120,13.716,1.5874516764999982
1692.522,211,100,11.43,1.5880739764999978
1692.71,211,198,22.6314,1.5892558384999984
1692.716,211,84,9.6012,1.589271840499998
1692.719,211,63,7.2009,1.5892778412499982
1692.814,211,70,8.001,1.5894889787499982
1692.914,211,198,22.6314,1.5901176287499976
1693.015,211,185,21.1455,1.5907108774999983
1693.115,211,165,18.8595,1.591234752499998
1693.321,211,140,16.002,1.5921504224999974
1693.421,211,120,13.716,1.5925314224999978
1693.615,211,104,11.8872,1.5931720104999976
1693.625,211,90,10.286999999999999,1.5932005854999975
1693.704,211,209,23.8887,1.5937248097499972
1693.914,211,74,8.4582,1.5942182047499973
1694.012,211,209,23.8887,1.594868508249997
1694.125,211,185,21.1455,1.5955322419999973
1694.307,211,200,22.86,1.5966879419999975
1694.307,211,165,18.8595,1.5966879419999975
1694.421,211,140,16.002,1.5971946719999977
1694.615,211,124,14.1732,1.5979584499999975
1694.699,211,228,26.0604,1.598566525999998
1694.721,211,110,12.573,1.5986433609999977
1694.816,211,94,10.7442,1.5989268884999979
1694.914,211,228,26.0604,1.5996363104999975
1695.315,211,185,21.1455,1.601991684249998
1695.324,211,165,18.8595,1.602038832999998
1695.337,211,210,24.003,1.6021255104999974
1695.414,211,200,22.86,1.6026144604999975
1695.426,211,145,16.5735,1.6026697054999972
1695.621,211,130,14.859,1.603474567999998
1695.698,211,243,27.7749,1.604068642249998
1695.821,211,114,13.0302,1.6045138407499973
1696.014,211,243,27.7749,1.6060028839999971
1696.311,211,230,26.289,1.6081717264999973
1696.312,211,210,24.003,1.6081783939999972
1696.32,211,185,21.1455,1.6082253839999974
1696.414,211,200,22.86,1.6088222839999977
1696.515,211,169,19.3167,1.6093642247499984
1696.621,211,152,17.3736,1.6098757807499984
1696.683,211,254,29.0322,1.6103757797499976
1696.815,211,134,15.3162,1.610937373749998
1696.916,211,254,29.0322,1.611751888249997
1697.121,211,245,28.0035,1.6133465319999982
1697.312,211,200,22.86,1.614559381999997
1697.334,211,188,21.4884,1.614690699999998
1697.413,211,230,26.289,1.6152675974999975
1697.514,211,210,24.003,1.6159410149999966
1697.525,211,175,20.0025,1.6160021337499977
1697.668,211,259,29.6037,1.617178058499996
1697.715,211,157,17.9451,1.6174123417499962
1697.916,211,259,29.6037,1.6190652149999962
1698.313,211,255,29.1465,1.6222794262499975
1698.413,211,245,28.0035,1.623057301249997
1698.413,211,230,26.289,1.623057301249997
1698.512,211,202,23.0886,1.6236922377499965
1698.514,211,191,21.8313,1.6237043662499961
1698.624,211,179,20.4597,1.6243295237499968
1698.664,211,260,29.718,1.6246597237499965
1699.013,211,260,29.718,1.627540718749996
1699.113,211,255,29.1465,1.628350343749997
1699.114,211,260,29.718,1.6283585987499969
1699.513,211,245,28.0035,1.631462319999996
1699.613,211,230,26.289,1.632192569999997
1699.614,211,195,22.2885,1.6321987612499969
1699.62,211,205,23.4315,1.632237813749996
1699.667,211,251,28.6893,1.6326123684999962
1699.713,211,214,24.4602,1.6329249154999965
1700.013,211,251,28.6893,1.6353156904999961
1700.123,211,260,29.718,1.6362237404999973
1700.413,211,245,28.0035,1.638479577999997
1700.51,211,255,29.1465,1.6392649142499969
1700.617,211,233,26.631899999999998,1.6400564734999967
1700.669,211,250,28.575,1.6404692234999978
1700.814,211,220,25.146,1.6414820484999977
1700.914,211,207,23.6601,1.642139273499997
1700.916,211,250,28.575,1.6421551484999968
1701.313,211,260,29.718,1.6454323834999982
1701.613,211,255,29.1465,1.6478612584999979
1701.655,211,241,27.5463,1.6481826319999973
1701.71,211,247,28.2321,1.6486139557499977
1701.811,211,237,27.0891,1.6493739554999969
1701.914,211,224,25.6032,1.6501064914999974
1701.914,211,241,27.5463,1.6501064914999974
1702.007,211,250,28.575,1.650844678999998
1702.019,211,250,28.575,1.6509399289999975
1702.416,211,260,29.718,1.654217163999997
1702.516,211,256,29.2608,1.6550299639999981
1702.614,211,250,28.575,1.6558078389999977
1702.665,211,240,27.432,1.6561964589999971
1702.823,211,240,27.432,1.657400418999998
1702.91,211,240,27.432,1.658063358999998
1703.007,211,250,28.575,1.658833296499998
1703.113,211,240,27.432,1.659641016499998
1703.122,211,250,28.575,1.6597124539999981
1703.316,211,260,29.718,1.6613139239999979
1703.317,211,250,28.575,1.6613218614999976
1703.61,211,260,29.718,1.6637405764999966
1703.813,211,257,29.3751,1.6653970057499983
1703.82,211,240,27.432,1.665450345749997
1703.913,211,252,28.8036,1.6661944387499976
1704.009,211,240,27.432,1.6669259587499976
1704.124,211,240,27.432,1.6678022587499977
1704.337,211,250,28.575,1.6694929462499974
1704.422,211,250,28.575,1.6701676337499978
1704.512,211,260,29.718,1.6709105837499971
1704.616,211,258,29.4894,1.6717624997499976
1704.681,211,231,26.403299999999998,1.672239225999998
1704.813,211,258,29.4894,1.6733205039999985
1704.914,211,231,26.403299999999998,1.6740612632499976
1705.012,211,240,27.432,1.6748080232499973
1705.035,211,240,27.432,1.6749832832499985
1705.316,211,250,28.575,1.677213720749998
1705.327,211,240,27.432,1.6772975407499977
1705.521,211,250,28.575,1.6788374157499975
1705.692,211,239,27.3177,1.6801350064999978
1705.813,211,260,29.718,1.6811338614999987
1706.009,211,239,27.3177,1.682621158499998
1706.311,211,230,26.289,1.6848265134999973
1706.311,211,240,27.432,1.6848265134999973
1706.312,211,240,27.432,1.6848341334999972
1706.511,211,248,28.3464,1.6864010594999979
1706.696,211,240,27.432,1.6878107594999974
1706.807,211,240,27.432,1.6886565794999981
1706.818,211,253,28.9179,1.6887449397499978
1706.908,211,240,27.432,1.6894307397499972
1707.314,211,230,26.289,1.6923955547499985
1707.315,211,240,27.432,1.6924031747499984
1707.411,211,240,27.432,1.6931346947499983
1707.417,211,240,27.432,1.6931804147499974
1707.512,211,246,28.1178,1.6939224122499976
1707.695,211,253,28.9179,1.6953924054999976
1707.718,211,250,28.575,1.6955749679999987
1707.807,211,240,27.432,1.6962531479999983
1707.91,211,253,28.9179,1.6970805212499989
1708.308,211,240,27.432,1.7001132812499982
1708.408,211,240,27.432,1.7008752812499974
1708.411,211,240,27.432,1.7008981412499986
1708.511,211,230,26.289,1.7016283912499979
1708.524,211,240,27.432,1.7017274512499974
1708.611,211,240,27.432,1.702390391249999
1708.621,211,243,27.7749,1.7024675437499988
1708.699,211,255,29.1465,1.7030990512499986
1709.008,211,255,29.1465,1.7056007924999983
1709.31,211,255,29.1465,1.7080458599999975
1709.327,211,240,27.432,1.7081753999999978
1709.514,211,230,26.289,1.709540967499997
1709.609,211,240,27.432,1.7102648674999972
1709.623,211,240,27.432,1.710371547499998
1709.682,211,264,30.1752,1.7108660854999977
1709.711,211,238,27.2034,1.7110852239999976
1709.807,211,240,27.432,1.7118167439999976
1709.815,211,264,30.1752,1.7118837999999978
1710.41,211,255,29.1465,1.7167010687499982
1710.51,211,240,27.432,1.7174630687499974
1710.51,211,232,26.517599999999998,1.7174630687499974
1710.511,211,235,26.8605,1.7174705299999973
1710.609,211,240,27.432,1.718217289999997
1710.61,211,240,27.432,1.7182249099999969
1710.665,211,265,30.2895,1.7186876662499975
1710.707,211,255,29.1465,1.7190277087499986
1711.01,211,265,30.2895,1.7215770749999977
1711.307,211,255,29.1465,1.7239816612499979
1711.308,211,255,29.1465,1.7239897574999976
1711.413,211,240,27.432,1.7247898574999978
1711.632,211,240,27.432,1.7264586374999982
1711.658,211,260,29.718,1.726673267499997
1711.708,211,233,26.631899999999998,1.7270431549999983
1711.71,211,240,27.432,1.727058394999998
1711.81,211,235,26.8605,1.7278045199999974
1711.912,211,260,29.718,1.7286465299999982
1712.007,211,265,30.2895,1.7294458362499985
1712.11,211,265,30.2895,1.730312452499997
1712.347,211,265,30.2895,1.7323065112499978
1712.509,211,255,29.1465,1.733618103749998
1712.608,211,255,29.1465,1.7344196324999974
1712.667,211,260,29.718,1.7349066774999973
1712.71,211,243,27.7749,1.7352384332499982
1712.713,211,240,27.432,1.7352612932499976
1712.81,211,237,27.0891,1.7359911939999975
1712.821,211,260,29.718,1.7360819989999972
1713.115,211,260,29.718,1.738508968999998
1713.313,211,255,29.1465,1.7401120264999987
1713.415,211,265,30.2895,1.7409702289999975
1713.422,211,255,29.1465,1.741026902749998
1713.659,211,246,28.1178,1.7428779912499988
1713.808,211,247,28.2321,1.7440464864999978
1713.818,211,246,28.1178,1.7441245914999977
1713.91,211,240,27.432,1.7448256314999984
1714.007,211,265,30.2895,1.7456417652499983
1714.015,211,260,29.718,1.7457078052499986
1714.12,211,260,29.718,1.7465745802499968
1714.309,211,265,30.2895,1.7481647789999974
1714.515,211,265,30.2895,1.7498980114999985
1714.66,211,245,28.0035,1.7510259302499984
1714.709,211,257,29.3751,1.7514257579999983
1714.71,211,250,28.575,1.751433695499998
1714.81,211,255,29.1465,1.7522433204999974
1715.006,211,245,28.0035,1.7537679554999985
1715.009,211,245,28.0035,1.753791291749998
1715.116,211,260,29.718,1.7546745767499978
1715.307,211,265,30.2895,1.7562816029999981
1715.309,211,260,29.718,1.7562981129999977
1715.609,211,265,30.2895,1.7588222379999974
1715.66,211,231,26.403299999999998,1.7591962847499985
1715.709,211,260,29.718,1.7596007797499982
1715.819,211,231,26.403299999999998,1.7604075472499974
1715.909,211,255,29.1465,1.7611362097499985
1716.309,211,245,28.0035,1.7642477097499976
1716.309,211,245,28.0035,1.7642477097499976
1716.319,211,260,29.718,1.7643302597499975
1716.515,211,264,30.1752,1.7659731317499987
1716.607,211,260,29.718,1.7667325917499976
1716.657,211,230,26.289,1.7670977167499973
1716.713,211,265,30.2895,1.7675688867499977
1716.807,211,262,29.9466,1.768350825749998
1717.008,211,230,26.289,1.7698186282499981
1717.108,211,230,26.289,1.7705488782499974
1717.109,211,245,28.0035,1.7705566569999973
1717.307,211,245,28.0035,1.772096849499998
1717.315,211,260,29.718,1.7721628894999983
1717.517,211,260,29.718,1.7738303994999984
1717.609,211,263,30.0609,1.7745986224999974
1717.658,211,230,26.289,1.7749564449999973
1717.809,211,265,30.2895,1.776226921249998
1717.904,211,230,26.289,1.7769206587499982
1718.308,211,230,26.289,1.7798708687499982
1718.318,211,257,29.3751,1.7799524662499981
1718.467,211,245,28.0035,1.781111499999999
1718.507,211,230,26.289,1.7814035999999989
1718.614,211,260,29.718,1.7822868849999987
1718.661,211,230,26.289,1.7826301024999989
1718.715,211,261,29.8323,1.7830775869999977
1718.907,211,245,28.0035,1.7845711069999979
1718.914,211,230,26.289,1.7846222244999983
1719.307,211,230,26.289,1.7874921069999985
1719.311,211,230,26.289,1.7875213169999977
1719.407,211,230,26.289,1.7882223569999978
1719.408,211,245,28.0035,1.7882301357499977
1719.408,211,245,28.0035,1.7882301357499977
1719.508,211,254,29.0322,1.7890365857499988
1719.659,211,221,25.2603,1.7900961149999992
1719.708,211,260,29.718,1.790500609999999
1720.007,211,221,25.2603,1.7925986182499989
1720.011,211,230,26.289,1.7926278282499981
1720.507,211,230,26.289,1.7962498682499988
1720.507,211,230,26.289,1.7962498682499988
1720.508,211,245,28.0035,1.7962576469999987
1720.508,211,230,26.289,1.7962576469999987
1720.607,211,242,27.6606,1.7970183134999982
1720.614,211,249,28.4607,1.7970736537499987
1720.665,211,224,25.6032,1.7974363657499983
1720.906,211,224,25.6032,1.7991503577499983
1721.11,211,220,25.146,1.800575297749998
1721.307,211,230,26.289,1.802013890249999
1721.407,211,230,26.289,1.8027441402499982
1721.504,211,230,26.289,1.803452482749998
1721.507,211,230,26.289,1.8034743902499992
1721.661,211,220,25.146,1.8045500802499992
1721.808,211,237,27.0891,1.8056562184999987
1721.808,211,245,28.0035,1.8056562184999987
1721.906,211,220,25.146,1.8063407484999985
1722.307,211,230,26.289,1.809269050999999
1722.406,211,220,25.146,1.8099605659999984
1722.505,211,230,26.289,1.8106835134999997
1722.507,211,230,26.289,1.8106981184999993
1722.655,211,215,24.5745,1.8117084034999986
1722.704,211,230,26.289,1.8120662259999984
1722.707,211,225,25.7175,1.8120876572499995
1722.808,211,234,26.746199999999998,1.8128380367499988
1722.905,211,215,24.5745,1.8135001829999986
1723.01,211,220,25.146,1.8142336079999988
1723.407,211,225,25.7175,1.8170696767499983
1723.506,211,220,25.146,1.8177611917499994
1723.506,211,230,26.289,1.8177611917499994
1723.613,211,230,26.289,1.818542559249999
1723.662,211,219,25.0317,1.818883268499999
1723.706,211,230,26.289,1.819204578499998
1723.707,211,230,26.289,1.8192118809999995
1723.905,211,219,25.0317,1.8205886244999987
1724.022,211,215,24.5745,1.8213872957499984
1724.406,211,220,25.146,1.8240695357499985
1724.409,211,225,25.7175,1.8240909669999996
1724.506,211,228,26.0604,1.8247931499999994
1724.662,211,211,24.1173,1.8258382329999991
1724.807,211,230,26.289,1.826897095499999
1724.822,211,211,24.1173,1.8269975842499981
1724.907,211,230,26.289,1.8276182967499983
1725.007,211,220,25.146,1.8283167967499994
1725.016,211,220,25.146,1.8283796617499994
1725.307,211,215,24.5745,1.830366100499999
1725.506,211,226,25.8318,1.8317940249999993
1725.512,211,225,25.7175,1.8318368874999984
1725.706,211,221,25.2603,1.8331981369999981
1725.71,211,230,26.289,1.8332273469999991
1725.904,211,210,24.003,1.8345208419999988
1725.916,211,210,24.003,1.8346008519999983
1726.106,211,220,25.146,1.8359280019999986
1726.197,211,220,25.146,1.8365636369999978
1726.312,211,215,24.5745,1.8373486557499978
1726.409,211,220,25.146,1.8380262007499992
1726.606,211,224,25.6032,1.8394272647499985
1726.606,211,222,25.3746,1.8394272647499985
1726.69,211,210,24.003,1.8399873347499989
1726.806,211,223,25.4889,1.8408086437499989
1727.006,211,210,24.003,1.8421421437499992
1727.106,211,210,24.003,1.8428088937499987
1727.406,211,215,24.5745,1.8448567687499984
1727.511,211,219,25.0317,1.8455868599999985
1727.701,211,219,25.0317,1.8469079774999988
1727.711,211,222,25.3746,1.8469784624999988
1727.807,211,210,24.003,1.8476185424999987
1727.807,211,220,25.146,1.8476185424999987
1727.901,211,219,25.0317,1.848272147999999
1727.906,211,223,25.4889,1.8483075492499983
1728.031,211,210,24.003,1.8491409867499984
1728.315,211,220,25.146,1.851124726749999
1728.405,211,210,24.003,1.8517248017499985
1728.505,211,216,24.6888,1.8524106017499995
1728.505,211,218,24.9174,1.8524106017499995
1728.692,211,224,25.6032,1.8537405457499987
1728.806,211,221,25.2603,1.8545404552499989
1728.907,211,224,25.6032,1.855258767249998
1729.105,211,220,25.146,1.8566417972499987
1729.187,211,210,24.003,1.857188532249998
1729.308,211,210,24.003,1.8579952997499984
1729.417,211,218,24.9174,1.858749743249998
1729.505,211,210,24.003,1.8593364832499992
1729.52,211,217,24.8031,1.8594398294999983
1729.696,211,241,27.5463,1.8607865374999977
1729.711,211,216,24.6888,1.8608894074999984
1729.907,211,210,24.003,1.8621962374999979
1730.002,211,241,27.5463,1.862923153749998
1730.404,211,220,25.146,1.8657311237499983
1730.605,211,215,24.5745,1.8671031999999985
1730.695,211,249,28.4607,1.867814717499998
1730.707,211,210,24.003,1.867894727499999
1730.713,211,218,24.9174,1.8679362564999982
1730.903,211,249,28.4607,1.8694383489999986
1731.177,211,225,25.7175,1.8713957364999978
1731.187,211,210,24.003,1.8714624114999978
1731.187,211,210,24.003,1.8714624114999978
1731.206,211,245,28.0035,1.8716102077499979
1731.411,211,210,24.003,1.872977045249999
1731.502,211,210,24.003,1.8735837877499983
1731.504,211,220,25.146,1.873597757749998
1731.507,211,225,25.7175,1.8736191889999991
1731.604,211,210,24.003,1.874265936499999
1731.605,211,213,24.3459,1.8742726992499987
1731.695,211,268,30.6324,1.875038509249998
1732.004,211,268,30.6324,1.8776677902499976
1732.401,211,245,28.0035,1.880755953999999
1732.504,211,225,25.7175,1.8814917602499979
1732.507,211,220,25.146,1.8815127152499989
1732.517,211,210,24.003,1.8815793902499989
1732.604,211,212,24.2316,1.8821649872499988
1732.698,211,279,31.8897,1.8829976627499994
1732.705,211,210,24.003,1.8830443352499981
1733.004,211,279,31.8897,1.8856929519999979
1733.111,211,250,28.575,1.8865422644999994
1733.167,211,250,28.575,1.8869867644999978
1733.206,211,270,30.861,1.8873210919999976
1733.313,211,245,28.0035,1.8881534182499993
1733.601,211,225,25.7175,1.8902108182499993
1733.616,211,210,24.003,1.8903108307499985
1733.695,211,311,35.5473,1.891090896499998
1733.704,211,221,25.2603,1.8911540472499981
1733.71,211,210,24.003,1.8911940522499988
1733.804,211,215,24.5745,1.891835719749999
1733.906,211,311,35.5473,1.8928428932499977
1734.205,211,280,32.004,1.8955010032499975
1734.31,211,270,30.861,1.8964011157499976
1734.407,211,245,28.0035,1.8971556544999975
1734.503,211,250,28.575,1.8979176544999974
1734.503,211,227,25.9461,1.8979176544999974
1734.604,211,222,25.3746,1.8986295529999981
1734.676,211,306,34.9758,1.899329068999997
1734.902,211,306,34.9758,1.9015247719999981
1734.904,211,217,24.8031,1.9015385514999978
1735.017,211,315,36.0045,1.9026686927499985
1735.205,211,270,30.861,1.9042803227499974
1735.603,211,250,28.575,1.9074394477499985
1735.703,211,246,28.1178,1.908220497749998
1735.707,211,280,32.004,1.9082560577499992
1735.803,211,233,26.631899999999998,1.9089662417499993
1735.808,211,309,35.3187,1.9090152954999982
1735.901,211,223,25.4889,1.9096737587499988
1736.103,211,305,34.8615,1.9116298762499988
1736.205,211,315,36.0045,1.9126500037499974
1736.402,211,280,32.004,1.9144013337499983
1736.506,211,270,30.861,1.9152928737499988
1736.603,211,254,29.0322,1.9160751302499985
1736.703,211,247,28.2321,1.9168593552499977
1736.803,211,237,27.0891,1.9176118302499987
1736.811,211,301,34.4043,1.917688284249997
1737.0,211,310,35.433,1.9195485167499977
1737.115,211,305,34.8615,1.920662147999998
1737.309,211,315,36.0045,1.9226023904999976
1737.414,211,280,32.004,1.9235358404999978
1737.606,211,272,31.0896,1.925193952499998
1737.803,211,260,29.718,1.9268201874999988
1737.901,211,300,34.29,1.9277536374999984
1737.903,211,248,28.3464,1.927769385499998
1738.102,211,310,35.433,1.9297280429999986
1738.408,211,315,36.0045,1.9327884254999967
1738.507,211,305,34.8615,1.9337471167499982
1738.603,211,287,32.8041,1.9346218927499983
1738.609,211,275,31.4325,1.934674280249997
1738.703,211,264,30.1752,1.9354621882499974
1739.002,211,300,34.29,1.9383101632499973
1739.121,211,310,35.433,1.9394814207499986
1739.204,211,300,34.29,1.9402719957499972
1739.508,211,313,35.7759,1.943293071749998
1739.649,211,295,33.7185,1.9446137129999967
1739.703,211,297,33.9471,1.9451229194999975
1739.809,211,277,31.6611,1.9460551629999974
1739.901,211,295,33.7185,1.9469168579999983
1740.112,211,300,34.29,1.9489266329999984
1740.147,211,300,34.29,1.9492600079999969
1740.157,211,305,34.8615,1.9493568454999968
1740.408,211,305,34.8615,1.9517874667499966
1740.602,211,310,35.433,1.9536969117499985
1740.648,211,295,33.7185,1.9541277592499968
1740.708,211,304,34.7472,1.9547068792499984
1741.002,211,295,33.7185,1.9574605567499972
1741.008,211,295,33.7185,1.957516754249998
1741.197,211,310,35.433,1.9593769867499966
1741.201,211,300,34.29,1.959415086749998
1741.402,211,308,35.2044,1.9613806657499981
1741.501,211,300,34.29,1.9623236407499975
1741.514,211,307,35.0901,1.9624503549999968
1741.653,211,286,32.6898,1.9637125444999979
1741.702,211,308,35.2044,1.9641917154999977
1741.9,211,286,32.6898,1.9659896544999986
1742.157,211,300,34.29,1.968437579499997
1742.407,211,300,34.29,1.970818829499997
1742.501,211,300,34.29,1.9717141794999975
1742.613,211,308,35.2044,1.9728094274999983
1742.647,211,285,32.5755,1.9731170849999973
1742.701,211,305,34.8615,1.973640007499998
1742.9,211,285,32.5755,1.9754407087499986
1743.147,211,295,33.7185,1.9777541724999972
1743.147,211,295,33.7185,1.9777541724999972
1743.157,211,300,34.29,1.9778494224999972
1743.307,211,295,33.7185,1.979254359999998
1743.402,211,300,34.29,1.9801592349999984
1743.501,211,300,34.29,1.9811022099999978
1743.599,211,303,34.6329,1.9820449944999974
1743.646,211,285,32.5755,1.9824702857499976
1743.701,211,300,34.29,1.9829941607499981
1743.903,211,285,32.5755,1.984822008249998
1744.001,211,285,32.5755,1.9857087857499978
1744.177,211,295,33.7185,1.987357245749997
1744.501,211,295,33.7185,1.9903919107499977
1744.501,211,295,33.7185,1.9903919107499977
1744.505,211,299,34.1757,1.990429883749999
1744.601,211,300,34.29,1.991344283749999
1744.623,211,301,34.4043,1.9915545322499983
1744.656,211,285,32.5755,1.9918531409999976
1744.801,211,300,34.29,1.9932342659999973
1744.906,211,285,32.5755,1.9941843847499974
1745.11,211,285,32.5755,1.9960303297499968
1745.117,211,285,32.5755,1.9960936709999975
1745.203,211,285,32.5755,1.9968718634999976
1745.599,211,295,33.7185,2.0005808984999973
1745.607,211,300,34.29,2.000657098499998
1745.644,211,280,32.004,2.000986028499998
1745.701,211,297,33.9471,2.0015235242499982
1745.801,211,300,34.29,2.0024760242499973
1745.809,211,280,32.004,2.0025471442499976
1746.004,211,285,32.5755,2.004311650499997
1746.137,211,285,32.5755,2.0055151342499973
1746.167,211,295,33.7185,2.005796121749997
1746.4,211,285,32.5755,2.0079044804999984
1746.407,211,285,32.5755,2.0079678217499968
1746.5,211,285,32.5755,2.0088093554999973
1746.501,211,295,33.7185,2.008818721749997
1746.652,211,280,32.004,2.0101611117499973
1746.698,211,293,33.4899,2.010589038249998
1746.811,211,280,32.004,2.011593608249996
1747.0,211,280,32.004,2.013273818249997
1747.11,211,285,32.5755,2.014269180749996
1747.4,211,285,32.5755,2.0168933182499975
1747.4,211,285,32.5755,2.0168933182499975
1747.658,211,271,30.9753,2.019113214749996
1747.8,211,290,33.147,2.0204206797499964
1747.801,211,295,33.7185,2.020430045999996
1748.0,211,271,30.9753,2.0221422917499967
1748.109,211,280,32.004,2.023111301749996
1748.147,211,285,32.5755,2.023455154249996
1748.202,211,280,32.004,2.023944104249997
1748.307,211,285,32.5755,2.024894222999997
1748.409,211,285,32.5755,2.0258171954999975
1748.6,211,285,32.5755,2.0275455067499957
1748.656,211,279,31.8897,2.028041568749996
1748.7,211,285,32.5755,2.028439713749997
1748.704,211,288,32.9184,2.028476289749996
1748.896,211,279,31.8897,2.030177073749996
1749.019,211,280,32.004,2.0312705437499963
1749.198,211,270,30.861,2.032805021249997
1749.309,211,285,32.5755,2.033809432499996
1749.5,211,285,32.5755,2.0355377437499964
1749.5,211,285,32.5755,2.0355377437499964
1749.607,211,280,32.004,2.036488973749996
1749.65,211,271,30.9753,2.036858956499997
1749.798,211,285,32.5755,2.0381981714999964
1749.901,211,271,30.9753,2.039084409249997
1750.009,211,280,32.004,2.0400445292499962
1750.096,211,270,30.861,2.040790336749996
1750.198,211,280,32.004,2.041697116749997
1750.311,211,280,32.004,2.042701686749995
1750.405,211,284,32.4612,2.0435492847499956
1750.609,211,285,32.5755,2.045395229749995
1750.65,211,262,29.9466,2.0457362882499965
1750.8,211,285,32.5755,2.0470936007499954
1750.998,211,262,29.9466,2.0487406637499963
1751.398,211,280,32.004,2.052296663749995
1751.408,211,280,32.004,2.052385563749995
1751.503,211,283,32.3469,2.0532391624999953
1751.642,211,269,30.7467,2.0544263267499963
1751.709,211,285,32.5755,2.0550325929999964
1751.897,211,269,30.7467,2.0566382539999952
1752.098,211,260,29.718,2.0582975089999955
1752.117,211,270,30.861,2.0584603864999957
1752.127,211,270,30.861,2.0585461114999957
1752.127,211,280,32.004,2.0585461114999957
1752.398,211,270,30.861,2.0608692589999955
1752.399,211,278,31.7754,2.0608780854999953
1752.498,211,280,32.004,2.061758195499997
1752.498,211,270,30.861,2.061758195499997
1752.499,211,280,32.004,2.0617670854999965
1752.649,211,261,29.8323,2.0630100979999955
1752.699,211,281,32.1183,2.063456185499997
1752.9,211,261,29.8323,2.0651218222499974
1753.107,211,270,30.861,2.0668963297499965
1753.497,211,270,30.861,2.070239604749997
1753.501,211,280,32.004,2.0702751647499964
1753.598,211,272,31.0896,2.071112856749996
1753.598,211,275,31.4325,2.071112856749996
1753.61,211,280,32.004,2.0712195367499957
1753.652,211,269,30.7467,2.071578248249997
1754.087,211,260,29.718,2.075169173249997
1754.104,211,269,30.7467,2.075314365999997
1754.199,211,260,29.718,2.0760985909999974
1754.2,211,270,30.861,2.076107163499997
1754.595,211,270,30.861,2.0794933009999967
1754.598,211,273,31.2039,2.079519304249996
1754.644,211,261,29.8323,2.079900494749997
1754.698,211,278,31.7754,2.0803771257499974
1754.798,211,275,31.4325,2.0812502507499966
1754.894,211,261,29.8323,2.0820457787499964
1754.995,211,270,30.861,2.0829116012499953
1755.107,211,260,29.718,2.083836161249996
1755.497,211,270,30.861,2.0871794362499965
1755.497,211,260,29.718,2.0871794362499965
1755.497,211,269,30.7467,2.0871794362499965
1755.595,211,275,31.4325,2.0880350987499963
1755.652,211,269,30.7467,2.0885219214999964
1755.898,211,277,31.6611,2.0906854299999953
1755.902,211,269,30.7467,2.090719592999996
1756.107,211,260,29.718,2.0924118679999957
1756.137,211,260,29.718,2.0926595179999956
1756.394,211,260,29.718,2.094781052999996
1756.497,211,270,30.861,2.0956640204999966
1756.597,211,262,29.9466,2.0964958704999956
1756.649,211,261,29.8323,2.096926781499995
1756.798,211,266,30.4038,2.098185160999996
1756.895,211,261,29.8323,2.0989889757499958
1756.898,211,273,31.2039,2.0990149789999952
1757.103,211,270,30.861,2.1007723414999964
1757.107,211,270,30.861,2.1008066314999954
1757.199,211,270,30.861,2.101595301499996
1757.205,211,260,29.718,2.101644831499995
1757.597,211,260,29.718,2.1048807914999954
1757.597,211,264,30.1752,2.1048807914999954
1757.697,211,268,30.6324,2.1057316914999946
1757.798,211,264,30.1752,2.1065782734999954
1757.808,211,260,29.718,2.1066608234999955
1757.997,211,260,29.718,2.108221018499996
1758.396,211,260,29.718,2.1115147634999953
1758.496,211,270,30.861,2.1123720134999964
1758.497,211,262,29.9466,2.1123803319999963
1758.697,211,265,30.2895,2.1140630819999946
1758.795,211,267,30.5181,2.1148938524999963
1758.899,211,260,29.718,2.115752372499995
1758.996,211,260,29.718,2.1165531074999966
1759.012,211,260,29.718,2.1166851874999955
1759.496,211,260,29.718,2.1206806074999967
1759.597,211,268,30.6324,2.1215400164999956
1759.653,211,260,29.718,2.122002296499996
1759.697,211,263,30.0609,2.1223697074999945
1759.797,211,265,30.2895,2.1232110824999957
1760.097,211,260,29.718,2.1256875824999955
1760.097,211,270,30.861,2.1256875824999955
1760.113,211,260,29.718,2.125819662499996
1760.402,211,270,30.861,2.128297114999996
1760.596,211,262,29.9466,2.129910903999996
1760.636,211,260,29.718,2.1302411039999956
1760.696,211,267,30.5181,2.130749738999995
1760.892,211,260,29.718,2.1323677189999963
1760.996,211,260,29.718,2.1332262389999967
1761.087,211,260,29.718,2.1339774439999957
1761.408,211,268,30.6324,2.136708832999995
1761.646,211,251,28.6893,2.138605514499995
1761.696,211,265,30.2895,2.139026201999995
1761.796,211,263,30.0609,2.139861226999996
1761.895,211,251,28.6893,2.1406501827499955
1762.093,211,260,29.718,2.1422846727499962
1762.097,211,260,29.718,2.1423176927499954
1762.097,211,260,29.718,2.1423176927499954
1762.157,211,260,29.718,2.142812992749995
1762.393,211,260,29.718,2.1447611727499956
1762.401,211,260,29.718,2.1448272127499957
1762.602,211,265,30.2895,2.146518376499996
1762.642,211,250,28.575,2.1468358764999955
1762.696,211,267,30.5181,2.1472936479999944
1762.992,211,250,28.575,2.1496431479999947
1763.057,211,260,29.718,2.150179722999995
1763.097,211,260,29.718,2.1505099229999947
1763.197,211,250,28.575,2.151303672999994
1763.204,211,260,29.718,2.1513614579999945
1763.393,211,260,29.718,2.152921652999995
1763.496,211,260,29.718,2.1537719179999955
1763.649,211,250,28.575,2.154986355499994
1763.702,211,263,30.0609,2.155428918749995
1763.803,211,250,28.575,2.156230606249996
1764.067,211,260,29.718,2.158409926249995
1764.087,211,260,29.718,2.158575026249995
1764.095,211,250,28.575,2.1586385262499954
1764.494,211,260,29.718,2.1619322712499947
1764.495,211,260,29.718,2.1619405262499947
1764.495,211,260,29.718,2.1619405262499947
1764.601,211,260,29.718,2.1628155562499964
1764.648,211,250,28.575,2.1631886187499947
1764.899,211,250,28.575,2.1651809312499943
1765.087,211,250,28.575,2.1666731812499953
1765.127,211,260,29.718,2.167003381249995
1765.392,211,250,28.575,2.1691068187499956
1765.494,211,260,29.718,2.1699488287499946
1765.595,211,260,29.718,2.1707825837499954
1765.596,211,260,29.718,2.1707908387499955
1765.61,211,260,29.718,2.1709064087499947
1765.637,211,250,28.575,2.171120721249995
1765.695,211,260,29.718,2.171599511249995
1765.994,211,250,28.575,2.1739728237499945
1766.077,211,250,28.575,2.174631636249995
1766.087,211,250,28.575,2.174711011249995
1766.094,211,250,28.575,2.1747665737499955
1766.102,211,250,28.575,2.174830073749996
1766.4,211,250,28.575,2.177195448749996
1766.492,211,250,28.575,2.177925698749995
1766.648,211,241,27.5463,2.1791193717499944
1766.694,211,258,29.4894,2.179496180749995
1766.695,211,260,29.718,2.179504435749995
1766.801,211,260,29.718,2.180379465749995
1766.893,211,241,27.5463,2.1810834267499954
1767.1,211,250,28.575,2.1827264892499945
1767.394,211,250,28.575,2.1850601142499952
1767.4,211,250,28.575,2.185107739249996
1767.494,211,250,28.575,2.1858538642499945
1767.592,211,260,29.718,2.186662854249996
1767.662,211,244,27.8892,2.1872051442499956
1767.792,211,255,29.1465,2.1882576567499945
1767.892,211,244,27.8892,2.1890323567499954
1768.009,211,240,27.432,2.189923896749995
1768.077,211,250,28.575,2.1904636467499947
1768.094,211,250,28.575,2.190598584249995
1768.494,211,250,28.575,2.193773584249994
1768.677,211,245,28.0035,2.195197095499994
1768.694,211,250,28.575,2.1953320329999944
1768.694,211,250,28.575,2.1953320329999944
1768.694,211,253,28.9179,2.1953320329999944
1768.89,211,245,28.0035,2.1968566679999952
1769.008,211,245,28.0035,2.1977745604999948
1769.067,211,250,28.575,2.1982428729999945
1769.107,211,240,27.432,2.1985476729999944
1769.393,211,250,28.575,2.2008177979999948
1769.493,211,250,28.575,2.201611547999994
1769.591,211,250,28.575,2.202389422999994
1769.677,211,258,29.4894,2.203093891999994
1769.694,211,250,28.575,2.203228829499994
1769.792,211,258,29.4894,2.204031596499994
1769.794,211,250,28.575,2.204047471499995
1769.991,211,245,28.0035,2.2055798852499944
1770.104,211,245,28.0035,2.206458883999995
1770.403,211,250,28.575,2.2088321964999946
1770.405,211,250,28.575,2.208848071499994
1770.675,211,287,32.8041,2.211308378999994
1770.793,211,250,28.575,2.2122450039999935
1770.894,211,250,28.575,2.2130466914999944
1770.993,211,287,32.8041,2.213948804249994
1771.018,211,245,28.0035,2.2141432729999946
1771.09,211,260,29.718,2.2147376329999937
1771.147,211,240,27.432,2.2151719729999937
1771.207,211,245,28.0035,2.215638697999995
1771.399,211,240,27.432,2.217101737999993
1771.593,211,250,28.575,2.2186416129999946
1771.593,211,248,28.3464,2.2186416129999946
1771.659,211,286,32.6898,2.219240925999995
1771.694,211,250,28.575,2.219518738499994
1771.992,211,286,32.6898,2.222224727499994
1772.096,211,290,33.147,2.2231823074999943
1772.194,211,245,28.0035,2.223944624999994
1772.493,211,241,27.5463,2.2262324982499937
1772.648,211,285,32.5755,2.2276350544999937
1772.693,211,245,28.0035,2.2279850982499942
1772.793,211,250,28.575,2.2287788482499935
1772.891,211,285,32.5755,2.229665625749995
1773.057,211,260,29.718,2.2310359557499946
1773.067,211,245,28.0035,2.2311137432499946
1773.399,211,245,28.0035,2.2336962882499938
1773.599,211,242,27.6606,2.235232988249994
1773.634,211,289,33.0327,2.2355541394999947
1773.793,211,243,27.7749,2.236780864249994
1773.992,211,289,33.0327,2.238606838499994
1773.998,211,285,32.5755,2.238661130999995
1774.007,211,245,28.0035,2.238731139749995
1774.057,211,285,32.5755,2.2391835772499946
1774.057,211,290,33.147,2.2391835772499946
1774.097,211,260,29.718,2.2395137772499942
1774.194,211,285,32.5755,2.240391505999994
1774.491,211,290,33.147,2.2431261334999943
1774.492,211,248,28.3464,2.2431340074999944
1774.507,211,245,28.0035,2.243250688749995
1774.592,211,260,29.718,2.243952363749995
1774.604,211,243,27.7749,2.2440449467499946
1774.643,211,281,32.1183,2.2443928949999945
1774.891,211,281,32.1183,2.246605488999995
1775.392,211,290,33.147,2.2512184464999945
1775.592,211,266,30.4038,2.252907546499995
1775.602,211,245,28.0035,2.252985333999995
1775.651,211,280,32.004,2.253420943999995
1775.692,211,252,28.8036,2.2537489849999943
1775.891,211,280,32.004,2.255518094999995
1776.027,211,285,32.5755,2.2567487249999947
1776.047,211,290,33.147,2.2569328749999946
1776.047,211,285,32.5755,2.2569328749999946
1776.489,211,289,33.0327,2.2609885564999948
1776.49,211,275,31.4325,2.2609972877499946
1776.591,211,285,32.5755,2.2619112114999935
1776.592,211,255,29.1465,2.261919307749995
1776.64,211,284,32.4612,2.262352123749995
1776.991,211,284,32.4612,2.265517090749994
1776.991,211,280,32.004,2.265517090749994
1777.047,211,285,32.5755,2.2660238207499948
1777.047,211,280,32.004,2.2660238207499948
1777.087,211,290,33.147,2.2663921207499946
1777.491,211,290,33.147,2.2701119507499947
1777.491,211,285,32.5755,2.2701119507499947
1777.591,211,285,32.5755,2.271016825749994
1777.601,211,288,32.9184,2.271108265749996
1777.644,211,280,32.004,2.271490535749995
1777.689,211,281,32.1183,2.2718920144999957
1777.89,211,280,32.004,2.2736789044999957
1778.047,211,280,32.004,2.275074634499995
1778.101,211,285,32.5755,2.2755632669999954
1778.199,211,280,32.004,2.276434486999995
1778.589,211,286,32.6898,2.279975881999994
1778.634,211,280,32.004,2.2803759319999943
1778.791,211,285,32.5755,2.2817965857499938
1778.796,211,280,32.004,2.2818410357499945
1778.891,211,287,32.8041,2.282706699499995
1779.047,211,280,32.004,2.2840935394999944
1779.087,211,290,33.147,2.2844618394999943
1779.09,211,280,32.004,2.284488509499994
1779.491,211,287,32.8041,2.2881425217499944
1779.59,211,280,32.004,2.2890226317499938
1779.637,211,280,32.004,2.289440461749994
1779.689,211,288,32.9184,2.2899159497499952
1779.902,211,280,32.004,2.291809519749995
1780.047,211,280,32.004,2.293098569749995
1780.1,211,280,32.004,2.293569739749994
1780.39,211,285,32.5755,2.2961938772499955
1780.494,211,280,32.004,2.2971184372499938
1780.641,211,276,31.5468,2.2984065982499953
1780.791,211,285,32.5755,2.299763910749994
1780.791,211,288,32.9184,2.299763910749994
1780.889,211,276,31.5468,2.3006226847499938
1781.017,211,280,32.004,2.301760604749995
1781.096,211,280,32.004,2.3024629147499946
1781.2,211,280,32.004,2.303387474749995
1781.59,211,281,32.1183,2.3068669572499942
1781.646,211,279,31.8897,2.3073630192499945
1781.694,211,283,32.3469,2.3077943112499946
1781.791,211,280,32.004,2.3086566412499945
1781.795,211,279,31.8897,2.3086920742499957
1782.017,211,285,32.5755,2.3107008967499953
1782.39,211,280,32.004,2.314016866749996
1782.49,211,282,32.2326,2.314912216749995
1782.59,211,284,32.4612,2.315813916749994
1782.634,211,280,32.004,2.316205076749995
1782.791,211,280,32.004,2.317600806749994
1782.892,211,280,32.004,2.318498696749995
1782.995,211,280,32.004,2.3194143667499936
1783.027,211,275,31.4325,2.319693766749995
1783.188,211,280,32.004,2.3211250567499957
1783.198,211,280,32.004,2.3212139567499954
1783.599,211,282,32.2326,2.324804310249994
1783.643,211,275,31.4325,2.3251884852499947
1783.79,211,283,32.3469,2.326509316999994
1783.891,211,275,31.4325,2.327391173249995
1784.007,211,275,31.4325,2.3284039982499944
1784.395,211,280,32.004,2.3318533182499936
1784.59,211,280,32.004,2.333586868249993
1784.699,211,281,32.1183,2.3345593389999943
1785.027,211,275,31.4325,2.337423188999994
1785.027,211,280,32.004,2.337423188999994
1785.027,211,280,32.004,2.337423188999994
1785.027,211,280,32.004,2.337423188999994
1785.089,211,275,31.4325,2.3379645264999933
1785.388,211,280,32.004,2.340622636499993
1785.389,211,279,31.8897,2.3406314947499927
1785.401,211,280,32.004,2.340738174749994
1785.489,211,275,31.4325,2.3415065247499935
1785.639,211,270,30.861,2.3427923997499924
1785.891,211,270,30.861,2.344952669749994
1786.388,211,280,32.004,2.3493709997499925
1786.488,211,280,32.004,2.3502599997499938
1786.588,211,276,31.5468,2.351136299749993
1786.589,211,278,31.7754,2.351145126249993
1786.595,211,280,32.004,2.351198466249994
1786.642,211,270,30.861,2.351601373749994
1786.997,211,275,31.4325,2.354700967499994
1787.094,211,270,30.861,2.355532499999994
1787.19,211,275,31.4325,2.356370699999994
1787.486,211,280,32.004,2.3590021399999945
1787.488,211,280,32.004,2.359019919999994
1787.589,211,277,31.6611,2.359908189749993
1787.632,211,262,29.9466,2.360265885249994
1787.789,211,277,31.6611,2.3616466609999933
1787.885,211,262,29.9466,2.3624452369999935
1787.986,211,270,30.861,2.3633110594999946
1788.017,211,270,30.861,2.363576806999994
1788.488,211,275,31.4325,2.367689225749994
1788.488,211,280,32.004,2.367689225749994
1788.638,211,269,30.7467,2.368970338249993
1788.889,211,278,31.7754,2.3711857897499926
1788.895,211,269,30.7467,2.3712370342499933
1789.004,211,260,29.718,2.3721368292499925
1789.047,211,270,30.861,2.3725054467499933
1789.487,211,270,30.861,2.3762773467499936
1789.488,211,275,31.4325,2.3762860779999935
1789.488,211,275,31.4325,2.3762860779999935
1789.642,211,261,29.8323,2.3775622374999936
1789.786,211,280,32.004,2.3788423974999935
1789.788,211,277,31.6611,2.378859986999993
1789.886,211,261,29.8323,2.379672088499993
1790.017,211,270,30.861,2.380795085999994
1790.093,211,270,30.861,2.3814465959999938
1790.189,211,270,30.861,2.3822695559999936
1790.199,211,260,29.718,2.3823521059999937
1790.587,211,270,30.861,2.385678235999993
1790.687,211,274,31.3182,2.386548185999992
1790.788,211,276,31.5468,2.387433248999993
1790.798,211,260,29.718,2.3875157989999933
1790.987,211,260,29.718,2.389075993999994
1791.098,211,270,30.861,2.3900275414999927
1791.487,211,270,30.861,2.3933622439999938
1791.487,211,270,30.861,2.3933622439999938
1791.488,211,272,31.0896,2.3933708799999938
1791.645,211,260,29.718,2.394666914999993
1791.886,211,260,29.718,2.396656369999993
1791.993,211,260,29.718,2.3975396549999926
1792.003,211,260,29.718,2.3976222049999927
1792.107,211,260,29.718,2.398480724999993
1792.393,211,260,29.718,2.4008416549999936
1792.493,211,269,30.7467,2.4016957299999926
1792.641,211,260,29.718,2.4029174699999936
1792.787,211,270,30.861,2.404169054999993
1792.885,211,271,30.9753,2.4050122714999924
1793.006,211,260,29.718,2.406011126499993
1793.067,211,270,30.861,2.4065340489999922
1793.189,211,260,29.718,2.407541158999993
1793.392,211,270,30.861,2.4092813764999925
1793.585,211,267,30.5181,2.410917485749992
1793.587,211,262,29.9466,2.4109341227499916
1793.687,211,270,30.861,2.411791372749991
1793.883,211,260,29.718,2.413409352749992
1793.885,211,260,29.718,2.4134258627499916
1793.997,211,260,29.718,2.414350422749992
1794.399,211,268,30.6324,2.4177710407499906
1794.593,211,265,30.2895,2.419403308249992
1794.652,211,260,29.718,2.419890353249992
1794.787,211,264,30.1752,2.421021923249992
1794.885,211,260,29.718,2.4218309132499916
1794.997,211,260,29.718,2.422755473249992
1794.997,211,260,29.718,2.422755473249992
1795.084,211,260,29.718,2.423473658249992
1795.087,211,260,29.718,2.4234984232499914
1795.384,211,260,29.718,2.4259501582499916
1795.392,211,260,29.718,2.4260161982499917
1795.592,211,265,30.2895,2.427698948249992
1795.663,211,268,30.6324,2.4283030872499913
1795.687,211,267,30.5181,2.42850654124999
1795.967,211,260,29.718,2.430817941249992
1795.983,211,268,30.6324,2.4309540852499905
1795.997,211,260,29.718,2.4310696552499915
1796.097,211,260,29.718,2.4318951552499906
1796.194,211,260,29.718,2.4326958902499904
1796.384,211,260,29.718,2.434264340249991
1796.486,211,260,29.718,2.435106350249992
1796.65,211,279,31.8897,2.4365591032499916
1796.687,211,263,30.0609,2.43686806249999
1796.885,211,279,31.8897,2.438621995999991
1796.977,211,260,29.718,2.4393814559999916
1796.987,211,260,29.718,2.4394640059999917
1797.187,211,270,30.861,2.44117850599999
1797.385,211,260,29.718,2.442812995999991
1797.385,211,260,29.718,2.442812995999991
1797.485,211,260,29.718,2.44363849599999
1797.486,211,260,29.718,2.4436467509999917
1797.486,211,260,29.718,2.4436467509999917
1797.592,211,260,29.718,2.4445217809999917
1797.985,211,280,32.004,2.44801555099999
1798.485,211,260,29.718,2.45214305099999
1798.585,211,260,29.718,2.4529685509999912
1798.586,211,260,29.718,2.4529768059999912
1798.598,211,260,29.718,2.453075865999991
1798.685,211,260,29.718,2.4537940509999907
1798.957,211,270,30.861,2.456125770999992
1798.977,211,280,32.004,2.456303570999992
1799.027,211,260,29.718,2.4567163209999916
1799.085,211,280,32.004,2.4572319409999914
1799.187,211,280,32.004,2.4581387209999903
1799.482,211,270,30.861,2.4606676084999908
1799.582,211,260,29.718,2.461493108499992
1799.685,211,260,29.718,2.4623433734999907
1799.685,211,260,29.718,2.4623433734999907
1799.689,211,260,29.718,2.4623763934999916
1800.384,211,280,32.004,2.468554943499991
1800.39,211,270,30.861,2.468606378499992
1800.398,211,261,29.8323,2.4686726724999906
1800.483,211,260,29.718,2.4693743474999907
1800.783,211,260,29.718,2.4718508474999905
1801.584,211,280,32.004,2.478971737499992
1801.594,211,260,29.718,2.479054287499992
1801.684,211,272,31.0896,2.479831527499991
1801.685,211,260,29.718,2.479839782499991
1801.784,211,264,30.1752,2.4806696004999926
1802.584,211,280,32.004,2.4877816004999924
1802.684,211,275,31.4325,2.4886547254999916
1802.885,211,266,30.4038,2.490352270999992
1803.682,211,277,31.6611,2.497361686749992
1803.784,211,280,32.004,2.498268466749993
1804.012,211,280,32.004,2.5002953867499915
1804.081,211,280,32.004,2.5009087967499912
1804.684,211,280,32.004,2.5062694667499916
1805.185,211,280,32.004,2.5107233567499914
1805.641,211,270,30.861,2.5146324167499925
1805.797,211,270,30.861,2.515969726749992
1805.967,211,280,32.004,2.5174810267499925
1806.628,211,270,30.861,2.5231474492499912
1806.947,211,280,32.004,2.5259833592499907
1806.982,211,270,30.861,2.5262833967499914
1806.997,211,280,32.004,2.5264167467499923
1807.185,211,270,30.861,2.528028376749991
1807.582,211,280,32.004,2.5315577067499926
1807.583,211,280,32.004,2.5315665967499923
1807.633,211,261,29.8323,2.531980934249992
1807.881,211,261,29.8323,2.5340360482499924
1808.086,211,270,30.861,2.5357934107499918
1808.636,211,260,29.718,2.5403336607499916
1808.886,211,260,29.718,2.5423974107499916
1808.957,211,270,30.861,2.543006058249993
1809.381,211,270,30.861,2.546640798249993
1809.388,211,275,31.4325,2.546701916999991
1809.481,211,275,31.4325,2.547513923249992
1809.625,211,252,28.8036,2.548666067249992
1809.947,211,260,29.718,2.5513241772499913
1809.982,211,252,28.8036,2.551604212249992
1809.982,211,260,29.718,2.551604212249992
1809.987,211,270,30.861,2.551647074749993
1810.184,211,260,29.718,2.553273309749992
1810.481,211,270,30.861,2.555819342249992
1810.482,211,270,30.861,2.5558279147499916
1810.588,211,275,31.4325,2.5567534272499914
1810.636,211,246,28.1178,2.5571283312499915
1810.682,211,274,31.3182,2.557528508249992
1810.886,211,246,28.1178,2.5591218502499915
1811.087,211,250,28.575,2.5607172877499917
1811.481,211,260,29.718,2.563969757749992
1811.481,211,270,30.861,2.563969757749992
1811.482,211,270,30.861,2.5639783302499914
1811.635,211,236,26.9748,2.5651247592499917
1811.782,211,272,31.0896,2.5663942512499913
1811.795,211,236,26.9748,2.5664916602499925
1811.947,211,260,29.718,2.567746420249991
1812.087,211,245,28.0035,2.5688354452499915
1812.39,211,260,29.718,2.571336710249992
1812.648,211,239,27.3177,2.573294478749991
1812.679,211,268,30.6324,2.5735582577499923
1812.679,211,270,30.861,2.5735582577499923
1812.78,211,239,27.3177,2.5743246709999914
1812.782,211,271,30.9753,2.574341879499991
1812.947,211,260,29.718,2.575703954499991
1812.957,211,250,28.575,2.5757833294999926
1812.981,211,235,26.8605,2.575962399499992
1813.091,211,245,28.0035,2.576818061999991
1813.381,211,250,28.575,2.5791199369999926
1813.48,211,260,29.718,2.579937181999992
1813.581,211,260,29.718,2.580770936999991
1813.586,211,265,30.2895,2.580813005749992
1813.664,211,231,26.403299999999998,2.5813850772499918
1813.782,211,270,30.861,2.582396632249991
1813.978,211,231,26.403299999999998,2.583834145249992
1814.081,211,240,27.432,2.5846190052499907
1814.089,211,235,26.8605,2.584678695249991
1814.195,211,245,28.0035,2.5855032427499913
1814.386,211,250,28.575,2.5870193052499917
1814.48,211,259,29.6037,2.587792290749992
1814.662,211,239,27.3177,2.589173352249992
1814.781,211,260,29.718,2.5901556972499913
1814.877,211,239,27.3177,2.5908841692499913
1814.881,211,263,30.0609,2.5909175702499923
1815.005,211,240,27.432,2.5918624502499923
1815.182,211,235,26.8605,2.5931830914999914
1815.386,211,245,28.0035,2.594769956499991
1815.481,211,257,29.3751,2.5955451327499914
1815.58,211,249,28.4607,2.596327801999991
1815.661,211,252,28.8036,2.596975882999992
1815.781,211,260,29.718,2.597966482999991
1815.883,211,252,28.8036,2.598782584999992
1815.937,211,230,26.289,2.599176919999991
1816.08,211,240,27.432,2.600266579999991
1816.179,211,240,27.432,2.6010209599999925
1816.486,211,243,27.7749,2.603389541749993
1816.58,211,248,28.3464,2.6041296977499915
1816.664,211,263,30.0609,2.604831118749992
1816.781,211,254,29.0322,2.605774665249992
1816.937,211,230,26.289,2.6069138552499913
1816.98,211,263,30.0609,2.6072729159999923
1816.997,211,235,26.8605,2.6073997572499925
1817.188,211,230,26.289,2.608794534749993
1817.204,211,240,27.432,2.6089164547499917
1817.379,211,240,27.432,2.610249954749991
1817.386,211,236,26.9748,2.6103024057499917
1817.586,211,240,27.432,2.611826405749992
1817.668,211,278,31.7754,2.612550178749991
1817.781,211,247,28.2321,2.6134363529999916
1817.788,211,278,31.7754,2.6134981384999922
1817.927,211,255,29.1465,2.614623517249991
1818.083,211,265,30.2895,2.6159360622499928
1818.38,211,238,27.2034,2.618180342749993
1818.392,211,237,27.0891,2.6182706397499924
1818.479,211,230,26.289,2.6189059572499924
1818.479,211,240,27.432,2.6189059572499924
1818.666,211,302,34.5186,2.6206990067499913
1818.68,211,238,27.2034,2.6208047977499924
1818.882,211,302,34.5186,2.6227416747499923
1818.927,211,255,29.1465,2.623106005999991
1819.377,211,265,30.2895,2.6268921934999914
1819.479,211,255,29.1465,2.6277180109999922
1819.483,211,235,26.8605,2.6277478559999916
1819.483,211,240,27.432,2.6277478559999916
1819.58,211,232,26.517599999999998,2.6284623579999913
1819.586,211,238,27.2034,2.628507696999992
1819.651,211,305,34.8615,2.6291371407499926
1819.907,211,280,32.004,2.6314129807499915
1819.976,211,305,34.8615,2.6320811594999936
1820.083,211,305,34.8615,2.633117320749993
1820.181,211,280,32.004,2.633988540749993
1820.194,211,265,30.2895,2.6340979194999923
1820.577,211,255,29.1465,2.6371987832499926
1820.58,211,233,26.631899999999998,2.637220976499992
1820.633,211,309,35.3187,2.637740946249993
1820.679,211,241,27.5463,2.6380929267499935
1820.78,211,235,26.8605,2.6388465129999927
1820.782,211,309,35.3187,2.638866134499992
1821.185,211,305,34.8615,2.6427686857499926
1821.378,211,305,34.8615,2.6446376494999924
1821.478,211,280,32.004,2.6455266494999936
1821.479,211,256,29.2608,2.6455347774999933
1821.579,211,265,30.2895,2.6463761524999927
1821.579,211,246,28.1178,2.6463761524999927
1821.627,211,294,33.6042,2.646824208499993
1821.88,211,237,27.0891,2.648727970249994
1821.883,211,294,33.6042,2.6487559737499935
1822.085,211,310,35.433,2.6507441587499936
1822.086,211,305,34.8615,2.6507538424999932
1822.484,211,280,32.004,2.6542920624999926
1822.626,211,282,32.2326,2.655563459499993
1822.678,211,268,30.6324,2.656005927499994
1822.779,211,259,29.6037,2.656836475749993
1822.877,211,282,32.2326,2.6577139187499927
1822.879,211,249,28.4607,2.6577297302499923
1822.927,211,305,34.8615,2.658194550249992
1822.984,211,290,33.147,2.6587193777499922
1823.186,211,310,35.433,2.6607075627499923
1823.382,211,305,34.8615,2.6626055777499937
1823.576,211,285,32.5755,2.6643610352499936
1823.578,211,305,34.8615,2.6643804027499933
1823.631,211,280,32.004,2.664851572749994
1823.679,211,272,31.0896,2.665266100749994
1823.682,211,261,29.8323,2.6652909609999935
1823.788,211,280,32.004,2.6662333009999934
1823.987,211,280,32.004,2.668002410999994
1824.18,211,290,33.147,2.6697794584999937
1824.384,211,305,34.8615,2.671754943499993
1824.678,211,305,34.8615,2.6746019659999942
1824.776,211,292,33.3756,2.6755105239999937
1824.876,211,272,31.0896,2.676374123999993
1824.879,211,275,31.4325,2.676400317749992
1824.886,211,280,32.004,2.676462547749993
1824.917,211,310,35.433,2.6767676652499923
1825.0,211,280,32.004,2.6775055352499932
1825.189,211,290,33.147,2.6792457527499938
1825.381,211,310,35.433,2.681135512749994
1825.578,211,305,34.8615,2.6830432114999927
1825.584,211,306,34.9758,2.6831015044999935
1825.631,211,261,29.8323,2.6834909817499937
1825.678,211,297,33.9471,2.683934179999994
1825.873,211,261,29.8323,2.6855500962499934
1826.078,211,280,32.004,2.6873725462499927
1826.081,211,270,30.861,2.687398263749992
1826.185,211,280,32.004,2.6883228237499925
1826.186,211,290,33.147,2.6883320312499923
1826.375,211,308,35.2044,2.690180262249993
1826.636,211,260,29.718,2.692334817249993
1826.684,211,307,35.0901,2.6928026852499927
1826.788,211,260,29.718,2.693661205249993
1826.878,211,305,34.8615,2.6945327427499923
1827.083,211,280,32.004,2.696355192749994
1827.376,211,270,30.861,2.6988669352499928
1827.386,211,289,33.0327,2.6989586927499927
1827.581,211,302,34.5186,2.700828450249992
1827.625,211,255,29.1465,2.701184685249993
1827.778,211,308,35.2044,2.702680872249993
1827.897,211,260,29.718,2.7036632172499924
1827.907,211,280,32.004,2.703752117249992
1827.976,211,255,29.1465,2.7043107584999935
1828.176,211,260,29.718,2.705961758499992
1828.179,211,260,29.718,2.7059865234999934
1828.185,211,280,32.004,2.706039863499992
1828.38,211,270,30.861,2.7077115009999932
1828.477,211,280,32.004,2.708573830999993
1828.486,211,287,32.8041,2.7086558412499935
1828.627,211,246,28.1178,2.7097571217499925
1828.684,211,298,34.0614,2.7102964272499928
1828.879,211,246,28.1178,2.7118194747499924
1829.178,211,255,29.1465,2.714240253499994
1829.201,211,279,31.8897,2.7144439932499935
1829.576,211,280,32.004,2.7177777432499934
1829.629,211,241,27.5463,2.7181832859999924
1829.678,211,284,32.4612,2.718625118999994
1829.877,211,260,29.718,2.7202678639999927
1829.877,211,270,30.861,2.7202678639999927
1829.878,211,241,27.5463,2.7202755157499925
1829.897,211,260,29.718,2.7204323607499927
1830.375,211,255,29.1465,2.7243023682499934
1830.382,211,260,29.718,2.724360153249994
1830.388,211,277,31.6611,2.724412921749993
1830.474,211,268,30.6324,2.725144695749993
1830.577,211,280,32.004,2.7260603657499933
1830.622,211,240,27.432,2.726403265749994
1830.887,211,245,28.0035,2.7284646344999928
1830.937,211,260,29.718,2.7288773844999925
1830.976,211,240,27.432,2.7291745644999943
1830.979,211,240,27.432,2.729197424499994
1831.178,211,245,28.0035,2.7307453957499943
1831.475,211,255,29.1465,2.7331499819999925
1831.476,211,260,29.718,2.7331582369999943
1831.489,211,274,31.3182,2.7332713304999934
1831.582,211,265,30.2895,2.734053809249994
1831.632,211,240,27.432,2.7344348092499935
1831.676,211,260,29.718,2.7347980292499923
1831.975,211,240,27.432,2.737076409249992
1832.079,211,240,27.432,2.7378688892499925
1832.375,211,255,29.1465,2.7402653792499927
1832.472,211,245,28.0035,2.7410199179999926
1832.476,211,259,29.6037,2.7410528109999936
1832.588,211,272,31.0896,2.7420200429999926
1832.776,211,260,29.718,2.7435719829999936
1832.876,211,263,30.0609,2.744407007999993
1832.88,211,232,26.517599999999998,2.744436471999994
1832.887,211,240,27.432,2.7444898119999928
1833.174,211,240,27.432,2.746676751999993
1833.177,211,240,27.432,2.7466996119999925
1833.473,211,258,29.4894,2.749124295999993
1833.481,211,245,28.0035,2.7491865259999932
1833.62,211,230,26.289,2.7502015734999925
1833.673,211,253,28.9179,2.7506273092499933
1833.876,211,260,29.718,2.752303074249993
1833.947,211,240,27.432,2.7528440942499923
1833.98,211,230,26.289,2.7530850767499935
1834.183,211,240,27.432,2.7546319367499934
1834.378,211,240,27.432,2.756117836749993
1834.474,211,240,27.432,2.756849356749993
1834.478,211,244,27.8892,2.756880344749994
1834.581,211,250,28.575,2.7576979072499928
1834.633,211,221,25.2603,2.7580627782499936
1834.776,211,256,29.2608,2.7592250822499937
1835.075,211,230,26.289,2.7614085297499935
1835.374,211,240,27.432,2.7636869097499934
1835.375,211,240,27.432,2.7636945297499933
1835.474,211,240,27.432,2.764448909749993
1835.775,211,243,27.7749,2.766771199999994
1835.875,211,248,28.3464,2.7675585999999934
1835.972,211,220,25.146,2.7682361449999933
1836.384,211,240,27.432,2.7713755849999937
1836.475,211,240,27.432,2.772069004999993
1836.775,211,242,27.6606,2.7743740549999942
1836.877,211,230,26.289,2.775118909999993
1837.0,211,220,25.146,2.7759780649999932
1837.376,211,230,26.289,2.778723804999993
1837.484,211,239,27.3177,2.7795433359999926
1837.574,211,240,27.432,2.7802291359999938
1837.775,211,240,27.432,2.781760755999994
1838.176,211,220,25.146,2.784561740999993
1838.474,211,230,26.289,2.786737885999993
1838.674,211,236,26.9748,2.788236485999993
1838.78,211,240,27.432,2.789044205999993
1838.877,211,230,26.289,2.789752548499993
1839.679,211,234,26.746199999999998,2.795711007499994
1839.907,211,220,25.146,2.7973035874999925
1840.373,211,222,25.3746,2.8005881884999932
1840.486,211,225,25.7175,2.8013954322499934
1840.583,211,230,26.289,2.8021037747499933
1841.571,211,225,25.7175,2.809161799749992
1842.492,211,227,25.9461,2.8157996769999922
1842.639,211,205,23.4315,2.816756463249992
1842.875,211,205,23.4315,2.8182925282499927
1842.978,211,210,24.003,2.818979280749993
1843.662,211,205,23.4315,2.823431265749993
1843.874,211,205,23.4315,2.8248111207499926
1844.082,211,205,23.4315,2.8261649407499934
1844.66,211,221,25.2603,2.830220622249993
1844.857,211,210,24.003,2.831534119749992
1844.87,211,221,25.2603,2.831625337499992
1845.071,211,205,23.4315,2.8329335962499917
1845.18,211,205,23.4315,2.833643049999993
1845.661,211,233,26.631899999999998,2.837201367749993
1845.776,211,233,26.631899999999998,2.8380521089999933
1846.174,211,205,23.4315,2.840642591499993
1846.371,211,205,23.4315,2.841924815249994
1846.655,211,247,28.2321,2.844152014249993
1846.968,211,247,28.2321,2.8466066384999937
1847.071,211,235,26.8605,2.8473751472499926
1847.085,211,225,25.7175,2.8474751597499934
1847.179,211,205,23.4315,2.8480869822499937
1847.471,211,205,23.4315,2.849987537249993
1847.636,211,259,29.6037,2.851344373499993
1847.87,211,259,29.6037,2.853268613999992
1848.172,211,250,28.575,2.8556657389999933
1848.182,211,225,25.7175,2.8557371764999933
1848.371,211,205,23.4315,2.8569673302499936
1848.471,211,205,23.4315,2.857618205249993
1848.472,211,207,23.6601,2.8576247774999928
1848.629,211,251,28.6893,2.8588759497499923
1848.847,211,235,26.8605,2.860502502249993
1848.97,211,251,28.6893,2.8614827199999935
1849.068,211,260,29.718,2.862291709999993
1849.07,211,250,28.575,2.8623075849999924
1849.172,211,235,26.8605,2.863068632499993
1849.479,211,207,23.6601,2.8650863132499933
1849.58,211,205,23.4315,2.8657436969999925
1849.617,211,245,28.0035,2.866031510749993
1849.772,211,206,23.5458,2.867045288249993
1849.847,211,225,25.7175,2.8675810694999933
1849.97,211,245,28.0035,2.8685378557499934
1850.074,211,250,28.575,2.869363355749994
1850.175,211,250,28.575,2.870165043249993
1850.184,211,260,29.718,2.870239338249993
1850.38,211,226,25.8318,2.8716457362499943
1850.57,211,213,24.3459,2.872930658749993
1850.623,211,236,26.9748,2.873327787749994
1850.68,211,205,23.4315,2.873698786499994
1850.778,211,236,26.9748,2.874433100499994
1850.837,211,235,26.8605,2.8748733142499936
1851.37,211,236,26.9748,2.8788670832499927
1851.47,211,229,26.1747,2.8795941582499935
1851.615,211,231,26.403299999999998,2.8806576244999933
1851.676,211,217,24.8031,2.8810778992499926
1851.827,211,245,28.0035,2.8822524904999933
1851.837,211,250,28.575,2.882331865499993
1851.877,211,250,28.575,2.8826493654999927
1851.969,211,231,26.403299999999998,2.8833241164999937
1852.171,211,235,26.8605,2.8848312889999934
1852.171,211,250,28.575,2.8848312889999934
1852.176,211,245,28.0035,2.8848701827499923
1852.47,211,241,27.5463,2.887119797249993
1852.57,211,260,29.718,2.887945297249992
1852.576,211,231,26.403299999999998,2.8879893027499928
1852.618,211,230,26.289,2.888296007749992
1852.67,211,252,28.8036,2.8887120597499933
1852.967,211,230,26.289,2.8908809022499935
1853.073,211,230,26.289,2.8916549672499934
1853.176,211,250,28.575,2.892472529749992
1853.466,211,245,28.0035,2.894728367249992
1853.625,211,222,25.3746,2.895849078749993
1853.67,211,258,29.4894,2.8962176962499933
1853.676,211,255,29.1465,2.8962662737499922
1853.77,211,244,27.8892,2.8969944917499926
1853.827,211,235,26.8605,2.8974197829999926
1853.868,211,222,25.3746,2.897708771499992
1854.174,211,230,26.289,2.8999433364999923
1854.375,211,245,28.0035,2.9015068652499925
1854.569,211,249,28.4607,2.903040580749992
1854.617,211,212,24.2316,2.903363668749992
1854.667,211,255,29.1465,2.9037684812499918
1854.767,211,257,29.3751,2.9045844562499927
1854.827,211,230,26.289,2.905022606249992
1854.827,211,235,26.8605,2.905022606249992
1854.874,211,212,24.2316,2.905338963249992
1855.075,211,220,25.146,2.9067429482499922
1855.076,211,230,26.289,2.906750250749992
1855.468,211,235,26.8605,2.9096750607499926
1855.569,211,248,28.3464,2.910470334749992
1855.622,211,210,24.003,2.9108237122499925
1855.669,211,253,28.9179,2.9112012514999925
1855.669,211,243,27.7749,2.9112012514999925
1855.857,211,230,26.289,2.9125741214999916
1855.867,211,210,24.003,2.9126407964999914
1856.074,211,210,24.003,2.914020968999992
1856.177,211,220,25.146,2.914740423999991
1856.177,211,230,26.289,2.914740423999991
1856.372,211,230,26.289,2.916164411499992
1856.372,211,234,26.746199999999998,2.916164411499992
1856.626,211,210,24.003,2.9178579564999914
1856.769,211,240,27.432,2.9189476164999917
1856.769,211,246,28.1178,2.9189476164999917
1856.785,211,210,24.003,2.919054296499992
1856.977,211,210,24.003,2.920334456499992
1857.177,211,210,24.003,2.921667956499991
1857.368,211,230,26.289,2.9230627339999913
1857.568,211,230,26.289,2.9245232339999916
1857.666,211,233,26.631899999999998,2.9252482134999913
1857.672,211,238,27.2034,2.925293552499992
1857.817,211,220,25.146,2.9263063774999916
1857.866,211,210,24.003,2.9266330849999913
1857.879,211,210,24.003,2.926719762499991
1857.991,211,210,24.003,2.9274665224999916
1858.372,211,220,25.146,2.9301278074999924
1858.472,211,230,26.289,2.9308580574999916
1858.574,211,229,26.1747,2.931599673999992
1858.621,211,201,22.9743,2.9318996162499924
1858.769,211,232,26.517599999999998,2.9329897842499917
1858.877,211,210,24.003,2.9337098742499914
1858.967,211,201,22.9743,2.9342842317499924
1859.068,211,210,24.003,2.934957649249992
1859.071,211,210,24.003,2.9349776517499913
1859.175,211,210,24.003,2.9356710717499914
1859.367,211,210,24.003,2.9369512317499913
1859.623,211,196,22.4028,2.9385443197499916
1859.674,211,226,25.8318,2.938910270249991
1859.817,211,219,25.0317,2.9399045849999914
1859.866,211,196,22.4028,2.940209511999991
1860.08,211,210,24.003,2.941636356999991
1860.366,211,210,24.003,2.943543261999991
1860.38,211,210,24.003,2.9436366069999917
1860.572,211,217,24.8031,2.94495943899999
1860.615,211,195,22.2885,2.9452256627499906
1860.768,211,224,25.6032,2.946313798749991
1860.807,211,200,22.86,2.946561448749991
1860.957,211,210,24.003,2.9475615737499914
1860.967,211,195,22.2885,2.9476234862499915
1860.973,211,195,22.2885,2.9476606337499907
1861.176,211,210,24.003,2.9490141362499904
1861.377,211,210,24.003,2.9503543037499904
1861.467,211,210,24.003,2.9509543787499912
1861.48,211,210,24.003,2.951041056249991
1861.618,211,191,21.8313,2.9518779227499903
1861.674,211,214,24.4602,2.9522584147499904
1861.807,211,200,22.86,2.9531029647499905
1861.869,211,191,21.8313,2.9534789482499897
1862.067,211,195,22.2885,2.95470481574999
1862.567,211,210,24.003,2.95803856574999
1862.62,211,186,21.2598,2.9583515572499897
1862.673,211,210,24.003,2.9587049347499903
1862.777,211,200,22.86,2.9593653347499904
1862.797,211,195,22.2885,2.95948915974999
1862.807,211,210,24.003,2.95955583474999
1862.867,211,210,24.003,2.9599558847499896
1862.868,211,186,21.2598,2.9599617902499893
1863.366,211,195,22.2885,2.9630450327499895
1863.367,211,210,24.003,2.963051700249989
1863.464,211,208,23.7744,2.963692288249989
1863.472,211,200,22.86,2.9637430882499896
1863.567,211,210,24.003,2.9643765007499896
1863.613,211,185,21.1455,2.96464669324999
1863.797,211,195,22.2885,2.96578588324999
1863.797,211,190,21.717,2.96578588324999
1863.966,211,185,21.1455,2.966778546999989
1863.972,211,185,21.1455,2.9668137894999895
1864.074,211,190,21.717,2.96742910449999
1864.466,211,195,22.2885,2.969856074499989
1864.466,211,195,22.2885,2.969856074499989
1864.479,211,210,24.003,2.96994275199999
1864.566,211,199,22.7457,2.97049243974999
1864.566,211,205,23.4315,2.97049243974999
1864.624,211,180,20.573999999999998,2.9708239097499898
1864.966,211,180,20.573999999999998,2.9727784397499892
1865.076,211,185,21.1455,2.97342455224999
1865.365,211,195,22.2885,2.9752138234999896
1865.463,211,190,21.717,2.9758050084999894
1865.469,211,195,22.2885,2.97584215599999
1865.576,211,210,24.003,2.9765555784999895
1865.62,211,171,19.5453,2.9767944654999887
1865.766,211,198,22.6314,2.97771229449999
1865.797,211,185,21.1455,2.97789438074999
1865.866,211,203,23.2029,2.9783391029999895
1865.87,211,171,19.5453,2.978360819999989
1866.167,211,180,20.573999999999998,2.9800581749999893
1866.167,211,185,21.1455,2.9800581749999893
1866.463,211,195,22.2885,2.9818907849999894
1866.565,211,190,21.717,2.98250609999999
1866.608,211,174,19.8882,2.9827436534999894
1866.663,211,194,22.1742,2.98308242599999
1866.766,211,197,22.5171,2.9837266652499905
1866.787,211,185,21.1455,2.9838500139999904
1866.864,211,174,19.8882,2.9842754004999903
1866.971,211,170,19.431,2.98485293299999
1867.168,211,180,20.573999999999998,2.9859787879999895
1867.369,211,185,21.1455,2.98715941174999
1867.465,211,185,21.1455,2.98772329174999
1867.469,211,189,21.6027,2.987747294749991
1867.565,211,193,22.0599,2.988335558749991
1867.617,211,170,19.431,2.9886162287499904
1867.766,211,195,22.2885,2.989538724999991
1867.77,211,170,19.431,2.9895603149999905
1868.065,211,175,20.0025,2.991199408749991
1868.075,211,170,19.431,2.9912533837499913
1868.365,211,180,20.573999999999998,2.992910733749991
1868.365,211,185,21.1455,2.992910733749991
1868.565,211,185,21.1455,2.9940854837499913
1868.765,211,188,21.4884,2.9952792837499915
1868.773,211,166,18.9738,2.9953214477499905
1868.865,211,192,21.9456,2.995882279749991
1868.962,211,170,19.431,2.996405837249991
1869.077,211,175,20.0025,2.997044805999991
1869.173,211,170,19.431,2.997562965999991
1869.374,211,180,20.573999999999998,2.998711680999991
1869.465,211,185,21.1455,2.9992461922499905
1869.568,211,184,21.0312,2.9998479182499906
1869.61,211,161,18.4023,3.00006261174999
1869.766,211,187,21.3741,3.0009888227499912
1869.863,211,165,18.8595,3.001496981499991
1869.965,211,161,18.4023,3.00201837999999
1870.064,211,170,19.431,3.002552732499991
1870.173,211,175,20.0025,3.0031583637499906
1870.364,211,170,19.431,3.0041892862499906
1870.564,211,178,20.3454,3.005319586249991
1870.574,211,182,20.802599999999998,3.005377371249991
1870.616,211,160,18.288,3.0055907312499905
1870.765,211,185,21.1455,3.0064659199999912
1870.964,211,160,18.288,3.0074768399999905
1871.166,211,165,18.8595,3.0085350674999907
1871.172,211,170,19.431,3.008567452499991
1871.464,211,171,19.5453,3.0101527934999908
1871.608,211,156,17.8308,3.0108660254999906
1871.666,211,175,20.0025,3.0111882879999907
1871.766,211,156,17.8308,3.0116835879999915
1871.77,211,181,20.688299999999998,3.011706574999991
1871.777,211,175,20.0025,3.011745468749991
1871.777,211,160,18.288,3.011745468749991
1872.163,211,165,18.8595,3.013767626249991
1872.166,211,160,18.288,3.013782866249991
1872.376,211,174,19.8882,3.014943011249991
1872.464,211,172,19.6596,3.015423579249991
1872.564,211,173,19.7739,3.0159728542499917
1872.613,211,155,17.7165,3.016213995499992
1872.807,211,160,18.288,3.0171995154999918
1872.817,211,170,19.431,3.017253490499992
1872.964,211,155,17.7165,3.0179769142499917
1872.97,211,155,17.7165,3.0180064417499923
1873.163,211,165,18.8595,3.0190175204999923
1873.463,211,160,18.288,3.020541520499992
1873.463,211,169,19.3167,3.020541520499992
1873.476,211,172,19.6596,3.020612513499993
1873.574,211,173,19.7739,3.0211508029999927
1873.614,211,123,14.0589,3.0213070129999924
1873.777,211,160,18.288,3.0221350529999924
1873.862,211,123,14.0589,3.0224669992499926
1874.171,211,160,18.288,3.0240367192499926
1874.363,211,160,18.288,3.0250120792499926
1874.576,211,171,19.5453,3.0261685094999926
1874.606,211,88,10.0584,3.0262523294999926
1874.663,211,168,19.2024,3.0265563674999925
1874.767,211,155,17.7165,3.027068177499993
1874.767,211,155,17.7165,3.027068177499993
1874.777,211,164,18.7452,3.0271202474999925
1874.862,211,88,10.0584,3.0273577374999925
1875.161,211,120,13.716,3.0284969274999924
1875.165,211,155,17.7165,3.028516612499992
1875.363,211,163,18.6309,3.029541311999992
1875.463,211,160,18.288,3.0300493119999916
1875.561,211,167,19.0881,3.0305689324999916
1875.608,337,45,5.1434999999999995,3.0306360837499917
1875.663,211,160,18.288,3.030915483749992
1875.827,211,155,17.7165,3.031722568749992
1875.862,337,45,5.1434999999999995,3.0317725749999918
1875.963,211,85,9.7155,3.0320451487499915
1876.462,211,155,17.7165,3.0345008524999915
1876.463,211,155,17.7165,3.0345057737499914
1876.466,211,159,18.1737,3.0345209184999913
1876.563,211,162,18.5166,3.035019837999992
1876.585,211,166,18.9738,3.035135788999992
1876.619,73,7,0.8001,3.035143345499992
1876.737,211,120,13.716,3.0355929254999925
1876.763,211,160,18.288,3.035725005499992
1876.867,73,7,0.8001,3.035748119499992
1877.072,369,35,4.0005,3.035975925749992
1877.164,211,120,13.716,3.0363264457499923
1877.36,211,155,17.7165,3.0372910107499917
1877.56,211,155,17.7165,3.038275260749992
1877.628,84,8,0.9144,3.038292532749992
1877.663,211,158,18.0594,3.038468110249992
1877.757,211,85,9.7155,3.0387217927499925
1877.763,211,160,18.288,3.038752272749992
1877.861,84,8,0.9144,3.038777164749992
1877.966,0,0,0.0,3.038777164749992
1878.171,369,35,4.0005,3.0390049709999922
1878.362,211,85,9.7155,3.0395204322499922
1878.462,211,155,17.7165,3.040012557249992
1878.462,211,120,13.716,3.040012557249992
1878.652,189,18,2.0574,3.040121142249992
1878.66,211,148,16.9164,3.040158734249992
1878.743,189,18,2.0574,3.0402061687499917
1878.763,211,157,17.9451,3.0403058637499916
1878.98,105,10,1.143,3.0403747612499914
1879.072,0,0,0.0,3.0403747612499914
1879.362,211,113,12.9159,3.041415208749992
1879.362,369,35,4.0005,3.041415208749992
1879.652,211,101,11.5443,3.042345166249992
1879.757,211,85,9.7155,3.042628534999992
1879.762,211,137,15.6591,3.0426502837499916
1879.762,211,155,17.7165,3.0426502837499916
1879.959,211,101,11.5443,3.043282013499992
1880.062,211,20,2.286,3.043347418499992
1880.075,105,10,1.143,3.043351545999992
1880.163,0,0,0.0,3.043351545999992
1880.371,369,35,4.0005,3.0435826859999917
1880.562,226,80,9.144,3.044067825999991
1880.654,211,65,7.4295,3.0442576909999914
1880.662,211,106,12.1158,3.0442846149999916
1880.762,211,130,14.859,3.0446973649999913
1880.86,211,65,7.4295,3.044899612499991
1881.163,211,110,12.573,3.0459578399999914
1881.163,211,20,2.286,3.0459578399999914
1881.173,105,10,1.143,3.045961014999991
1881.461,332,31,3.5433,3.046244478999991
1881.462,258,70,8.001,3.046246701499991
1881.653,211,76,8.6868,3.046707584499991
1881.759,211,95,10.8585,3.047027306999991
1881.847,0,0,0.0,3.047027306999991
1881.961,211,76,8.6868,3.047302388999991
1882.058,211,60,6.858,3.047487173999991
1882.059,211,110,12.573,3.047490666499991
1882.081,211,20,2.286,3.047504636499991
1882.371,10,1,0.1143,3.047513843999991
1882.571,221,21,2.4003,3.047647193999991
1882.649,211,96,10.9728,3.0478849379999913
1882.762,305,55,6.2865,3.048082264249991
1882.807,105,10,1.143,3.048096551749991
1882.961,211,96,10.9728,3.048565943749991
1883.068,211,80,9.144,3.048837723749991
1883.166,211,110,12.573,3.049179988749991
1883.169,211,60,6.858,3.049185703749991
1883.365,31,3,0.3429,3.0492043727499913
1883.371,115,11,1.2573,3.0492064682499915
1883.651,211,116,13.258799999999999,3.0502377082499916
1883.67,147,14,1.6002,3.0502461537499914
1883.747,211,20,2.286,3.0502950487499914
1883.86,211,116,13.258799999999999,3.0507112277499906
1884.36,211,80,9.144,3.0519812277499905
1884.36,211,110,12.573,3.0519812277499905
1884.361,211,38,4.3434,3.051982434249991
1884.46,211,60,6.858,3.052171029249991
1884.461,147,14,1.6002,3.0521714737499908
1884.648,211,144,16.4592,3.0530264377499905
1884.661,63,6,0.6858,3.0530289142499907
1884.737,211,100,11.43,3.0532702142499906
1884.863,211,144,16.4592,3.0538462862499904
1885.06,211,120,13.716,3.05459685624999
1885.166,211,100,11.43,3.05493340624999
1885.365,211,80,9.144,3.0554388662499905
1885.56,211,60,6.858,3.05581034124999
1885.56,211,65,7.4295,3.05581034124999
1885.573,168,16,1.8288,3.0558169452499904
1885.654,211,168,19.2024,3.05624899924999
1885.66,211,100,11.43,3.05626804924999
1885.859,211,168,19.2024,3.057329515249989
1886.36,211,120,13.716,3.059238325249989
1886.36,211,80,9.144,3.059238325249989
1886.457,211,100,11.43,3.0595463002499894
1886.637,211,179,20.4597,3.0605692852499886
1886.66,211,85,9.7155,3.060631356499989
1886.66,211,83,9.4869,3.060631356499989
1886.66,211,62,7.0866,3.060631356499989
1886.727,211,150,17.145,3.060950443999989
1886.856,211,179,20.4597,3.0616835832499882
1887.165,211,170,19.431,3.063351410749988
1887.56,211,100,11.43,3.064605535749988
1887.615,211,180,20.573999999999998,3.0649198607499883
1887.657,211,82,9.3726,3.0650292077499883
1887.657,211,68,7.7724,3.0650292077499883
1887.727,211,150,17.145,3.065362582749989
1887.727,211,120,13.716,3.065362582749989
1887.861,211,75,8.5725,3.065681670249989
1887.867,211,180,20.573999999999998,3.065715960249988
1888.059,211,180,20.573999999999998,3.066813240249988
1888.459,211,150,17.145,3.0687182402499884
1888.559,211,120,13.716,3.069099240249988
1888.559,211,102,11.6586,3.069099240249988
1888.565,211,88,10.0584,3.069116004249988
1888.634,211,180,20.573999999999998,3.069510339249988
1888.76,211,72,8.2296,3.069798375249988
1888.767,211,170,19.431,3.069836157749988
1888.864,211,180,20.573999999999998,3.070390512749988
1889.068,211,180,20.573999999999998,3.0715563727499875
1889.171,211,180,20.573999999999998,3.072145017749988
1889.642,211,180,20.573999999999998,3.0748367827499883
1889.659,211,123,14.0589,3.0749031719999884
1889.697,211,170,19.431,3.075108276999987
1889.727,211,150,17.145,3.075251151999988
1889.759,211,108,12.3444,3.0753608799999874
1889.855,211,180,20.573999999999998,3.0759095199999873
1889.86,211,92,10.5156,3.075924124999987
1889.964,211,180,20.573999999999998,3.0765184849999874
1890.161,211,180,20.573999999999998,3.077644339999988
1890.358,211,180,20.573999999999998,3.0787701949999873
1890.464,211,170,19.431,3.0793423299999874
1890.559,211,132,15.0876,3.0797404749999875
1890.64,211,188,21.4884,3.0802239639999884
1890.659,211,154,17.6022,3.0803168644999883
1890.663,211,112,12.8016,3.080331088499988
1890.858,211,188,21.4884,3.0814950434999875
1890.964,211,180,20.573999999999998,3.0821008334999873
1891.059,211,180,20.573999999999998,3.0826437584999873
1891.365,211,180,20.573999999999998,3.0843925484999875
1891.462,211,172,19.6596,3.0849222654999875
1891.646,211,208,23.7744,3.0861374014999874
1891.759,211,160,18.288,3.086711441499988
1891.777,211,180,20.573999999999998,3.086814311499988
1891.857,211,138,15.7734,3.0871648314999875
1891.956,211,208,23.7744,3.087818627499987
1891.978,211,180,20.573999999999998,3.087944357499988
1892.16,211,180,20.573999999999998,3.0889844874999883
1892.364,211,180,20.573999999999998,3.090150347499988
1892.558,211,180,20.573999999999998,3.0912590574999874
1892.643,211,210,24.003,3.0918257949999877
1892.662,211,164,18.7452,3.0919247279999875
1892.664,211,175,20.0025,3.0919358404999873
1892.717,211,190,21.717,3.0922555629999877
1892.855,211,210,24.003,3.0931756779999873
1893.16,211,210,24.003,3.095209265499988
1893.358,211,190,21.717,3.096403700499987
1893.37,211,180,20.573999999999998,3.0964722804999867
1893.564,211,180,20.573999999999998,3.0975809904999876
1893.641,211,226,25.8318,3.0981335039999878
1893.717,211,180,20.573999999999998,3.0985678439999877
1893.762,211,177,20.2311,3.098820732749987
1893.847,211,180,20.573999999999998,3.099306507749987
1893.957,211,226,25.8318,3.100095812749988
1894.358,211,190,21.717,3.1025148452499867
1894.367,211,180,20.573999999999998,3.1025662802499867
1894.564,211,180,20.573999999999998,3.1036921352499873
1894.638,211,238,27.2034,3.1042513162499863
1894.677,211,210,24.003,3.1045113487499862
1894.687,211,210,24.003,3.104578023749986
1894.717,211,180,20.573999999999998,3.104749473749987
1894.759,211,180,20.573999999999998,3.104989503749987
1894.957,211,238,27.2034,3.1064856907499876
1895.064,211,230,26.289,3.1072670582499873
1895.169,211,210,24.003,3.1079671457499876
1895.355,211,181,20.688299999999998,3.109036041249987
1895.457,211,210,24.003,3.1097161262499875
1895.469,211,180,20.573999999999998,3.1097847062499873
1895.63,211,248,28.3464,3.1110524202499876
1895.664,211,180,20.573999999999998,3.111246730249987
1895.687,211,190,21.717,3.1113854777499865
1895.955,211,248,28.3464,3.1134957097499867
1896.356,211,230,26.289,3.116424012249987
1896.357,211,210,24.003,3.1164306797499868
1896.363,211,210,24.003,3.1164706847499875
1896.363,211,194,22.1742,3.1164706847499875
1896.458,211,184,21.0312,3.117025674749988
1896.567,211,180,20.573999999999998,3.1176486097499874
1896.615,211,258,29.4894,3.1180418017499876
1896.707,211,240,27.432,3.1187428417499885
1896.959,211,258,29.4894,3.120807099749988
1897.057,211,250,28.575,3.1215849747499878
1897.064,211,240,27.432,3.121638314749988
1897.456,211,230,26.289,3.124500894749987
1897.557,211,210,24.003,3.1251743122499875
1897.558,211,186,21.2598,3.125180217749987
1897.62,211,251,28.6893,3.1256743112499863
1897.657,211,210,24.003,3.1259210087499865
1897.755,211,200,22.86,3.1265433087499876
1897.855,211,251,28.6893,3.1273402337499867
1898.164,211,260,29.718,3.1298910287499866
1898.356,211,250,28.575,3.1314150287499865
1898.357,211,230,26.289,3.1314223312499863
1898.454,211,240,27.432,3.132161471249986
1898.557,211,212,24.2316,3.1328547642499864
1898.614,211,250,28.575,3.133307201749987
1898.657,211,210,24.003,3.133593904249986
1898.855,211,250,28.575,3.1351655292499867
1898.858,211,204,23.3172,3.1351849602499864
1899.158,211,250,28.575,3.137566210249986
1899.556,211,240,27.432,3.140598970249987
1899.608,211,241,27.5463,3.140996861249986
1899.654,211,231,26.403299999999998,3.1413342367499864
1899.697,211,260,29.718,3.1416892017499856
1899.737,211,250,28.575,3.142006701749987
1899.754,211,218,24.9174,3.1421243672499855
1899.854,211,241,27.5463,3.1428895422499865
1899.857,211,210,24.003,3.142909544749986
1899.956,211,250,28.575,3.1436953572499853
1900.167,211,250,28.575,3.1453701697499854
1900.359,211,260,29.718,3.1469551297499856
1900.46,211,241,27.5463,3.1477279564999865
1900.556,211,250,28.575,3.1484899564999864
1900.562,211,234,26.746199999999998,3.1485345334999852
1900.762,211,222,25.3746,3.1499442334999856
1900.766,211,240,27.432,3.1499747134999865
1901.055,211,240,27.432,3.1521768934999863
1901.066,211,250,28.575,3.152264205999986
1901.163,211,250,28.575,3.153034143499986
1901.356,211,260,29.718,3.1546273584999858
1901.756,211,244,27.8892,3.1577261584999863
1901.764,211,232,26.517599999999998,3.157785086499985
1901.856,211,236,26.9748,3.1584744424999855
1902.068,211,240,27.432,3.1600898824999857
1902.164,211,250,28.575,3.1608518824999856
1902.365,211,250,28.575,3.162447319999986
1902.556,211,254,29.0322,3.163987639499986
1902.559,211,258,29.4894,3.1640122139999853
1902.614,211,230,26.289,3.1644138514999858
1902.656,211,246,28.1178,3.1647418924999853
1902.955,211,230,26.289,3.166925339999985
1903.055,211,230,26.289,3.167655589999986
1903.465,211,250,28.575,3.170909964999985
1903.611,211,230,26.289,3.1719761299999862
1903.661,211,255,29.1465,3.172380942499986
1903.697,211,250,28.575,3.172666692499985
1903.856,211,256,29.2608,3.173959044499986
1903.955,211,230,26.289,3.1746819919999854
1904.455,211,248,28.3464,3.1786189919999854
1904.614,211,222,25.3746,3.1797397034999864
1904.66,211,250,28.575,3.180104828499987
1904.687,211,240,27.432,3.1803105684999853
1904.756,211,253,28.9179,3.180864828249987
1904.851,211,222,25.3746,3.1815344357499873
1905.157,211,230,26.289,3.1837690007499857
1905.354,211,230,26.289,3.1852075932499866
1905.366,211,240,27.432,3.185299033249986
1905.455,211,246,28.1178,3.1859941677499855
1905.615,211,211,24.1173,3.187066047749986
1905.664,211,250,28.575,3.187454985249986
1905.717,211,230,26.289,3.1878420177499867
1905.857,211,211,24.1173,3.1887799127499856
1906.054,211,220,25.146,3.1901559577499863
1906.454,211,230,26.289,3.193076957749985
1906.464,211,240,27.432,3.193153157749985
1906.554,211,230,26.289,3.1938103827499864
1906.564,211,243,27.7749,3.1938875352499863
1906.61,211,210,24.003,3.194194240249985
1906.677,211,230,26.289,3.194683507749985
1906.857,211,210,24.003,3.1958836577499854
1907.162,211,230,26.289,3.198110920249986
1907.353,211,220,25.146,3.199445055249986
1907.454,211,230,26.289,3.200182607749985
1907.566,211,240,27.432,3.2010360477499855
1907.603,211,201,22.9743,3.2012721724999857
1907.667,211,210,24.003,3.201698892499985
1907.852,211,201,22.9743,3.202879516249986
1907.951,211,210,24.003,3.2035395987499857
1908.359,211,220,25.146,3.206389478749985
1908.453,211,230,26.289,3.2070759137499856
1908.552,211,234,26.746199999999998,3.2078114342499853
1908.61,211,200,22.86,3.208179734249985
1908.654,211,230,26.289,3.208501044249986
1908.654,211,230,26.289,3.208501044249986
1908.856,211,200,22.86,3.209783744249986
1909.051,211,200,22.86,3.2110219942499856
1909.453,211,210,24.003,3.213702329249986
1909.453,211,220,25.146,3.213702329249986
1909.457,211,229,26.1747,3.213731412249987
1909.613,211,196,22.4028,3.2147022002499868
1909.637,211,210,24.003,3.214862220249986
1909.652,211,230,26.289,3.2149717577499866
1909.754,211,230,26.289,3.2157166127499854
1909.953,211,196,22.4028,3.216954989749986
1910.063,211,200,22.86,3.2176534897499867
1910.155,211,210,24.003,3.218266899749986
1910.453,211,210,24.003,3.2202538147499857
1910.653,211,218,24.9174,3.221638114749986
1910.653,211,226,25.8318,3.221638114749986
1910.727,211,200,22.86,3.2221080147499865
1910.754,211,230,26.289,3.2223051822499853
1911.359,211,200,22.86,3.2261469322499856
1911.452,211,210,24.003,3.2267670097499863
1911.453,211,210,24.003,3.226773677249986
1911.556,211,215,24.5745,3.2274767809999863
1911.667,211,200,22.86,3.2281816309999853
1911.754,211,224,25.6032,3.2288003749999854
1911.971,211,185,21.1455,3.230074978749986
1912.062,211,195,22.2885,3.2306383824999854
1912.35,211,208,23.7744,3.2325403344999852
1912.352,211,200,22.86,3.232553034499986
1912.452,211,200,22.86,3.2331880344999857
1912.753,211,210,24.003,3.2351949519999854
1912.851,211,213,24.3459,3.2358577014999867
1913.062,211,185,21.1455,3.2370970627499855
1913.154,211,195,22.2885,3.237666657749986
1913.45,211,206,23.5458,3.2396026457499865
1913.556,211,200,22.86,3.2402757457499862
1913.656,211,210,24.003,3.2409424957499855
1914.164,211,185,21.1455,3.2439263607499855
1914.452,211,199,22.7457,3.2457460167499854
1914.552,211,200,22.86,3.246381016749985
1914.623,211,166,18.9738,3.246755222249986
1914.75,211,203,23.2029,3.2475737689999855
1914.757,211,195,22.2885,3.247617107749986
1914.854,211,166,18.9738,3.2481283462499855
1915.052,211,175,20.0025,3.2492284837499845
1915.452,211,194,22.1742,3.251692283749985
1915.561,211,198,22.6314,3.2523775122499847
1915.633,211,165,18.8595,3.252754702249985
1915.717,211,185,21.1455,3.2532480972499855
1915.756,211,200,22.86,3.2534957472499855
1915.951,211,165,18.8595,3.254517303499985
1916.154,211,175,20.0025,3.255645222249985
1916.457,211,192,21.9456,3.2574923102499858
1916.637,211,185,21.1455,3.258549585249985
1916.637,211,165,18.8595,3.258549585249985
1916.661,211,197,22.5171,3.2586996992499855
1916.85,211,185,21.1455,3.2598098379999847
1917.055,211,165,18.8595,3.2608837817499854
1917.45,211,175,20.0025,3.263078500499985
1917.641,211,194,22.1742,3.2642549649999855
1917.652,211,189,21.6027,3.264320973249985
1917.707,211,165,18.8595,3.2646091044999856
1917.853,211,194,22.1742,3.2655083914999854
1918.348,211,165,18.8595,3.268101572749985
1918.351,211,165,18.8595,3.268117288999986
1918.454,211,175,20.0025,3.268689582749985
1918.617,211,190,21.717,3.269672880249985
1918.647,211,207,23.6601,3.2698700477499845
1918.948,211,207,23.6601,3.2718482949999856
1919.054,211,195,22.2885,3.2725045674999858
1919.153,211,190,21.717,3.2731017849999855
1919.45,211,165,18.8595,3.274657693749986
1919.548,211,165,18.8595,3.2751710912499856
1919.639,211,223,25.4889,3.275815393999985
1919.651,211,173,19.7739,3.275881306999986
1919.847,211,223,25.4889,3.277269035999985
1920.156,211,210,24.003,3.279329293499985
1920.35,211,195,22.2885,3.2805303959999845
1920.356,211,165,18.8595,3.280561828499985
1920.45,211,190,21.717,3.2811288834999854
1920.45,211,165,18.8595,3.2811288834999854
1920.636,211,238,27.2034,3.282534392499985
1920.654,211,170,19.431,3.282631547499985
1920.855,211,238,27.2034,3.2841504039999854
1921.05,211,225,25.7175,3.285543435249985
1921.35,211,195,22.2885,3.2874008102499848
1921.55,211,190,21.717,3.288607310249985
1921.637,211,210,24.003,3.289187382749985
1921.638,211,252,28.8036,3.289195383749985
1921.648,211,168,19.2024,3.289248723749985
1921.65,211,167,19.0881,3.289259328249986
1921.75,211,165,18.8595,3.289783203249985
1921.848,211,252,28.8036,3.2905673012499848
1922.058,211,240,27.432,3.292167501249985
1922.161,211,225,25.7175,3.2929033074999854
1922.353,211,210,24.003,3.2941834674999853
1922.45,211,190,21.717,3.294768619999985
1922.637,211,195,22.2885,3.2959263837499844
1922.637,211,275,31.4325,3.2959263837499844
1922.647,211,175,20.0025,3.2959819462499844
1922.749,211,275,31.4325,3.296872533749985
1922.85,211,165,18.8595,3.2974016474999845
1922.959,211,255,29.1465,3.298284138749986
1923.152,211,240,27.432,3.299754798749986
1923.359,211,210,24.003,3.301134971249985
1923.637,211,296,33.8328,3.303747615249985
1923.649,211,196,22.4028,3.303822291249985
1923.717,211,225,25.7175,3.304308066249986
1923.747,211,192,21.9456,3.304490946249986
1923.85,211,180,20.573999999999998,3.305079591249985
1923.851,211,296,33.8328,3.305088989249987
1923.949,211,280,32.004,3.3059602092499865
1924.049,211,255,29.1465,3.3067698342499856
1924.449,211,225,25.7175,3.3096273342499862
1924.55,211,201,22.9743,3.3102718909999855
1924.555,211,213,24.3459,3.3103057047499864
1924.643,211,312,35.6616,3.311177432749986
1924.65,211,193,22.0599,3.3112203269999863
1924.687,211,240,27.432,3.3115022669999847
1924.946,211,312,35.6616,3.314067920999985
1924.968,211,280,32.004,3.3142635009999863
1925.151,211,255,29.1465,3.315745114749986
1925.549,211,228,26.0604,3.3186262367499855
1925.617,211,300,34.29,3.3192739367499855
1925.639,211,310,35.433,3.319490471749985
1925.655,211,217,24.8031,3.3196007077499856
1925.687,211,240,27.432,3.319844547749985
1925.848,211,310,35.433,3.3214291902499857
1925.849,211,204,23.3172,3.3214356672499856
1926.448,211,241,27.5463,3.326019065499987
1926.554,211,232,26.517599999999998,3.3267998614999867
1926.617,211,300,34.29,3.3273999364999853
1926.617,211,315,36.0045,3.3273999364999853
1926.621,211,350,40.005,3.327444386499987
1926.627,211,280,32.004,3.3274977264999857
1926.717,211,255,29.1465,3.328226388999987
1926.749,211,220,25.146,3.3284499089999864
1927.345,211,300,34.29,3.3341268089999865
1927.348,211,257,29.3751,3.334151288249986
1927.554,211,246,28.1178,3.335760251249987
1927.587,211,315,36.0045,3.336090292499986
1927.617,211,310,35.433,3.3363855674999856
1927.617,211,280,32.004,3.3363855674999856
1927.749,211,235,26.8605,3.337370452499986
1927.945,211,323,36.9189,3.339380481499985
1928.15,211,355,40.5765,3.341691087749987
1928.15,211,310,35.433,3.341691087749987
1928.346,211,282,32.2326,3.343445973749986
1928.351,211,315,36.0045,3.3434959799999873
1928.548,211,265,30.2895,3.3451534887499865
1928.587,211,300,34.29,3.345524963749986
1928.607,211,311,35.5473,3.345722448749986
1928.654,211,249,28.4607,3.346094018999986
1928.846,211,311,35.5473,3.347989874999986
1929.15,211,315,36.0045,3.3510302549999866
1929.347,211,355,40.5765,3.3532506912499853
1929.354,211,315,36.0045,3.353320699999986
1929.445,211,301,34.4043,3.354190364249985
1929.447,211,310,35.433,3.3542100492499842
1929.448,211,288,32.9184,3.3542191932499863
1929.557,211,270,30.861,3.355153595749986
1929.947,211,302,34.5186,3.3588931107499844
1930.146,211,315,36.0045,3.360883359499985
1930.547,211,310,35.433,3.364830201999986
1930.548,211,292,33.3756,3.3648394729999858
1930.597,211,310,35.433,3.3653217554999855
1930.647,211,355,40.5765,3.365885317999985
1930.648,211,314,35.8902,3.365895287499985
1930.648,211,306,34.9758,3.365895287499985
1930.947,211,308,35.2044,3.3688192084999846
1931.047,211,300,34.29,3.369771708499986
1931.15,211,310,35.433,3.3707854859999866
1931.444,211,315,36.0045,3.373725853499985
1931.544,211,355,40.5765,3.3748529784999866
1931.547,211,319,36.4617,3.3748833632499857
1931.61,211,302,34.5186,3.3754874387499845
1931.651,211,312,35.6616,3.3758935847499862
1931.749,211,302,34.5186,3.3768332577499858
1931.753,211,309,35.3187,3.3768725007499847
1932.149,211,310,35.433,3.3807701307499842
1932.352,211,315,36.0045,3.382800384499986
1932.447,211,310,35.433,3.383735421999984
1932.553,211,351,40.1193,3.3849167124999866
1932.602,211,300,34.29,3.3853834374999865
1932.607,211,300,34.29,3.3854310624999853
1932.845,211,300,34.29,3.387698012499986
1932.847,211,311,35.5473,3.3877177609999856
1932.961,211,300,34.29,3.388803610999986
1932.968,211,300,34.29,3.3888702859999866
1933.155,211,310,35.433,3.390710833499986
1933.546,211,310,35.433,3.3945592509999867
1933.552,211,339,38.7477,3.394623830499985
1933.599,211,291,33.2613,3.395058075249985
1933.646,211,314,35.8902,3.3955266417499854
1933.647,211,341,38.9763,3.395537468499985
1933.946,211,300,34.29,3.398385443499985
1934.149,211,300,34.29,3.4003190184999847
1934.346,211,310,35.433,3.4022579909999857
1934.446,211,300,34.29,3.4032104909999847
1934.544,211,309,35.3187,3.4041719444999865
1934.646,211,313,35.7759,3.405185594999985
1934.754,211,290,33.147,3.406180004999985
1934.847,211,331,37.8333,3.4071573652499856
1934.943,211,290,33.147,3.4080412852499857
1935.052,211,300,34.29,3.409079510249985
1935.351,211,310,35.433,3.412022417749987
1935.546,211,301,34.4043,3.4138859839999864
1935.604,211,290,33.147,3.4144200189999863
1935.644,211,312,35.6616,3.414816258999986
1935.677,211,300,34.29,3.4151305839999853
1935.746,211,306,34.9758,3.415800953499987
1935.945,211,290,33.147,3.4176332459999856
1935.971,211,290,33.147,3.4178726409999864
1936.043,211,290,33.147,3.4185355809999853
1936.062,211,300,34.29,3.4187165559999855
1936.351,211,300,34.29,3.4214692809999874
1936.546,211,309,35.3187,3.423382377249987
1936.602,211,290,33.147,3.4238979972499872
1936.646,211,304,34.7472,3.424322685249986
1936.943,211,290,33.147,3.4270573127499864
1937.052,211,290,33.147,3.428060930249986
1937.147,211,290,33.147,3.428935642749986
1937.154,211,300,34.29,3.429002317749987
1937.451,211,300,34.29,3.431831242749987
1937.587,211,290,33.147,3.4330834627499867
1937.604,211,282,32.2326,3.433235672249987
1937.646,211,306,34.9758,3.433643723249986
1937.746,211,306,34.9758,3.4346152732499875
1937.844,211,282,32.2326,3.4354927162499873
1938.345,211,290,33.147,3.440105673749987
1938.351,211,298,34.0614,3.4401624427499877
1938.546,211,308,35.2044,3.442069347749987
1938.551,211,300,34.29,3.442116972749986
1938.587,211,290,33.147,3.442448442749986
1938.607,211,290,33.147,3.442632592749986
1938.627,211,290,33.147,3.442816742749986
1938.651,211,304,34.7472,3.443048390749987
1938.945,211,280,32.004,3.445662050749986
1939.147,211,280,32.004,3.447457830749986
1939.345,211,290,33.147,3.449280915749987
1939.451,211,295,33.7185,3.4502737382499866
1939.56,211,300,34.29,3.451311963249986
1939.577,211,290,33.147,3.4514684907499866
1939.605,211,280,32.004,3.451717410749987
1939.847,211,280,32.004,3.4538687907499863
1940.048,211,280,32.004,3.4556556807499863
1940.342,211,290,33.147,3.458362685749987
1940.441,211,290,33.147,3.4592742282499866
1940.543,211,290,33.147,3.4602133932499854
1940.551,211,293,33.4899,3.460287815249986
1940.604,211,271,30.9753,3.460743840499987
1940.849,211,271,30.9753,3.462851881749986
1941.344,211,280,32.004,3.467252431749987
1941.352,211,290,33.147,3.4673260917499875
1941.442,211,290,33.147,3.468154766749987
1941.545,211,290,33.147,3.4691031392499876
1941.577,211,280,32.004,3.469387619249987
1941.592,211,270,30.861,3.469516206749988
1941.607,211,280,32.004,3.4696495567499865
1941.944,211,270,30.861,3.4725384892499864
1941.947,211,270,30.861,3.472564206749986
1942.054,211,280,32.004,3.4735154367499876
1942.347,211,280,32.004,3.476120206749987
1942.444,211,280,32.004,3.4769825367499867
1942.55,211,290,33.147,3.477958531749987
1942.606,211,270,30.861,3.4784385917499874
1942.642,211,290,33.147,3.4787700617499877
1942.644,211,289,33.0327,3.4787884132499873
1942.848,211,270,30.861,3.480537203249987
1943.056,211,270,30.861,3.482320283249988
1943.444,211,280,32.004,3.485769603249987
1943.567,211,270,30.861,3.4868240207499874
1943.577,211,280,32.004,3.486912920749987
1943.603,211,270,30.861,3.487135805749988
1943.617,211,280,32.004,3.487260265749987
1943.758,211,270,30.861,3.4884689882499877
1943.845,211,290,33.147,3.4892700407499877
1944.049,211,270,30.861,3.4910188307499874
1944.353,211,280,32.004,3.493721390749988
1944.567,211,270,30.861,3.495555905749988
1944.567,211,270,30.861,3.495555905749988
1944.599,211,266,30.4038,3.4958261617499873
1944.641,211,280,32.004,3.4961995417499887
1944.641,211,280,32.004,3.4961995417499887
1944.744,211,284,32.4612,3.4971282927499874
1944.752,211,266,30.4038,3.497195856749988
1944.943,211,270,30.861,3.4988332042499883
1945.053,211,270,30.861,3.4997761792499893
1945.343,211,270,30.861,3.502262204249989
1945.443,211,270,30.861,3.503119454249988
1945.543,211,278,31.7754,3.504002104249987
1945.549,211,280,32.004,3.504055444249988
1945.6,211,265,30.2895,3.5044845454999876
1945.744,211,280,32.004,3.5057647054999874
1945.943,211,265,30.2895,3.507439041749988
1945.949,211,265,30.2895,3.507489524249989
1946.052,211,270,30.861,3.5083724917499874
1946.158,211,270,30.861,3.509281176749987
1946.347,211,270,30.861,3.510901379249988
1946.604,211,261,29.8323,3.5130310739999886
1946.743,211,275,31.4325,3.5142447177499876
1946.843,211,280,32.004,3.515133717749989
1946.962,211,265,30.2895,3.516134953999988
1947.043,211,261,29.8323,3.5168061807499873
1947.144,211,270,30.861,3.5176720032499884
1947.343,211,270,30.861,3.519377930749989
1947.443,211,270,30.861,3.5202351807499883
1947.543,211,270,30.861,3.5210924307499876
1947.557,211,265,30.2895,3.5212102232499887
1947.6,211,260,29.718,3.521565188249988
1947.743,211,273,31.2039,3.5228046764999883
1947.942,211,260,29.718,3.524447421499989
1947.943,211,260,29.718,3.524455676499989
1947.962,211,265,30.2895,3.5246155377499893
1948.141,211,265,30.2895,3.52612159899999
1948.448,211,270,30.861,3.52875335649999
1948.548,211,270,30.861,3.5296106064999893
1948.627,211,270,30.861,3.530287833999989
1948.743,211,270,30.861,3.5312822439999887
1949.052,211,260,29.718,3.5338330389999886
1949.348,211,269,30.7467,3.536361100999989
1949.537,211,265,30.2895,3.53795129974999
1949.547,211,260,29.718,3.53803384974999
1949.548,211,270,30.861,3.5380424222499895
1949.742,211,270,30.861,3.5397054872499893
1950.354,211,268,30.6324,3.54491299524999
1950.442,211,265,30.2895,3.5456534052499897
1950.587,211,260,29.718,3.5468503802499898
1950.642,211,270,30.861,3.5473218677499903
1951.441,211,260,29.718,3.55391761274999
1951.443,211,265,30.2895,3.5539344402499897
1951.445,211,264,30.1752,3.5539512042499894
1951.548,211,267,30.5181,3.55482436099999
1952.439,211,260,29.718,3.5621795659999904
1952.742,211,263,30.0609,3.5647096917499894
1952.742,211,265,30.2895,3.5647096917499894
1953.441,211,260,29.718,3.57047993674999
1953.742,211,262,29.9466,3.5729838052499896
1954.641,211,260,29.718,3.5804050502499907
1959.036,211,240,27.432,3.6138949502499904
1960.037,211,240,27.432,3.62152257024999
1962.438,211,240,27.432,3.6398181902499904
1963.439,211,241,27.5463,3.64747759199999
1964.638,211,243,27.7749,3.656728176749989
1965.636,211,246,28.1178,3.6645230557499895
1969.607,211,225,25.7175,3.6928908869999897
1969.933,211,225,25.7175,3.69521974949999
1970.623,211,233,26.631899999999998,3.7003241969999903
1970.832,211,233,26.631899999999998,3.7018703267499906
1971.137,211,225,25.7175,3.7040491704999896
1971.618,211,244,27.8892,3.7077754774999896
1971.935,211,244,27.8892,3.71023127649999
1972.333,211,225,25.7175,3.713074488999991
1972.435,211,225,25.7175,3.71380315149999
1972.467,211,235,26.8605,3.714041911499991
1972.621,211,261,29.8323,3.715318070999991
1972.834,211,261,29.8323,3.7170831487499907
1973.039,211,245,28.0035,3.71867779249999
1973.143,211,235,26.8605,3.7194537624999904
1973.335,211,225,25.7175,3.7208253624999905
1973.535,211,225,25.7175,3.722254112499991
1973.619,211,289,33.0327,3.7230248754999895
1973.74,211,289,33.0327,3.7241351412499903
1974.335,211,245,28.0035,3.7287634974999904
1974.435,211,235,26.8605,3.7295096224999895
1974.435,211,225,25.7175,3.7295096224999895
1974.507,211,265,30.2895,3.7301154124999907
1974.535,211,225,25.7175,3.730315437499991
1974.605,211,323,36.9189,3.73103330499999
1974.935,211,323,36.9189,3.7344175374999895
1975.137,211,265,30.2895,3.7361171149999897
1975.14,211,295,33.7185,3.736145213749991
1975.14,211,245,28.0035,3.736145213749991
1975.44,211,235,26.8605,3.7383835887499908
1975.594,211,306,34.9758,3.7398797757499906
1975.635,211,226,25.8318,3.74017397124999
1975.735,211,225,25.7175,3.7408883462499896
1975.839,211,306,34.9758,3.74189875824999
1976.041,211,330,37.719,3.7440152132499898
1976.434,211,265,30.2895,3.74732181699999
1976.532,211,245,28.0035,3.7480841344999893
1976.532,211,237,27.0891,3.7480841344999893
1976.537,211,295,33.7185,3.7481309657499904
1976.597,211,292,33.3756,3.7486872257499897
1976.638,211,229,26.1747,3.748985326499989
1976.638,211,225,25.7175,3.748985326499989
1976.748,211,292,33.3756,3.7500051364999902
1977.04,211,300,34.29,3.7527864364999894
1977.334,211,295,33.7185,3.75554011399999
1977.477,211,330,37.719,3.7570383964999907
1977.517,211,265,30.2895,3.7573749464999904
1977.592,211,290,33.147,3.758065508999991
1977.634,211,247,28.2321,3.75839488349999
1977.732,211,240,27.432,3.75914164349999
1977.737,211,290,33.147,3.759187680999991
1977.835,211,231,26.403299999999998,3.7599064374999904
1977.934,211,290,33.147,3.76081797999999
1978.136,211,300,34.29,3.76274202999999
1978.333,211,330,37.719,3.7648060974999913
1978.44,211,295,33.7185,3.765808286249991
1978.54,211,253,28.9179,3.76661156124999
1978.634,211,242,27.6606,3.7673338102499905
1978.634,211,268,30.6324,3.7673338102499905
1978.934,211,290,33.147,3.77009606024999
1979.032,211,290,33.147,3.7709983952499897
1979.042,211,290,33.147,3.7710904702499897
1979.148,211,300,34.29,3.7721001202499895
1979.339,211,330,37.719,3.7741013227499898
1979.534,211,298,34.0614,3.7759463152499912
1979.599,211,290,33.147,3.7765448027499895
1979.734,211,277,31.6611,3.7777320939999894
1979.835,211,257,29.3751,3.7785562287499905
1979.957,211,290,33.147,3.779679543749991
1980.032,211,290,33.147,3.7803701062499893
1980.141,211,290,33.147,3.7813737237499905
1980.339,211,300,34.29,3.7832596737499893
1980.533,211,327,37.3761,3.785273830249989
1980.634,211,309,35.3187,3.78626471599999
1980.732,211,283,32.3469,3.7871452704999897
1980.933,211,290,33.147,3.7889959779999898
1981.132,211,290,33.147,3.7908282704999903
1981.439,211,299,34.1757,3.79374269824999
1981.527,211,290,33.147,3.79455295824999
1981.533,211,318,36.3474,3.7946135372499885
1981.737,211,316,36.1188,3.7966602692499904
1982.339,211,290,33.147,3.802203184249989
1982.457,211,290,33.147,3.8032896692499905
1982.539,211,296,33.8328,3.8040603052499895
1982.733,211,312,35.6616,3.805982069249989
1983.333,211,290,33.147,3.8115065692499903
1983.345,211,290,33.147,3.81161705924999
1983.467,211,290,33.147,3.8127403742499903
1983.639,211,294,33.6042,3.8143459082499884
1984.432,211,290,33.147,3.8216474557499893
1984.436,211,290,33.147,3.8216842857499884
1984.442,211,290,33.147,3.8217395307499893
1984.538,211,290,33.147,3.8226234507499894
1985.532,211,290,33.147,3.8317757057499886
1985.732,211,290,33.147,3.833617205749989
1985.828,211,281,32.1183,3.834473693749989
1986.338,211,290,33.147,3.839169518749989
1986.732,211,290,33.147,3.842797273749989
1987.037,211,280,32.004,3.8455087237499894
1987.507,211,285,32.5755,3.8497616362499896
1987.634,211,290,33.147,3.850930988749989
1988.139,211,285,32.5755,3.855500607499988
1998.6,211,262,29.9466,3.9425204359999877
1998.827,211,262,29.9466,3.9444087354999886
1999.625,211,268,30.6324,3.9511989174999886
1999.824,211,268,30.6324,3.952892208499989
2000.027,211,260,29.718,3.954567973499989
2000.617,211,286,32.6898,3.9599254684999883
2000.837,211,286,32.6898,3.9619231784999887
2000.927,211,270,30.861,3.962694703499988
2001.039,211,260,29.718,3.9636192634999885
2001.615,211,322,36.8046,3.9695079994999887
2001.927,211,322,36.8046,3.972697731499988
2002.025,211,290,33.147,3.9736000664999893
2002.027,211,270,30.861,3.973617211499989
2002.128,211,260,29.718,3.974450966499988
2002.613,211,346,39.5478,3.9797789339999894
2002.924,211,346,39.5478,3.9831954244999883
2003.034,211,330,37.719,3.98434794949999
2003.034,211,290,33.147,3.98434794949999
2003.128,211,270,30.861,3.985153764499988
2003.407,211,260,29.718,3.987456909499988
2003.433,211,269,30.7467,3.9876789689999885
2003.611,211,342,39.0906,3.9896117819999897
2003.829,211,342,39.0906,3.991978934999988
2004.326,211,330,37.719,3.997186252499989
2004.332,211,261,29.8323,3.99723597299999
2004.397,211,350,40.005,3.9979582854999878
2004.407,211,270,30.861,3.9980440104999877
2004.426,211,290,33.147,3.998218952999988
2004.441,211,266,30.4038,3.9983456354999887
2004.602,211,340,38.862,4.000083630499989
2004.926,211,340,38.862,4.003581210499988
2005.026,211,340,38.862,4.004660710499989
2005.397,211,350,40.005,4.0087834479999875
2005.426,211,330,37.719,4.009087295499987
2005.426,211,272,31.0896,4.009087295499987
2005.435,211,264,30.1752,4.009162733499988
2005.526,211,290,33.147,4.010000615999989
2005.536,211,264,30.1752,4.010084435999988
2005.592,211,332,37.9476,4.0106747319999885
2006.325,211,340,38.862,4.018587466999988
2006.423,211,350,40.005,4.019676491999988
2006.426,211,278,31.7754,4.019702971499988
2006.526,211,330,37.719,4.020750721499989
2006.626,211,294,33.6042,4.021684171499988
2006.626,211,266,30.4038,4.021684171499988
2006.825,211,330,37.719,4.023769193999989
2007.326,211,350,40.005,4.029336556499989
2007.331,211,340,38.862,4.029390531499987
2007.387,211,330,37.719,4.0299772714999875
2007.524,211,282,32.2326,4.031203900999987
2007.577,211,318,36.3474,4.031739015499988
2007.623,211,306,34.9758,4.032185928499988
2007.626,211,332,37.9476,4.032217551499987
2007.925,211,318,36.3474,4.035236404999987
2007.926,211,330,37.719,4.035246882499987
2008.039,211,330,37.719,4.036430839999987
2008.425,211,340,38.862,4.040597709999987
2008.532,211,338,38.6334,4.041745980499987
2008.532,211,314,35.8902,4.041745980499987
2008.585,211,310,35.433,4.042267632999987
2008.625,211,349,39.8907,4.042710862999987
2008.83,211,310,35.433,4.0447285754999855
2009.035,211,315,36.0045,4.046778831749987
2009.13,211,330,37.719,4.047774194249987
2009.325,211,340,38.862,4.049879219249987
2009.377,211,330,37.719,4.050424049249986
2009.525,211,340,38.862,4.0520217092499875
2009.586,211,306,34.9758,4.052614354749987
2009.725,211,346,39.5478,4.054141339249986
2009.736,211,306,34.9758,4.0542482097499875
2009.826,211,342,39.0906,4.055225474749987
2010.031,211,310,35.433,4.057243187249986
2010.133,211,315,36.0045,4.058263314749987
2010.387,211,330,37.719,4.0609245997499865
2010.525,211,330,37.719,4.062370494749988
2010.579,211,293,33.4899,4.062872843249987
2010.623,211,340,38.862,4.063347823249988
2010.726,211,344,39.3192,4.064472789249988
2010.824,211,293,33.4899,4.065384458749988
2010.924,211,305,34.8615,4.0663528337499875
2011.127,211,310,35.433,4.0683508612499875
2011.324,211,315,36.0045,4.070321107499988
2011.357,211,330,37.719,4.070666864999987
2011.428,211,330,37.719,4.071410767499989
2011.586,211,290,33.147,4.072865552499988
2011.624,211,336,38.4048,4.073270936499989
2011.823,211,340,38.862,4.07541914149999
2011.924,211,290,33.147,4.076349098999988
2012.031,211,305,34.8615,4.077385260249988
2012.126,211,290,33.147,4.078259972749988
2012.138,211,310,35.433,4.078378082749988
2012.387,211,315,36.0045,4.080868393999988
2012.524,211,328,37.4904,4.082295111999987
2012.585,211,282,32.2326,4.082841275499988
2012.725,211,330,37.719,4.084308125499987
2012.725,211,334,38.1762,4.084308125499987
2012.733,211,282,32.2326,4.084379753499988
2012.948,211,290,33.147,4.086359365999989
2013.132,211,305,34.8615,4.088141175999989
2013.324,211,310,35.433,4.090030935999989
2013.367,211,290,33.147,4.090426858499988
2013.424,211,324,37.0332,4.091013217499989
2013.524,211,314,35.8902,4.092010167499988
2013.584,211,280,32.004,4.09254356749999
2013.725,211,330,37.719,4.094020894999988
2013.924,211,280,32.004,4.095790004999989
2014.122,211,290,33.147,4.09761308999999
2014.126,211,280,32.004,4.0976486499999885
2014.133,211,305,34.8615,4.097716436249989
2014.347,211,290,33.147,4.099686841249989
2014.432,211,309,35.3187,4.100520754999989
2014.534,211,312,35.6616,4.10153116699999
2014.586,211,272,31.0896,4.10198023899999
2014.724,211,321,36.6903,4.103386700499989
2014.923,211,272,31.0896,4.10510526449999
2015.131,211,290,33.147,4.107020424499991
2015.147,211,290,33.147,4.107167744499989
2015.323,211,280,32.004,4.108732384499991
2015.329,211,303,34.6329,4.108790105999989
2015.367,211,280,32.004,4.1091279259999896
2015.53,211,308,35.2044,4.110721902999989
2015.573,211,262,29.9466,4.11107959849999
2015.636,211,311,35.5473,4.1117016762499885
2015.822,211,262,29.9466,4.1132489172499875
2016.023,211,270,30.861,4.1149719897499875
2016.329,211,280,32.004,4.117692329749988
2016.329,211,290,33.147,4.117692329749988
2016.335,211,299,34.1757,4.117749289249989
2016.337,211,280,32.004,4.117767069249989
2016.423,211,290,33.147,4.118558914249989
2016.579,211,260,29.718,4.119846694249988
2016.632,211,307,35.0901,4.120363298499989
2016.828,211,260,29.718,4.121981278499988
2017.023,211,260,29.718,4.123591003499988
2017.337,211,270,30.861,4.126282768499989
2017.422,211,280,32.004,4.127038418499989
2017.523,211,289,33.0327,4.127965169249988
2017.53,211,296,33.8328,4.128030955249988
2017.582,211,252,28.8036,4.1284470072499895
2018.025,211,252,28.8036,4.1319914502499895
2018.124,211,270,30.861,4.132840127749989
2018.322,211,260,29.718,4.134474617749988
2018.357,211,260,29.718,4.1347635427499885
2018.422,211,280,32.004,4.135341392749989
2018.523,211,290,33.147,4.136271350249988
2018.572,211,250,28.575,4.136660287749987
2018.723,211,286,32.6898,4.138031443249988
2018.819,211,250,28.575,4.1387934432499875
2018.92,211,250,28.575,4.1395951307499885
2019.357,211,260,29.718,4.143202565749988
2019.42,211,279,31.8897,4.143760635499989
2019.422,211,260,29.718,4.143777145499989
2019.422,211,270,30.861,4.143777145499989
2019.521,211,280,32.004,4.144657255499989
2019.578,211,242,27.6606,4.145095214999989
2019.823,211,284,32.4612,4.14730437999999
2019.826,211,242,27.6606,4.147327430499989
2020.022,211,250,28.575,4.148883180499989
2020.357,211,250,28.575,4.151542242999989
2020.422,211,260,29.718,4.15207881799999
2020.422,211,269,30.7467,4.15207881799999
2020.581,211,240,27.432,4.153290397999989
2020.621,211,280,32.004,4.15364599799999
2020.733,211,276,31.5468,4.154627453999989
2020.82,211,240,27.432,4.155290393999989
2021.027,211,240,27.432,4.15686773399999
2021.123,211,250,28.575,4.15762973399999
2021.129,211,250,28.575,4.1576773589999885
2021.425,211,260,29.718,4.160120838999989
2021.522,211,267,30.5181,4.160943132249988
2021.622,211,260,29.718,4.16176863224999
2021.721,211,228,26.0604,4.162485293249989
2021.722,211,274,31.3182,4.162493992749988
2021.921,211,240,27.432,4.164010372749989
2022.124,211,240,27.432,4.165557232749989
2022.421,211,250,28.575,4.167914670249989
2022.421,211,259,29.6037,4.167914670249989
2022.447,211,250,28.575,4.168121045249988
2022.522,211,260,29.718,4.168740170249988
2022.583,211,225,25.7175,4.169175938999989
2022.72,211,264,30.1752,4.170324272999989
2022.824,211,225,25.7175,4.171067222999989
2022.922,211,225,25.7175,4.171767310499988
2022.937,211,240,27.432,4.171881610499987
2023.326,211,250,28.575,4.174969297999988
2023.407,211,240,27.432,4.175586517999988
2023.421,211,250,28.575,4.175697642999989
2023.578,211,221,25.2603,4.176799272749988
2023.722,211,256,29.2608,4.177969704749988
2023.819,211,260,29.718,4.178770439749988
2023.918,211,221,25.2603,4.179465097999987
2024.021,211,225,25.7175,4.180200904249988
2024.123,211,240,27.432,4.1809781442499885
2024.337,211,225,25.7175,4.182506906749988
2024.52,211,249,28.4607,4.183953658999988
2024.625,211,254,29.0322,4.184800431499988
2024.817,211,212,24.2316,4.186092783499988
2024.82,211,220,25.146,4.186113738499987
2025.332,211,240,27.432,4.190015178499989
2025.337,211,225,25.7175,4.190050897249988
2025.347,211,225,25.7175,4.190122334749988
2025.407,211,240,27.432,4.190579534749988
2025.421,211,246,28.1178,4.190688881749989
2025.577,211,206,23.5458,4.1917091997499885
2025.721,211,250,28.575,4.192852199749988
2026.018,211,220,25.146,4.1949267447499885
2026.128,211,210,24.003,4.195660169749988
2026.327,211,238,27.2034,4.197163913249988
2026.347,211,225,25.7175,4.197306788249988
2026.42,211,225,25.7175,4.197828281999989
2026.526,211,240,27.432,4.198636001999989
2026.58,211,201,22.9743,4.1989806164999885
2026.721,211,244,27.8892,4.200072943499989
2026.942,211,220,25.146,4.2016166284999885
2027.122,211,210,24.003,4.202816778499989
2027.318,211,225,25.7175,4.204216953499989
2027.327,211,205,23.4315,4.204275532249989
2027.417,211,225,25.7175,4.204918469749988
2027.42,211,235,26.8605,4.2049408534999895
2027.574,211,196,22.4028,4.205899195499989
2027.626,211,240,27.432,4.206295435499989
2027.819,211,196,22.4028,4.2074964744999885
2028.326,211,224,25.6032,4.211102258499989
2028.419,211,210,24.003,4.21172233599999
2028.42,211,220,25.146,4.211729320999989
2028.42,211,225,25.7175,4.211729320999989
2028.526,211,231,26.403299999999998,4.21250675149999
2028.818,211,191,21.8313,4.214277512499989
2029.317,211,205,23.4315,4.217525378749989
2029.422,211,210,24.003,4.218225466249989
2029.519,211,219,25.0317,4.218899931499989
2029.52,211,225,25.7175,4.218907075249988
2029.532,211,228,26.0604,4.218993943249988
2029.62,211,223,25.4889,4.2196170052499875
2029.919,211,190,21.717,4.221420722749989
2030.027,211,195,22.2885,4.222089377749988
2030.107,211,200,22.86,4.222597377749988
2030.121,211,200,22.86,4.222686277749989
2030.127,211,190,21.717,4.222722472749988
2030.516,211,205,23.4315,4.225254376499988
2030.589,211,190,21.717,4.225694748999987
2030.619,211,209,23.8887,4.225893821499987
2030.619,211,217,24.8031,4.225893821499987
2030.623,211,222,25.3746,4.225922015499989
2030.817,211,190,21.717,4.227092320499988
2031.019,211,190,21.717,4.2283108854999885
2031.387,211,190,21.717,4.230530845499988
2031.417,211,214,24.4602,4.230734680499988
2031.417,211,204,23.3172,4.230734680499988
2031.599,211,190,21.717,4.231832595499988
2031.625,211,208,23.7744,4.232004299499988
2031.823,211,190,21.717,4.233198734499989
2032.317,211,190,21.717,4.236178789499988
2032.418,211,195,22.2885,4.236804105749987
2032.519,211,199,22.7457,4.2374422489999874
2032.525,211,212,24.2316,4.237482634999988
2032.604,211,198,22.6314,4.237979268499988
2032.719,211,207,23.6601,4.238735077249988
2032.915,211,198,22.6314,4.239967231249987
2032.933,211,190,21.717,4.240075816249988
2033.032,211,190,21.717,4.240673033749987
2033.422,211,190,21.717,4.243025708749988
2033.422,211,198,22.6314,4.243025708749988
2033.437,211,190,21.717,4.2431161962499875
2033.605,211,208,23.7744,4.244225668249988
2033.618,211,194,22.1742,4.244305741749987
2033.622,211,202,23.0886,4.244331395749988
2033.915,211,200,22.86,4.246191945749987
2034.324,211,190,21.717,4.248659238249988
2034.377,211,190,21.717,4.248978960749987
2034.61,211,218,24.9174,4.250591670249987
2034.716,211,197,22.5171,4.251254673749987
2034.719,211,193,22.0599,4.251273056999988
2034.918,211,218,24.9174,4.252650435499987
2034.943,211,200,22.86,4.252809185499988
2035.015,211,210,24.003,4.253289245499989
2035.119,211,190,21.717,4.253916625499988
2035.323,211,190,21.717,4.255147255499989
2035.518,211,190,21.717,4.256323592999989
2035.606,211,228,26.0604,4.256960624999988
2035.624,211,190,21.717,4.2570692099999885
2035.917,211,228,26.0604,4.259190236999988
2036.119,211,200,22.86,4.260472936999988
2036.317,211,190,21.717,4.261667371999988
2036.423,211,190,21.717,4.262306816999988
2036.524,211,190,21.717,4.2629160994999875
2036.724,211,190,21.717,4.264122599499988
2036.814,211,238,27.2034,4.264802684499989
2037.317,211,210,24.003,4.2681564369999885
2037.323,211,191,21.8313,4.268192822499989
2037.523,211,190,21.717,4.2693993224999875
2037.586,211,248,28.3464,4.269895384499988
2037.819,211,248,28.3464,4.271730026499988
2038.017,211,240,27.432,4.273238786499989
2038.416,211,201,22.9743,4.275785104749988
2038.417,211,220,25.146,4.275792089749988
2038.429,211,194,22.1742,4.275866003749989
2038.529,211,190,21.717,4.276469253749989
2038.574,211,250,28.575,4.276826441249989
2038.907,211,230,26.289,4.279258173749988
2038.917,211,250,28.575,4.2793375487499885
2039.125,211,230,26.289,4.280856468749989
2039.316,211,240,27.432,4.282311888749989
2039.316,211,220,25.146,4.282311888749989
2039.517,211,211,24.1173,4.283658437999989
2039.617,211,196,22.4028,4.284280737999989
2039.617,211,204,23.3172,4.284280737999989
2039.916,211,250,28.575,4.286654050499989
2040.107,211,250,28.575,4.288170112999989
2040.414,211,221,25.2603,4.290324255249989
2040.414,211,214,24.4602,4.290324255249989
2040.416,211,240,27.432,4.290339495249989
2040.517,211,230,26.289,4.291077047749989
2040.517,211,206,23.5458,4.291077047749989
2041.107,211,250,28.575,4.295760172749989
2041.416,211,250,28.575,4.298212860249989
2041.417,211,240,27.432,4.298220480249989
2041.614,211,216,24.6888,4.29957150624999
2042.616,211,241,27.5463,4.307238559749989
2042.716,211,234,26.746199999999998,4.307981509749989
2042.816,211,226,25.8318,4.30869905974999
2043.416,211,250,28.575,4.313461559749989
2043.416,211,250,28.575,4.313461559749989
2043.519,211,244,27.8892,4.314259500749989
2043.817,211,236,26.9748,4.316492414749989
2044.421,211,250,28.575,4.32128666474999
2044.716,211,250,28.575,4.323628227249989
2044.814,211,246,28.1178,4.32439365624999
2045.415,211,250,28.575,4.32916409374999
2045.619,211,250,28.575,4.330783343749989
2074.57,211,92,10.5156,4.415349214749989
2074.811,211,92,10.5156,4.4160531757499895
2075.566,211,90,10.286999999999999,4.4182105882499885
2075.72,211,90,10.286999999999999,4.418650643249989
2076.012,211,90,10.286999999999999,4.41948503324999
2076.205,211,100,11.43,4.42009780824999
2076.554,211,90,10.286999999999999,4.4210950757499905
2076.805,211,90,10.286999999999999,4.42181230824999
2076.818,211,90,10.286999999999999,4.421849455749991
2077.015,211,90,10.286999999999999,4.42241238324999
2077.557,211,90,10.286999999999999,4.42396114824999
2077.807,211,90,10.286999999999999,4.424675523249991
2078.005,211,90,10.286999999999999,4.4252413082499915
2078.012,211,90,10.286999999999999,4.425261310749992
2078.119,211,90,10.286999999999999,4.425567063249992
2078.187,211,100,11.43,4.425782963249991
2078.928,211,90,10.286999999999999,4.427900370749991
2079.002,211,90,10.286999999999999,4.428111825749991
2079.107,211,90,10.286999999999999,4.428411863249991
2079.187,211,100,11.43,4.428665863249991
2079.31,211,90,10.286999999999999,4.429017335749991
2079.505,211,99,11.3157,4.429630269499992
2079.565,211,100,11.43,4.429820769499991
2079.917,211,100,11.43,4.430938369499991
2080.002,211,90,10.286999999999999,4.431181256999991
2080.103,211,90,10.286999999999999,4.431469864499991
2080.41,211,90,10.286999999999999,4.43234711699999
2080.513,211,96,10.9728,4.43266106099999
2080.567,211,100,11.43,4.43283251099999
2080.607,211,90,10.286999999999999,4.43294681099999
2081.015,211,90,10.286999999999999,4.43411267099999
2081.11,211,100,11.43,4.43441429599999
2081.129,211,90,10.286999999999999,4.43446858849999
2081.204,211,100,11.43,4.434706713499991
2081.31,211,90,10.286999999999999,4.43500960849999
2081.511,211,90,10.286999999999999,4.43558396599999
2081.705,211,94,10.7442,4.436162958999989
2081.803,211,92,10.5156,4.436449216999989
2082.008,211,100,11.43,4.437100091999989
2082.112,211,100,11.43,4.4374302919999895
2082.316,211,90,10.286999999999999,4.438013221999989
2082.404,211,100,11.43,4.43829262199999
2082.564,211,97,11.0871,4.438785381999989
2082.605,211,90,10.286999999999999,4.438902539499989
2082.904,211,97,11.0871,4.439823384749989
2083.177,211,90,10.286999999999999,4.44060348224999
2083.177,211,90,10.286999999999999,4.44060348224999
2083.202,211,100,11.43,4.44068285724999
2083.404,211,91,10.401299999999999,4.441266485749989
2083.407,211,100,11.43,4.44127601074999
2083.504,211,90,10.286999999999999,4.441553188249989
2083.511,211,90,10.286999999999999,4.441573190749989
2083.557,211,93,10.6299,4.4417090172499885
2083.901,211,93,10.6299,4.442724763249989
2084.147,211,100,11.43,4.443505813249989
2084.404,211,94,10.7442,4.444272829749989
2084.501,211,100,11.43,4.44458080474999
2084.504,211,90,10.286999999999999,4.444589377249989
2084.563,211,86,9.8298,4.44475047674999
2084.603,211,100,11.43,4.44487747674999
2084.802,211,86,9.8298,4.44542084624999
2084.807,211,100,11.43,4.445436721249989
2085.108,211,90,10.286999999999999,4.44629682874999
2085.203,211,100,11.43,4.446598453749989
2085.307,211,100,11.43,4.446928653749989
2085.403,211,90,10.286999999999999,4.447202973749989
2085.404,211,100,11.43,4.44720614874999
2085.564,211,81,9.2583,4.447617628749989
2085.602,211,96,10.9728,4.447733452749989
2085.607,211,100,11.43,4.44774932774999
2085.808,211,81,9.2583,4.44826624949999
2086.013,211,85,9.7155,4.44881949324999
2086.206,211,100,11.43,4.44943226824999
2086.513,211,98,11.2014,4.450387498749989
2086.562,211,64,7.3152,4.4504870667499885
2086.601,211,100,11.43,4.45061089174999
2086.603,211,99,11.3157,4.450617178249989
2086.704,211,100,11.43,4.4509378532499895
2086.802,211,64,7.3152,4.4511369892499895
2087.009,211,80,9.144,4.451662769249989
2087.111,211,100,11.43,4.451986619249988
2087.114,211,85,9.7155,4.451994715499988
2087.401,211,90,10.286999999999999,4.452814817999988
2087.565,253,32,3.6576,4.452981441999988
2087.603,211,96,10.9728,4.453097265999988
2087.709,211,100,11.43,4.453433815999987
2087.719,253,32,3.6576,4.4534439759999875
2087.912,211,60,6.858,4.453811640999987
2088.11,211,80,9.144,4.454314560999988
2088.502,211,100,11.43,4.455559160999988
2088.701,211,93,10.6299,4.456146758249988
2088.802,52,5,0.5715,4.456162791999987
2088.803,211,94,10.7442,4.4561657764999865
2088.811,264,25,2.8575,4.456172126499987
2088.928,211,60,6.858,4.456395011499986
2089.007,211,85,9.7155,4.456608212749987
2089.157,211,90,10.286999999999999,4.457036837749987
2089.307,211,80,9.144,4.457417837749986
2089.402,211,85,9.7155,4.457674218999987
2089.502,211,98,11.2014,4.457985368999987
2089.508,211,89,10.1727,4.458002323499986
2089.592,168,16,1.8288,4.458044995499987
2089.607,211,95,10.8585,4.458090239249986
2089.902,168,16,1.8288,4.458240099249986
2090.002,264,25,2.8575,4.458319474249986
2090.006,0,0,0.0,4.458319474249986
2090.11,211,60,6.858,4.458517594249987
2090.408,211,84,9.6012,4.459312360249986
2090.59,211,69,7.8867,4.459711076749986
2090.608,211,88,10.0584,4.459761368749986
2090.702,211,95,10.8585,4.460044896249986
2090.798,211,69,7.8867,4.460255208249985
2091.014,264,25,2.8575,4.460426658249985
2091.201,211,20,2.286,4.460545403249985
2091.315,211,78,8.9154,4.460827724249985
2091.587,211,66,7.5438,4.461397700249985
2091.602,211,83,9.4869,4.461437228999984
2091.702,211,87,9.9441,4.461713453999986
2091.804,211,66,7.5438,4.461927194999985
2091.807,211,60,6.858,4.461932909999985
2092.001,211,90,10.286999999999999,4.462487264999986
2092.103,211,20,2.286,4.462552034999986
2092.11,264,25,2.8575,4.462557591249985
2092.147,0,0,0.0,4.462557591249985
2092.311,216,56,6.4008,4.462849183249985
2092.401,0,0,0.0,4.462849183249985
2092.502,211,72,8.2296,4.463080069249986
2092.585,211,72,8.2296,4.463269807249986
2092.702,211,82,9.3726,4.463574416749987
2092.899,211,72,8.2296,4.464024758749986
2093.107,211,20,2.286,4.464156838749986
2093.201,0,0,0.0,4.464156838749986
2093.201,211,60,6.858,4.464156838749986
2093.202,237,22,2.5146,4.464157537249986
2093.502,232,46,5.2578,4.464595687249986
2093.58,211,79,9.0297,4.464791330749986
2093.608,211,68,7.7724,4.464851782749986
2093.8,211,79,9.0297,4.465333366749986
2094.001,211,75,8.5725,4.465811997999986
2094.137,211,90,10.286999999999999,4.466200617999986
2094.201,211,60,6.858,4.466322537999986
2094.307,184,17,1.9431,4.466379751499986
2094.398,21,2,0.2286,4.466385529999986
2094.5,211,20,2.286,4.466450299999986
2094.501,242,39,4.4577,4.466451538249986
2094.585,211,88,10.0584,4.466686234249986
2094.607,211,90,10.286999999999999,4.466749099249985
2094.9,211,88,10.0584,4.467567741249986
2095.2,211,80,9.144,4.468329741249985
2095.4,211,60,6.858,4.468710741249986
2095.411,105,10,1.143,4.468714233749986
2095.5,211,90,10.286999999999999,4.4689685512499855
2095.501,84,8,0.9144,4.468968805249985
2095.501,211,20,2.286,4.468968805249985
2095.587,211,100,11.43,4.469241855249985
2095.9,211,100,11.43,4.470235630249985
2096.103,211,80,9.144,4.470751250249985
2096.108,211,90,10.286999999999999,4.470765537749985
2096.117,211,75,8.5725,4.4707869689999855
2096.201,211,75,8.5725,4.470986993999985
2096.5,211,60,6.858,4.471556588999985
2096.513,52,5,0.5715,4.4715586527499855
2096.588,211,112,12.8016,4.4718253527499865
2096.6,211,87,9.9441,4.4718584997499855
2096.701,211,41,4.6863,4.4719899764999855
2096.701,126,12,1.3716,4.4719899764999855
2096.799,211,112,12.8016,4.472338464499986
2097.009,211,105,12.0015,4.473038551999986
2097.206,211,90,10.286999999999999,4.473601479499987
2097.4,211,80,9.144,4.474094239499987
2097.401,211,61,6.9723,4.4740961762499865
2097.5,211,75,8.5725,4.474331919999987
2097.587,211,135,15.4305,4.4747048237499865
2097.6,211,78,8.9154,4.474737018249987
2097.701,211,55,6.2865,4.474913389499987
2097.804,211,135,15.4305,4.475354873249987
2097.915,211,115,13.1445,4.475760161999987
2098.199,211,90,10.286999999999999,4.476571691999987
2098.588,211,136,15.5448,4.4782513939999875
2098.6,211,75,8.5725,4.478279968999987
2098.7,211,66,7.5438,4.478489518999987
2098.798,211,72,8.2296,4.478713546999987
2098.9,211,136,15.5448,4.479153982999988
2098.914,211,140,16.002,4.479216212999988
2099.107,211,80,9.144,4.479706432999988
2099.403,211,90,10.286999999999999,4.4805522529999875
2099.599,211,81,9.2583,4.4810563159999885
2099.6,211,77,8.8011,4.481058760749988
2099.7,211,69,7.8867,4.481277835749988
2099.702,211,151,17.2593,4.48128742424999
2100.127,211,105,12.0015,4.482704267999989
2100.205,211,115,13.1445,4.482989065499989
2100.499,211,90,10.286999999999999,4.483829170499989
2100.586,211,163,18.6309,4.484279417249989
2100.7,211,84,9.6012,4.4845834552499895
2100.8,211,78,8.9154,4.484831105249991
2100.802,211,163,18.6309,4.48484145574999
2100.905,211,155,17.7165,4.48534834449999
2100.925,211,135,15.4305,4.48543406949999
2101.11,211,140,16.002,4.48625639449999
2101.187,211,105,12.0015,4.4865130932499895
2101.499,211,105,12.0015,4.487553223249989
2101.503,211,94,10.7442,4.48756516124999
2101.579,211,175,20.0025,4.48798743624999
2101.6,211,86,9.8298,4.488044776749989
2101.896,211,175,20.0025,4.48968942674999
2102.101,211,155,17.7165,4.49069828299999
2102.107,211,135,15.4305,4.4907240004999895
2102.198,211,165,18.8595,4.491200726749989
2102.199,211,140,16.002,4.49120517174999
2102.405,211,117,13.373099999999999,4.491970410249991
2102.584,211,180,20.573999999999998,4.4929933952499885
2102.599,211,108,12.3444,4.49304483024999
2102.705,211,97,11.0871,4.4933712837499895
2102.795,211,180,20.573999999999998,4.49388563374999
2103.002,211,180,20.573999999999998,4.49506863874999
2103.201,211,165,18.8595,4.49611114999999
2103.31,211,139,15.8877,4.49659219424999
2103.504,211,125,14.2875,4.4973621317499894
2103.577,211,204,23.3172,4.497834952749992
2103.604,211,110,12.573,4.497929250249991
2103.797,211,204,23.3172,4.499179311249992
2104.117,211,155,17.7165,4.500754111249993
2104.197,211,180,20.573999999999998,4.5012113112499925
2104.397,211,165,18.8595,4.502259061249991
2104.398,211,137,15.6591,4.502263410999992
2104.398,211,138,15.7734,4.502263410999992
2104.498,211,155,17.7165,4.502755535999992
2104.579,211,202,23.0886,4.503275029499992
2104.598,211,130,14.859,4.503353451999991
2104.895,211,202,23.0886,4.505258261499991
2105.087,211,180,20.573999999999998,4.506355541499991
2105.102,211,180,20.573999999999998,4.50644126649999
2105.195,211,180,20.573999999999998,4.506972761499991
2105.197,211,210,24.003,4.506986096499991
2105.401,211,165,18.8595,4.5080548014999895
2105.573,211,208,23.7744,4.50919068949999
2105.599,211,143,16.3449,4.5093087359999915
2105.599,211,137,15.6591,4.5093087359999915
2105.701,211,208,23.7744,4.50998234399999
2106.1,211,200,22.86,4.5125159939999895
2106.397,211,180,20.573999999999998,4.51421334899999
2106.397,211,165,18.8595,4.51421334899999
2106.398,211,159,18.1737,4.514218397249991
2106.497,211,180,20.573999999999998,4.514784182249989
2106.499,211,147,16.8021,4.514793516749989
2106.574,211,224,25.6032,4.5153269167499905
2106.897,211,224,25.6032,4.5176240927499896
2106.917,211,200,22.86,4.5177510927499895
2107.103,211,210,24.003,4.518991247749991
2107.107,211,210,24.003,4.5190179177499905
2107.197,211,210,24.003,4.519617992749992
2107.52,211,151,17.2593,4.521166535499991
2107.573,211,230,26.289,4.52155356799999
2107.595,211,161,18.4023,4.5216660264999895
2107.597,211,180,20.573999999999998,4.521677456499992
2107.697,211,169,19.3167,4.522214031499992
2107.801,211,230,26.289,4.52297349149999
2108.009,211,230,26.289,4.524492411499991
2108.137,211,180,20.573999999999998,4.525223931499992
2108.202,211,210,24.003,4.5256573189999925
2108.396,211,200,22.86,4.526889218999992
2108.494,211,210,24.003,4.527542633999992
2108.571,211,238,27.2034,4.5281244844999895
2108.597,211,183,20.9169,4.528275550999991
2108.601,211,180,20.573999999999998,4.528298410999991
2108.697,211,172,19.6596,4.528822666999991
2108.801,211,238,27.2034,4.5296085429999895
2109.002,211,230,26.289,4.53107634549999
2109.196,211,230,26.289,4.53249303049999
2109.309,211,209,23.8887,4.533242870249992
2109.57,211,248,28.3464,4.535297984249992
2109.694,211,192,21.9456,4.536053888249991
2109.795,211,248,28.3464,4.536849162249991
2109.797,211,180,20.573999999999998,4.536860592249991
2109.896,211,240,27.432,4.537614972249992
2110.006,211,230,26.289,4.538418247249989
2110.097,211,210,24.003,4.539024989749992
2110.097,211,200,22.86,4.539024989749992
2110.402,211,210,24.003,4.5410585772499905
2110.582,211,250,28.575,4.542487327249989
2110.596,211,198,22.6314,4.54257533824999
2110.596,211,201,22.9743,4.54257533824999
2110.697,211,206,23.5458,4.543235928749991
2110.896,211,250,28.575,4.544815491249992
2111.005,211,240,27.432,4.545646071249991
2111.097,211,230,26.289,4.546317901249992
2111.098,211,250,28.575,4.54632583874999
2111.11,211,230,26.289,4.546413468749991
2111.496,211,210,24.003,4.548987123749991
2111.587,211,262,29.9466,4.54974410724999
2111.596,211,204,23.3172,4.54980240024999
2111.792,211,262,29.9466,4.5514328262499895
2111.797,211,204,23.3172,4.55146521124999
2111.92,211,250,28.575,4.552441523749991
2112.095,211,250,28.575,4.553830586249989
2112.097,211,230,26.289,4.553845191249992
2112.109,211,240,27.432,4.553936631249989
2112.496,211,230,26.289,4.55676269874999
2112.582,211,265,30.2895,4.557486281249989
2112.594,211,206,23.5458,4.55756476724999
2112.599,211,216,24.6888,4.55759905724999
2112.798,211,265,30.2895,4.559273393499987
2112.915,211,250,28.575,4.560202080999989
2112.993,211,265,30.2895,4.560858353499989
2113.087,211,230,26.289,4.561544788499989
2113.095,211,250,28.575,4.561608288499988
2113.201,211,240,27.432,4.56241600849999
2113.401,211,231,26.403299999999998,4.563882858499989
2113.501,211,230,26.289,4.564613108499992
2113.582,211,275,31.4325,4.565320339749989
2113.7,211,220,25.146,4.566144569749988
2113.895,211,275,31.4325,4.567847163499989
2114.103,211,265,30.2895,4.56959722349999
2114.103,211,250,28.575,4.56959722349999
2114.195,211,265,30.2895,4.570371288499991
2114.195,211,250,28.575,4.570371288499991
2114.501,211,234,26.746199999999998,4.572644715499991
2114.563,211,280,32.004,4.57319589549999
2114.696,211,230,26.289,4.5741671279999885
2114.796,211,280,32.004,4.5750561279999875
2114.999,211,280,32.004,4.576860797999987
2115.177,211,241,27.5463,4.578222809499989
2115.395,211,265,30.2895,4.580057006999988
2115.395,211,250,28.575,4.580057006999988
2115.395,211,244,27.8892,4.580057006999988
2115.553,211,308,35.2044,4.581602088999987
2115.596,211,236,26.9748,4.581924287999988
2115.895,211,308,35.2044,4.584848208999988
2116.087,211,265,30.2895,4.586463648999988
2116.087,211,250,28.575,4.586463648999988
2116.192,211,280,32.004,4.587397098999988
2116.193,211,280,32.004,4.58740598899999
2116.195,211,265,30.2895,4.5874228164999895
2116.398,211,265,30.2895,4.5891308077499895
2116.495,211,250,28.575,4.589900745249987
2116.501,211,251,28.6893,4.589948560749989
2116.507,211,246,28.1178,4.589995423749988
2116.549,211,283,32.3469,4.590372804249987
2116.892,211,283,32.3469,4.593454744999986
2116.995,211,315,36.0045,4.594484873749987
2117.097,211,280,32.004,4.5953916537499895
2117.392,211,280,32.004,4.598014203749986
2117.492,211,265,30.2895,4.598855578749989
2117.548,211,271,30.9753,4.599337416749985
2117.594,211,265,30.2895,4.599724449249988
2117.595,211,250,28.575,4.599732386749985
2117.598,211,256,29.2608,4.599756770749987
2118.1,211,275,31.4325,4.604139858249987
2118.194,211,315,36.0045,4.605079975749987
2118.394,211,280,32.004,4.6068579757499855
2118.539,211,270,30.861,4.608100988249989
2118.694,211,265,30.2895,4.6094051194999865
2118.795,211,259,29.6037,4.610235667749987
2118.799,211,270,30.861,4.610269957749987
2119.0,211,270,30.861,4.6119930302499865
2119.096,211,315,36.0045,4.612953150249987
2119.096,211,275,31.4325,4.612953150249987
2119.137,211,280,32.004,4.6133176402499885
2119.137,211,265,30.2895,4.6133176402499885
2119.494,211,280,32.004,4.616491370249988
2119.594,211,280,32.004,4.617380370249987
2119.694,211,265,30.2895,4.618221745249986
2119.695,211,269,30.7467,4.618230285999988
2119.793,211,263,30.0609,4.619048610499988
2119.902,211,270,30.861,4.619983012999987
2120.1,211,315,36.0045,4.621963260499986
2120.102,211,270,30.861,4.621980405499985
2120.392,211,283,32.3469,4.624586127999985
2120.548,211,253,28.9179,4.625839236999984
2120.594,211,280,32.004,4.626248176999987
2120.706,211,253,28.9179,4.627147844999987
2120.795,211,272,31.0896,4.627916448999986
2121.096,211,270,30.861,4.630496771499986
2121.107,211,275,31.4325,4.630592815249985
2121.202,211,270,30.861,4.631407202749987
2121.494,211,311,35.5473,4.634290483749986
2121.595,211,280,32.004,4.635188373749983
2121.691,211,294,33.6042,4.636084485749984
2121.79,211,250,28.575,4.636870298249985
2121.804,211,251,28.6893,4.636981867749986
2122.105,211,270,30.861,4.639562190249985
2122.127,211,275,31.4325,4.639754277749985
2122.397,211,303,34.6329,4.642351745249985
2122.499,211,274,31.3182,4.643239094249984
2122.507,211,301,34.4043,4.643315548249987
2122.89,211,242,27.6606,4.646258328749986
2123.106,211,270,30.861,4.648109988749989
2123.107,211,270,30.861,4.648118561249987
2123.393,211,270,30.861,4.650570296249987
2123.551,211,232,26.517599999999998,4.651734124249987
2123.599,211,273,31.2039,4.652150176249989
2123.703,211,232,26.517599999999998,4.652916240249987
2124.005,211,250,28.575,4.655313365249988
2124.192,211,240,27.432,4.656738305249987
2124.193,211,260,29.718,4.656746560249989
2124.497,211,270,30.861,4.659352600249986
2124.545,211,230,26.289,4.659703120249987
2124.693,211,272,31.0896,4.660981248249988
2124.892,211,230,26.289,4.662434445749986
2125.057,211,250,28.575,4.663744133249986
2125.167,211,270,30.861,4.664687108249987
2125.191,211,240,27.432,4.664869988249985
2125.405,211,268,30.6324,4.666690914249989
2125.542,211,222,25.3746,4.667656558749987
2125.599,211,270,30.861,4.668145191249989
2125.794,211,222,25.3746,4.669519648749987
2125.999,211,230,26.289,4.671016661249987
2126.087,211,250,28.575,4.671715161249988
2126.114,211,250,28.575,4.671929473749989
2126.189,211,240,27.432,4.672500973749988
2126.389,211,250,28.575,4.67408847374999
2126.493,211,257,29.3751,4.6749370877499885
2126.547,211,223,25.4889,4.67531942124999
2126.593,211,265,30.2895,4.675706453749988
2126.794,211,223,25.4889,4.677129583999988
2127.191,211,220,25.146,4.679902628999987
2127.539,211,221,25.2603,4.68234445799999
2127.891,211,221,25.2603,4.68481435399999
2127.897,211,224,25.6032,4.684857025999989
2127.998,211,220,25.146,4.68556251099999
2128.047,211,230,26.289,4.68592033349999
2128.087,211,240,27.432,4.686225133499989
2128.39,211,230,26.289,4.688437790999989
2128.391,211,230,26.289,4.68844509349999
2128.401,211,250,28.575,4.688524468499988
2128.551,211,223,25.4889,4.689586505999989
2128.591,211,239,27.3177,4.689890035999989
2128.79,211,223,25.4889,4.69129900574999
2129.093,211,220,25.146,4.693415460749989
2129.19,211,225,25.7175,4.694108404499991
2129.388,211,220,25.146,4.695491434499989
2129.391,211,230,26.289,4.69551334199999
2129.504,211,250,28.575,4.696410279499989
2129.571,211,221,25.2603,4.696880401749989
2129.691,211,236,26.9748,4.6977795617499885
2129.789,211,221,25.2603,4.698467203249991
2129.792,211,244,27.8892,4.698490444249988
2130.047,211,230,26.289,4.700352581749989
2130.093,211,225,25.7175,4.700681194249988
2130.19,211,225,25.7175,4.70137413799999
2130.191,211,220,25.146,4.701381122999988
2130.389,211,230,26.289,4.70282701799999
2130.396,211,220,25.146,4.702875912999991
2130.566,211,232,26.517599999999998,4.704128132999988
2130.588,211,229,26.1747,4.7042880894999906
2130.789,211,232,26.517599999999998,4.705768655499991
2130.791,211,234,26.746199999999998,4.70578351449999
2130.904,211,220,25.146,4.706572819499989
2131.19,211,225,25.7175,4.708615931999989
2131.39,211,225,25.7175,4.710044681999988
2131.394,211,220,25.146,4.710072621999987
2131.496,211,226,25.8318,4.7108045229999895
2131.561,211,235,26.8605,4.71128950424999
2131.691,211,230,26.289,4.712238829249988
2131.698,211,235,26.8605,4.712291057999988
2131.99,211,235,26.8605,4.714469742999988
2132.067,211,220,25.146,4.71500758799999
2132.093,211,220,25.146,4.7151891979999885
2132.098,211,225,25.7175,4.715224916749989
2132.194,211,220,25.146,4.7158954767499885
2132.393,211,225,25.7175,4.717317082999989
2132.561,211,238,27.2034,4.718586574999989
2132.69,211,221,25.2603,4.719491735749989
2132.692,211,238,27.2034,4.7195068487499885
2132.79,211,224,25.6032,4.720203824749988
2132.89,211,235,26.8605,4.720949949749987
2133.001,211,235,26.8605,4.72177814849999
2133.196,211,220,25.146,4.723140223499987
2133.391,211,224,25.6032,4.7245270634999885
2133.493,211,220,25.146,4.7252395334999875
2133.559,211,243,27.7749,4.72574873999999
2133.59,211,222,25.3746,4.725967243499989
2133.794,211,243,27.7749,4.727541154499987
2133.987,211,240,27.432,4.729011814499988
2133.989,211,235,26.8605,4.729026736999987
2134.097,211,235,26.8605,4.729832551999989
2134.117,211,225,25.7175,4.729975426999989
2134.398,211,224,25.6032,4.731973898999988
2134.562,211,248,28.3464,4.733265234999986
2134.595,211,221,25.2603,4.733496787749985
2134.69,211,222,25.3746,4.734166395249987
2134.886,211,248,28.3464,4.735709699249986
2134.996,211,240,27.432,4.736547899249987
2135.012,211,235,26.8605,4.736667279249988
2135.027,211,220,25.146,4.736772054249987
2135.188,211,245,28.0035,4.738024432999987
2135.189,211,235,26.8605,4.7380318942499855
2135.395,211,221,25.2603,4.739477344749987
2135.567,211,254,29.0322,4.740864438749987
2135.589,211,223,25.4889,4.7410202042499865
2135.69,211,222,25.3746,4.741732102749987
2135.691,211,254,29.0322,4.741740167249985
2136.09,211,250,28.575,4.7449072297499875
2136.388,211,240,27.432,4.747177989749986
2136.489,211,226,25.8318,4.747902715249986
2136.564,211,259,29.6037,4.748519458999985
2136.69,211,222,25.3746,4.7494075699999865
2136.888,211,259,29.6037,4.751035773499986
2137.017,211,245,28.0035,4.752039232249985
2137.027,211,235,26.8605,4.752113844749987
2137.087,211,235,26.8605,4.752561519749986
2137.185,211,255,29.1465,4.753354952249986
2137.188,211,250,28.575,4.753378764749987
2137.388,211,245,28.0035,4.754934514749986
2137.388,211,240,27.432,4.754934514749986
2137.389,211,235,26.8605,4.754941975999988
2137.398,211,235,26.8605,4.755009127249988
2137.559,211,260,29.718,4.756338182249988
2137.589,211,229,26.1747,4.756556304749986
2137.791,211,260,29.718,4.758223814749988
2137.992,211,260,29.718,4.759883069749987
2138.194,211,255,29.1465,4.761518512249985
2138.385,211,250,28.575,4.763034574749987
2138.386,211,245,28.0035,4.763042353499985
2138.386,211,240,27.432,4.763042353499985
2138.389,211,236,26.9748,4.763064832499986
2138.497,211,235,26.8605,4.763870647499984
2138.563,211,267,30.5181,4.764430145999986
2138.885,211,267,30.5181,4.767159820499987
2139.188,211,260,29.718,4.769661085499987
2139.196,211,255,29.1465,4.769725855499985
2139.385,211,241,27.5463,4.771172036249987
2139.485,211,245,28.0035,4.771949911249986
2139.486,211,237,27.0891,4.771957435999984
2139.556,211,273,31.2039,4.7725641784999855
2139.887,211,273,31.2039,4.775433203749986
2139.988,211,270,30.861,4.776299026249983
2139.995,211,260,29.718,4.7763568112499835
2140.007,211,260,29.718,4.7764558712499845
2140.067,211,250,28.575,4.776932121249984
2140.387,211,260,29.718,4.779573721249985
2140.488,211,255,29.1465,4.780391442499982
2140.492,211,246,28.1178,4.780422684499985
2140.494,211,242,27.6606,4.780438051499985
2140.564,211,291,33.2613,4.7810847989999825
2140.587,211,250,28.575,4.781267361499983
2140.793,211,291,33.2613,4.783170646999984
2140.997,211,275,31.4325,4.784951821999982
2141.193,211,270,30.861,4.786632031999986
2141.387,211,260,29.718,4.7882335019999855
2141.487,211,255,29.1465,4.789043126999985
2141.571,211,299,34.1757,4.789840559999983
2141.593,211,252,28.8036,4.790016581999983
2141.787,211,299,34.1757,4.791858272499983
2141.788,211,247,28.2321,4.791866114749984
2141.988,211,295,33.7185,4.793739364749983
2142.007,211,260,29.718,4.793896209749985
2142.096,211,275,31.4325,4.7946732909999845
2142.191,211,270,30.861,4.795487678499983
2142.487,211,260,29.718,4.797931158499985
2142.564,211,308,35.2044,4.798684141499983
2142.585,211,260,29.718,4.798857496499984
2142.685,211,257,29.3751,4.799673471499983
2142.688,211,253,28.9179,4.799697569749984
2142.786,211,308,35.2044,4.800655911749984
2142.906,211,300,34.29,4.801798911749983
2143.09,211,295,33.7185,4.803522301749985
2143.391,211,260,29.718,4.806007056749984
2143.393,211,270,30.861,4.806024201749984
2143.487,211,260,29.718,4.806800171749984
2143.553,211,345,39.4335,4.807523119249982
2143.788,211,258,29.4894,4.809448121749983
2143.883,211,345,39.4335,4.810488727999981
2143.999,211,300,34.29,4.81159362799998
2144.007,211,275,31.4325,4.811663477999983
2144.089,211,310,35.433,4.812470562999982
2144.095,211,295,33.7185,4.81252676049998
2144.49,211,270,30.861,4.81591289799998
2144.541,211,325,37.1475,4.816439154249984
2144.687,211,263,30.0609,4.817658290749982
2144.785,211,325,37.1475,4.818669528249981
2144.787,211,260,29.718,4.818686038249981
2145.057,211,275,31.4325,4.821043475749981
2145.098,211,300,34.29,4.821434000749983
2145.186,211,360,41.147999999999996,4.822439840749985
2145.186,211,310,35.433,4.822439840749985
2145.387,211,277,31.6611,4.824207585499986
2145.487,211,271,30.9753,4.825068010499985
2145.54,211,303,34.6329,4.825577883749983
2145.687,211,265,30.2895,4.8268147049999826
2145.886,211,303,34.6329,4.828729134749983
2145.905,211,360,41.147999999999996,4.828946304749985
2145.984,211,310,35.433,4.829723862249983
2146.067,211,295,33.7185,4.830501260999983
2146.088,211,310,35.433,4.830707953499985
2146.192,211,300,34.29,4.831698553499983
2146.395,211,295,33.7185,4.833599902249983
2146.496,211,283,32.3469,4.834507412499984
2146.528,211,300,34.29,4.834812212499981
2146.69,211,272,31.0896,4.8362112444999825
2146.886,211,300,34.29,4.838078144499982
2147.087,211,301,34.4043,4.839999051249983
2147.087,211,310,35.433,4.839999051249983
2147.091,211,360,41.147999999999996,4.840044771249982
2147.186,211,310,35.433,4.840979808749984
2147.487,211,297,33.9471,4.843818163499984
2147.539,211,300,34.29,4.844313463499986
2147.599,211,287,32.8041,4.844860198499985
2147.69,211,300,34.29,4.845726973499984
2147.989,211,300,34.29,4.848574948499984
2148.087,211,301,34.4043,4.849511509999983
2148.186,211,300,34.29,4.850454484999985
2148.384,211,310,35.433,4.852403299999984
2148.392,211,304,34.7472,4.852480515999982
2148.593,211,298,34.0614,4.854382277499982
2148.987,211,360,41.147999999999996,4.858885697499985
2148.987,211,310,35.433,4.858885697499985
2149.182,211,300,34.29,4.860743072499982
2149.183,211,300,34.29,4.860752597499984
2149.185,211,300,34.29,4.860771647499984
2149.486,211,325,37.1475,4.863877591249984
2149.492,211,306,34.9758,4.863935884249987
2149.585,211,360,41.147999999999996,4.864998874249985
2150.087,211,300,34.29,4.869780424249985
2150.183,211,300,34.29,4.870694824249985
2150.382,211,300,34.29,4.872590299249985
2150.584,211,310,35.433,4.874578484249983
2150.685,211,335,38.2905,4.875652745499984
2151.384,211,300,34.29,4.8823107204999845
2151.391,211,300,34.29,4.882377395499985
2151.685,211,307,35.0901,4.885243086999983
2152.017,211,300,34.29,4.888405386999982
2152.484,211,300,34.29,4.892853561999983
2152.485,211,300,34.29,4.892863086999985
2152.584,211,300,34.29,4.893806061999983
2152.585,211,305,34.8615,4.8938157457499845
2153.488,211,300,34.29,4.902416820749982
2153.685,211,300,34.29,4.904293245749983
2154.785,211,300,34.29,4.9147707457499825
2161.552,211,271,30.9753,4.972995705499985
2161.881,211,271,30.9753,4.975826503749983
2162.084,211,275,31.4325,4.977598947499983
2162.561,211,284,32.4612,4.981900056499986
2162.783,211,284,32.4612,4.983901830499983
2163.083,211,270,30.861,4.986473580499984
2163.187,211,275,31.4325,4.987381630499983
2163.564,211,282,32.2326,4.990757099999983
2163.785,211,282,32.2326,4.992735823499983
2163.895,211,290,33.147,4.993748648499984
2164.089,211,270,30.861,4.995411713499983
2164.559,211,300,34.29,4.999888463499985
2164.68,211,300,34.29,5.001040988499982
2164.98,211,280,32.004,5.0037079884999835
2165.007,211,275,31.4325,5.003943732249984
2165.082,211,290,33.147,5.004634294749982
2165.777,211,340,38.862,5.012136819749983
2165.878,211,305,34.8615,5.013114878499985
2165.937,211,270,30.861,5.013620655999983
2165.937,211,275,31.4325,5.013620655999983
2165.99,211,280,32.004,5.014091825999982
2166.186,211,290,33.147,5.015896495999985
2166.484,211,275,31.4325,5.018498408499982
2166.561,211,355,40.5765,5.019366294749985
2166.782,211,355,40.5765,5.021857240999985
2166.89,211,355,40.5765,5.0230745359999815
2166.904,211,305,34.8615,5.023210108499983
2167.027,211,270,30.861,5.024264525999984
2167.088,211,280,32.004,5.024806815999985
2167.392,211,270,30.861,5.027412855999982
2167.557,211,330,37.719,5.029141643499981
2167.58,211,273,31.2039,5.029341001749983
2167.878,211,330,37.719,5.032463296749985
2167.987,211,290,33.147,5.033466914249985
2168.082,211,305,34.8615,5.034386870499983
2168.102,211,280,32.004,5.034564670499982
2168.179,211,355,40.5765,5.035432556749985
2168.179,211,355,40.5765,5.035432556749985
2168.385,211,289,33.0327,5.037322761249986
2168.551,211,351,40.1193,5.039172706749983
2168.58,211,276,31.5468,5.039426833749983
2168.686,211,272,31.0896,5.040342249749984
2168.778,211,351,40.1193,5.04136752074998
2169.082,211,320,36.576,5.044456160749981
2169.179,211,355,40.5765,5.045549471999983
2169.379,211,355,40.5765,5.047803721999982
2169.48,211,286,32.6898,5.048720852499983
2169.543,211,353,40.3479,5.049426940749984
2169.586,211,280,32.004,5.049809210749981
2169.879,211,353,40.3479,5.053093081499982
2169.937,211,305,34.8615,5.053654738999982
2170.047,211,282,32.2326,5.054639623999983
2170.176,211,365,41.7195,5.056134572749982
2170.379,211,355,40.5765,5.058422636499982
2170.382,211,355,40.5765,5.058456450249984
2170.389,211,290,33.147,5.058520902749984
2170.534,211,342,39.0906,5.0600953852499835
2170.58,211,284,32.4612,5.060510167249982
2170.876,211,342,39.0906,5.063724283249985
2170.897,211,320,36.576,5.063937643249982
2170.983,211,350,40.005,5.064893318249985
2170.987,211,305,34.8615,5.064932053249985
2171.092,211,365,41.7195,5.066148871999985
2171.377,211,320,36.576,5.069044471999984
2171.479,211,355,40.5765,5.070194139499982
2171.491,211,295,33.7185,5.070306534499983
2171.532,211,324,37.0332,5.070728301499985
2171.579,211,355,40.5765,5.071258050249985
2171.777,211,324,37.0332,5.073294876249983
2171.977,211,320,36.576,5.0753268762499815
2172.378,211,365,41.7195,5.079973964999985
2172.477,211,330,37.719,5.081011237499982
2172.479,211,355,40.5765,5.081033779999981
2172.482,211,355,40.5765,5.0810675937499825
2172.917,211,350,40.005,5.085901531249982
2172.977,211,320,36.576,5.086511131249981
2172.985,211,340,38.862,5.086597491249984
2173.08,211,320,36.576,5.087562691249982
2173.478,211,365,41.7195,5.0921750137499835
2173.501,211,340,38.862,5.092423298749985
2173.576,211,355,40.5765,5.093268642499983
2173.578,211,320,36.576,5.093288962499983
2173.679,211,344,39.3192,5.094392084499984
2173.917,211,350,40.005,5.097036859499982
2174.086,211,320,36.576,5.0987538994999815
2174.377,211,340,38.862,5.101895244499984
2174.382,211,363,41.490899999999996,5.101952870749985
2174.476,211,350,40.005,5.102997445749986
2174.582,211,333,38.0619,5.104118157249983
2174.684,211,337,38.5191,5.105209531749987
2175.578,211,349,39.8907,5.115115722249985
2175.676,211,359,41.033699999999996,5.116232750749984
2175.779,211,342,39.0906,5.117351176249985
2175.907,211,340,38.862,5.1187329362499865
2176.378,211,320,36.576,5.123518296249986
2176.484,211,346,39.5478,5.124682759249984
2176.576,211,356,40.6908,5.125722635249985
2176.577,211,338,38.6334,5.125733366749987
2177.377,211,320,36.576,5.133861366749985
2177.583,211,332,37.9476,5.136032812749986
2177.778,211,344,39.3192,5.138162602749983
2178.675,211,328,37.4904,5.147503960749987
2190.524,211,288,32.9184,5.255851216749984
2190.873,211,288,32.9184,5.259042472749986
2191.539,211,286,32.6898,5.265090085749987
2191.776,211,286,32.6898,5.267242164249984
2192.172,211,290,33.147,5.270888334249985
2192.772,211,305,34.8615,5.276698584249984
2193.173,211,285,32.5755,5.280327132999982
2193.173,211,290,33.147,5.280327132999982
2193.536,211,320,36.576,5.284015212999985
2193.776,211,320,36.576,5.286453612999983
2193.973,211,310,35.433,5.2883925854999845
2194.372,211,290,33.147,5.2920663779999835
2194.372,211,285,32.5755,5.2920663779999835
2194.527,211,307,35.0901,5.293577201749986
2194.837,211,285,32.5755,5.2963823142499855
2194.876,211,307,35.0901,5.296762456999987
2195.08,211,285,32.5755,5.298608401999985
2195.081,211,325,37.1475,5.298618720749987
2195.472,211,285,32.5755,5.3021567819999875
2195.857,211,310,35.433,5.305946144499985
2195.857,211,290,33.147,5.305946144499985
2195.873,211,302,34.5186,5.306099560499986
2196.175,211,325,37.1475,5.309215822999987
2196.37,211,286,32.6898,5.310986520499984
2196.372,211,310,35.433,5.311006205499984
2196.472,211,285,32.5755,5.311911080499987
2196.57,211,289,33.0327,5.312810303999987
2197.078,211,300,34.29,5.317649003999985
2197.372,211,310,35.433,5.320542698999984
2197.378,211,287,32.8041,5.320597372499987
2197.672,211,288,32.9184,5.323285708499985
2197.672,211,287,32.8041,5.323285708499985
2197.857,211,325,37.1475,5.325194677249985
2197.98,211,300,34.29,5.3263662522499855
2198.377,211,325,37.1475,5.330462795999985
2198.572,211,310,35.433,5.332382083499986
2198.672,211,295,33.7185,5.333318708499986
2198.672,211,287,32.8041,5.333318708499986
2199.369,211,325,37.1475,5.340510877249987
2199.385,211,314,35.8902,5.340670389249988
2199.772,211,300,34.29,5.344356564249986
2199.907,211,300,34.29,5.345642439249988
2200.377,211,300,34.29,5.350119189249987
2200.572,211,317,36.2331,5.3520818154999885
2200.578,211,317,36.2331,5.352142203999987
2201.471,211,300,34.29,5.360648028999988
2201.575,211,312,35.6616,5.361678252999986
2202.574,211,300,34.29,5.371193727999988
2211.53,211,266,30.4038,5.446831625999989
2211.867,211,266,30.4038,5.4496777594999894
2212.535,211,261,29.8323,5.455213308499987
2212.867,211,261,29.8323,5.457964509499989
2212.97,211,265,30.2895,5.458831125749986
2213.548,211,263,30.0609,5.463657570249986
2213.77,211,263,30.0609,5.465511325749988
2214.166,211,260,29.718,5.4687803057499895
2214.166,211,265,30.2895,5.4687803057499895
2214.367,211,270,30.861,5.4705033782499894
2214.543,211,269,30.7467,5.472006550249989
2214.769,211,269,30.7467,5.473936759749986
2214.966,211,265,30.2895,5.475594268499987
2215.068,211,265,30.2895,5.476452470999989
2215.072,211,260,29.718,5.4764854909999885
2215.466,211,270,30.861,5.479863055999987
2215.546,211,290,33.147,5.4805996559999866
2215.866,211,290,33.147,5.483546055999988
2215.976,211,270,30.861,5.484489030999989
2216.363,211,260,29.718,5.487683715999987
2216.365,211,265,30.2895,5.487700543499987
2216.552,211,309,35.3187,5.48953515374999
2216.566,211,270,30.861,5.489655168749987
2216.762,211,309,35.3187,5.491578075749991
2216.787,211,265,30.2895,5.491788419499987
2216.973,211,270,30.861,5.493382904499988
2217.071,211,295,33.7185,5.494300796999988
2217.169,211,265,30.2895,5.4951253444999875
2217.466,211,265,30.2895,5.497624228249988
2217.544,211,339,38.7477,5.498463761749988
2217.564,211,268,30.6324,5.498633941749987
2217.77,211,339,38.7477,5.500851171249988
2217.847,211,260,29.718,5.50148680624999
2217.966,211,315,36.0045,5.502676954999987
2218.171,211,295,33.7185,5.5045970362499865
2218.365,211,270,30.861,5.506260101249986
2218.465,211,265,30.2895,5.507101476249989
2218.465,211,263,30.0609,5.507101476249989
2218.544,211,350,40.005,5.507979363749986
2218.565,211,260,29.718,5.5081527187499875
2218.566,211,267,30.5181,5.508161195999985
2218.77,211,350,40.005,5.510428145999987
2218.971,211,350,40.005,5.512661758499988
2219.073,211,295,33.7185,5.5136171159999865
2219.076,211,315,36.0045,5.513647119749988
2219.169,211,270,30.861,5.5144443622499875
2219.465,211,265,30.2895,5.51693483224999
2219.548,211,336,38.4048,5.517820276249986
2219.666,211,261,29.8323,5.518798112749989
2219.666,211,262,29.9466,5.518798112749989
2219.668,211,336,38.4048,5.518819448749989
2219.865,211,350,40.005,5.521008611249985
2219.975,211,350,40.005,5.522230986249986
2220.175,211,315,36.0045,5.524231236249989
2220.371,211,295,33.7185,5.526067021249988
2220.374,211,267,30.5181,5.526092452999985
2220.53,211,346,39.5478,5.52780619099999
2220.565,211,272,31.0896,5.528108450999989
2220.569,211,262,29.9466,5.528141724999988
2220.763,211,346,39.5478,5.530272911999988
2220.865,211,332,37.9476,5.531348093999986
2220.964,211,350,40.005,5.532448231499988
2221.171,211,350,40.005,5.5347485189999865
2221.465,211,295,33.7185,5.5375021964999895
2221.519,211,318,36.3474,5.5380474074999855
2221.571,211,280,32.004,5.538509687499987
2221.763,211,268,30.6324,5.540143415499987
2221.837,211,315,36.0045,5.540883507999988
2221.862,211,318,36.3474,5.541135920499989
2221.884,211,330,37.719,5.541366425499988
2222.066,211,350,40.005,5.543388900499986
2222.072,211,350,40.005,5.54345557549999
2222.464,211,315,36.0045,5.5473760654999875
2222.517,211,310,35.433,5.547897717999986
2222.568,211,285,32.5755,5.54835920424999
2222.571,211,301,34.4043,5.548387874499987
2222.763,211,310,35.433,5.550277634499987
2222.837,211,350,40.005,5.551099959499988
2222.962,211,310,35.433,5.552330271999987
2223.164,211,330,37.719,5.5544467269999895
2223.17,211,350,40.005,5.554513401999988
2223.47,211,325,37.1475,5.557609026999986
2223.515,211,303,34.6329,5.558041938249986
2223.668,211,305,34.8615,5.559523551999988
2223.777,211,350,40.005,5.5607348144999875
2223.864,211,303,34.6329,5.561571776249988
2223.897,211,350,40.005,5.561938488749987
2224.161,211,310,35.433,5.564536908749988
2224.363,211,350,40.005,5.566781633749985
2224.364,211,350,40.005,5.566792746249987
2224.47,211,350,40.005,5.567970671249984
2224.512,211,293,33.4899,5.568361386749988
2224.664,211,332,37.9476,5.569963618749989
2224.767,211,310,35.433,5.570977396249985
2224.777,211,330,37.719,5.571082171249987
2224.861,211,293,33.4899,5.5718636022499854
2224.967,211,301,34.4043,5.572876617749988
2225.072,211,310,35.433,5.573910080249989
2225.161,211,350,40.005,5.5748990927499875
2225.363,211,310,35.433,5.576887277749985
2225.376,211,344,39.3192,5.577029263749989
2225.477,211,350,40.005,5.578151626249985
2225.518,211,286,32.6898,5.578523926749987
2225.672,211,286,32.6898,5.579922323749987
2225.777,211,332,37.9476,5.581029128749987
2226.065,211,290,33.147,5.583680888749987
2226.163,211,300,34.29,5.5846143387499865
2226.363,211,310,35.433,5.586582838749985
2226.363,211,346,39.5478,5.586582838749985
2226.364,211,336,38.4048,5.5865935067499874
2226.473,211,340,38.862,5.587770161749987
2226.521,211,278,31.7754,5.588193833749989
2226.763,211,278,31.7754,5.590329846749986
2226.827,211,310,35.433,5.5909597667499895
2227.062,211,290,33.147,5.593123529249986
2227.065,211,300,34.29,5.593152104249988
2227.162,211,285,32.5755,5.594029832999986
2227.382,211,342,39.0906,5.596418702999989
2227.463,211,310,35.433,5.59721594549999
2227.467,211,334,38.1762,5.597258363499988
2227.503,211,278,31.7754,5.5975761174999885
2227.563,211,310,35.433,5.598166667499988
2227.863,211,278,31.7754,5.600814617499985
2227.963,211,276,31.5468,5.6016909174999885
2228.065,211,285,32.5755,5.602613889999987
2228.36,211,290,33.147,5.605330102499988
2228.36,211,300,34.29,5.605330102499988
2228.463,211,310,35.433,5.606343879999989
2228.517,211,268,30.6324,5.606803365999986
2228.563,211,310,35.433,5.607256120999989
2228.761,211,268,30.6324,5.608940902999988
2228.763,211,326,37.2618,5.608961603999988
2229.064,211,280,32.004,5.611637493999987
2229.162,211,275,31.4325,5.612493156499986
2229.362,211,285,32.5755,5.614302906499988
2229.462,211,300,34.29,5.615255406499988
2229.511,211,265,30.2895,5.615667680249987
2229.66,211,307,35.0901,5.6171200204999865
2229.761,211,265,30.2895,5.6179698092499875
2229.763,211,310,35.433,5.617989494249987
2229.817,211,290,33.147,5.6184866992499884
2229.872,211,265,30.2895,5.618949455499987
2229.89,211,275,31.4325,5.619106617999987
2230.07,211,280,32.004,5.620706817999989
2230.462,211,285,32.5755,5.6242539279999875
2230.463,211,298,34.0614,5.62426338949999
2230.51,211,261,29.8323,5.62465286674999
2230.563,211,290,33.147,5.625140864249989
2230.563,211,305,34.8615,5.625140864249989
2230.759,211,261,29.8323,5.6267650672499885
2230.862,211,265,30.2895,5.627631683499989
2230.972,211,265,30.2895,5.62855719599999
2231.36,211,285,32.5755,5.63206811099999
2231.362,211,275,31.4325,5.63208557349999
2231.514,211,253,28.9179,5.63330655149999
2231.563,211,288,32.9184,5.63375460749999
2231.662,211,295,33.7185,5.634681866249987
2231.673,211,253,28.9179,5.634770226499986
2231.757,211,280,32.004,5.635516986499989
2231.86,211,260,29.718,5.63636725149999
2231.968,211,265,30.2895,5.637275936499988
2232.069,211,265,30.2895,5.638125725249989
2232.462,211,275,31.4325,5.641557106499989
2232.514,211,250,28.575,5.64196985649999
2232.66,211,287,32.8041,5.643300244999987
2232.662,211,282,32.2326,5.643318151999987
2232.807,211,280,32.004,5.644607201999986
2232.861,211,250,28.575,5.645035826999987
2232.865,211,250,28.575,5.645067576999986
2232.887,211,260,29.718,5.645249186999989
2232.978,211,265,30.2895,5.646014838249988
2233.365,211,276,31.5468,5.649406119249985
2233.461,211,278,31.7754,5.650253463249985
2233.512,211,246,28.1178,5.650651798749989
2233.562,211,280,32.004,5.651096298749986
2233.757,211,265,30.2895,5.652736979999988
2233.858,211,246,28.1178,5.653525840499989
2233.968,211,250,28.575,5.654398965499986
2234.062,211,260,29.718,5.6551749354999865
2234.063,211,250,28.575,5.655182872999988
2234.519,211,241,27.5463,5.658672070999986
2234.561,211,274,31.3182,5.659037449999989
2234.662,211,277,31.6611,5.659925719749986
2234.759,211,241,27.5463,5.660667939499988
2234.807,211,265,30.2895,5.661071799499986
2235.16,211,245,28.0035,5.663817698249987
2235.16,211,260,29.718,5.663817698249987
2235.162,211,250,28.575,5.6638335732499865
2235.164,211,250,28.575,5.66384944824999
2235.461,211,265,30.2895,5.666348331999986
2235.509,211,236,26.9748,5.666707995999988
2235.567,211,271,30.9753,5.667207042499988
2235.747,211,265,30.2895,5.6687215174999865
2235.86,211,236,26.9748,5.6695682264999885
2236.063,211,240,27.432,5.671115086499988
2236.16,211,245,28.0035,5.671869625249986
2236.367,211,264,30.1752,5.673604699249989
2236.46,211,250,28.575,5.674342886749987
2236.46,211,260,29.718,5.674342886749987
2236.472,211,265,30.2895,5.674443851749989
2236.737,211,250,28.575,5.676547289249988
2236.964,211,235,26.8605,5.678240992999987
2237.16,211,240,27.432,5.679734512999986
2237.357,211,245,28.0035,5.681266926749987
2237.467,211,262,29.9466,5.682181961749988
2237.56,211,250,28.575,5.682920149249987
2237.56,211,257,29.3751,5.682920149249987
2237.707,211,250,28.575,5.684086961749986
2238.163,211,240,27.432,5.687561681749987
2238.357,211,250,28.575,5.6891015567499865
2238.36,211,250,28.575,5.689125369249988
2238.46,211,255,29.1465,5.689934994249987
2238.737,211,235,26.8605,5.692001760499988
2238.787,211,245,28.0035,5.692390697999985
2239.359,211,240,27.432,5.696749337999987
2239.466,211,248,28.3464,5.6975918559999865
2239.557,211,250,28.575,5.698314168499985
2239.559,211,245,28.0035,5.698329725999988
2240.16,211,239,27.3177,5.7028902642499855
2240.66,211,243,27.7749,5.706747889249986
2240.76,211,247,28.2321,5.707532114249989
2241.557,211,238,27.2034,5.713554644749985
2241.66,211,242,27.6606,5.714346045249986
2242.659,211,237,27.0891,5.721863270499988
2245.508,211,211,24.1173,5.740949433749986
2245.857,211,211,24.1173,5.743287471999987
2246.519,211,203,23.2029,5.747554227499986
2246.756,211,203,23.2029,5.749081751749986
2247.056,211,210,24.003,5.751082001749987
2247.536,211,207,23.6601,5.754236681749987
2247.762,211,207,23.6601,5.755722010249988
2247.957,211,200,22.86,5.756960260249986
2247.967,211,210,24.003,5.757026935249987
2248.539,211,206,23.5458,5.7607681012499885
2248.854,211,206,23.5458,5.762828358749986
2249.058,211,210,24.003,5.764188528749987
2249.156,211,210,24.003,5.764841943749986
2249.529,211,208,23.7744,5.767305235749987
2249.697,211,200,22.86,5.768372035749988
2249.753,211,208,23.7744,5.768741859749988
2250.058,211,205,23.4315,5.770727028499987
2250.156,211,210,24.003,5.771380443499987
2250.356,211,210,24.003,5.772713943499989
2250.517,211,213,24.3459,5.773802746249986
2250.697,211,200,22.86,5.774945746249988
2250.762,211,213,24.3459,5.775385324999988
2250.956,211,210,24.003,5.7766788199999874
2251.159,211,205,23.4315,5.778000096249987
2251.356,211,210,24.003,5.779313593749988
2251.356,211,200,22.86,5.779313593749988
2251.359,211,210,24.003,5.779333596249986
2251.51,211,211,24.1173,5.780345182999987
2251.755,211,211,24.1173,5.781986499249986
2251.962,211,215,24.5745,5.783399532999986
2252.058,211,210,24.003,5.784039612999986
2252.08,211,205,23.4315,5.784182805499985
2252.359,211,210,24.003,5.786043037999986
2252.556,211,200,22.86,5.787293987999987
2252.556,211,207,23.6601,5.787293987999987
2252.756,211,212,24.2316,5.788640187999985
2252.862,211,210,24.003,5.789346942999987
2253.064,211,215,24.5745,5.790725845499985
2253.355,211,210,24.003,5.792666087999986
2253.361,211,205,23.4315,5.792705140499985
2253.459,211,203,23.2029,5.793336774999984
2253.562,211,205,23.4315,5.794007176249985
2253.687,211,210,24.003,5.794840613749985
2253.955,211,210,24.003,5.796627503749985
2254.161,211,215,24.5745,5.798033711249985
2254.355,211,210,24.003,5.799327206249985
2254.461,211,205,23.4315,5.800017133749983
2254.656,211,208,23.7744,5.801304913749984
2254.753,211,205,23.4315,5.801936262499986
2255.062,211,210,24.003,5.803996519999984
2255.455,211,210,24.003,5.806616847499984
2255.555,211,206,23.5458,5.807270897499984
2255.655,211,207,23.6601,5.807928122499986
2255.747,211,215,24.5745,5.808556137499983
2256.167,211,210,24.003,5.8113564874999835
2256.555,211,211,24.1173,5.813955796499983
2256.659,211,207,23.6601,5.814639310499985
2256.747,211,215,24.5745,5.815240020499983
2257.356,211,210,24.003,5.819300527999986
2257.461,211,213,24.3459,5.820010616749983
2257.555,211,212,24.2316,5.820643330749983
2258.366,211,210,24.003,5.826050673249984
2258.562,211,212,24.2316,5.8273699492499835
2262.509,211,184,21.0312,5.850428323249984
2262.751,211,184,21.0312,5.8518420872499854
2262.868,211,170,19.431,5.852473594749984
2263.508,211,176,20.1168,5.856049914749984
2263.852,211,188,21.4884,5.858103250749984
2263.969,211,170,19.431,5.858734758249986
2264.663,211,166,18.9738,5.862392485249986
2264.85,211,170,19.431,5.863401817749986
2264.959,211,190,21.717,5.8640593602499855
2265.158,211,170,19.431,5.865133462749986
2265.751,211,165,18.8595,5.868240041499988
2265.752,211,165,18.8595,5.868245280249986
2265.878,211,170,19.431,5.868925365249987
2266.054,211,190,21.717,5.869987085249986
2266.717,211,170,19.431,5.8735656277499855
2266.852,211,168,19.2024,5.874285717749984
2267.053,211,170,19.431,5.8753706152499845
2267.054,211,165,18.8595,5.875375853999985
2267.063,211,190,21.717,5.875430146499985
2267.352,211,170,19.431,5.8769900239999835
2267.882,211,165,18.8595,5.879766561499984
2268.151,211,170,19.431,5.881218488999983
2268.457,211,176,20.1168,5.882928416999984
2268.499,211,156,17.8308,5.883136442999983
2268.657,211,170,19.431,5.883989247999985
2268.707,211,190,21.717,5.884290872999983
2268.751,211,156,17.8308,5.884508804999985
2269.051,211,165,18.8595,5.886080429999984
2269.351,211,165,18.8595,5.887652054999985
2269.357,211,186,21.2598,5.887687487999984
2269.505,211,155,17.7165,5.888415832999985
2269.551,211,180,20.573999999999998,5.888678722999984
2269.687,211,169,19.3167,5.889408464999984
2270.151,211,160,18.288,5.891765584999984
2270.152,211,165,18.8595,5.891770823749985
2270.449,211,168,19.2024,5.893355021749985
2270.457,211,180,20.573999999999998,5.893400741749984
2270.647,211,165,18.8595,5.894396104249984
2270.749,211,151,17.2593,5.8948851177499835
2271.151,211,160,18.288,5.896927277749984
2271.451,211,167,19.0881,5.898517952749985
2271.647,211,165,18.8595,5.899544747749984
2271.85,211,150,17.145,5.900511535249984
2271.964,211,155,17.7165,5.901072557749984
2272.35,211,155,17.7165,5.902972160249984
2272.451,211,170,19.431,5.9035173077499845
2272.454,211,165,18.8595,5.9035330239999855
2272.457,211,166,18.9738,5.903548835499984
2272.749,211,142,16.2306,5.904865317499984
2272.96,211,150,17.145,5.905870204999985
2273.055,211,155,17.7165,5.906337723749984
2273.493,211,143,16.3449,5.908326353249985
2273.65,211,167,19.0881,5.909158806499986
2273.658,211,143,16.3449,5.909195128499984
2273.677,211,155,17.7165,5.909288632249986
2273.751,211,167,19.0881,5.9096809987499865
2273.95,211,140,16.002,5.910565553749985
2274.058,211,150,17.145,5.911079903749985
2274.15,211,150,17.145,5.911518053749986
2274.35,211,159,18.1737,5.912527703749985
2274.45,211,155,17.7165,5.913019828749984
2274.548,211,155,17.7165,5.913502111249985
2274.95,211,140,16.002,5.915289001249985
2275.353,211,155,17.7165,5.917272264999986
2275.556,211,155,17.7165,5.918271278749986
2275.65,211,157,17.9451,5.918739845249986
2276.052,211,140,16.002,5.920526735249986
2276.449,211,150,17.145,5.922417447749986
2276.627,211,150,17.145,5.923265172749986
2276.65,211,153,17.4879,5.923376900999986
2277.056,211,145,16.5735,5.9252460234999855
2277.349,211,150,17.145,5.926641435999986
2277.448,211,149,17.0307,5.927109780249985
2278.349,211,140,16.002,5.931114725249986
2278.458,211,146,16.6878,5.931619994749986
2278.649,211,150,17.145,5.932529632249985
2279.448,211,141,16.1163,5.936106555499985
2279.508,210,20,2.286,5.9361446554999855
2279.558,211,144,16.4592,5.936373255499986
2279.677,211,145,16.5735,5.936921101749987
2279.744,210,20,2.286,5.936963646749987
2280.531,52,5,0.5715,5.937088582999987
2280.548,211,142,16.2306,5.937165227499986
2280.737,211,143,16.3449,5.938023334749988
2280.752,52,5,0.5715,5.938025715999988
2280.949,52,5,0.5715,5.938056989749988
2281.531,52,54,6.1722,5.939054828749988
2281.844,52,54,6.1722,5.939591467249988
2282.146,52,5,0.5715,5.939639409749988
2282.531,52,110,12.573,5.940984022249987
2282.607,52,5,0.5715,5.940996087249987
2282.743,52,110,12.573,5.941471067249987
2283.049,52,75,8.5725,5.942199729749987
2283.146,52,5,0.5715,5.942215128499988
2283.346,52,5,0.5715,5.942246878499987
2283.527,52,83,9.4869,5.9427238587499875
2283.757,52,83,9.4869,5.943329966249988
2283.947,52,125,14.2875,5.944084028749988
2284.15,52,75,8.5725,5.944567422499988
2284.346,52,5,0.5715,5.944598537499988
2284.347,52,5,0.5715,5.9445986962499875
2284.534,52,72,8.2296,5.945026178249988
2284.751,52,72,8.2296,5.945522240249987
2284.952,52,65,7.4295,5.945937053999987
2285.049,52,125,14.2875,5.946322022749986
2285.061,52,75,8.5725,5.946350597749986
2285.446,52,5,0.5715,5.946411716499986
2285.447,474,45,5.1434999999999995,5.946413145249986
2285.535,52,85,9.7155,5.946650635249985
2285.546,52,5,0.5715,5.946652381499985
2285.651,52,85,9.7155,5.946935750249985
2285.856,52,75,8.5725,5.947423906499986
2286.054,52,65,7.4295,5.947832528999985
2286.156,52,125,14.2875,5.9482373414999845
2286.346,52,5,0.5715,5.948267503999984
2286.446,52,5,0.5715,5.948283378999984
2286.529,52,118,13.4874,5.948594338499984
2286.627,52,75,8.5725,5.948827700999984
2286.644,316,30,3.429,5.948843893499983
2286.845,52,118,13.4874,5.949596939999983
2286.846,52,90,10.286999999999999,5.9495997974999835
2286.868,52,75,8.5725,5.949652184999984
2287.152,52,65,7.4295,5.950238289999984
2287.449,52,26,2.9718,5.9504834634999835
2287.454,52,75,8.5725,5.950495369749984
2287.531,52,126,14.4018,5.950803408249983
2287.687,52,125,14.2875,5.951422533249983
2287.744,52,5,0.5715,5.951431581999983
2287.845,52,126,14.4018,5.951835632499981
2288.048,52,130,14.859,5.952673514999981
2288.051,52,90,10.286999999999999,5.952682087499982
2288.053,52,75,8.5725,5.952686849999981
2288.349,52,125,14.2875,5.953861599999983
2288.536,52,146,16.6878,5.954728438499982
2288.546,52,90,10.286999999999999,5.954757013499981
2288.646,52,40,4.572,5.954884013499982
2288.647,52,65,7.4295,5.954886077249982
2288.741,52,146,16.6878,5.955321814249982
2289.047,52,90,10.286999999999999,5.956196209249982
2289.145,52,125,14.2875,5.9565851467499815
2289.154,52,75,8.5725,5.956606577999982
2289.345,52,65,7.4295,5.957000754249981
2289.535,52,151,17.2593,5.957911661749982
2289.545,52,107,12.2301,5.957945634249983
2289.587,52,130,14.859,5.958118989249982
2289.649,52,100,11.43,5.958315839249982
2289.747,52,151,17.2593,5.958785675749982
2289.945,52,155,17.7165,5.959760083249984
2290.145,52,125,14.2875,5.960553833249984
2290.345,52,130,14.859,5.961379333249983
2290.347,52,75,8.5725,5.961384095749984
2290.358,52,68,7.7724,5.961407844749984
2290.46,52,95,10.8585,5.961715502249984
2290.533,52,164,18.7452,5.962095613249983
2290.557,52,90,10.286999999999999,5.962164193249983
2290.842,52,164,18.7452,5.9636481882499845
2291.145,52,130,14.859,5.964898820749984
2291.344,52,125,14.2875,5.965688601999984
2291.445,52,79,9.0297,5.965941935249984
2291.532,52,184,21.0312,5.966450189249984
2291.552,52,70,8.001,5.966494639249984
2291.577,52,155,17.7165,5.966617670499984
2291.587,52,90,10.286999999999999,5.966646245499983
2291.743,52,184,21.0312,5.967557597499983
2291.949,52,170,19.431,5.968669482499984
2292.145,52,150,17.145,5.969602932499984
2292.154,52,155,17.7165,5.969647223749984
2292.342,52,130,14.859,5.970423193749984
2292.345,52,102,11.6586,5.9704329092499835
2292.444,52,125,14.2875,5.9708258154999845
2292.445,52,82,9.3726,5.970828418999985
2292.536,52,193,22.0599,5.971386044249984
2292.743,52,193,22.0599,5.972654488499983
2293.143,52,190,21.717,5.975067488499984
2293.344,52,128,14.6304,5.975884352499984
2293.344,52,150,17.145,5.975884352499984
2293.444,52,155,17.7165,5.976376477499983
2293.444,52,125,14.2875,5.976376477499983
2293.446,52,110,12.573,5.9763834624999825
2293.535,52,209,23.8887,5.976974044249983
2293.547,52,170,19.431,5.977038814249983
2293.844,52,209,23.8887,5.9790096319999835
2294.051,52,195,22.2885,5.980291220749983
2294.052,52,190,21.717,5.980297253249984
2294.143,52,170,19.431,5.980788425749983
2294.347,52,150,17.145,5.981759975749984
2294.445,52,155,17.7165,5.982242258249984
2294.535,52,218,24.9174,5.982865193249983
2294.644,52,134,15.3162,5.983328933749982
2294.742,52,218,24.9174,5.984007240749985
2294.744,52,127,14.5161,5.984015305249986
2294.953,52,215,24.5745,5.985441991499984
2295.149,52,195,22.2885,5.986655476499983
2295.343,52,190,21.717,5.987825781499983
2295.345,52,150,17.145,5.987835306499982
2295.443,52,170,19.431,5.988364261499984
2295.538,52,237,27.0891,5.989079112749983
2295.542,52,153,17.4879,5.989098543749982
2295.644,52,140,16.002,5.989551933749982
2295.748,52,237,27.0891,5.990334507749984
2295.862,52,220,25.146,5.991130797749984
2296.049,52,215,24.5745,5.992407306499984
2296.143,52,195,22.2885,5.992989283999984
2296.343,52,190,21.717,5.994195783999983
2296.529,52,252,28.8036,5.995683969999984
2296.543,52,170,19.431,5.995759534999984
2296.644,52,156,17.8308,5.996259787999983
2296.741,52,152,17.3736,5.996727909999984
2296.742,52,252,28.8036,5.996735910999985
2296.849,52,245,28.0035,5.997568237249984
2297.051,52,220,25.146,5.998979207249983
2297.346,52,195,22.2885,6.000805625999983
2297.542,52,176,20.1168,6.001900873999983
2297.545,52,190,21.717,6.001918971499983
2297.557,52,215,24.5745,6.002000886499982
2297.644,52,160,18.288,6.0024428464999815
2297.739,52,262,29.9466,6.0032331039999836
2297.84,52,255,29.1465,6.004050825249984
2297.953,52,245,28.0035,6.004929823999983
2298.148,52,220,25.146,6.006291898999984
2298.531,52,307,35.0901,6.010025095749982
2298.643,52,191,21.8313,6.010704291749982
2298.647,52,215,24.5745,6.010731596749982
2298.687,52,195,22.2885,6.010979246749981
2298.743,52,180,20.573999999999998,6.011299286749981
2298.842,52,307,35.0901,6.012264264499983
2298.869,52,255,29.1465,6.012482863249983
2298.87,52,265,30.2895,6.012491276999981
2299.05,52,245,28.0035,6.013891451999983
2299.443,52,215,24.5745,6.016574168249983
2299.513,52,349,39.8907,6.01734982074998
2299.542,52,192,21.9456,6.01752660474998
2299.548,52,201,22.9743,6.017564895249979
2299.617,52,220,25.146,6.018046860249982
2300.044,52,255,29.1465,6.02150395899998
2300.048,52,265,30.2895,6.021537613999979
2300.142,52,325,37.1475,6.022507576499979
2300.142,52,245,28.0035,6.022507576499979
2300.342,52,220,25.146,6.023904576499981
2300.542,52,216,24.6888,6.02527617649998
2300.648,52,205,23.4315,6.0259661039999814
2301.145,52,325,37.1475,6.03109452274998
2301.448,52,227,25.9461,6.033278319499979
2301.548,52,217,24.8031,6.033967294499978
2301.557,52,265,30.2895,6.034043018249978
2301.557,52,255,29.1465,6.034043018249978
2301.677,52,245,28.0035,6.0349764682499805
2302.341,52,325,37.1475,6.041828118249978
2302.342,52,265,30.2895,6.041836531999979
2302.348,52,248,28.3464,6.041883775999978
2302.548,52,232,26.517599999999998,6.043356975999977
2302.557,52,255,29.1465,6.043429842249977
2302.839,52,283,32.3469,6.045963682749979
2303.344,52,325,37.1475,6.05117465149998
2303.489,52,283,32.3469,6.05247751274998
2303.541,52,265,30.2895,6.0529150277499815
2303.542,52,250,28.575,6.052922965249979
2303.743,52,283,32.3469,6.05472900049998
2303.845,52,281,32.1183,6.055639018999979
2304.338,52,325,37.1475,6.060726162749983
2304.743,52,281,32.1183,6.064339471499981
2304.941,52,280,32.004,6.066099691499979
2305.463,52,262,29.9466,6.070441948499982
2305.497,52,276,31.5468,6.070739890499979
2305.539,52,295,33.7185,6.071133272999982
2305.641,52,335,38.2905,6.072218170499981
2305.743,52,276,31.5468,6.073111996499979
2305.949,52,280,32.004,6.07494333649998
2305.95,52,280,32.004,6.074952226499978
2306.042,52,285,32.5755,6.075784711499979
2306.846,52,275,31.4325,6.082804636499979
2307.048,52,280,32.004,6.084600416499978
2307.34,52,280,32.004,6.087196296499981
2307.496,52,260,29.718,6.08848407649998
2307.617,52,285,32.5755,6.089578975249981
2307.858,52,260,29.718,6.09156843024998
2307.94,52,275,31.4325,6.0922843927499795
2308.14,52,280,32.004,6.0940623927499775
2308.339,52,285,32.5755,6.095863093999978
2308.44,52,280,32.004,6.096760983999979
2308.497,52,256,29.2608,6.097224279999978
2308.838,52,256,29.2608,6.099995927999981
2308.94,52,260,29.718,6.100837937999979
2308.951,52,260,29.718,6.1009287429999794
2309.041,52,275,31.4325,6.1017145554999805
2309.339,52,280,32.004,6.104363775499978
2309.44,52,281,32.1183,6.105264872249979
2309.443,52,285,32.5755,6.105292018499981
2309.502,52,248,28.3464,6.105756584499979
2309.736,52,248,28.3464,6.107599100499978
2310.041,52,255,29.1465,6.11006845674998
2310.05,52,260,29.718,6.11014275174998
2310.139,52,260,29.718,6.11087744674998
2310.494,52,241,27.5463,6.11359381799998
2310.527,52,275,31.4325,6.113881949249978
2310.541,52,283,32.3469,6.11400774274998
2310.638,52,282,32.2326,6.114876232249977
2310.839,52,241,27.5463,6.116414233999977
2310.858,52,255,29.1465,6.116568062749979
2311.037,52,245,28.0035,6.117960458999977
2311.038,52,260,29.718,6.1179687139999785
2311.145,52,260,29.718,6.118851998999978
2311.339,52,275,31.4325,6.120545861499978
2311.492,52,240,27.432,6.12171172149998
2311.537,52,282,32.2326,6.122114628999976
2311.539,52,278,31.7754,6.12213228199998
2311.839,52,240,27.432,6.124418281999978
2312.04,52,240,27.432,6.125949901999978
2312.047,52,245,28.0035,6.126004353249979
2312.047,52,255,29.1465,6.126004353249979
2312.345,52,272,31.0896,6.128577881249977
2312.497,52,268,30.6324,6.129871249249978
2312.617,52,260,29.718,6.130861849249981
2312.737,52,268,30.6324,6.13188292924998
2312.942,52,240,27.432,6.133445029249979
2313.037,52,240,27.432,6.134168929249978
2313.338,52,245,28.0035,6.136510332999981
2313.344,52,260,29.718,6.13655986299998
2313.49,52,238,27.2034,6.137663111999978
2313.539,52,267,30.5181,6.138078497249982
2313.557,52,260,29.718,6.1382270872499785
2313.838,52,238,27.2034,6.140350463749981
2313.938,52,280,32.004,6.14123946374998
2314.039,52,240,27.432,6.142009083749981
2314.338,52,245,28.0035,6.144334929999981
2314.442,52,258,29.4894,6.145186845999979
2314.444,52,260,29.718,6.145203355999979
2314.487,52,240,27.432,6.14553101599998
2314.493,52,227,25.9461,6.145574259499979
2314.538,52,255,29.1465,6.14593859074998
2314.835,52,227,25.9461,6.14807914399998
2314.938,52,226,25.8318,6.14881822049998
2315.041,52,280,32.004,6.149733890499981
2315.135,52,240,27.432,6.150450170499981
2315.136,52,240,27.432,6.1504577904999795
2315.52,52,223,25.4889,6.153176606499979
2315.538,52,245,28.0035,6.15331662399998
2315.541,52,252,28.8036,6.153340626999981
2315.737,52,223,25.4889,6.15472835599998
2316.037,52,220,25.146,6.156823855999979
2316.043,52,230,26.289,6.156867670999981
2316.337,52,280,32.004,6.15948133099998
2316.516,52,227,25.9461,6.160771428749981
2316.567,52,240,27.432,6.161160048749981
2316.567,52,240,27.432,6.161160048749981
2316.736,52,250,28.575,6.16250148624998
2316.741,52,227,25.9461,6.1625375224999805
2316.937,52,230,26.289,6.16396881249998
2316.943,52,220,25.146,6.164010722499982
2317.039,52,220,25.146,6.1646812824999815
2317.338,52,280,32.004,6.167339392499981
2317.518,52,230,26.289,6.16865384249998
2317.537,52,240,27.432,6.1687986224999785
2317.538,52,242,27.6606,6.16880630599998
2317.54,52,240,27.432,6.16882154599998
2317.736,52,230,26.289,6.170252835999979
2317.937,52,230,26.289,6.17172063849998
2318.049,52,220,25.146,6.17250295849998
2318.137,52,220,25.146,6.173117638499982
2318.343,52,280,32.004,6.174948978499979
2318.516,52,237,27.0891,6.176250760249981
2318.537,52,230,26.289,6.176404112749979
2318.539,52,252,28.8036,6.176420114749982
2318.637,52,240,27.432,6.1771668747499815
2318.642,52,237,27.0891,6.177204498499979
2318.846,52,230,26.289,6.17869420849998
2319.045,52,230,26.289,6.180147405999981
2319.146,52,220,25.146,6.180852890999982
2319.437,52,220,25.146,6.18288552599998
2319.513,52,247,28.2321,6.18348153699998
2319.557,52,230,26.289,6.1838028469999795
2319.635,52,262,29.9466,6.1844516899999835
2319.735,52,260,29.718,6.185277189999983
2319.739,52,247,28.2321,6.185308558999982
2319.837,52,240,27.432,6.186055318999982
2319.936,52,230,26.289,6.186778266499982
2320.142,52,230,26.289,6.18828258149998
2320.336,52,220,25.146,6.1896376714999795
2320.437,52,222,25.3746,6.19034956999998
2320.445,52,230,26.289,6.190407989999982
2320.518,52,250,28.575,6.190987427499981
2320.539,52,250,28.575,6.191154114999982
2320.833,52,250,28.575,6.193487739999981
2321.038,52,230,26.289,6.19498475249998
2321.042,52,240,27.432,6.19501523249998
2321.135,52,250,28.575,6.195753419999982
2321.141,52,230,26.289,6.195797234999981
2321.497,52,220,25.146,6.198283894999979
2321.521,52,264,30.1752,6.198485062999982
2321.541,52,227,25.9461,6.198629207999982
2321.637,52,225,25.7175,6.199315007999982
2321.732,52,264,30.1752,6.200111297999981
2321.943,52,250,28.575,6.201786110499983
2322.137,52,240,27.432,6.2032643904999825
2322.139,52,250,28.575,6.203280265499982
2322.148,52,230,26.289,6.203345987999983
2322.336,52,230,26.289,6.20471885799998
2322.513,52,270,30.861,6.206236190499982
2322.536,52,223,25.4889,6.206399036249983
2322.637,52,225,25.7175,6.2071205549999835
2322.735,52,270,30.861,6.2079606599999835
2322.933,52,270,30.861,6.209658014999983
2323.133,52,250,28.575,6.211245514999981
2323.136,52,240,27.432,6.211268374999983
2323.335,52,250,28.575,6.212847937499983
2323.351,52,230,26.289,6.212964777499984
2323.517,52,284,32.4612,6.214461599499981
2323.617,52,230,26.289,6.215191849499984
2323.636,52,225,25.7175,6.215327580749983
2323.735,52,284,32.4612,6.216220263749984
2324.038,52,270,30.861,6.218817731249984
2324.047,52,250,28.575,6.218889168749984
2324.135,52,270,30.861,6.2196435487499855
2324.335,52,250,28.575,6.221231048749984
2324.436,52,233,26.631899999999998,6.221978221499985
2324.467,52,240,27.432,6.222214441499984
2324.522,52,353,40.3479,6.222830867749982
2324.542,52,230,26.289,6.222976917749982
2324.74,52,353,40.3479,6.225196052249981
2325.037,52,290,33.147,6.227930679749981
2325.136,52,270,30.861,6.228779357249983
2325.335,52,270,30.861,6.230485284749983
2325.445,52,235,26.8605,6.231306022249984
2325.522,52,348,39.7764,6.232156795249981
2325.547,52,250,28.575,6.232355232749982
2325.707,52,243,27.7749,6.233589672749981
2325.834,52,348,39.7764,6.234992895749981
2325.935,52,380,43.434,6.236211460749982
2326.132,52,290,33.147,6.238025338249983
2326.135,52,270,30.861,6.238051055749985
2326.434,52,250,28.575,6.240424368249984
2326.436,52,245,28.0035,6.240439925749984
2326.438,52,250,28.575,6.2404558007499835
2326.942,52,335,38.2905,6.245816470749983
2327.043,52,380,43.434,6.247035035749984
2327.332,52,290,33.147,6.249696003249982
2327.332,52,270,30.861,6.249696003249982
2327.534,52,270,30.861,6.251427648249984
2327.538,52,256,29.2608,6.251460160249983
2327.636,52,250,28.575,6.252238035249983
2328.132,52,380,43.434,6.258222275249984
2328.14,52,335,38.2905,6.258307365249982
2328.535,52,270,30.861,6.261693502749981
2328.537,52,290,33.147,6.261711917749981
2328.607,52,270,30.861,6.262311992749982
2328.732,52,260,29.718,6.263343867749982
2329.434,52,380,43.434,6.271813497749985
2329.438,52,276,31.5468,6.2718485497499845
2329.534,52,290,33.147,6.272732469749984
2329.534,52,270,30.861,6.272732469749984
2329.557,52,335,38.2905,6.272977103499981
2330.137,52,335,38.2905,6.279146128499985
2330.433,52,380,43.434,6.282717368499982
2330.535,52,317,36.2331,6.283743972999981
2330.734,52,280,32.004,6.285513082999982
2331.631,52,335,38.2905,6.295053799249981
2331.634,52,366,41.8338,6.2950886607499825
2332.439,52,344,39.3192,6.303880870749981
2332.533,52,357,40.8051,6.304946337249982
2345.487,52,307,35.0901,6.431212213749983
2345.732,52,307,35.0901,6.4336002899999825
2346.507,52,279,31.8897,6.440465433749983
2346.734,52,279,31.8897,6.442476256499982
2346.839,52,330,37.719,6.443576393999982
2347.512,52,252,28.8036,6.448961066999984
2347.826,52,252,28.8036,6.451473380999983
2348.03,52,255,29.1465,6.4531250159999844
2348.031,52,253,28.9179,6.453133048749982
2348.417,52,330,37.719,6.457177363749982
2348.512,52,265,30.2895,6.457976669999984
2348.724,52,265,30.2895,6.459760384999984
2349.03,52,255,29.1465,6.462237837499984
2349.031,52,245,28.0035,6.462245616249982
2349.328,52,255,29.1465,6.464650202499982
2349.417,52,330,37.719,6.465582699999981
2349.511,52,270,30.861,6.466388514999982
2349.732,52,270,30.861,6.468283037499981
2349.928,52,270,30.861,6.46996324749998
2350.126,52,245,28.0035,6.471503439999983
2350.131,52,255,29.1465,6.471543921249981
2350.328,52,330,37.719,6.473607988749982
2350.328,52,255,29.1465,6.473607988749982
2350.508,52,284,32.4612,6.47523104874998
2350.733,52,284,32.4612,6.477259873749984
2350.934,52,270,30.861,6.4789829462499835
2351.038,52,270,30.861,6.479874486249982
2351.04,52,255,29.1465,6.479890678749982
2351.425,52,330,37.719,6.483924516249984
2351.427,52,245,28.0035,6.4839400737499835
2351.428,52,270,30.861,6.483948646249981
2351.51,52,290,33.147,6.484703661249984
2351.583,52,290,33.147,6.485375808749983
2351.837,52,290,33.147,6.487714513749982
2352.036,52,270,30.861,6.489420441249982
2352.327,52,245,28.0035,6.491684057499984
2352.34,52,313,35.7759,6.491813248249983
2352.427,52,270,30.861,6.492559055749982
2352.503,52,405,46.2915,6.493536320749983
2352.547,52,255,29.1465,6.493892555749982
2352.827,52,405,46.2915,6.497493005749984
2352.833,52,290,33.147,6.497548250749983
2352.854,52,290,33.147,6.497741608249981
2353.127,52,270,30.861,6.500081900749982
2353.327,52,270,30.861,6.501796400749984
2353.435,52,255,29.1465,6.502670795749982
2353.509,52,399,45.6057,6.503608246249983
2353.528,52,296,33.8328,6.503786808249981
2353.628,52,248,28.3464,6.504574208249983
2353.826,52,399,45.6057,6.5070825217499815
2353.93,52,455,52.0065,6.508584931749978
2354.033,52,290,33.147,6.509533304249979
2354.034,52,290,33.147,6.509542511749981
2354.333,52,270,30.861,6.512105689249981
2354.467,52,270,30.861,6.513254404249981
2354.494,52,371,42.4053,6.513572443999982
2354.527,52,259,29.6037,6.513843811249981
2354.628,52,250,28.575,6.5146454987499816
2355.029,52,290,33.147,6.51833770624998
2355.126,52,375,42.8625,6.519492612499983
2355.132,52,290,33.147,6.5195478574999814
2355.327,52,270,30.861,6.521219494999983
2355.397,52,455,52.0065,6.522230732499978
2355.527,52,270,30.861,6.523345157499979
2355.63,52,262,29.9466,6.52420196299998
2355.841,52,370,42.291,6.5266806854999775
2356.028,52,375,42.8625,6.528907154249977
2356.326,52,455,52.0065,6.53321213674998
2356.326,52,290,33.147,6.53321213674998
2356.341,52,276,31.5468,6.533343581749979
2356.377,52,290,33.147,6.53367505174998
2356.527,52,270,30.861,6.534960926749981
2357.123,52,375,42.8625,6.542057051749981
2357.127,52,455,52.0065,6.542114836749979
2357.146,52,290,33.147,6.542289779249981
2357.387,52,370,42.291,6.5451209267499815
2357.533,52,280,32.004,6.546418866749979
2358.323,52,455,52.0065,6.557831404249979
2358.324,52,339,38.7477,6.557842167499981
2358.423,52,375,42.8625,6.559020886249978
2358.432,52,290,33.147,6.5591037537499775
2358.481,52,312,35.6616,6.559589147749982
2359.426,52,431,49.2633,6.572520763999978
2359.427,52,372,42.5196,6.57253257499998
2359.429,52,375,42.8625,6.572556387499979
2359.724,52,303,34.6329,6.57539436124998
2360.525,52,415,47.4345,6.58594853749998
2360.526,52,373,42.6339,6.585960380249976
2360.724,52,307,35.0901,6.58789033574998
2360.925,52,301,34.4043,6.58981124249998
2361.484,52,303,34.6329,6.595188962249978
2361.625,52,372,42.5196,6.596854313249978
2361.849,52,310,35.433,6.59905903324998
2362.027,52,300,34.29,6.600754483249979
2362.325,52,315,36.0045,6.603734855749977
2362.485,52,303,34.6329,6.60527409574998
2362.926,52,300,34.29,6.609474620749978
2363.026,52,300,34.29,6.610427120749978
2363.027,52,310,35.433,6.610436963249979
2363.522,52,315,36.0045,6.615387581999978
2363.723,52,301,34.4043,6.617308488749979
2363.934,52,300,34.29,6.619318263749981
2364.13,52,310,35.433,6.62124739374998
2364.321,52,310,35.433,6.623127311249978
2364.481,52,296,33.8328,6.624630991249981
2364.823,52,296,33.8328,6.6278451072499776
2364.824,52,300,34.29,6.62785463224998
2364.842,52,305,34.8615,6.62802893974998
2365.324,52,300,34.29,6.63261998974998
2365.367,52,310,35.433,6.633043217249981
2365.479,52,298,34.0614,6.634102905249978
2365.53,52,307,35.0901,6.6346000149999815
2365.936,52,305,34.8615,6.638531617499981
2366.124,52,300,34.29,6.640322317499978
2366.329,52,310,35.433,6.642340029999981
2366.337,52,300,34.29,6.642416229999979
2366.424,52,302,34.5186,6.643250429499979
2366.625,52,305,34.8615,6.645196863249979
2366.823,52,293,33.4899,6.647038807749978
2367.035,52,305,34.8615,6.649091762749978
2367.322,52,300,34.29,6.651825437749981
2367.423,52,307,35.0901,6.652809909999977
2367.53,52,305,34.8615,6.653846071249982
2368.022,52,300,34.29,6.658532371249979
2368.326,52,300,34.29,6.66142797124998
2368.367,52,305,34.8615,6.661825004999981
2369.025,52,290,33.147,6.6678835399999805
2369.422,52,295,33.7185,6.67160194124998
2370.332,52,302,34.5186,6.680327476249978
2370.822,52,442,50.5206,6.687203891249982
2371.024,52,295,33.7185,6.689095873749979
2371.422,52,300,34.29,6.692886823749981
2371.424,52,301,34.4043,6.69290593724998
2371.482,52,396,45.2628,6.69363517124998
2371.522,52,297,33.9471,6.69401236124998
2371.724,52,396,45.2628,6.696552107249983
2371.93,52,505,57.7215,6.699855059749978
2372.024,52,295,33.7185,6.700735487249978
2372.483,52,338,38.6334,6.705661245749981
2372.522,52,298,34.0614,6.7060302442499795
2372.623,52,297,33.9471,6.706982648999981
2372.634,52,338,38.6334,6.707100695499981
2372.921,52,350,40.005,6.710289982999979
2373.121,52,505,57.7215,6.7134967329999835
2373.427,52,295,33.7185,6.716362805499984
2373.49,52,360,41.147999999999996,6.71708289549998
2373.621,52,360,41.147999999999996,6.718580225499984
2373.839,52,332,37.9476,6.720878163499982
2374.024,52,350,40.005,6.7229339759999815
2374.121,52,505,57.7215,6.724489249749985
2374.327,52,295,33.7185,6.726418697249986
2374.494,52,352,40.2336,6.728285089249986
2374.818,52,352,40.2336,6.731906113249987
2374.821,52,375,42.8625,6.7319418319999835
2374.933,52,330,37.719,6.733115311999985
2375.032,52,350,40.005,6.734215449499986
2375.321,52,505,57.7215,6.738849203249982
2375.425,52,295,33.7185,6.739823293249985
2376.033,52,330,37.719,6.746193613249981
2376.12,52,340,38.862,6.7471327782499815
2376.121,52,380,43.434,6.747144843249984
2376.321,52,505,57.7215,6.750351593249981
2376.367,52,350,40.005,6.750862768249984
2376.479,52,324,37.0332,6.75201491224998
2376.529,52,358,40.9194,6.752583237249983
2376.82,52,324,37.0332,6.755576754249985
2376.92,52,340,38.862,6.756656254249984
2377.022,52,380,43.434,6.757886884249983
2377.326,52,350,40.005,6.761265084249984
2377.347,52,330,37.719,6.761485111749986
2377.429,52,400,45.72,6.762526511749984
2377.475,52,311,35.5473,6.762980727249982
2377.52,52,458,52.3494,6.763635094749983
2378.022,52,315,36.0045,6.768655722249982
2378.025,52,340,38.862,6.768688107249984
2378.042,52,380,43.434,6.768893212249982
2378.347,52,330,37.719,6.772088849749985
2378.426,52,346,39.5478,6.7729567042499825
2378.478,52,310,35.433,6.773468514249984
2378.622,52,427,48.8061,6.7754207582499815
2378.819,52,310,35.433,6.777359730749983
2379.018,52,310,35.433,6.779318388249983
2379.326,52,340,38.862,6.782643248249983
2379.337,52,345,39.4335,6.782763739499983
2379.337,52,340,38.862,6.782763739499983
2379.526,52,342,39.0906,6.784815995999981
2379.722,52,304,34.7472,6.786707787999985
2379.829,52,310,35.433,6.787760935499985
2380.32,52,368,42.0624,6.793497779499984
2380.419,52,345,39.4335,6.794582200749981
2380.473,52,303,34.6329,6.795101694249982
2381.021,52,301,34.4043,6.800338793249984
2381.119,52,310,35.433,6.801303358249983
2381.327,52,315,36.0045,6.803383618249984
2381.419,52,345,39.4335,6.80439136324998
2381.52,52,341,38.9763,6.805484864999982
2381.819,52,301,34.4043,6.808342333249982
2382.025,52,304,34.7472,6.810330645249983
2382.119,52,300,34.29,6.811225995249983
2382.121,52,310,35.433,6.811245680249983
2382.42,52,315,36.0045,6.8142360539999824
2382.828,52,300,34.29,6.818122253999982
2382.926,52,305,34.8615,6.819071261499981
2383.316,52,310,35.433,6.82290983649998
2383.419,52,310,35.433,6.82392361399998
2383.424,52,313,35.7759,6.823973302749981
2384.107,52,300,34.29,6.830478877749981
2384.322,52,310,35.433,6.832595015249983
2384.516,52,310,35.433,6.834504460249983
2384.619,52,312,35.6616,6.835524778249984
2385.318,52,309,35.3187,6.8423824924999845
2385.324,52,305,34.8615,6.842440594999983
2385.518,52,300,34.29,6.844288444999983
2385.522,52,310,35.433,6.844327814999982
2386.418,52,305,34.8615,6.853004454999984
2386.618,52,306,34.9758,6.854947554999982
2387.524,52,303,34.6329,6.863663501499982
2387.618,52,302,34.5186,6.864564820499982
2397.471,52,320,36.576,6.964671300499983
2398.487,52,296,33.8328,6.974219668499984
2398.811,52,296,33.8328,6.977264620499985
2399.016,52,335,38.2905,6.979445051749984
2399.02,52,285,32.5755,6.979481246749983
2399.494,52,280,32.004,6.983695106749984
2400.016,52,280,32.004,6.988335686749983
2400.117,52,335,38.2905,6.9894099479999845
2400.313,52,285,32.5755,6.991183502999983
2400.492,52,280,32.004,6.9927748129999845
2400.818,52,280,32.004,6.995672952999985
2400.918,52,280,32.004,6.996561952999984
2401.311,52,335,38.2905,7.000741999249984
2401.498,52,286,32.6898,7.002440052749983
2401.607,52,280,32.004,7.0034090627499825
2401.811,52,286,32.6898,7.005261484749984
2402.015,52,280,32.004,7.007075044749982
2402.019,52,280,32.004,7.007110604749981
2402.021,52,280,32.004,7.007128384749985
2402.311,52,335,38.2905,7.010212897249984
2402.496,52,287,32.8041,7.011898663499983
2402.511,52,285,32.5755,7.012034394749982
2402.712,52,287,32.8041,7.013865956999982
2403.019,52,289,33.0327,7.016682912249981
2403.312,52,280,32.004,7.019287682249982
2403.313,52,335,38.2905,7.019298318499985
2403.41,52,280,32.004,7.020160648499982
2403.496,52,341,38.9763,7.021091748999985
2403.497,52,300,34.29,7.0211012739999825
2403.813,52,341,38.9763,7.024522526999985
2404.012,52,290,33.147,7.026354819499986
2404.015,52,285,32.5755,7.026381965749983
2404.113,52,280,32.004,7.0272531857499825
2404.417,52,318,36.3474,7.030322521749984
2404.503,52,351,40.1193,7.031280927249986
2404.511,52,310,35.433,7.031359667249984
2404.717,52,351,40.1193,7.033655382749986
2404.922,52,365,41.7195,7.036031076499985
2405.018,52,285,32.5755,7.036899756499985
2405.112,52,290,33.147,7.0377652614999855
2405.41,52,280,32.004,7.040414481499983
2405.505,52,359,41.033699999999996,7.041497315249986
2405.517,52,307,35.0901,7.041614282249983
2405.617,52,280,32.004,7.042503282249987
2405.717,52,359,41.033699999999996,7.043643107249986
2405.918,52,345,39.4335,7.045844810999986
2406.112,52,365,41.7195,7.048093028499985
2406.314,52,280,32.004,7.049888808499984
2406.317,52,290,33.147,7.049916430999985
2406.504,52,380,43.434,7.052172585999983
2406.51,52,280,32.004,7.052225925999986
2406.715,52,380,43.434,7.0546992509999855
2406.807,52,285,32.5755,7.055531735999982
2406.818,52,365,41.7195,7.055659212249987
2406.915,52,345,39.4335,7.056721725999984
2407.313,52,290,33.147,7.060386310999985
2407.317,52,285,32.5755,7.060422505999984
2407.418,52,282,32.2326,7.0613268094999855
2407.498,52,372,42.5196,7.062271689499984
2407.512,52,280,32.004,7.062396149499985
2407.707,52,365,41.7195,7.064655955749982
2407.809,52,372,42.5196,7.065860677749986
2407.913,52,385,44.0055,7.067131947749983
2407.923,52,365,41.7195,7.06724783524998
2408.023,52,345,39.4335,7.068343210249984
2408.412,52,285,32.5755,7.071863173999981
2408.494,52,360,41.147999999999996,7.072800433999985
2408.512,52,289,33.0327,7.072965597499985
2408.612,52,284,32.4612,7.0738672974999846
2408.707,52,365,41.7195,7.074968228749983
2408.809,52,360,41.147999999999996,7.076134088749987
2408.836,52,390,44.577,7.076468416249981
2409.025,52,365,41.7195,7.078658689999985
2409.111,52,363,41.490899999999996,7.079649861499982
2409.313,52,365,41.7195,7.081990788999985
2409.327,52,345,39.4335,7.082144141499986
2409.483,52,363,41.490899999999996,7.083942080499986
2409.512,52,309,35.3187,7.084226592249986
2409.513,52,288,32.9184,7.084235736249984
2409.711,52,363,41.490899999999996,7.0865177357499824
2409.908,52,360,41.147999999999996,7.088769445749984
2410.01,52,360,41.147999999999996,7.089935305749988
2410.01,52,390,44.577,7.089935305749988
2410.12,52,365,41.7195,7.091210068249984
2410.311,52,345,39.4335,7.093302234499986
2410.419,52,359,41.033699999999996,7.094533245499983
2410.509,52,325,37.1475,7.095461932999985
2411.012,52,365,41.7195,7.101291074249987
2411.018,52,360,41.147999999999996,7.101359654249985
2411.019,52,360,41.147999999999996,7.101371084249982
2411.111,52,390,44.577,7.102510274249983
2411.337,52,365,41.7195,7.105129331749985
2411.417,52,351,40.1193,7.106020871749984
2411.614,52,355,40.5765,7.108241307999985
2412.311,52,370,42.291,7.116429315499986
2412.507,52,365,41.7195,7.1187007104999855
2412.507,52,360,41.147999999999996,7.1187007104999855
2412.511,52,355,40.5765,7.118745795499985
2412.707,52,390,44.577,7.121172765499984
2412.907,52,360,41.147999999999996,7.123458765499987
2413.313,52,360,41.147999999999996,7.128099345499987
2413.408,52,360,41.147999999999996,7.129185195499984
2413.414,52,387,44.2341,7.129258918999987
2413.425,52,375,42.8625,7.129389887749987
2413.507,52,365,41.7195,7.130340165249986
2414.507,52,360,41.147999999999996,7.141770165249985
2414.513,52,360,41.147999999999996,7.141838745249983
2415.507,52,361,41.262299999999996,7.153231724749985
2415.709,52,360,41.147999999999996,7.155540584749983
2416.51,52,362,41.376599999999996,7.1647468782499875
2429.464,52,250,28.575,7.267569253249985
2429.616,52,250,28.575,7.268775753249986
2430.704,52,250,28.575,7.277411753249988
2430.805,52,289,33.0327,7.278338503999985
2431.489,52,266,30.4038,7.284115225999987
2431.804,52,266,30.4038,7.286775558499987
2431.903,52,250,28.575,7.287561370999985
2431.915,52,308,35.2044,7.287678718999986
2432.486,52,255,29.1465,7.292301677749985
2432.802,52,255,29.1465,7.294860092749987
2432.837,52,250,28.575,7.295137905249986
2433.003,52,245,28.0035,7.296429177749987
2433.102,52,315,36.0045,7.297419301499984
2433.49,52,281,32.1183,7.300880940499983
2433.706,52,281,32.1183,7.302808038499986
2433.82,52,260,29.718,7.303749108499987
2434.004,52,250,28.575,7.305209608499984
2434.109,52,245,28.0035,7.306026377249984
2434.484,52,266,30.4038,7.3091934397499845
2434.801,52,266,30.4038,7.311870663249985
2435.006,52,290,33.147,7.313758200749984
2435.01,52,260,29.718,7.313791220749986
2435.012,52,245,28.0035,7.313806778249986
2435.105,52,250,28.575,7.314544965749985
2435.147,52,315,36.0045,7.314965018249984
2435.204,52,315,36.0045,7.315535089499986
2435.474,52,268,30.6324,7.317832519499985
2435.502,52,250,28.575,7.318054769499984
2435.706,52,268,30.6324,7.3197906054999855
2435.904,52,254,29.0322,7.321387376499985
2436.006,52,290,33.147,7.322326541499983
2436.201,52,260,29.718,7.3239362664999845
2436.204,52,256,29.2608,7.323960650499986
2436.402,52,250,28.575,7.3255322754999845
2437.147,52,315,36.0045,7.332983206749984
2437.187,52,245,28.0035,7.333294356749984
2437.2,52,290,33.147,7.333414054249983
2437.203,52,250,28.575,7.333437866749984
2437.406,52,245,28.0035,7.335016952999983
2438.011,52,250,28.575,7.3398191404999835
2438.147,52,260,29.718,7.3409418204999835
2438.401,52,290,33.147,7.343280525499982
2438.404,52,289,33.0327,7.343308052749983
2438.501,52,260,29.718,7.3441087877499855
2438.505,52,249,28.4607,7.344140410749985
2438.607,52,280,32.004,7.345047190749983
2439.207,52,250,28.575,7.349809690749982
2439.309,52,290,33.147,7.350748855749985
2439.407,52,269,30.7467,7.351585849249984
2439.703,52,252,28.8036,7.353954145249983
2440.406,52,282,32.2326,7.360248455749982
2440.504,52,275,31.4325,7.3611041182499815
2441.509,52,274,31.3182,7.369847115749982
2442.703,52,262,29.9466,7.379779404749982
2458.456,147,40,4.572,7.399785714749982
2458.797,147,40,4.572,7.400218784749982
2459.467,211,470,53.721,7.410216859749983
2459.796,211,470,53.721,7.415126362249979
2459.897,195,25,2.8575,7.4152065309999795
2460.483,211,413,47.2059,7.422890602499983
2460.701,211,413,47.2059,7.425749181999981
2460.82,211,695,79.4385,7.428375065749984
2461.005,211,20,2.286,7.428492540749984
2461.477,211,246,28.1178,7.432179096749982
2461.695,211,246,28.1178,7.433881785749985
2461.896,211,260,29.718,7.4355410407499845
2461.999,211,770,88.011,7.438059133249975
2462.102,211,20,2.286,7.4381245382499745
2462.793,211,282,32.2326,7.444311406749977
2462.796,211,240,27.432,7.444334266749975
2462.908,211,260,29.718,7.445258826749975
2463.102,211,770,88.011,7.450001641749974
2463.204,211,20,2.286,7.450066411749974
2463.481,211,216,24.6888,7.451966077749974
2463.795,211,216,24.6888,7.454119489749973
2463.796,211,300,34.29,7.454129014749971
2463.821,211,240,27.432,7.4543195147499715
2464.003,211,260,29.718,7.455821924749974
2464.201,211,770,88.011,7.46066252974997
2464.398,211,20,2.286,7.460787624749971
2464.485,211,130,14.859,7.461146717249971
2464.793,211,130,14.859,7.462417987249971
2464.917,211,240,27.432,7.46336286724997
2464.997,211,174,19.8882,7.4638048272499695
2465.001,211,300,34.29,7.463842927249973
2465.098,211,260,29.718,7.464643662249971
2465.478,211,113,12.9159,7.466007007249972
2465.495,211,170,19.431,7.466098764749971
2465.604,115,50,5.715,7.46627180224997
2465.697,211,113,12.9159,7.466605462999971
2465.997,211,115,13.1445,7.4677008379999705
2466.095,211,160,18.288,7.46819867799997
2466.147,211,770,88.011,7.469469947999974
2466.195,211,300,34.29,7.469927147999976
2466.195,211,240,27.432,7.469927147999976
2466.204,211,260,29.718,7.470001442999976
2466.396,211,617,70.5231,7.473762674999977
2466.48,211,129,14.7447,7.474106717999976
2466.501,211,320,36.576,7.474320077999978
2466.997,211,114,13.0302,7.476115349999977
2467.092,211,110,12.573,7.476447137499978
2467.114,211,240,27.432,7.476614777499978
2467.395,211,300,34.29,7.479291302499977
2467.395,211,254,29.0322,7.479291302499977
2467.405,211,515,58.8645,7.479454814999981
2467.478,211,145,16.5735,7.479790888749981
2467.792,211,145,16.5735,7.48123646624998
2467.996,211,135,15.4305,7.482110861249981
2468.003,211,115,13.1445,7.482136419999981
2468.067,211,160,18.288,7.4824615399999805
2468.092,211,110,12.573,7.482548852499981
2468.407,211,250,28.575,7.485049164999982
2468.479,211,150,17.145,7.4853920649999806
2468.492,211,300,34.29,7.485515889999984
2468.693,211,150,17.145,7.486473152499984
2468.992,211,150,17.145,7.487897139999984
2469.067,211,258,29.4894,7.488511502499983
2469.092,211,135,15.4305,7.488618658749983
2469.194,211,115,13.1445,7.488991086249983
2469.2,211,110,12.573,7.489012041249982
2469.393,211,270,30.861,7.490666533749984
2469.895,211,150,17.145,7.493057308749983
2469.901,211,150,17.145,7.493085883749982
2470.077,211,160,18.288,7.493979963749984
2470.117,211,272,31.0896,7.494325403749984
2470.194,211,135,15.4305,7.4946554449999825
2470.398,211,110,12.573,7.495367914999983
2470.416,211,282,32.2326,7.495529077999984
2470.475,211,192,21.9456,7.495888741999982
2470.494,211,244,27.8892,7.496035934999984
2470.494,211,150,17.145,7.496035934999984
2470.699,211,192,21.9456,7.497285614999984
2471.0,211,150,17.145,7.498719127499983
2471.093,211,150,17.145,7.499162039999983
2471.498,211,111,12.6873,7.500589361249983
2471.595,211,209,23.8887,7.501233028999982
2471.597,211,140,16.002,7.501241918999984
2471.893,211,198,22.6314,7.503102722999983
2472.047,211,135,15.4305,7.503762805499982
2472.195,211,150,17.145,7.504467655499983
2472.479,211,236,26.9748,7.5065956674999805
2472.592,211,121,13.8303,7.507029785249982
2472.592,211,112,12.8016,7.507029785249982
2472.695,211,236,26.9748,7.5078015642499825
2472.811,211,213,24.3459,7.5085860432499825
2473.067,211,135,15.4305,7.509683323249982
2473.193,211,180,20.573999999999998,7.510403413249984
2473.397,211,150,17.145,7.511374963249982
2473.402,211,125,14.2875,7.5113948069999825
2473.405,211,139,15.8877,7.511408046749983
2473.79,211,245,28.0035,7.514402865499981
2473.89,211,245,28.0035,7.5151807404999795
2474.004,211,200,22.86,7.51590464049998
2474.469,211,252,28.8036,7.519625105499982
2474.49,211,150,17.145,7.519725117999981
2474.591,211,142,16.2306,7.520180476499982
2474.817,211,245,28.0035,7.521938473999983
2474.995,211,245,28.0035,7.523323091499982
2475.004,211,215,24.5745,7.5233845277499825
2475.194,211,200,22.86,7.524591027749983
2475.473,211,264,30.1752,7.526929605749983
2475.593,211,150,17.145,7.527501105749982
2475.792,211,264,30.1752,7.529169123749982
2475.991,211,255,29.1465,7.530780277499983
2476.098,211,215,24.5745,7.531510686249983
2476.404,211,184,21.0312,7.533298338249983
2476.473,211,270,30.861,7.533889840749983
2476.789,211,270,30.861,7.536598750749985
2476.997,211,268,30.6324,7.538368622749982
2476.997,211,245,28.0035,7.538368622749982
2477.004,211,255,29.1465,7.538425296499983
2477.037,211,245,28.0035,7.538681995249982
2477.092,211,245,28.0035,7.539109826499985
2477.117,211,200,22.86,7.539268576499985
2477.201,211,215,24.5745,7.539841981499984
2477.472,211,354,40.4622,7.542887885999987
2478.093,211,270,30.861,7.548211408499983
2478.189,211,255,29.1465,7.548988648499983
2478.194,211,245,28.0035,7.549027542249984
2478.463,211,396,45.2628,7.552409679249987
2478.498,211,206,23.5458,7.552638596749986
2479.0,211,270,30.861,7.556941991749986
2479.057,211,224,25.6032,7.557347375749985
2479.395,211,245,28.0035,7.559976593249987
2479.404,211,230,26.289,7.560042315749987
2480.057,211,270,30.861,7.565640158249986
2480.091,211,410,46.863,7.5660827532499875
2480.389,211,255,29.1465,7.568495435749989
2480.492,211,245,28.0035,7.56929664699999
2481.057,211,270,30.861,7.574140109499987
2481.191,211,410,46.863,7.575884454499987
2481.199,211,270,30.861,7.57595303449999
2481.389,211,270,30.861,7.57758180949999
2481.412,211,245,28.0035,7.577760720749987
2481.489,211,258,29.4894,7.578391466249989
2482.39,211,410,46.863,7.590120233749986
2482.394,211,270,30.861,7.590154523749986
2482.4,211,261,29.8323,7.590204244249988
2482.488,211,270,30.861,7.590958624249986
2483.494,211,298,34.0614,7.600476893249988
2483.591,211,270,30.861,7.601308425749986
2484.077,211,410,46.863,7.60763493074999
2484.594,211,326,37.2618,7.612986139249988
2491.685,211,275,31.4325,7.674899432999987
2492.788,211,297,33.9471,7.685300447249988
2493.463,211,252,28.8036,7.6907011222499895
2493.687,211,252,28.8036,7.692493346249987
2494.785,211,272,31.0896,7.7019756742499865
2494.802,211,230,26.289,7.702099816749989
2494.997,211,305,34.8615,7.703988147999986
2495.69,211,284,32.4612,7.710236928999988
2495.785,211,290,33.147,7.711111641499986
2496.093,211,305,34.8615,7.714094236499986
2496.196,211,305,34.8615,7.715091662749987
2496.468,211,268,30.6324,7.717406110749986
2496.787,211,268,30.6324,7.720120481749985
2496.813,211,290,33.147,7.720359876749988
2496.995,211,230,26.289,7.721688931749987
2497.192,211,305,34.8615,7.723596630499988
2497.463,211,284,32.4612,7.72604023749999
2497.487,211,245,28.0035,7.726226927499988
2497.786,211,284,32.4612,7.728923010499988
2497.989,211,290,33.147,7.730792132999988
2498.057,211,305,34.8615,7.731450627999986
2498.087,211,230,26.289,7.731669702999987
2498.466,211,294,33.6042,7.735207478499986
2498.59,211,260,29.718,7.736231098499989
2498.784,211,294,33.6042,7.738041991499989
2498.989,211,296,33.8328,7.739968581499988
2499.087,211,260,29.718,7.740777571499987
2499.089,211,290,33.147,7.740795986499987
2499.194,211,280,32.004,7.741729436499987
2499.201,211,230,26.289,7.7417805539999875
2499.393,211,282,32.2326,7.743499625999988
2499.458,211,293,33.4899,7.744104304749988
2499.488,211,305,34.8615,7.744394817249986
2499.688,211,293,33.4899,7.746255367249988
2499.801,211,291,33.2613,7.747299402499987
2499.896,211,300,34.29,7.7482042774999895
2500.386,211,280,32.004,7.752560377499988
2500.405,211,267,30.5181,7.75272144524999
2500.461,211,319,36.4617,7.753288627249986
2500.785,211,319,36.4617,7.7565701802499865
2500.967,211,260,29.718,7.758072590249989
2500.987,211,295,33.7185,7.7582599152499885
2500.987,211,290,33.147,7.7582599152499885
2501.083,211,300,34.29,7.759174315249989
2501.117,211,248,28.3464,7.759442031249989
2501.185,211,260,29.718,7.760003371249987
2501.386,211,280,32.004,7.761790261249987
2501.458,211,416,47.5488,7.762741237249989
2501.484,211,288,32.9184,7.762978981249987
2501.486,211,260,29.718,7.7629954912499874
2501.688,211,416,47.5488,7.76566350724999
2501.885,211,331,37.8333,7.767733829499992
2502.085,211,295,33.7185,7.76960707949999
2502.193,211,290,33.147,7.770601489499992
2502.383,211,260,29.718,7.772169939499989
2502.386,211,286,32.6898,7.77219718099999
2502.484,211,276,31.5468,7.77305595499999
2502.786,211,467,53.378099999999996,7.777533784499991
2502.886,211,456,52.1208,7.77898158449999
2502.957,211,300,34.29,7.779657859499989
2503.082,211,335,38.2905,7.7809873907499885
2503.182,211,295,33.7185,7.781924015749988
2503.193,211,290,33.147,7.782025298249992
2503.391,211,268,30.6324,7.783710080249991
2503.393,211,300,34.29,7.7837291302499905
2503.469,211,435,49.7205,7.784778785249991
2503.89,211,465,53.149499999999996,7.790994323999988
2503.993,211,470,53.721,7.7925313414999895
2503.998,211,335,38.2905,7.792584522749991
2504.457,211,432,49.3776,7.7988801667499885
2504.483,211,290,33.147,7.7991195617499915
2504.585,211,298,34.0614,7.80008463474999
2504.585,211,276,31.5468,7.80008463474999
2504.593,211,432,49.3776,7.800194362749988
2504.89,211,420,48.006,7.804154857749988
2504.957,211,295,33.7185,7.804782396499988
2504.99,211,465,53.149499999999996,7.805269600249987
2505.186,211,470,53.721,7.8081944102499925
2505.188,211,335,38.2905,7.808215682749992
2505.484,211,291,33.2613,7.810950500749991
2505.596,211,296,33.8328,7.812003076749992
2505.802,211,440,50.292,7.814880896749994
2505.884,211,415,47.4345,7.815961349249992
2506.085,211,465,53.149499999999996,7.818928862999993
2506.387,211,335,38.2905,7.822141010499994
2506.484,211,303,34.6329,7.8230741747499914
2506.488,211,292,33.3756,7.82311125874999
2506.997,211,470,53.721,7.830706811249991
2507.003,211,415,47.4345,7.830785868749995
2507.187,211,465,53.149499999999996,7.833502398749991
2507.384,211,470,53.721,7.836442131249993
2507.485,211,362,41.376599999999996,7.837602974749994
2507.59,211,311,35.5473,7.838639770999994
2508.097,211,415,47.4345,7.845320129749995
2508.384,211,469,53.6067,7.849593774999992
2508.481,211,389,44.4627,7.850791797749994
2509.027,211,465,53.149499999999996,7.858852805249992
2509.583,211,468,53.492399999999996,7.867114409249992
2510.027,211,415,47.4345,7.8729646642499915
2510.389,211,422,48.2346,7.877814921249993
2510.584,211,445,50.8635,7.880570027499989
2522.426,211,328,37.4904,8.00389261549999
2522.678,211,328,37.4904,8.006516943499989
2524.98,211,378,43.2054,8.03414439649999
2524.987,211,360,41.147999999999996,8.034224406499991
2525.778,211,292,33.3756,8.041557767499988
2525.978,211,380,43.434,8.04397076749999
2526.181,211,360,41.147999999999996,8.04629105749999
2526.797,211,270,30.861,8.051571717499991
2527.519,211,265,30.2895,8.057646444999989
2527.957,211,280,32.004,8.061540264999989
2527.983,211,270,30.861,8.061763149999992
2528.08,211,380,43.434,8.062933454999989
2528.375,211,360,41.147999999999996,8.06630530499999
2528.433,211,262,29.9466,8.06678777799999
2529.186,211,270,30.861,8.07324287049999
2529.381,211,364,41.605199999999996,8.075496485499988
2529.431,211,267,30.5181,8.07592034799999
2529.803,211,265,30.2895,8.079050262999989
2529.805,211,265,30.2895,8.079067090499988
2529.875,211,260,29.718,8.079644940499989
2530.177,211,270,30.861,8.08223383549999
2530.774,211,263,30.0609,8.087218934749988
2530.997,211,265,30.2895,8.089095200999987
2531.967,211,270,30.861,8.097410525999988
2532.093,211,265,30.2895,8.098470658499986
2532.18,211,260,29.718,8.099188843499986
2532.377,211,270,30.861,8.100877625999987
2532.447,211,260,29.718,8.101455475999987
2532.884,211,260,29.718,8.105062910999987
2533.376,211,260,29.718,8.109124370999988
2534.382,211,265,30.2895,8.117588603499986
2534.459,211,330,37.719,8.118395370999982
2534.474,211,260,29.718,8.118519195999985
2534.975,211,350,40.005,8.124086558499982
2535.179,211,260,29.718,8.125770578499983
2535.18,211,270,30.861,8.12577915099998
2535.376,211,263,30.0609,8.127415799999984
2535.453,211,334,38.1762,8.128232346499981
2536.075,211,260,29.718,8.13336695649998
2536.674,211,385,44.0055,8.140688982749982
2536.883,211,346,39.5478,8.14298495224998
2537.077,211,360,41.147999999999996,8.145202372249985
2537.175,211,260,29.718,8.146011362249984
2537.447,211,430,49.149,8.149724842249983
2537.674,211,430,49.149,8.15282395974998
2537.881,211,400,45.72,8.155452859749978
2538.181,211,360,41.147999999999996,8.15888185974998
2538.373,211,260,29.718,8.160466819749981
2538.917,211,260,29.718,8.164957539749981
2539.391,211,260,29.718,8.168870409749982
2539.99,211,400,45.72,8.176477709749978
2540.573,211,300,34.29,8.18203078474998
2540.577,211,350,40.005,8.182075234749984
2542.386,211,365,41.7195,8.203039283499981
2542.475,211,326,37.2618,8.203960477999981
2542.937,211,400,45.72,8.209827877999981
2543.374,211,410,46.863,8.21551652549998
2543.486,211,375,42.8625,8.216850025499982
2569.416,211,265,30.2895,8.435018562999984
2569.671,211,265,30.2895,8.437164069249981
2570.434,211,307,35.0901,8.444601220999985
2572.984,211,265,30.2895,8.466056283499983
2574.165,211,265,30.2895,8.475992922249983
2576.565,211,265,30.2895,8.496185922249984
2576.817,211,272,31.0896,8.498362194249983
2577.372,211,293,33.4899,8.503525220499982
2579.427,211,352,40.2336,8.526491900499986
2580.44,211,346,39.5478,8.537620211999984
2580.666,211,346,39.5478,8.540102934999986
2581.436,211,310,35.433,8.547681659999986
2581.662,211,310,35.433,8.549906064999982
2581.869,211,319,36.4617,8.552002612749986
2581.981,211,400,45.72,8.553425012749987
2582.44,211,328,37.4904,8.558205038749986
2582.562,211,328,37.4904,8.559475546749983
2582.773,211,310,35.433,8.561552314249985
2583.44,211,352,40.2336,8.569006706249985
2583.762,211,352,40.2336,8.572605378249985
2583.763,211,337,38.5191,8.572616077999983
2583.792,211,310,35.433,8.572901510499984
2584.166,211,400,45.72,8.577651310499986
2584.664,211,396,45.2628,8.583912664499987
2584.967,211,358,40.9194,8.587356713999986
2584.972,211,310,35.433,8.587405926499986
2585.757,211,400,45.72,8.597375426499985
2586.06,211,414,47.3202,8.601358209999983
2586.065,211,360,41.147999999999996,8.601415359999985
2586.162,211,310,35.433,8.602370082499982
2586.179,211,310,35.433,8.602537404999985
2586.362,211,382,43.6626,8.604756920499986
2586.859,211,420,48.006,8.611384415499984
2586.868,211,366,41.8338,8.611488999999985
2587.159,211,340,38.862,8.614630344999986
2587.173,211,310,35.433,8.614768139999983
2587.438,211,394,45.0342,8.618083157499987
2587.468,211,364,41.605199999999996,8.618429867499984
2587.737,211,360,41.147999999999996,8.621504537499986
2587.967,211,423,48.3489,8.624593494999987
2588.062,211,420,48.006,8.625860319999983
2588.065,211,360,41.147999999999996,8.625894609999985
2588.468,211,310,35.433,8.629861137499983
2588.887,211,316,36.1188,8.634064964499986
2589.165,211,360,41.147999999999996,8.637242504499984
2589.182,211,344,39.3192,8.637428178499981
2589.373,211,322,36.8046,8.639380866999984
2589.737,211,420,48.006,8.644234806999984
2589.747,211,360,41.147999999999996,8.644349106999982
2589.962,211,370,42.291,8.646874819499985
2590.361,211,420,48.006,8.652195484499984
2590.459,211,348,39.7764,8.653278286499983
2591.157,211,430,49.149,8.662807731499987
2591.36,211,360,41.147999999999996,8.665128021499987
2592.462,211,374,42.7482,8.678213720499985
2592.658,211,396,45.2628,8.680678028499983
2592.737,211,370,42.291,8.681606080999986
2594.363,211,366,41.8338,8.700501013999983
2613.436,211,290,33.147,8.876115661499986
2615.06,211,270,30.861,8.890037401499985
2615.158,211,270,30.861,8.890877506499985
2615.963,211,310,35.433,8.898800718999988
2616.761,211,328,37.4904,8.907111090999985
2616.97,211,310,35.433,8.909168173499983
2617.362,211,270,30.861,8.912528593499985
2617.775,211,335,38.2905,8.916921364749985
2618.157,211,310,35.433,8.920681199749986
2618.454,211,268,30.6324,8.923208372749986
2618.873,211,335,38.2905,8.927664961499985
2619.053,211,298,34.0614,8.929368031499983
2619.06,211,300,34.29,8.929434706499984
2619.171,211,310,35.433,8.930527223999983
2620.667,211,285,32.5755,8.944064153999983
2621.827,211,303,34.6329,8.955223643999986
2623.452,211,315,36.0045,8.971475675249986
3990.382,0,0,0.0,8.971475675249986
3990.817,0,0,0.0,8.971475675249986
3991.367,0,0,0.0,8.971475675249986
3991.377,0,0,0.0,8.971475675249986
3991.464,0,0,0.0,8.971475675249986
3992.464,0,0,0.0,8.971475675249986
3992.467,0,0,0.0,8.971475675249986
3992.578,0,0,0.0,8.971475675249986
3993.568,0,0,0.0,8.971475675249986
3993.579,0,0,0.0,8.971475675249986
3993.872,0,0,0.0,8.971475675249986
3994.672,0,0,0.0,8.971475675249986
3994.866,0,0,0.0,8.971475675249986
3994.873,0,0,0.0,8.971475675249986
3995.672,0,0,0.0,8.971475675249986
3996.073,0,0,0.0,8.971475675249986
3996.964,0,0,0.0,8.971475675249986
3997.966,0,0,0.0,8.971475675249986
3997.988,0,0,0.0,8.971475675249986
3998.173,0,0,0.0,8.971475675249986
3999.991,0,0,0.0,8.971475675249986
