elapsed_sec,MotorRPM,Speed,Speed_kmh,Distance_km,data_source,inc_angle_deg
0.0,528.0,21.44163090128753,2.450778412017165,0.0,real,0.5
0.0848816029142914,158.0,1.0720815450643766,0.1225389206008582,2.8892499999966507e-06,real,0.5
0.1884185031723879,528.0,37.52285407725318,4.288862221030039,0.0001262379999998,real,0.5
0.2033427410475168,0.0,0.0,0.0,0.0001262379999998,real,0.5
0.2705018114853844,528.0,6.432489270386259,0.7352335236051494,0.0001399539999998,real,0.5
0.4561220200564773,0.0,0.0,0.0,0.0001399539999998,real,0.5
0.7406153045496094,0.0,0.0,0.0,0.0001399539999998,real,0.5
0.829227966932577,0.0,0.0,0.0,0.0001399539999998,real,0.5
0.829227966932577,0.0,0.0,0.0,0.0001399539999998,real,0.5
1.01484817550367,0.0,0.0,0.0,0.0001399539999998,real,0.5
1.110922956824414,528.0,21.44163090128753,2.450778412017165,0.0002053589999999,real,0.5
1.1417041974416289,0.0,0.0,0.0,0.0002053589999999,real,0.5
1.204199443543439,52.0,0.0,0.0,0.0002053589999999,real,0.5
1.2069977381451584,528.0,5.360407725321883,0.6126946030042912,0.0002058352499999,real,0.5
1.3012069897315643,0.0,0.0,0.0,0.0002058352499999,real,0.5
1.6687163474046498,0.0,0.0,0.0,0.0002058352499999,real,0.5
1.7619928341236748,0.0,0.0,0.0,0.0002058352499999,real,0.5
1.7675894233271132,0.0,0.0,0.0,0.0002058352499999,real,0.5
1.856202085710081,0.0,0.0,0.0,0.0002058352499999,real,0.5
1.949478572429106,0.0,0.0,0.0,0.0002058352499999,real,0.5
2.0875277727735173,0.0,0.0,0.0,0.0002058352499999,real,0.5
2.229308032586605,0.0,0.0,0.0,0.0002058352499999,real,0.5
2.3225845193056296,528.0,5.360407725321883,0.6126946030042912,0.0002217102499999,real,0.5
2.326315578774306,0.0,0.0,0.0,0.0002217102499999,real,0.5
2.5082047278767226,0.0,0.0,0.0,0.0002217102499999,real,0.5
2.6882283472448014,0.0,0.0,0.0,0.0002217102499999,real,0.5
2.7880341880342216,0.0,0.0,0.0,0.0002217102499999,real,0.5
2.882243439620204,0.0,0.0,0.0,0.0002217102499999,real,0.5
2.882243439620204,0.0,0.0,0.0,0.0002217102499999,real,0.5
2.987645869613062,0.0,0.0,0.0,0.0002217102499999,real,0.5
3.0482755859805346,0.0,0.0,0.0,0.0002217102499999,real,0.5
3.068796413058678,0.0,0.0,0.0,0.0002217102499999,real,0.5
3.2534838567623896,0.0,0.0,0.0,0.0002217102499999,real,0.5
3.5342460817868453,0.0,0.0,0.0,0.0002217102499999,real,0.5
3.620993214435899,0.0,0.0,0.0,0.0002217102499999,real,0.5
3.633119157709309,0.0,0.0,0.0,0.0002217102499999,real,0.5
3.815008306811301,0.0,0.0,0.0,0.0002217102499999,real,0.5
3.9073520286633694,0.0,0.0,0.0,0.0002217102499999,real,0.5
4.000628515382394,0.0,0.0,0.0,0.0002217102499999,real,0.5
4.001561280249775,0.0,0.0,0.0,0.0002217102499999,real,0.5
4.370003402790242,52.0,0.0,0.0,0.0002217102499999,real,0.5
4.376532756860637,0.0,0.0,0.0,0.0002217102499999,real,0.5
4.469809243579662,0.0,0.0,0.0,0.0002217102499999,real,0.5
4.6582277467520505,0.0,0.0,0.0,0.0002217102499999,real,0.5
4.747773174002399,0.0,0.0,0.0,0.0002217102499999,real,0.5
4.846646249924863,0.0,0.0,0.0,0.0002217102499999,real,0.5
5.026669869292517,0.0,0.0,0.0,0.0002217102499999,real,0.5
5.305566564583059,211.0,2.144163090128753,0.2450778412017165,0.0002406967499999,real,0.5
5.40257411077076,0.0,0.0,0.0,0.0002406967499999,real,0.5
5.58912708420881,0.0,0.0,0.0,0.0002406967499999,real,0.5
5.680538041193497,0.0,0.0,0.0,0.0002406967499999,real,0.5
5.784074941452017,0.0,0.0,0.0,0.0002406967499999,real,0.5
5.959434736483614,0.0,0.0,0.0,0.0002406967499999,real,0.5
6.341868332032253,316.0,3.2162446351931293,0.3676167618025747,0.0002797492499999,real,0.5
6.425817170079164,0.0,0.0,0.0,0.0002797492499999,real,0.5
6.428615464680883,0.0,0.0,0.0,0.0002797492499999,real,0.5
6.798923116955687,0.0,0.0,0.0,0.0002797492499999,real,0.5
6.892199603674713,0.0,0.0,0.0,0.0002797492499999,real,0.5
7.449992994255372,422.0,4.288326180257506,0.490155682403433,0.00035569525,real,0.5
7.456522348325343,0.0,0.0,0.0,0.00035569525,real,0.5
7.641209792029479,0.0,0.0,0.0,0.00035569525,real,0.5
7.641209792029479,0.0,0.0,0.0,0.00035569525,real,0.5
8.3939510398525,528.0,5.360407725321883,0.6126946030042912,0.0004838065,real,0.5
8.483496467102848,0.0,0.0,0.0,0.0004838065,real,0.5
8.583302307892268,0.0,0.0,0.0,0.0004838065,real,0.5
9.50207570207562,528.0,5.360407725321883,0.6126946030042912,0.00064017525,real,0.5
9.596284953662025,0.0,0.0,0.0,0.00064017525,real,0.5
10.446966512540126,528.0,5.360407725321883,0.6126946030042912,0.0007849552499999,real,0.5
22.64566544566528,528.0,316.2640557939911,36.14898157725318,0.1232767727499997,real,0.5
22.841546067775443,528.0,316.2640557939911,36.14898157725318,0.1252436852500001,real,0.5
23.556043956043894,528.0,328.28393768375486,37.52285407725318,0.132690907472223,real,0.5
23.767781580896145,528.0,328.28393768375486,37.52285407725318,0.1348978519166661,real,0.5
23.95526731920157,528.0,319.4803004291842,36.51659833905576,0.1367996134166663,real,0.5
24.470153525891188,528.0,326.9848712446348,37.37437078326176,0.1421450434166676,real,0.5
24.888032186392675,528.0,325.9127896995705,37.25183186266091,0.1464691394166663,real,0.5
24.953325727096203,528.0,326.9848712446348,37.37437078326176,0.1471470019166679,real,0.5
25.009291619127616,528.0,328.28393768375486,37.52285407725318,0.1477303352500007,real,0.5
25.40571668768401,528.0,326.9848712446348,37.37437078326176,0.1518459290000025,real,0.5
25.8860905942873,528.0,326.9848712446348,37.37437078326176,0.1568330602500012,real,0.5
25.91314077543584,528.0,326.9848712446348,37.37437078326176,0.1571138890000012,real,0.5
25.91314077543584,528.0,328.28393768375486,37.52285407725318,0.1571138890000012,real,0.5
25.922468424107528,528.0,328.28393768375486,37.52285407725318,0.1572111112222211,real,0.5
26.338481554875106,528.0,316.2640557939911,36.14898157725318,0.1613884587222245,real,0.5
26.563277887868143,528.0,316.2640557939911,36.14898157725318,0.1636457249722244,real,0.5
26.75542745050921,528.0,326.9848712446348,37.37437078326176,0.1656405774722212,real,0.5
26.85150223182995,528.0,328.28393768375486,37.52285407725318,0.1666419663611108,real,0.5
26.93918212934596,528.0,325.9127896995705,37.25183186266091,0.1675492543611113,real,0.5
27.038055205268424,528.0,328.28393768375486,37.52285407725318,0.168579809916669,real,0.5
27.2675153625971,528.0,316.2640557939911,36.14898157725318,0.1708839074166656,real,0.5
27.751620328669496,528.0,316.2640557939911,36.14898157725318,0.1757449911666678,real,0.5
27.751620328669496,528.0,316.2640557939911,36.14898157725318,0.1757449911666678,real,0.5
27.782401569286712,528.0,323.7686266094417,37.00675402145919,0.1760614116666669,real,0.5
27.963357953521747,528.0,328.28393768375486,37.52285407725318,0.1779475227777776,real,0.5
27.963357953521747,528.0,326.9848712446348,37.37437078326176,0.1779475227777776,real,0.5
28.06036549970987,528.0,328.28393768375486,37.52285407725318,0.1789586338888913,real,0.5
28.20867511359293,528.0,300.18283261802543,34.31089776824031,0.1803721438888882,real,0.5
28.67505754718848,528.0,300.18283261802543,34.31089776824031,0.1848171438888882,real,0.5
28.72915790948556,528.0,326.9848712446348,37.37437078326176,0.1853788013888882,real,0.5
28.80284633399382,528.0,321.624463519313,36.761676180257474,0.1861312763888899,real,0.5
28.80471186372816,528.0,316.2640557939911,36.14898157725318,0.1861500088888895,real,0.5
28.80471186372816,528.0,314.1198927038623,35.90390373605146,0.1861500088888895,real,0.5
28.99033207229925,528.0,328.28393768375486,37.52285407725318,0.1880847311111123,real,0.5
29.088272383354333,528.0,328.28393768375486,37.52285407725318,0.1891055644444459,real,0.5
29.140507215917072,528.0,300.18283261802543,34.31089776824031,0.1896034044444462,real,0.5
29.36157248944144,528.0,300.18283261802543,34.31089776824031,0.1917103344444469,real,0.5
29.7365439660523,528.0,300.18283261802543,34.31089776824031,0.1952841144444473,real,0.5
29.73747673091925,528.0,316.2640557939911,36.14898157725318,0.195293480694445,real,0.5
29.74027502552097,528.0,310.9036480686692,35.53628697424889,0.1953211031944464,real,0.5
29.83355151224,528.0,319.4803004291842,36.51659833905576,0.1962672531944456,real,0.5
29.923096939490343,528.0,326.9848712446348,37.37437078326176,0.1971968931944456,real,0.5
29.925895234092067,528.0,326.9848712446348,37.37437078326176,0.1972259444444471,real,0.5
30.03036489921712,528.0,328.28393768375486,37.52285407725318,0.1983148333333323,real,0.5
30.06580996417039,528.0,289.46201716738165,33.08550856223172,0.1986405883333324,real,0.5
30.48275585980492,528.0,299.1107510729611,34.18835884763945,0.2026002260833335,real,0.5
30.540587281570676,528.0,289.46201716738165,33.08550856223172,0.2031317210833326,real,0.5
30.67490542244641,528.0,300.18283261802543,34.31089776824031,0.2044118810833347,real,0.5
30.857727336415785,528.0,316.2640557939911,36.14898157725318,0.2062476660833338,real,0.5
30.857727336415785,528.0,307.68740343347605,35.168670212446315,0.2062476660833338,real,0.5
30.86145839588446,528.0,317.3361373390555,36.27152049785404,0.2062852580833329,real,0.5
30.952869352869147,528.0,326.9848712446348,37.37437078326176,0.2072342655833325,real,0.5
30.96499529614256,528.0,326.9848712446348,37.37437078326176,0.2073601543333318,real,0.5
31.003238655697547,528.0,289.46201716738165,33.08550856223172,0.2077116268333332,real,0.5
31.22896775355797,528.0,289.46201716738165,33.08550856223172,0.2097861718333348,real,0.5
31.514393802918484,528.0,289.46201716738165,33.08550856223172,0.2124093568333351,real,0.5
31.69535018715352,528.0,300.18283261802543,34.31089776824031,0.2141340168333348,real,0.5
31.69535018715352,528.0,296.9665879828323,33.943281006437736,0.2141340168333348,real,0.5
31.787693909005164,528.0,316.2640557939911,36.14898157725318,0.215061275583332,real,0.5
31.79049220360688,528.0,304.47115879828294,34.80105345064374,0.2150883265833334,real,0.5
31.925743109349572,528.0,278.7412017167379,31.860119356223144,0.2162853015833333,real,0.5
31.97704517704493,528.0,326.9848712446348,37.37437078326176,0.2168179078333317,real,0.5
32.069388898897,528.0,316.2640557939911,36.14898157725318,0.2177451665833331,real,0.5
32.160799855881685,528.0,278.7412017167379,31.860119356223144,0.2185541565833328,real,0.5
32.440629316039185,528.0,288.3899356223173,32.96296964163087,0.2211163815833344,real,0.5
32.53856962709427,528.0,294.8224248927036,33.698203165236016,0.2220331628333345,real,0.5
32.54043515682861,528.0,289.46201716738165,33.08550856223172,0.2220503078333341,real,0.5
32.72139154106364,528.0,316.2640557939911,36.14898157725318,0.2238673603333337,real,0.5
32.81839908725134,528.0,300.18283261802543,34.31089776824031,0.2247919203333321,real,0.5
32.85850797654067,528.0,268.02038626609414,30.63473015021456,0.225133232833333,real,0.5
32.90887727936907,528.0,301.2549141630898,34.43343668884116,0.2256150073333338,real,0.5
33.0021537660881,528.0,316.2640557939911,36.14898157725318,0.226551632333333,real,0.5
33.0991613122758,528.0,268.02038626609414,30.63473015021456,0.2273771323333315,real,0.5
33.32955423447228,528.0,278.7412017167379,31.860119356223144,0.229416117333334,real,0.5
33.37712524269896,528.0,286.24577253218854,32.71789180042915,0.2298484570833334,real,0.5
33.655089173121695,528.0,289.46201716738165,33.08550856223172,0.2324030620833315,real,0.5
33.75116395444244,528.0,292.6782618025748,33.4531253240343,0.2332958403333321,real,0.5
33.75489501391154,528.0,316.2640557939911,36.14898157725318,0.2333333053333355,real,0.5
33.756760543645875,528.0,300.18283261802543,34.31089776824031,0.233351085333335,real,0.5
33.79780219780216,528.0,268.02038626609414,30.63473015021456,0.2337003353333339,real,0.5
33.93398586841224,528.0,300.18283261802543,34.31089776824031,0.2349982753333356,real,0.5
34.026329590263884,528.0,268.02038626609414,30.63473015021456,0.2357840878333333,real,0.5
34.21847915290537,528.0,268.02038626609414,30.63473015021456,0.2374192128333343,real,0.5
34.30615905042138,528.0,275.5249570815448,31.492502594420568,0.2381862293333347,real,0.5
34.311755639624394,528.0,284.10160944205984,32.47281395922744,0.2382367118333335,real,0.5
34.49364478872681,528.0,289.46201716738165,33.08550856223172,0.2399083493333349,real,0.5
34.72963430012588,528.0,257.29957081545035,29.409340944205976,0.2418362093333326,real,0.5
34.774407013751265,528.0,290.53409871244605,33.20804748283258,0.2422492133333346,real,0.5
34.86675073560333,528.0,300.18283261802543,34.31089776824031,0.243129323333336,real,0.5
34.86675073560333,528.0,300.18283261802543,34.31089776824031,0.243129323333336,real,0.5
34.86861626533767,528.0,257.29957081545035,29.409340944205976,0.2431445633333356,real,0.5
35.14284913629174,528.0,266.9483047210298,30.512191229613705,0.2454688538333347,real,0.5
35.23892391761248,528.0,268.02038626609414,30.63473015021456,0.2462864163333352,real,0.5
35.33313316919889,528.0,273.380793991416,31.24742475321885,0.2471041375833361,real,0.5
35.431073480253545,528.0,281.957446351931,32.22773611802572,0.2479809138333324,real,0.5
35.61855921855897,528.0,289.46201716738165,33.08550856223172,0.2497039863333326,real,0.5
35.61949198342636,528.0,289.46201716738165,33.08550856223172,0.2497125588333344,real,0.5
35.66986128625476,528.0,246.57875536480665,28.1839517381974,0.250106893833335,real,0.5
35.79951560279444,528.0,300.18283261802543,34.31089776824031,0.2513426038333362,real,0.5
36.08307612242018,528.0,264.80414163090103,30.267113388411985,0.2537266478333332,real,0.5
36.11852118737345,528.0,256.227489270386,29.28680202360512,0.2540150013333333,real,0.5
36.11852118737345,528.0,246.57875536480665,28.1839517381974,0.2540150013333333,real,0.5
36.2649652715226,528.0,268.02038626609414,30.63473015021456,0.2552611888333345,real,0.5
36.358241758241626,528.0,271.2366309012873,31.00234691201713,0.2560644638333338,real,0.5
36.45338377469499,528.0,279.81328326180227,31.982658276824,0.2569097123333327,real,0.5
36.5475930262814,528.0,246.57875536480665,28.1839517381974,0.2576472648333335,real,0.5
36.5979623291098,528.0,257.29957081545035,29.409340944205976,0.2580587448333342,real,0.5
36.64460057246952,528.0,289.46201716738165,33.08550856223172,0.2584873698333358,real,0.5
36.82555695670455,528.0,289.46201716738165,33.08550856223172,0.2601504348333354,real,0.5
37.05128605456456,528.0,257.29957081545035,29.409340944205976,0.2619944748333335,real,0.5
37.10445365199468,528.0,254.08332618025725,29.041724182403403,0.2624233855833353,real,0.5
37.10445365199468,528.0,262.6599785407723,30.02203554721027,0.2624233855833353,real,0.5
37.19679737384632,528.0,247.65083690987095,28.306490658798253,0.2631494763333331,real,0.5
37.20146119818237,528.0,268.02038626609414,30.63473015021456,0.2631891638333339,real,0.5
37.38521587701913,528.0,269.09246781115854,30.75726907081542,0.2647591060833349,real,0.5
37.57176885045718,528.0,278.7412017167379,31.860119356223144,0.2664101060833334,real,0.5
37.5745671450589,528.0,289.46201716738165,33.08550856223172,0.2664358235833347,real,0.5
37.75365799955959,528.0,246.57875536480665,28.1839517381974,0.2678379035833347,real,0.5
37.94114373786503,528.0,256.227489270386,29.28680202360512,0.2693631418333349,real,0.5
38.13329330050652,528.0,249.79499999999973,28.55156849999997,0.2708870783333359,real,0.5
38.13609159510781,528.0,251.9391630901285,28.796646341201686,0.2709094620833337,real,0.5
38.22377149262382,528.0,260.5158154506435,29.776957706008552,0.2716346955833341,real,0.5
38.317980744210224,528.0,268.02038626609414,30.63473015021456,0.2724363830833349,real,0.5
38.318913509077184,528.0,268.02038626609414,30.63473015021456,0.272444320583333,real,0.5
38.46908865269501,528.0,241.2183476394848,27.571257135193108,0.2735944643333334,real,0.5
38.597810204367725,528.0,278.7412017167379,31.860119356223144,0.2747336543333365,real,0.5
38.689221161352414,528.0,241.2183476394848,27.571257135193108,0.2754337418333362,real,0.5
38.87390860505612,528.0,254.08332618025725,29.041724182403403,0.2769236423333352,real,0.5
38.96345403230647,528.0,246.57875536480665,28.1839517381974,0.2776246823333352,real,0.5
39.164931243619655,528.0,258.3716523605148,29.53187986480684,0.2792774603333345,real,0.5
39.24981284653394,528.0,251.9391630901285,28.796646341201686,0.2799564340833337,real,0.5
39.25074561140133,528.0,249.79499999999973,28.55156849999997,0.2799638318333352,real,0.5
39.35148421705813,528.0,268.02038626609414,30.63473015021456,0.2808210818333366,real,0.5
39.355215276526806,528.0,268.02038626609414,30.63473015021456,0.2808528318333358,real,0.5
39.425172641565965,528.0,241.2183476394848,27.571257135193108,0.2813886130833345,real,0.5
39.89621889949757,528.0,241.2183476394848,27.571257135193108,0.2849962068333352,real,0.5
39.901815488700585,528.0,251.9391630901285,28.796646341201686,0.2850409743333342,real,0.5
39.99509197541961,528.0,254.08332618025725,29.041724182403403,0.2857934493333335,real,0.5
39.99509197541961,528.0,244.43459227467787,27.93887389699568,0.2857934493333335,real,0.5
39.99509197541961,528.0,241.2183476394848,27.571257135193108,0.2857934493333335,real,0.5
40.27585420044449,528.0,247.65083690987095,28.306490658798253,0.2880010585833363,real,0.5
40.27585420044449,528.0,257.29957081545035,29.409340944205976,0.2880010585833363,real,0.5
40.2879801437179,528.0,268.02038626609414,30.63473015021456,0.2881042460833357,real,0.5
40.35700474389011,528.0,268.02038626609414,30.63473015021456,0.2886916210833363,real,0.5
40.45867611441386,528.0,268.02038626609414,30.63473015021456,0.2895568085833356,real,0.5
40.83178206129039,528.0,243.36251072961352,27.816334976394824,0.2924397085833363,real,0.5
40.930655137212426,528.0,241.2183476394848,27.571257135193108,0.2931969460833346,real,0.5
40.933453431814144,528.0,243.36251072961352,27.816334976394824,0.2932185678333357,real,0.5
41.03885586180658,528.0,246.57875536480665,28.1839517381974,0.2940437503333345,real,0.5
41.1134770511818,528.0,256.227489270386,29.28680202360512,0.2946508103333339,real,0.5
41.11534258091614,528.0,249.79499999999973,28.55156849999997,0.2946656058333336,real,0.5
41.220745010909,528.0,257.29957081545035,29.409340944205976,0.2955266658333357,real,0.5
41.28697131647949,528.0,262.6599785407723,30.02203554721027,0.2960789570833351,real,0.5
41.49217958726134,528.0,262.6599785407723,30.02203554721027,0.2977902820833335,real,0.5
41.771076282551455,528.0,266.9483047210298,30.512191229613705,0.3001541013333333,real,0.5
41.95296543165387,528.0,248.72291845493532,28.42902957939911,0.3015904713333345,real,0.5
42.04717468324028,528.0,242.2904291845491,27.693796055793964,0.3023151968333353,real,0.5
42.04810744810724,528.0,247.65083690987095,28.306490658798253,0.3023225310833334,real,0.5
42.04810744810724,528.0,241.2183476394848,27.571257135193108,0.3023225310833334,real,0.5
42.1469805240297,528.0,257.29957081545035,29.409340944205976,0.3031302510833351,real,0.5
42.22440000800664,528.0,289.46201716738165,33.08550856223172,0.3038417685833358,real,0.5
42.231862126944,528.0,246.57875536480665,28.1839517381974,0.3039001885833344,real,0.5
42.69917732540692,528.0,264.80414163090103,30.267113388411985,0.307829155833336,real,0.5
42.70384114974256,528.0,265.8762231759654,30.38965230901284,0.3078685258333333,real,0.5
42.79245381212595,528.0,254.08332618025725,29.041724182403403,0.3085833770833353,real,0.5
42.979939550431375,528.0,241.2183476394848,27.571257135193108,0.3100192708333354,real,0.5
43.0732160371504,528.0,241.2183476394848,27.571257135193108,0.3107336458333348,real,0.5
43.16649252386943,528.0,246.57875536480665,28.1839517381974,0.3114638958333341,real,0.5
43.17022358333811,528.0,257.29957081545035,29.409340944205976,0.3114943758333334,real,0.5
43.73081526852006,528.0,270.1645493562229,30.87980799141628,0.3163029768333343,real,0.5
43.82409175523908,528.0,264.80414163090103,30.267113388411985,0.3170872018333336,real,0.5
43.91083888788814,528.0,241.2183476394848,27.571257135193108,0.3177515705833358,real,0.5
43.91363718248943,528.0,241.2183476394848,27.571257135193108,0.3177730018333336,real,0.5
44.00877919894322,528.0,259.4437339055791,29.65441878540769,0.3185567188333361,real,0.5
44.09739186132619,528.0,246.57875536480665,28.1839517381974,0.3192504563333346,real,0.5
44.66078184110986,528.0,275.5249570815448,31.492502594420568,0.3241789453333368,real,0.5
44.845469284813575,528.0,263.7320600858366,30.144574467811125,0.3257254243333358,real,0.5
44.947140655337336,528.0,264.80414163090103,30.267113388411985,0.3265802295833352,real,0.5
45.12250045036935,528.0,241.2183476394848,27.571257135193108,0.3279232545833359,real,0.5
45.12529874497065,528.0,241.2183476394848,27.571257135193108,0.3279446858333337,real,0.5
45.77823415200467,528.0,280.8853648068666,32.10519719742486,0.333767635833336,real,0.5
45.88270381713015,528.0,268.02038626609414,30.63473015021456,0.3346566358333366,real,0.5
45.963854360575766,528.0,262.6599785407723,30.02203554721027,0.3353333870833366,real,0.5
46.05806361216175,528.0,241.2183476394848,27.571257135193108,0.3360549058333341,real,0.5
46.71099901919577,528.0,286.24577253218854,32.71789180042915,0.3419889808333364,real,0.5
46.98989571448589,528.0,262.6599785407723,30.02203554721027,0.3443148270833363,real,0.5
47.08317220120491,528.0,268.02038626609414,30.63473015021456,0.3451085770833356,real,0.5
47.74730078664496,528.0,289.46201716738165,33.08550856223172,0.3512121970833355,real,0.5
47.74823355151234,528.0,262.6599785407723,30.02203554721027,0.3512199758333371,real,0.5
48.85542544886808,528.0,289.46201716738165,33.08550856223172,0.3613955333333362,real,0.5
60.83772293280493,528.0,268.02038626609414,30.63473015021456,0.4633606583333363,real,0.0
61.771420564862986,528.0,268.02038626609414,30.63473015021456,0.4713060958333343,real,0.0
61.99341860325473,528.0,268.02038626609414,30.63473015021456,0.4731952208333366,real,0.0
62.18836646049751,528.0,268.02038626609414,30.63473015021456,0.4748541583333352,real,0.0
62.70791649152318,528.0,268.02038626609414,30.63473015021456,0.4792753458333371,real,0.0
62.92618347044583,528.0,268.02038626609414,30.63473015021456,0.4811327208333366,real,0.0
62.93737664885185,528.0,268.02038626609414,30.63473015021456,0.4812279708333343,real,0.0
63.21720610900936,528.0,268.02038626609414,30.63473015021456,0.4836092208333357,real,0.0
63.31048259572838,528.0,268.02038626609414,30.63473015021456,0.484402970833335,real,0.0
63.63601753437822,528.0,257.29957081545035,29.409340944205976,0.4870623508333362,real,0.0
63.87200704577729,528.0,257.29957081545035,29.409340944205976,0.488990210833334,real,0.0
64.14717268159873,528.0,268.02038626609414,30.63473015021456,0.4913317733333346,real,0.0
64.4279349066232,528.0,268.02038626609414,30.63473015021456,0.4937209608333341,real,0.0
64.57437899077233,528.0,268.02038626609414,30.63473015021456,0.4949671483333352,real,0.0
64.79171320482803,528.0,268.02038626609414,30.63473015021456,0.4968165858333367,real,0.0
64.79917532376537,528.0,268.02038626609414,30.63473015021456,0.4968800858333351,real,0.0
64.98666106207081,528.0,258.3716523605148,29.53187986480684,0.4984180875833353,real,0.0
65.07993754878983,528.0,265.8762231759654,30.38965230901284,0.4992054875833345,real,0.0
65.26555775736092,528.0,268.02038626609414,30.63473015021456,0.5007850500833351,real,0.0
65.26649052222831,528.0,268.02038626609414,30.63473015021456,0.5007929875833367,real,0.0
65.46423667407281,528.0,257.29957081545035,29.409340944205976,0.5024084275833366,real,0.0
65.50061450389303,528.0,257.29957081545035,29.409340944205976,0.5027056075833347,real,0.0
65.58083228247169,528.0,257.29957081545035,29.409340944205976,0.5033609275833365,real,0.0
65.91662763466019,528.0,266.9483047210298,30.512191229613705,0.506206997583334,real,0.0
66.01270241598093,528.0,260.5158154506435,29.776957706008552,0.5070016683333345,real,0.0
66.01550071058264,528.0,263.7320600858366,30.144574467811125,0.5070250998333357,real,0.0
66.29346464100539,528.0,268.02038626609414,30.63473015021456,0.5093904748333339,real,0.0
66.39233771692784,528.0,268.02038626609414,30.63473015021456,0.5102318498333356,real,0.0
66.67496547168665,528.0,257.29957081545035,29.409340944205976,0.5125407098333348,real,0.0
66.85125803158604,528.0,264.80414163090103,30.267113388411985,0.5140228950833371,real,0.0
67.03874376989147,528.0,262.6599785407723,30.02203554721027,0.5155864238333372,real,0.0
67.1348185512118,528.0,261.58789699570787,29.89949662660941,0.5163843648333343,real,0.0
67.23182609739992,528.0,268.02038626609414,30.63473015021456,0.5172098648333364,real,0.0
67.32137152465027,528.0,268.02038626609414,30.63473015021456,0.5179718648333366,real,0.0
67.37733741668168,528.0,246.57875536480665,28.1839517381974,0.5184100148333362,real,0.0
67.49673131968228,528.0,257.29957081545035,29.409340944205976,0.5193853748333372,real,0.0
67.78402289877714,528.0,257.29957081545035,29.409340944205976,0.5217323348333373,real,0.0
67.78682119337843,528.0,256.227489270386,29.28680202360512,0.521755099583335,real,0.0
67.88849256390219,528.0,262.6599785407723,30.02203554721027,0.5226029833333344,real,0.0
67.97710522628559,528.0,264.80414163090103,30.267113388411985,0.5233479970833365,real,0.0
68.14966672671589,528.0,246.57875536480665,28.1839517381974,0.5246989595833361,real,0.0
68.15899437538758,528.0,259.4437339055791,29.65441878540769,0.5247757945833342,real,0.0
68.32409375688053,528.0,251.9391630901285,28.796646341201686,0.5260964358333352,real,0.0
68.35021117316211,528.0,268.02038626609414,30.63473015021456,0.5263186858333372,real,0.0
68.44348765988113,528.0,268.02038626609414,30.63473015021456,0.5271124358333364,real,0.0
68.72518264977298,528.0,257.29957081545035,29.409340944205976,0.5294136758333375,real,0.0
68.80726595808555,528.0,246.57875536480665,28.1839517381974,0.5300562958333357,real,0.0
68.99661722612531,528.0,254.08332618025725,29.041724182403403,0.5315838200833354,real,0.0
68.99661722612531,528.0,260.5158154506435,29.776957706008552,0.5315838200833354,real,0.0
69.00594487479742,528.0,266.9483047210298,30.512191229613705,0.5316628775833371,real,0.0
69.08243159390699,528.0,251.9391630901285,28.796646341201686,0.5322747000833362,real,0.0
69.09175924257868,528.0,257.29957081545035,29.409340944205976,0.5323509000833344,real,0.0
69.26152244840769,528.0,251.9391630901285,28.796646341201686,0.5337088475833363,real,0.0
69.27737945114977,528.0,268.02038626609414,30.63473015021456,0.5338437850833349,real,0.0
69.64861986829196,528.0,251.9391630901285,28.796646341201686,0.5368133625833359,real,0.0
69.64861986829196,528.0,247.65083690987095,28.306490658798253,0.5368133625833359,real,0.0
69.83424007686305,528.0,257.29957081545035,29.409340944205976,0.5383297425833364,real,0.0
70.02359134490281,528.0,251.9391630901285,28.796646341201686,0.5398443763333362,real,0.0
70.02359134490281,528.0,258.3716523605148,29.53187986480684,0.5398443763333362,real,0.0
70.03385175844188,528.0,268.02038626609414,30.63473015021456,0.5399316888333359,real,0.0
70.12899377489525,528.0,257.29957081545035,29.409340944205976,0.5407089288333349,real,0.0
70.18962349126272,528.0,257.29957081545035,29.409340944205976,0.5412042288333353,real,0.0
70.20174943453614,528.0,251.9391630901285,28.796646341201686,0.5413012250833348,real,0.0
70.39389899717762,528.0,257.29957081545035,29.409340944205976,0.5428709450833357,real,0.0
70.76793770892111,528.0,251.9391630901285,28.796646341201686,0.5458629063333346,real,0.0
70.76887047378848,528.0,249.79499999999973,28.55156849999997,0.545870304083336,real,0.0
70.7744670629915,528.0,257.29957081545035,29.409340944205976,0.5459160240833351,real,0.0
70.86121419564056,528.0,251.9391630901285,28.796646341201686,0.5466099203333373,real,0.0
70.95355791749219,528.0,248.72291845493532,28.42902957939911,0.5473391543333351,real,0.0
71.04869993394598,528.0,257.29957081545035,29.409340944205976,0.5481163943333376,real,0.0
71.12425388818816,528.0,300.18283261802543,34.31089776824031,0.5488364843333348,real,0.0
71.14757300986803,528.0,268.02038626609414,30.63473015021456,0.5490349218333355,real,0.0
71.32666386436873,528.0,300.18283261802543,34.31089776824031,0.5507418018333355,real,0.0
71.7007025761122,528.0,261.58789699570787,29.89949662660941,0.5538483488333343,real,0.0
71.7044336355813,528.0,253.01124463519287,28.919185261802543,0.553878320833337,real,0.0
71.79397906283165,528.0,251.9391630901285,28.796646341201686,0.5545946008333371,real,0.0
71.79491182769861,528.0,257.29957081545035,29.409340944205976,0.5546022208333352,real,0.0
71.88632278468329,528.0,247.65083690987095,28.306490658798253,0.5553209773333347,real,0.0
71.98426309573837,528.0,249.79499999999973,28.55156849999997,0.5560977410833349,real,0.0
71.9935907444105,528.0,257.29957081545035,29.409340944205976,0.5561739410833366,real,0.0
72.05515322564491,528.0,268.02038626609414,30.63473015021456,0.556697816083335,real,0.0
72.26502532076283,528.0,268.02038626609414,30.63473015021456,0.5584837535833344,real,0.0
72.45904041313865,528.0,296.9665879828323,33.943281006437736,0.560313061583335,real,0.0
72.72674393002275,528.0,270.1645493562229,30.87980799141628,0.5626093485833372,real,0.0
72.82095318160873,528.0,254.08332618025725,29.041724182403403,0.5633693483333346,real,0.0
72.82934806541347,528.0,246.57875536480665,28.1839517381974,0.5634350708333348,real,0.0
72.91702796292947,528.0,251.9391630901285,28.796646341201686,0.564136428333335,real,0.0
72.91702796292947,528.0,250.8670815450641,28.674107420600823,0.564136428333335,real,0.0
72.91796072779685,528.0,257.29957081545035,29.409340944205976,0.5641440483333365,real,0.0
72.99258191717207,528.0,284.10160944205984,32.47281395922744,0.564817148333336,real,0.0
73.47202305890842,528.0,269.09246781115854,30.75726907081542,0.5689133428333369,real,0.0
73.5662323104944,528.0,278.7412017167379,31.860119356223144,0.5697470978333341,real,0.0
73.57089613483045,528.0,290.53409871244605,33.20804748283258,0.569790119083335,real,0.0
73.74625592986247,528.0,284.10160944205984,32.47281395922744,0.5713719040833358,real,0.0
73.75371804879983,528.0,255.1554077253216,29.16426310300426,0.5714323560833344,real,0.0
73.92721231409752,528.0,284.10160944205984,32.47281395922744,0.5729973135833357,real,0.0
73.9402710222383,528.0,251.9391630901285,28.796646341201686,0.5731017710833366,real,0.0
74.03261474408994,528.0,251.9391630901285,28.796646341201686,0.5738404348333344,real,0.0
74.12495846594202,528.0,284.10160944205984,32.47281395922744,0.5746733960833358,real,0.0
74.1258912308094,528.0,246.57875536480665,28.1839517381974,0.5746806985833373,real,0.0
74.31057867451311,528.0,284.10160944205984,32.47281395922744,0.5763466210833361,real,0.0
74.40758622070081,528.0,272.30871244635165,31.124885832617995,0.5771853290833346,real,0.0
74.59693748874058,528.0,284.10160944205984,32.47281395922744,0.5788933203333344,real,0.0
74.78255769731167,528.0,287.31785407725295,32.84043072103001,0.580586611333335,real,0.0
74.84412017854652,528.0,289.46201716738165,33.08550856223172,0.5811523963333372,real,0.0
74.87023759482769,528.0,256.227489270386,29.28680202360512,0.5813648673333357,real,0.0
74.87210312456202,528.0,251.9391630901285,28.796646341201686,0.5813797898333353,real,0.0
75.05679056826615,528.0,289.46201716738165,33.08550856223172,0.5830771448333381,real,0.0
75.0586560980005,528.0,251.9391630901285,28.796646341201686,0.5830920673333377,real,0.0
75.27599031205575,528.0,284.10160944205984,32.47281395922744,0.5850524710833354,real,0.0
75.3403510878919,528.0,284.10160944205984,32.47281395922744,0.585633019833335,real,0.0
75.52783682619733,528.0,275.5249570815448,31.492502594420568,0.5872731295833352,real,0.0
75.61831501831507,528.0,277.6691201716735,31.737580435622284,0.5880707848333371,real,0.0
75.62204607778374,528.0,295.894506437768,33.82074208583688,0.5881058368333362,real,0.0
75.76009527812815,528.0,310.9036480686692,35.53628697424889,0.5894685468333375,real,0.0
75.89814447847215,528.0,257.29957081545035,29.409340944205976,0.5905963068333352,real,0.0
75.98768990572249,528.0,310.9036480686692,35.53628697424889,0.5914802268333351,real,0.0
75.9914209651916,528.0,251.9391630901285,28.796646341201686,0.5915100718333378,real,0.0
76.1761084088953,528.0,289.46201716738165,33.08550856223172,0.5932074268333366,real,0.0
76.18543605756699,528.0,285.17369098712413,32.59535287982829,0.5932918818333346,real,0.0
76.28337636862207,528.0,284.10160944205984,32.47281395922744,0.5941753255833347,real,0.0
76.55107988550617,528.0,278.7412017167379,31.860119356223144,0.596544510583337,real,0.0
76.69099461558491,528.0,300.18283261802543,34.31089776824031,0.5978780105833378,real,0.0
76.73670009407725,528.0,271.2366309012873,31.00234691201713,0.5982716153333375,real,0.0
76.83090934566324,528.0,257.29957081545035,29.409340944205976,0.599041235333335,real,0.0
76.83090934566324,528.0,300.18283261802543,34.31089776824031,0.599041235333335,real,0.0
76.92138753778097,528.0,300.18283261802543,34.31089776824031,0.5999035653333368,real,0.0
77.11726815989114,528.0,293.7503433476392,33.57566424463516,0.6017304603333371,real,0.0
77.30102283872789,528.0,286.24577253218854,32.71789180042915,0.603400478583338,real,0.0
77.39429932544691,528.0,284.10160944205984,32.47281395922744,0.6042418535833372,real,0.0
77.47731539862687,528.0,309.8315665236048,35.41374805364803,0.6050584953333367,real,0.0
77.48384475269727,528.0,281.957446351931,32.22773611802572,0.6051169470833372,real,0.0
77.57898676915062,528.0,268.02038626609414,30.63473015021456,0.605926572083336,real,0.0
77.62749054224469,528.0,300.18283261802543,34.31089776824031,0.6063888520833373,real,0.0
77.8560179347064,528.0,300.18283261802543,34.31089776824031,0.6085669020833363,real,0.0
78.03883984867578,528.0,300.18283261802543,34.31089776824031,0.6103093420833355,real,-0.02532168978556199
78.03977261354316,528.0,307.68740343347605,35.168670212446315,0.6103184543333374,real,-0.025754492684029132
78.14330951380126,528.0,298.0386695278968,34.0658199270386,0.6112981958333363,real,-0.07214280510015336
78.23751876538766,528.0,287.31785407725295,32.84043072103001,0.6121576048333373,real,-0.11633411997840351
78.31680377909893,528.0,300.18283261802543,34.31089776824031,0.6129132548333375,real,-0.15600188954946845
78.51175163634173,528.0,284.10160944205984,32.47281395922744,0.6146717285833362,real,-0.25275830180744707
78.52014652014645,528.0,284.10160944205984,32.47281395922744,0.6147474523333363,real,-0.2568717948717632
78.54999499589671,528.0,294.8224248927036,33.698203165236016,0.6150268523333376,real,-0.2714975479893897
78.69923737464715,528.0,268.02038626609414,30.63473015021456,0.6162968523333365,real,-0.044030889329221286
79.06301567285156,528.0,294.8224248927036,33.698203165236016,0.6197020398333354,real,-0.2247995856601582
79.06674673232067,528.0,300.18283261802543,34.31089776824031,0.6197375998333386,real,-0.22660541844320442
79.06674673232067,528.0,300.18283261802543,34.31089776824031,0.6197375998333386,real,-0.22660541844320442
79.1590904541723,528.0,305.5432403433473,34.923592371244595,0.6206334260833359,real,-0.2705815989110464
79.16655257311008,528.0,302.3269957081542,34.55597560944202,0.6207050540833383,real,-0.27417834023905696
79.25516523549305,528.0,288.3899356223173,32.96296964163087,0.6215164253333366,real,-0.3
79.44451650353282,528.0,284.10160944205984,32.47281395922744,0.6232244165833364,real,-0.3
79.49954963069727,528.0,294.8224248927036,33.698203165236016,0.623739560333338,real,-0.3
79.53965851998618,528.0,284.10160944205984,32.47281395922744,0.6241013515833351,real,-0.3
79.71968213935426,528.0,294.8224248927036,33.698203165236016,0.625786482833337,real,-0.3
79.99951159951176,528.0,294.8224248927036,33.698203165236016,0.6284058578333387,real,-0.3
80.09278808623078,528.0,298.0386695278968,34.0658199270386,0.6292885078333378,real,-0.3
80.18699733781719,528.0,303.3990772532186,34.67851453004288,0.6301960180833388,real,-0.3
80.19725775135626,528.0,306.6153218884117,35.046131291845455,0.6302959035833385,real,-0.3
80.28027382453622,528.0,300.18283261802543,34.31089776824031,0.6310871135833381,real,-0.3
80.37634860585696,528.0,289.46201716738165,33.08550856223172,0.6319700810833386,real,-0.3
80.47055785744294,528.0,284.10160944205984,32.47281395922744,0.6328198698333357,real,-0.3
80.83899997998341,528.0,296.9665879828323,33.943281006437736,0.6362937960833356,real,-0.3
81.02368742368755,528.0,293.7503433476392,33.57566424463516,0.6380162970833384,real,-0.3
81.02368742368755,528.0,294.8224248927036,33.698203165236016,0.6380162970833384,real,-0.3
81.21956804579771,528.0,300.18283261802543,34.31089776824031,0.6398831970833387,real,-0.3
81.22329910526639,528.0,310.9036480686692,35.53628697424889,0.6399200270833378,real,-0.3
81.31004623791502,528.0,301.2549141630898,34.43343668884116,0.6407497498333364,real,-0.3
81.32123941632146,528.0,289.46201716738165,33.08550856223172,0.6408526198333379,real,-0.3
81.86970515822959,528.0,292.6782618025748,33.4531253240343,0.6459492568333357,real,-0.3
81.95645229087864,528.0,295.894506437768,33.82074208583688,0.6467642158333383,real,-0.3
82.14580355891842,528.0,294.8224248927036,33.698203165236016,0.6485366595833382,real,-0.3
82.14673632378538,528.0,300.18283261802543,34.31089776824031,0.648545549583336,real,-0.3
82.23908004563744,528.0,300.18283261802543,34.31089776824031,0.6494256595833373,real,-0.3
82.33235653235646,528.0,310.9036480686692,35.53628697424889,0.6503464095833364,real,-0.3
82.98809023399178,528.0,294.8224248927036,33.698203165236016,0.6564844783333363,real,-0.3
82.98995576372612,528.0,294.8224248927036,33.698203165236016,0.6565019408333359,real,-0.3
83.07763566124213,528.0,300.18283261802543,34.31089776824031,0.6573376008333364,real,-0.3
83.07856842610951,528.0,291.60618025751046,33.33058640343344,0.6573462368333381,real,-0.3
83.35653235653224,528.0,300.18283261802543,34.31089776824031,0.659995456833336,real,-0.3
84.01506435276929,528.0,294.8224248927036,33.698203165236016,0.6661597193333373,real,-0.3
84.10740807462135,528.0,290.53409871244605,33.20804748283258,0.6670115400833386,real,-0.3
84.11580295842609,528.0,300.18283261802543,34.31089776824031,0.6670915500833389,real,-0.3
84.1969535018717,528.0,294.8224248927036,33.698203165236016,0.6678511688333388,real,-0.3
85.04017294181244,528.0,289.46201716738165,33.08550856223172,0.6756007088333387,real,-0.3
85.1297183690628,528.0,294.8224248927036,33.698203165236016,0.6764389088333388,real,-0.3
85.22299485578182,528.0,294.8224248927036,33.698203165236016,0.6773120338333379,real,-0.3
86.15389419323859,528.0,289.46201716738165,33.08550856223172,0.6858673888333384,real,-0.4465396024740715
86.24903620969195,528.0,294.8224248927036,33.698203165236016,0.6867579763333372,real,-0.4789742388758795
86.995248103445,528.0,289.46201716738165,33.08550856223172,0.6936159763333387,real,-0.5
99.09600672551508,528.0,289.46201716738165,33.08550856223172,0.8048270188333384,real,0.0
99.30028223142996,528.0,289.46201716738165,33.08550856223172,0.8067043963333388,real,0.0
100.0241077683701,528.0,310.9036480686692,35.53628697424889,0.8138494163333373,real,0.0
100.32818911507442,528.0,310.9036480686692,35.53628697424889,0.8168510613333375,real,0.0
100.9447466922878,528.0,310.9036480686692,35.53628697424889,0.822937218833338,real,0.0
101.1676774955465,528.0,310.9036480686692,35.53628697424889,0.8251378113333384,real,0.0
101.25349186332774,528.0,291.60618025751046,33.33058640343344,0.8259323233333352,real,0.0
101.5407834424226,528.0,310.9036480686692,35.53628697424889,0.8287682333333352,real,0.0
101.634992694009,528.0,295.894506437768,33.82074208583688,0.8296532963333362,real,0.0
101.8644528513381,528.0,300.18283261802543,34.31089776824031,0.831840236333337,real,0.0
102.1004423627376,528.0,300.18283261802543,34.31089776824031,0.8340894063333384,real,0.0
102.4772793690828,528.0,300.18283261802543,34.31089776824031,0.8376809663333383,real,0.0
102.4772793690828,528.0,310.9036480686692,35.53628697424889,0.8376809663333383,real,0.0
102.8037470725996,528.0,300.18283261802543,34.31089776824031,0.8407924663333375,real,0.0
103.03600552452998,528.0,300.18283261802543,34.31089776824031,0.8430060763333357,real,0.0
103.10969394903825,528.0,310.9036480686692,35.53628697424889,0.8437334688333373,real,0.0
103.40444764707046,528.0,307.68740343347605,35.168670212446315,0.8466129398333356,real,0.0
103.59379891511024,528.0,304.47115879828294,34.80105345064374,0.8484433908333354,real,0.0
103.59379891511024,528.0,310.9036480686692,35.53628697424889,0.8484433908333354,real,0.0
103.73744470465763,528.0,305.5432403433473,34.923592371244595,0.8498368983333353,real,0.029846578194023282
104.03313116755724,528.0,300.18283261802543,34.31089776824031,0.8526550283333354,real,0.1819294201244242
104.05831581897144,528.0,305.5432403433473,34.923592371244595,0.8528993445833358,real,0.1948743309513202
104.2448687924099,528.0,300.18283261802543,34.31089776824031,0.8546773445833382,real,0.29076255929869016
104.25046538161293,528.0,305.5432403433473,34.923592371244595,0.854731637083337,real,0.29084784723471196
104.34467463319932,528.0,300.18283261802543,34.31089776824031,0.855629527083338,real,0.042162761464452345
104.52656378230132,528.0,310.9036480686692,35.53628697424889,0.8574249895833352,real,0.13570691166748375
104.66554574751312,528.0,300.18283261802543,34.31089776824031,0.8587495995833382,real,0.20719051422174195
104.7131167557398,528.0,308.75948497854046,35.291209133047175,0.8592159435833375,real,0.23164201245025837
104.8978041994435,528.0,300.18283261802543,34.31089776824031,0.8609761635833363,real,0.3
104.99108068616252,528.0,305.5432403433473,34.923592371244595,0.8618810385833355,real,0.3
105.18136471906968,528.0,301.2549141630898,34.43343668884116,0.8637010755833371,real,0.3
105.36978322224206,528.0,300.18283261802543,34.31089776824031,0.865496855583335,real,0.3
105.45746311975807,528.0,310.9036480686692,35.53628697424889,0.8663623605833355,real,0.3
105.45932864949242,528.0,303.3990772532186,34.67851453004288,0.8663803310833351,real,0.3
105.55353790107884,528.0,300.18283261802543,34.31089776824031,0.8672782210833361,real,0.3
105.5544706659462,528.0,310.9036480686692,35.53628697424889,0.8672874285833378,real,0.3
105.60390720390724,528.0,300.18283261802543,34.31089776824031,0.8677585985833369,real,0.3
105.8305690666346,528.0,300.18283261802543,34.31089776824031,0.8699188685833364,real,0.3
106.1103985267921,528.0,303.3990772532186,34.67851453004288,0.872614443583338,real,0.3
106.29974979483188,528.0,302.3269957081542,34.55597560944202,0.8744320040833378,real,0.3
106.39209351668352,528.0,300.18283261802543,34.31089776824031,0.8753121140833352,real,0.3
106.39209351668352,528.0,301.2549141630898,34.43343668884116,0.8753121140833352,real,0.3
106.48630276826992,528.0,300.18283261802543,34.31089776824031,0.8762100040833362,real,0.3
106.67099021197365,528.0,310.9036480686692,35.53628697424889,0.8780330890833349,real,0.3
106.760535639224,528.0,300.18283261802543,34.31089776824031,0.878886529083335,real,0.3
106.76426669869308,528.0,310.9036480686692,35.53628697424889,0.8789233590833382,real,0.3
106.85661042054473,528.0,300.18283261802543,34.31089776824031,0.8798034690833356,real,0.3
106.95828179106849,528.0,300.18283261802543,34.31089776824031,0.880772479083335,real,0.3
107.05342380752226,528.0,302.3269957081542,34.55597560944202,0.8816857360833378,real,0.3
107.32392561900764,528.0,303.3990772532186,34.67851453004288,0.8842914585833375,real,0.3
107.4638403490864,528.0,300.18283261802543,34.31089776824031,0.8856249585833383,real,0.3
107.51047859244572,528.0,300.18283261802543,34.31089776824031,0.8860694585833359,real,0.3
107.51047859244572,528.0,300.18283261802543,34.31089776824031,0.8860694585833359,real,0.3
107.60375507916471,528.0,310.9036480686692,35.53628697424889,0.886990208583335,real,0.3
107.69330050641508,528.0,300.18283261802543,34.31089776824031,0.8878436485833351,real,0.3
107.78844252286886,528.0,300.18283261802543,34.31089776824031,0.8887504285833379,real,0.3
108.07200304249504,528.0,301.2549141630898,34.43343668884116,0.8914626405833387,real,0.3
108.07480133709632,528.0,300.18283261802543,34.31089776824031,0.891489310583336,real,0.3
108.25669048619876,528.0,304.47115879828294,34.80105345064374,0.8932476255833375,real,0.3
108.40873115955092,528.0,294.8224248927036,33.698203165236016,0.8946708193333376,real,0.3
108.4432434596368,528.0,300.18283261802543,34.31089776824031,0.8949997493333359,real,0.3
108.53372165175452,528.0,300.18283261802543,34.31089776824031,0.8958620793333377,real,0.3
108.62793090334094,528.0,294.8224248927036,33.698203165236016,0.8967439355833388,real,0.3
108.69695550351273,528.0,300.18283261802543,34.31089776824031,0.8974017955833353,real,0.3
109.09524610180344,528.0,300.18283261802543,34.31089776824031,0.9011978255833364,real,0.3
109.19505194259288,528.0,300.18283261802543,34.31089776824031,0.9021490555833362,real,0.3
109.29299225364797,528.0,305.5432403433473,34.923592371244595,0.9030991743333364,real,0.3
109.32843731860122,528.0,300.18283261802543,34.31089776824031,0.9034369943333364,real,0.3
109.47208310814864,528.0,300.18283261802543,34.31089776824031,0.9048060543333364,real,0.3
109.60173742468832,528.0,299.1107510729611,34.18835884763945,0.9060373510833376,real,0.3
109.62039272203212,528.0,300.18283261802543,34.31089776824031,0.9062151510833372,real,0.3
109.62972037070382,528.0,300.18283261802543,34.31089776824031,0.9063040510833352,real,0.3
109.65117396264934,528.0,300.18283261802543,34.31089776824031,0.9065085210833363,real,0.3
109.84052523068912,528.0,298.0386695278968,34.0658199270386,0.908300300583336,real,0.3
109.84052523068912,528.0,294.8224248927036,33.698203165236016,0.908300300583336,real,0.3
109.84985287936122,528.0,300.18283261802543,34.31089776824031,0.908389200583338,real,0.3
109.93380171740812,528.0,300.18283261802543,34.31089776824031,0.9091893005833352,real,0.3
110.12222022058094,528.0,300.18283261802543,34.31089776824031,0.9109850805833372,real,0.3
110.12595128004962,528.0,300.18283261802543,34.31089776824031,0.9110206405833364,real,0.3
110.26773153986272,528.0,300.18283261802543,34.31089776824031,0.9123719205833368,real,0.3
110.31716807782374,528.0,305.5432403433473,34.923592371244595,0.9128515043333358,real,0.3
110.49252787285576,528.0,300.18283261802543,34.31089776824031,0.9145228243333368,real,0.3
110.77235733301325,528.0,300.18283261802543,34.31089776824031,0.9171898243333384,real,0.3
110.86656658459924,528.0,295.894506437768,33.82074208583688,0.9180748873333354,real,0.3
110.87589423327135,528.0,300.18283261802543,34.31089776824031,0.9181637873333374,real,0.3
110.95984307131867,528.0,300.18283261802543,34.31089776824031,0.9189638873333388,real,0.3
111.05405232290468,528.0,296.9665879828323,33.943281006437736,0.9198521570833356,real,0.3
111.1501271042254,528.0,300.18283261802543,34.31089776824031,0.9207678270833362,real,0.3
111.1948998178508,528.0,300.18283261802543,34.31089776824031,0.9211945470833384,real,0.3
111.24060529634312,528.0,300.18283261802543,34.31089776824031,0.921630157083338,real,0.3
111.51856922676588,528.0,300.18283261802543,34.31089776824031,0.924279377083336,real,0.3
111.79653315718905,528.0,300.18283261802543,34.31089776824031,0.926928597083338,real,0.3
111.8916751736424,528.0,300.18283261802543,34.31089776824031,0.9278353770833369,real,0.3
111.89260793850978,528.0,296.9665879828323,33.943281006437736,0.9278441718333386,real,0.3
111.98681719009576,528.0,295.894506437768,33.82074208583688,0.9287292348333356,real,0.3
111.99334654416616,528.0,300.18283261802543,34.31089776824031,0.928791464833336,real,0.3
112.0828919714165,528.0,300.18283261802543,34.31089776824031,0.929644904833336,real,0.3
112.0959506795573,528.0,300.18283261802543,34.31089776824031,0.9297693648333372,real,0.3
112.1267319201745,528.0,300.18283261802543,34.31089776824031,0.9300627348333362,real,0.3
112.44853579935568,528.0,300.18283261802543,34.31089776824031,0.9331297848333386,real,0.3
112.64348365659846,528.0,300.18283261802543,34.31089776824031,0.9349877948333372,real,0.3
112.82350727596612,528.0,298.0386695278968,34.0658199270386,0.9366913093333352,real,0.22334711463408852
112.9186492924199,528.0,300.18283261802543,34.31089776824031,0.937598089333338,real,0.1725412778477758
113.0128585440063,528.0,294.8224248927036,33.698203165236016,0.9384799455833388,real,0.12187923497255637
113.01472407374064,528.0,300.18283261802543,34.31089776824031,0.9384977255833384,real,0.1208606557376113
113.0156568386076,528.0,300.18283261802543,34.31089776824031,0.9385066155833364,real,0.12035136612025128
113.06322784683428,528.0,294.8224248927036,33.698203165236016,0.9389519093333356,real,0.09443050701581807
113.20220981204608,528.0,294.8224248927036,33.698203165236016,0.9402528655833386,real,0.03296999339566452
113.37010748814032,528.0,300.18283261802543,34.31089776824031,0.9418530655833371,real,0.22996260133306845
113.56971916971916,528.0,299.1107510729611,34.18835884763945,0.9437487310833368,real,0.12336996336996423
113.66392842130556,528.0,300.18283261802543,34.31089776824031,0.9446466210833376,real,0.07283436618022457
113.76093596749328,528.0,299.1107510729611,34.18835884763945,0.945567879083336,real,0.020703937228560287
113.7628014972276,528.0,300.18283261802543,34.31089776824031,0.9455856590833356,real,0.01971520646937206
113.85048139474362,528.0,294.8224248927036,33.698203165236016,0.946406396583336,real,0.0
113.851414159611,528.0,300.18283261802543,34.31089776824031,0.9464152865833376,real,0.0
113.9959927140254,528.0,294.8224248927036,33.698203165236016,0.9477686303333356,real,0.0
114.12937809003374,528.0,300.18283261802543,34.31089776824031,0.9490399003333356,real,0.0
114.22638563622186,528.0,294.8224248927036,33.698203165236016,0.949947950333338,real,0.0
114.50061850717591,528.0,298.0386695278968,34.0658199270386,0.9525429413333372,real,0.0
114.50341680177765,528.0,294.8224248927036,33.698203165236016,0.9525691350833384,real,0.0
114.59669328849668,528.0,300.18283261802543,34.31089776824031,0.9534581350833377,real,0.0
114.88025380812284,528.0,300.18283261802543,34.31089776824031,0.9561606950833385,real,0.0
114.89051422166192,528.0,294.8224248927036,33.698203165236016,0.956256738833338,real,0.0
114.93062311095082,528.0,300.18283261802543,34.31089776824031,0.9566390088333352,real,0.0
114.9697992353732,528.0,300.18283261802543,34.31089776824031,0.9570123888333384,real,0.0
114.97073200024016,528.0,300.18283261802543,34.31089776824031,0.9570212788333362,real,0.0
115.15821773854556,528.0,300.18283261802543,34.31089776824031,0.9588081688333364,real,0.0
115.25242699013198,528.0,294.8224248927036,33.698203165236016,0.9596900250833372,real,0.0
115.44084549330438,528.0,294.8224248927036,33.698203165236016,0.9614537375833354,real,0.0
115.62553293700851,528.0,296.9665879828323,33.943281006437736,0.9631950980833384,real,0.0
115.71414559939149,528.0,300.18283261802543,34.31089776824031,0.9640396480833364,real,0.0
115.81301867531394,528.0,300.18283261802543,34.31089776824031,0.9649819880833383,real,0.0
115.86525350787667,528.0,294.8224248927036,33.698203165236016,0.9654709380833388,real,0.0
115.90629516203296,528.0,300.18283261802543,34.31089776824031,0.9658620980833376,real,0.0
115.99677335415028,528.0,300.18283261802543,34.31089776824031,0.9667244280833356,real,0.0
116.005168237955,528.0,294.8224248927036,33.698203165236016,0.9668030093333356,real,0.0
116.37174483076112,528.0,295.894506437768,33.82074208583688,0.9702468683333356,real,0.0
116.46502131748016,528.0,294.8224248927036,33.698203165236016,0.971119993333335,real,0.0
116.56016333393394,528.0,295.894506437768,33.82074208583688,0.9720138193333376,real,0.0
116.74578354250504,528.0,300.18283261802543,34.31089776824031,0.9737829293333384,real,0.0
116.7914890209974,528.0,294.8224248927036,33.698203165236016,0.9742107605833382,real,0.0
116.92673992674008,528.0,300.18283261802543,34.31089776824031,0.975499810583338,real,0.0
117.0200164134591,528.0,294.8224248927036,33.698203165236016,0.9763729355833372,real,0.0
117.02188194319343,528.0,300.18283261802543,34.31089776824031,0.9763907155833368,real,0.0
117.06385636221712,528.0,299.1107510729611,34.18835884763945,0.9767893368333374,real,0.0
117.31010628715568,528.0,296.9665879828323,33.943281006437736,0.9791111508333384,real,0.0
117.58620468784407,528.0,294.8224248927036,33.698203165236016,0.9816956008333368,real,0.0
117.58713745271145,528.0,294.8224248927036,33.698203165236016,0.9817043320833384,real,0.0
117.67761564482876,528.0,300.18283261802543,34.31089776824031,0.9825666620833364,real,0.0
117.68321223403176,528.0,294.8224248927036,33.698203165236016,0.9826190495833352,real,0.0
117.72518665305545,528.0,289.46201716738165,33.08550856223172,0.9830048120833356,real,0.0
117.7671610720791,528.0,300.18283261802543,34.31089776824031,0.9834048620833364,real,0.0
117.9966212294082,528.0,298.0386695278968,34.0658199270386,0.9855761810833372,real,0.0
118.0432594727675,528.0,289.46201716738165,33.08550856223172,0.986004806083335,real,0.0
118.23354350567466,528.0,294.8224248927036,33.698203165236016,0.9877859810833366,real,0.0
118.2419383894794,528.0,296.9665879828323,33.943281006437736,0.9878651338333366,real,0.0
118.2447366840811,528.0,298.0386695278968,34.0658199270386,0.987891613333338,real,0.0
118.51803679016778,528.0,294.8224248927036,33.698203165236016,0.990449869583335,real,0.0
118.7008587041376,528.0,294.8224248927036,33.698203165236016,0.9921611945833384,real,0.0
118.7941351908566,528.0,300.18283261802543,34.31089776824031,0.9930501945833374,real,0.0
118.9200584479272,528.0,293.7503433476392,33.57566424463516,0.9942246270833354,real,0.0
119.17470325667048,528.0,294.8224248927036,33.698203165236016,0.9966082583333364,real,0.0
119.25865209471782,528.0,289.46201716738165,33.08550856223172,0.9973797833333378,real,0.0
119.25958485958478,528.0,292.6782618025748,33.4531253240343,0.9973884510833356,real,0.0
119.2745090974599,528.0,295.894506437768,33.82074208583688,0.9975286590833362,real,0.0
119.4480033627576,528.0,299.1107510729611,34.18835884763945,0.9991762935833376,real,0.0
119.63175804159434,528.0,294.8224248927036,33.698203165236016,1.0008963498333383,real,0.0
119.63362357132868,528.0,294.8224248927036,33.698203165236016,1.000913812333338,real,0.0
120.2828279188936,528.0,294.8224248927036,33.698203165236016,1.0069907623333374,real,0.0
120.2856262134949,528.0,291.60618025751046,33.33058640343344,1.0070166703333348,real,0.0
120.3798354650813,528.0,294.8224248927036,33.698203165236016,1.0078985265833358,real,0.0
120.3863648191517,528.0,300.18283261802543,34.31089776824031,1.0079607565833364,real,0.0
120.48803618967546,528.0,294.8224248927036,33.698203165236016,1.0089124628333357,real,0.0
120.78558818230938,528.0,289.46201716738165,33.08550856223172,1.0116470903333354,real,0.2234023058907334
121.04862787485742,528.0,290.53409871244605,33.20804748283258,1.0140734888333367,real,0.45628429712367347
121.12231629936568,528.0,289.46201716738165,33.08550856223172,1.0147507163333382,real,0.021393710843066308
121.22678596449072,528.0,294.8224248927036,33.698203165236016,1.015728616333335,real,0.11296450489386622
121.4077423487262,528.0,294.8224248927036,33.698203165236016,1.0174224788333386,real,0.2711132668790535
121.50381713004651,528.0,300.18283261802543,34.31089776824031,1.0183381488333352,real,0.3557896114813044
122.1548870073462,528.0,289.46201716738165,33.08550856223172,1.0243217538333378,real,0.5
122.2425669048622,528.0,289.46201716738165,33.08550856223172,1.0251275688333383,real,0.5
122.25096178866694,528.0,294.8224248927036,33.698203165236016,1.0252061500833385,real,0.5
122.26308773194036,528.0,294.8224248927036,33.698203165236016,1.0253196563333378,real,0.5
123.272339318241,528.0,289.46201716738165,33.08550856223172,1.0345951013333368,real,0.5
123.27327208310838,528.0,289.46201716738165,33.08550856223172,1.0346036738333384,real,0.5
123.2844652615144,528.0,294.8224248927036,33.698203165236016,1.034708448833336,real,0.5
124.38885886426884,528.0,289.46201716738165,33.08550856223172,1.0448582888333378,real,0.5
124.38885886426884,528.0,289.46201716738165,33.08550856223172,1.0448582888333378,real,0.5
125.32162373145997,528.0,289.46201716738165,33.08550856223172,1.053430788833338,real,0.5
137.27034168017786,528.0,246.57875536480665,28.1839517381974,1.1469758138333377,real,0.4863465621809505
137.3067195099981,528.0,246.57875536480665,28.1839517381974,1.1472606113333357,real,0.47428256170063354
137.53338137272547,528.0,246.57875536480665,28.1839517381974,1.1490351188333352,real,0.39938414700059666
138.46614623991658,528.0,246.57875536480665,28.1839517381974,1.1563376188333354,real,0.3
138.4689445345183,528.0,246.57875536480665,28.1839517381974,1.1563595263333366,real,0.3
139.18064412818504,528.0,246.57875536480665,28.1839517381974,1.161931333833336,real,0.3
139.40357493144373,528.0,246.57875536480665,28.1839517381974,1.1636766313333362,real,0.3
139.50524630196747,528.0,246.57875536480665,28.1839517381974,1.1644726038333355,real,0.3
140.13299705758732,528.0,235.85793991416287,26.95856253218881,1.1691735088333373,real,0.3
140.2990292039472,528.0,246.57875536480665,28.1839517381974,1.1704733538333365,real,0.3
140.42401969615082,528.0,235.85793991416287,26.95856253218881,1.1714093438333364,real,0.3
140.6133709641906,528.0,246.57875536480665,28.1839517381974,1.1728917513333363,real,0.3
140.70664745090963,528.0,245.50667381974228,28.06141281759654,1.1736188263333356,real,0.3
141.06856021938012,528.0,268.02038626609414,30.63473015021456,1.1766985763333384,real,0.3
141.26630637122463,528.0,268.02038626609414,30.63473015021456,1.1783813263333385,real,0.3
141.36238115254494,528.0,246.57875536480665,28.1839517381974,1.1791334838333356,real,0.3
141.5461358313817,528.0,239.074184549356,27.32617929399139,1.1805282930833365,real,0.3
141.6403450829681,528.0,246.57875536480665,28.1839517381974,1.1812658455833371,real,0.3
141.64500890730417,528.0,243.36251072961352,27.816334976394824,1.181301881833338,real,0.3
141.82783082127355,528.0,246.57875536480665,28.1839517381974,1.1827331718333374,real,0.3
142.00039232170383,528.0,257.29957081545035,29.409340944205976,1.1841428718333369,real,0.3
142.29141496026736,528.0,257.29957081545035,29.409340944205976,1.1865203118333358,real,0.3
142.56937889069053,528.0,266.9483047210298,30.512191229613705,1.1888762253333378,real,0.3
142.66358814227652,528.0,246.57875536480665,28.1839517381974,1.189613777833335,real,0.3
142.66358814227652,528.0,241.2183476394848,27.571257135193108,1.189613777833335,real,0.3
142.6645209071439,528.0,245.50667381974228,28.06141281759654,1.1896210485833367,real,0.3
142.76339398306635,528.0,246.57875536480665,28.1839517381974,1.1903951135833384,real,0.3
142.9247623050902,528.0,268.02038626609414,30.63473015021456,1.1917683010833366,real,0.3
143.22231429772413,528.0,268.02038626609414,30.63473015021456,1.1943003635833362,real,0.3
143.41073280089694,528.0,257.29957081545035,29.409340944205976,1.195839603583338,real,0.3
143.41073280089694,528.0,264.80414163090103,30.267113388411985,1.195839603583338,real,0.3
143.68962949618705,528.0,239.074184549356,27.32617929399139,1.197956598333338,real,0.3
143.69242779078834,528.0,251.9391630901285,28.796646341201686,1.1979789820833358,real,0.3
143.69336055565574,528.0,246.57875536480665,28.1839517381974,1.1979862845833371,real,0.3
143.85659440741392,528.0,257.29957081545035,29.409340944205976,1.1993197845833352,real,0.3
143.87898076422684,528.0,246.57875536480665,28.1839517381974,1.199495044583338,real,0.3
144.06366820793053,528.0,257.29957081545035,29.409340944205976,1.2010038045833369,real,0.3
144.43677415480707,528.0,266.9483047210298,30.512191229613705,1.2041661045833374,real,0.3
144.5300506415261,528.0,259.4437339055791,29.65441878540769,1.2049344545833367,real,0.3
144.5356472307291,528.0,258.3716523605148,29.53187986480684,1.2049803650833355,real,0.3
144.62425989311248,528.0,262.6599785407723,30.02203554721027,1.205719346333337,real,0.3
144.62519265797943,528.0,236.93002145922725,27.081101452789675,1.2057263630833357,real,0.3
144.63172201204983,528.0,246.57875536480665,28.1839517381974,1.205777480583336,real,0.3
144.79495586380847,528.0,289.46201716738165,33.08550856223172,1.207277668083338,real,0.3
144.8089473368162,528.0,246.57875536480665,28.1839517381974,1.2073872055833368,real,0.3
144.99923136972336,528.0,289.46201716738165,33.08550856223172,1.2091359955833385,real,0.3
145.09717168077844,528.0,260.5158154506435,29.776957706008552,1.2099460968333384,real,0.3
145.27626253527913,528.0,264.80414163090103,30.267113388411985,1.2114518088333384,real,0.3
145.37327008146684,528.0,261.58789699570787,29.89949662660941,1.212257496833337,real,0.3
145.65309954162433,528.0,260.5158154506435,29.776957706008552,1.2145720718333384,real,0.3
145.66242719029603,528.0,246.57875536480665,28.1839517381974,1.2146450968333369,real,0.3
145.73798114453862,528.0,289.46201716738165,33.08550856223172,1.2153394693333377,real,0.3
145.74357773374163,528.0,264.80414163090103,30.267113388411985,1.2153865228333365,real,0.3
145.83498869072633,528.0,235.85793991416287,26.95856253218881,1.2160710528333365,real,0.3
145.9338617666488,528.0,289.46201716738165,33.08550856223172,1.216979737833338,real,0.3
146.30230388918926,528.0,266.9483047210298,30.512191229613705,1.220102509083338,real,0.3
146.39837867051,528.0,262.6599785407723,30.02203554721027,1.2209037203333384,real,0.3
146.48792409776036,528.0,263.7320600858366,30.144574467811125,1.2216535283333383,real,0.3
146.58586440881544,528.0,258.3716523605148,29.53187986480684,1.2224569620833388,real,0.3
146.65395624412025,528.0,289.46201716738165,33.08550856223172,1.2230827545833376,real,0.3
146.67634260093274,528.0,268.02038626609414,30.63473015021456,1.223273254583337,real,0.3
146.76775355791742,528.0,289.46201716738165,33.08550856223172,1.2241133595833362,real,0.3
146.8628955743712,528.0,235.85793991416287,26.95856253218881,1.2248258295833383,real,0.3
146.94031505834772,528.0,289.46201716738165,33.08550856223172,1.2255373470833353,real,0.3
147.14365779939567,528.0,289.46201716738165,33.08550856223172,1.227406152083338,real,0.3
147.2397325807164,528.0,273.380793991416,31.24742475321885,1.2282400658333383,real,0.3
147.33674012690412,528.0,260.5158154506435,29.776957706008552,1.229042451833337,real,0.3
147.5885866410457,528.0,300.18283261802543,34.31089776824031,1.2314427518333368,real,0.3
147.60817470325688,528.0,265.8762231759654,30.38965230901284,1.231608105833338,real,0.3
147.69958566024158,528.0,257.29957081545035,29.409340944205976,1.232354865833338,real,0.3
147.761148141476,528.0,289.46201716738165,33.08550856223172,1.232920650833336,real,0.3
147.79472767669492,528.0,268.02038626609414,30.63473015021456,1.2332064008333363,real,0.3
147.79659320642926,528.0,300.18283261802543,34.31089776824031,1.233224180833336,real,0.3
147.887071398547,528.0,290.53409871244605,33.20804748283258,1.2340587930833378,real,0.3
148.07362437198506,528.0,289.46201716738165,33.08550856223172,1.2357732930833365,real,0.3
148.17063191817277,528.0,289.46201716738165,33.08550856223172,1.2366648330833343,real,0.3
148.3609159510799,528.0,279.81328326180227,31.982658276824,1.238355330083336,real,0.3
148.45139414319763,528.0,258.3716523605148,29.53187986480684,1.2390975498333376,real,0.3
148.45605796753327,528.0,268.02038626609414,30.63473015021456,1.239137237333335,real,0.3
148.464452851338,528.0,257.29957081545035,29.409340944205976,1.239205817333335,real,0.3
148.5269480974398,528.0,328.28393768375486,37.52285407725318,1.2398572062222235,real,0.3
148.8170379711364,528.0,328.28393768375486,37.52285407725318,1.2428808173333366,real,0.3
149.0054564743092,528.0,300.18283261802543,34.31089776824031,1.2446765973333385,real,0.3
149.00638923917614,528.0,292.6782618025748,33.4531253240343,1.2446852650833362,real,0.3
149.01664965271522,528.0,289.46201716738165,33.08550856223172,1.244779562583336,real,0.3
149.19294221261418,528.0,289.46201716738165,33.08550856223172,1.2463997650833347,real,0.3
149.38882283472435,528.0,286.24577253218854,32.71789180042915,1.248179987583335,real,0.3
149.44385596188883,528.0,310.9036480686692,35.53628697424889,1.248723230083337,real,0.3
149.47650273224036,528.0,257.29957081545035,29.409340944205976,1.2489899300833358,real,0.3
149.65559358674108,528.0,310.9036480686692,35.53628697424889,1.250757770083336,real,0.3
149.6602574110771,528.0,268.02038626609414,30.63473015021456,1.2507974575833367,real,0.3
149.93822134150028,528.0,328.28393768375486,37.52285407725318,1.2536946798055613,real,0.3
149.93822134150028,528.0,313.047811158798,35.78136481545061,1.2536946798055613,real,0.3
150.03243059308627,528.0,294.8224248927036,33.698203165236016,1.2545765360555583,real,0.3
150.13037090414136,528.0,289.46201716738165,33.08550856223172,1.2554766485555584,real,0.3
150.22364739086038,528.0,289.46201716738165,33.08550856223172,1.2563338985555577,real,0.3
150.31505834784548,528.0,289.46201716738165,33.08550856223172,1.2571740035555612,real,0.3
150.3644948858065,528.0,305.5432403433473,34.923592371244595,1.25765358730556,real,0.3
150.40646930483018,528.0,257.29957081545035,29.409340944205976,1.257996487305561,real,0.3
150.5939550431356,528.0,305.5432403433473,34.923592371244595,1.259815286055561,real,0.3
150.9735903440821,528.0,296.9665879828323,33.943281006437736,1.2633947493055584,real,0.3
151.0556736523951,528.0,325.9127896995705,37.25183186266091,1.26424412530556,real,0.3
151.1526811985828,528.0,289.46201716738165,33.08550856223172,1.2651356653055583,real,0.3
151.2534198042396,528.0,289.46201716738165,33.08550856223172,1.26606149530556,real,0.3
151.303789107068,528.0,305.5432403433473,34.923592371244595,1.2665501278055609,real,0.3
151.43251065874028,528.0,289.46201716738165,33.08550856223172,1.26773313280556,real,0.3
151.4642246642249,528.0,328.28393768375486,37.52285407725318,1.2680636883611167,real,0.3
151.4642246642249,528.0,309.8315665236048,35.41374805364803,1.2680636883611167,real,0.3
151.6143998078423,528.0,305.5432403433473,34.923592371244595,1.2695205371111131,real,0.3
151.80934766508548,528.0,308.75948497854046,35.291209133047175,1.2714316331111155,real,0.3
151.80934766508548,528.0,328.28393768375486,37.52285407725318,1.2714316331111155,real,0.3
151.8970275626015,528.0,305.5432403433473,34.923592371244595,1.272282215611116,real,0.3
151.8970275626015,528.0,328.28393768375486,37.52285407725318,1.272282215611116,real,0.3
152.0826477711726,528.0,299.1107510729611,34.18835884763945,1.2740450073611167,real,0.3
152.18431914169636,528.0,289.46201716738165,33.08550856223172,1.2749794098611162,real,0.3
152.2365539742591,528.0,294.8224248927036,33.698203165236016,1.2754683598611165,real,0.3
152.276662863548,528.0,289.46201716738165,33.08550856223172,1.2758369773611138,real,0.3
152.45388818831435,528.0,294.8224248927036,33.698203165236016,1.277495914861114,real,0.3
152.7355831782062,528.0,304.47115879828294,34.80105345064374,1.2802190488611154,real,0.3
152.83445625412824,528.0,305.5432403433473,34.923592371244595,1.2811782163611132,real,0.3
152.92306891651162,528.0,328.28393768375486,37.52285407725318,1.282101827472227,real,0.3
153.01727816809804,528.0,307.68740343347605,35.168670212446315,1.2830221647222275,real,0.3
153.018210932965,528.0,300.18283261802543,34.31089776824031,1.2830310547222257,real,0.3
153.1105546548171,528.0,326.9848712446348,37.37437078326176,1.2839897459722271,real,0.3
153.15812566304373,528.0,294.8224248927036,33.698203165236016,1.2844350397222264,real,0.3
153.20383114153609,528.0,289.46201716738165,33.08550856223172,1.2848550922222264,real,0.3
153.3885185852398,528.0,294.8224248927036,33.698203165236016,1.286583879722225,real,0.3
153.76162453211631,528.0,294.8224248927036,33.698203165236016,1.290076379722226,real,0.3
153.85303548910102,528.0,302.3269957081542,34.55597560944202,1.2909538227222257,real,0.3
153.85303548910102,528.0,305.5432403433473,34.923592371244595,1.2909538227222257,real,0.3
153.95284132989042,528.0,306.6153218884117,35.046131291845455,1.2919254362222252,real,0.3
154.04611781660986,528.0,328.28393768375486,37.52285407725318,1.292897658444451,real,0.3
154.0573109950159,528.0,300.18283261802543,34.31089776824031,1.2930043384444485,real,0.3
154.08436117616444,528.0,294.8224248927036,33.698203165236016,1.2932575446944483,real,0.3
154.13566324386022,528.0,316.2640557939911,36.14898157725318,1.2937726884444511,real,0.3
154.41455993915034,528.0,294.8224248927036,33.698203165236016,1.296383332194451,real,0.3
154.6011129125884,528.0,294.8224248927036,33.698203165236016,1.2981295821944494,real,0.3
154.6067095017914,528.0,294.8224248927036,33.698203165236016,1.298181969694448,real,0.3
154.78766588602645,528.0,300.18283261802543,34.31089776824031,1.2999066296944477,real,0.3
154.90239596469098,528.0,328.28393768375486,37.52285407725318,1.3011024630277814,real,0.3
154.97888268380098,528.0,305.5432403433473,34.923592371244595,1.3018444605277846,real,0.3
155.02645369202764,528.0,284.10160944205984,32.47281395922744,1.302273561777784,real,0.3
155.06842811105133,528.0,305.5432403433473,34.923592371244595,1.3026807555277846,real,0.3
155.07215917052,528.0,310.9036480686692,35.53628697424889,1.3027175855277835,real,0.3
155.1691667167077,528.0,284.10160944205984,32.47281395922744,1.3035926155277822,real,0.3
155.53294501491212,528.0,294.8224248927036,33.698203165236016,1.3069978030277811,real,0.3
155.6271542664985,528.0,294.8224248927036,33.698203165236016,1.307879659277782,real,0.3
155.72416181268665,528.0,298.0386695278968,34.0658199270386,1.3087976152777845,real,0.3
155.81464000480395,528.0,294.8224248927036,33.698203165236016,1.3096445465277824,real,0.3
155.81557276967132,528.0,305.5432403433473,34.923592371244595,1.309653595277784,real,0.3
155.9573530294844,528.0,278.7412017167379,31.860119356223144,1.3109083552777845,real,0.3
156.09260393522712,528.0,305.5432403433473,34.923592371244595,1.3122204240277844,real,0.3
156.18774595168048,528.0,310.9036480686692,35.53628697424889,1.3131595890277832,real,0.3
156.19147701114915,528.0,278.7412017167379,31.860119356223144,1.3131926090277823,real,0.3
156.47037370643926,528.0,294.8224248927036,33.698203165236016,1.315803252777782,real,0.3
156.55991913368962,528.0,292.6782618025748,33.4531253240343,1.3166353567777822,real,0.3
156.65692667987773,528.0,294.8224248927036,33.698203165236016,1.3175434067777845,real,0.3
156.93302508056613,528.0,295.894506437768,33.82074208583688,1.320137254777783,real,0.3
156.93395784543353,528.0,305.5432403433473,34.923592371244595,1.320146303527785,real,0.3
157.02723433215257,528.0,305.5432403433473,34.923592371244595,1.321051178527784,real,0.3
157.09812446205908,528.0,284.10160944205984,32.47281395922744,1.321690623527784,real,0.3
157.21192177585627,528.0,278.7412017167379,31.860119356223144,1.322697733527783,real,0.3
157.40407133849774,528.0,283.02952789699543,32.35027503862658,1.324424425527784,real,0.3
157.58596048759975,528.0,290.53409871244605,33.20804748283258,1.3261022542777816,real,0.3
157.68016973918614,528.0,294.8224248927036,33.698203165236016,1.3269841105277824,real,0.3
157.77344622590516,528.0,294.8224248927036,33.698203165236016,1.3278572355277816,real,0.3
157.8695210072259,528.0,294.8224248927036,33.698203165236016,1.3287565542777822,real,0.3
157.96466302367926,528.0,305.5432403433473,34.923592371244595,1.329679526777781,real,0.3
158.51779258992389,528.0,281.957446351931,32.22773611802572,1.3346312250277836,real,0.3
158.51779258992389,528.0,288.3899356223173,32.96296964163087,1.3346312250277836,real,0.3
158.51872535479083,528.0,294.8224248927036,33.698203165236016,1.334639956277781,real,0.3
158.89183130166737,528.0,294.8224248927036,33.698203165236016,1.3381324562777823,real,0.3
158.95432654776917,528.0,275.5249570815448,31.492502594420568,1.3386791595277825,real,0.3
158.9851077883864,528.0,294.8224248927036,33.698203165236016,1.3389672907777814,real,0.3
159.2640044836765,528.0,273.380793991416,31.24742475321885,1.3413880695277811,real,0.3
159.45895234091972,528.0,280.8853648068666,32.10519719742486,1.3431266360277838,real,0.3
159.6408414900217,528.0,286.24577253218854,32.71789180042915,1.3447796997777812,real,0.3
159.6511019035612,528.0,294.8224248927036,33.698203165236016,1.344875743527785,real,0.3
159.73131968213943,528.0,294.8224248927036,33.698203165236016,1.3456266310277831,real,0.3
160.29377689705572,528.0,271.2366309012873,31.00234691201713,1.3504703792777837,real,0.3
160.47753157589247,528.0,279.81328326180227,31.982658276824,1.3521028690277843,real,0.3
160.57640465181453,528.0,284.10160944205984,32.47281395922744,1.3529947265277826,real,0.3
160.75736103604956,528.0,294.8224248927036,33.698203165236016,1.3546885890277822,real,0.3
161.3216837807002,528.0,269.09246781115854,30.75726907081542,1.3595099852777823,real,0.3
161.5091695190056,528.0,278.7412017167379,31.860119356223144,1.3611692402777824,real,0.3
161.69292419784236,528.0,284.10160944205984,32.47281395922744,1.3628267490277834,real,0.3
162.3486578994777,528.0,268.02038626609414,30.63473015021456,1.3684068115277834,real,0.3
162.44753097539973,528.0,278.7412017167379,31.860119356223144,1.3692818415277814,real,0.3
163.46144638603644,528.0,268.02038626609414,30.63473015021456,1.3779099040277814,real,0.3
175.53702035669272,528.0,171.53304721030025,19.60622729613732,1.443675584027783,real,0.5
175.77207710322486,528.0,171.53304721030025,19.60622729613732,1.444955744027783,real,0.5
176.4763145779538,528.0,176.89345493562212,20.21892189914161,1.4489110002777812,real,0.5
176.7067075001503,528.0,176.89345493562212,20.21892189914161,1.4502049715277827,real,0.5
177.40441562080926,528.0,166.17263948497836,18.993532693133027,1.4538860665277828,real,0.5
177.5350027022159,528.0,171.53304721030025,19.60622729613732,1.4545972665277822,real,0.5
177.54899417522364,528.0,166.17263948497836,18.993532693133027,1.4546710852777816,real,0.5
178.00791448988184,528.0,172.60512875536463,19.728766216738176,1.4571860662777825,real,0.5
178.33158389879694,528.0,171.53304721030025,19.60622729613732,1.4589488262777812,real,0.5
178.46776756940702,528.0,176.89345493562212,20.21892189914161,1.4597136837777822,real,0.5
178.56664064532947,528.0,171.53304721030025,19.60622729613732,1.4602521637777832,real,0.5
178.5787665886029,528.0,166.17263948497836,18.993532693133027,1.4603161400277829,real,0.5
178.94347765167467,528.0,173.677210300429,19.85130513733904,1.4623272485277832,real,0.5
179.2783402389962,528.0,160.8122317596565,18.380838090128737,1.4640369860277829,real,0.5
179.4005324365981,528.0,174.7492918454934,19.973844057939893,1.464714943777782,real,0.5
179.5926819992396,528.0,160.8122317596565,18.380838090128737,1.4656960187777828,real,0.5
179.78856262134974,528.0,172.60512875536463,19.728766216738176,1.466769486277783,real,0.5
179.96672071098308,528.0,174.7492918454934,19.973844057939893,1.467757959027782,real,0.5
180.2073740467182,528.0,139.37060085836896,15.930059678111572,1.4688228540277812,real,0.5
180.32396965511708,528.0,170.46096566523588,19.48368837553646,1.4694538852777812,real,0.5
180.37993554714893,528.0,167.24472103004277,19.116071613733887,1.4697510652777832,real,0.5
180.42937208510995,528.0,139.37060085836896,15.930059678111572,1.4699698227777829,real,0.5
180.71199983986872,528.0,168.31680257510712,19.238610534334743,1.471480202027782,real,0.5
180.80527632658777,528.0,158.66806866952774,18.13576024892702,1.4719501020277816,real,0.5
180.80527632658777,528.0,168.31680257510712,19.238610534334743,1.4719501020277816,real,0.5
180.90414940251023,528.0,170.46096566523588,19.48368837553646,1.4724852165277826,real,0.5
180.99742588922925,528.0,175.82137339055777,20.096382978540756,1.4730059165277822,real,0.5
181.1289457355033,528.0,75.04570815450636,8.577724442060077,1.4733192890277824,real,0.5
181.4572789687544,528.0,75.04570815450636,8.577724442060077,1.474101609027782,real,0.5
181.4628755579574,528.0,132.9381115879827,15.19482615450642,1.4741252310277817,real,0.5
181.73804119377888,528.0,169.3888841201715,19.361149454935603,1.475605098527782,real,0.5
181.82851938589656,528.0,166.17263948497836,18.993532693133027,1.476082459777783,real,0.5
181.92645969695167,528.0,168.31680257510712,19.238610534334743,1.4766058585277833,real,0.5
182.0225344782724,528.0,176.89345493562212,20.21892189914161,1.4771454497777836,real,0.5
182.0645088972961,528.0,21.44163090128753,2.450778412017165,1.4771740247777836,real,0.5
182.11767649472577,528.0,171.53304721030025,19.60622729613732,1.4774635847777824,real,0.5
182.18949938949928,528.0,154.37974248927023,17.645604566523588,1.4778156287777813,real,0.5
182.3900438359455,528.0,21.44163090128753,2.450778412017165,1.477952153777781,real,0.5
182.58219339858695,528.0,69.68530042918448,7.965029839055786,1.4783772862777815,real,0.5
182.66800776636867,528.0,150.09141630901271,17.155448884120155,1.478786226277782,real,0.5
182.669873296103,528.0,120.07313304721018,13.724359107296124,1.4787933382777818,real,0.5
182.67080606097,528.0,164.0284763948496,18.74845485193131,1.4787981960277807,real,0.5
182.7640825476894,528.0,170.46096566523588,19.48368837553646,1.4793030210277829,real,0.5
182.9534338157292,528.0,166.17263948497836,18.993532693133027,1.4803020347777824,real,0.5
183.02339118076836,0.0,0.0,0.0,1.4803020347777824,real,0.5
183.1381212594329,528.0,176.89345493562212,20.21892189914161,1.4809464010277829,real,0.5
183.22673392181585,0.0,0.0,0.0,1.4809464010277829,real,0.5
183.6026381632941,528.0,21.44163090128753,2.450778412017165,1.481202306027783,real,0.5
183.6063692227628,528.0,107.20815450643768,12.253892060085825,1.4812150060277829,real,0.5
183.69591465001312,528.0,58.96448497854072,6.739640633047204,1.4813826460277826,real,0.5
183.69964570948176,528.0,145.80309012875523,16.66529320171672,1.481399918027782,real,0.5
183.7089733581539,528.0,171.53304721030025,19.60622729613732,1.4814507180277834,real,0.5
183.7882583718652,528.0,161.88431330472085,18.503377010729597,1.4818582292777835,real,0.5
183.8973918613263,528.0,166.17263948497836,18.993532693133027,1.4824340155277822,real,0.5
183.96548369663117,0.0,10.720815450643766,1.2253892060085825,1.482457193027782,real,0.5
184.1650953782104,0.0,10.720815450643766,1.2253892060085825,1.4825251380277822,real,0.5
184.5354030304852,422.0,17.153304721030025,1.960622729613732,1.482726814027782,real,0.5
184.72288876879065,528.0,48.24366952789694,5.51425142703862,1.483013992777782,real,0.5
184.7238215336576,528.0,94.34317596566514,10.783425012875526,1.4830167867777817,real,0.5
184.7266198282593,528.0,141.51476394849772,16.17513751931329,1.4830293597777822,real,0.5
184.7331491823297,528.0,160.8122317596565,18.380838090128737,1.4830626972777825,real,0.5
184.8245601393144,528.0,171.53304721030025,19.60622729613732,1.4835605372777825,real,0.5
184.900114093557,0.0,21.44163090128753,2.450778412017165,1.4836119722777823,real,0.5
184.9691386937288,0.0,0.0,0.0,1.4836119722777823,real,0.5
185.18740567265183,0.0,21.44163090128753,2.450778412017165,1.4837605622777823,real,0.5
185.3795552352929,0.0,11.792896995708142,1.3479281266094407,1.4838325077777823,real,0.5
185.46630236794195,316.0,12.864978540772515,1.4704670472102987,1.4838679407777824,real,0.5
185.56051161952797,0.0,2.144163090128753,0.2450778412017165,1.4838743542777824,real,0.5
185.6556536359817,528.0,37.52285407725318,4.288862221030039,1.4839877017777827,real,0.5
185.7489301227008,528.0,81.47819742489263,9.312957965665229,1.4842290017777824,real,0.5
185.84593766888844,0.0,32.162446351931294,3.676167618025747,1.484328061777782,real,0.5
185.9354830961388,528.0,160.8122317596565,18.380838090128737,1.484785261777782,real,0.5
185.9354830961388,528.0,139.37060085836896,15.930059678111572,1.484785261777782,real,0.5
186.0268940531235,0.0,32.162446351931294,3.676167618025747,1.4848786067777822,real,0.5
186.4,0.0,13.937060085836896,1.5930059678111572,1.4850437067777822,real,0.5
186.4,0.0,0.0,0.0,1.4850437067777822,real,0.5
186.60833333333332,0.0,0.0,0.0,1.4850437067777822,real,0.5
186.81666666666663,0.0,0.0,0.0,1.4850437067777822,real,0.5
187.025,0.0,0.0,0.0,1.4850437067777822,real,0.5
187.23333333333332,0.0,0.0,0.0,1.4850437067777822,real,0.5
187.44166666666663,0.0,0.0,0.0,1.4850437067777822,real,0.5
187.65,0.0,0.0,0.0,1.4850437067777822,real,0.5
187.85833333333332,0.0,0.0,0.0,1.4850437067777822,real,0.5
188.06666666666663,0.0,0.0,0.0,1.4850437067777822,real,0.5
188.275,0.0,0.0,0.0,1.4850437067777822,real,0.5
188.48333333333332,0.0,0.0,0.0,1.4850437067777822,real,0.5
188.69166666666663,0.0,0.0,0.0,1.4850437067777822,real,0.5
188.9,0.0,0.0,0.0,1.4850437067777822,real,0.5
189.10833333333332,0.0,0.0,0.0,1.4850437067777822,real,0.5
189.31666666666663,0.0,0.0,0.0,1.4850437067777822,real,0.5
189.525,0.0,0.0,0.0,1.4850437067777822,real,0.5
189.73333333333332,0.0,0.0,0.0,1.4850437067777822,real,0.5
189.94166666666663,0.0,0.0,0.0,1.4850437067777822,real,0.5
190.15,0.0,0.0,0.0,1.4850437067777822,real,0.5
190.35833333333332,0.0,0.0,0.0,1.4850437067777822,real,0.5
190.56666666666663,0.0,0.0,0.0,1.4850437067777822,real,0.5
190.775,0.0,0.0,0.0,1.4850437067777822,real,0.5
190.98333333333332,0.0,0.0,0.0,1.4850437067777822,real,0.5
191.19166666666663,0.0,0.0,0.0,1.4850437067777822,real,0.5
191.4,532.0,25.728450629927817,2.9407619070007494,1.4852138897585114,real,0.5
191.4,0.0,0.0,0.0,1.4852138897585114,real,0.5
191.4848816029143,154.0,5.175741399860265,0.5915872420040283,1.4852278383344462,real,0.5
191.5884185031724,528.0,42.48451234468421,4.855979760997405,1.4853674975267157,real,0.5
191.60334274104756,13.0,6.97922863084366,0.7977258325054303,1.485370804596183,real,0.5
191.6705018114854,530.0,13.101532971271268,1.497505218616306,1.4853987410013103,real,0.5
191.8561220200565,0.0,6.358880519688823,0.7268200434004324,1.4854362166924353,real,0.5
192.1406153045496,0.0,8.450876917975807,0.9659352317246348,1.4855125506054023,real,0.5
192.22922796693257,7.0,9.46750410941131,1.0821357197057129,1.4855391869740642,real,0.5
192.22922796693257,6.0,8.845587471691802,1.011050648014373,1.4855391869740642,real,0.5
192.4148481755037,22.0,9.564321290142727,1.093201923463314,1.485595553743243,real,0.5
192.51092295682443,525.0,30.392058905644934,3.473812332915216,1.4856882608988635,real,0.5
192.54170419744165,2.0,8.3334719123876,0.9525158395859028,1.4856964052375443,real,0.5
192.60419944354345,54.0,8.654001353174115,0.9891523546678014,1.485713576715277,real,0.5
192.6069977381452,544.0,11.479870768374855,1.312149228825246,1.4857145966541947,real,0.5
192.7012069897316,0.0,3.83444999254853,0.4382776341482969,1.485726066045278,real,0.5
193.06871634740463,3.0,3.089583009186402,0.3531393379500057,1.4857621166039612,real,0.5
193.16199283412368,6.0,1.7478771700453892,0.1997823605361879,1.4857672929919332,real,0.5
193.16758942332712,2.0,2.164163234535934,0.2473638577074572,1.485767677545793,real,0.5
193.2562020857101,0.0,0.9612961624764176,0.1098761513710545,1.4857703821064334,real,0.5
193.34947857242912,2.0,0.0,0.0,1.4857703821064334,real,0.5
193.48752777277352,11.0,1.031962818775671,0.1179533501860592,1.4857749052635645,real,0.5
193.6293080325866,0.0,0.7328750689813928,0.0837676203845732,1.485778204317726,real,0.5
193.72258451930563,529.0,6.182737970706802,0.7066869500517875,1.4857965146721457,real,0.5
193.72631557877432,0.0,0.0,0.0,1.4857965146721457,real,0.5
193.90820472787672,12.0,0.0,0.0,1.4857965146721457,real,0.5
194.0882283472448,0.0,0.0,0.0,1.4857965146721457,real,0.5
194.18803418803424,0.0,0.0,0.0,1.4857965146721457,real,0.5
194.2822434396202,16.0,0.0,0.0,1.4857965146721457,real,0.5
194.2822434396202,4.0,0.0,0.0,1.4857965146721457,real,0.5
194.38764586961307,0.0,0.0,0.0,1.4857965146721457,real,0.5
194.44827558598053,0.0,0.0,0.0,1.4857965146721457,real,0.5
194.46879641305867,19.0,0.0,0.0,1.4857965146721457,real,0.5
194.6534838567624,0.0,0.0,0.0,1.4857965146721457,real,0.5
194.93424608178685,0.0,0.0,0.0,1.4857965146721457,real,0.5
195.02099321443592,4.0,0.0,0.0,1.4857965146721457,real,0.5
195.0331191577093,0.0,0.0,0.0,1.4857965146721457,real,0.5
195.2150083068113,0.0,0.0,0.0,1.4857965146721457,real,0.5
195.3073520286634,7.0,0.0,0.0,1.4857965146721457,real,0.5
195.4006285153824,2.0,0.0,0.0,1.4857965146721457,real,0.5
195.40156128024975,0.0,0.0,0.0,1.4857965146721457,real,0.5
195.77000340279025,39.0,0.0,0.0,1.4857965146721457,real,0.5
195.77653275686063,9.0,0.0,0.0,1.4857965146721457,real,0.5
195.86980924357968,7.0,0.0,0.0,1.4857965146721457,real,0.5
196.05822774675207,0.0,0.0,0.0,1.4857965146721457,real,0.5
196.1477731740024,18.0,0.0,0.0,1.4857965146721457,real,0.5
196.24664624992488,0.0,0.0,0.0,1.4857965146721457,real,0.5
196.4266698692925,0.0,0.0,0.0,1.4857965146721457,real,0.5
196.70556656458305,204.0,0.0,0.0,1.4857965146721457,real,0.5
196.8025741107708,0.0,0.0,0.0,1.4857965146721457,real,0.5
196.9891270842088,2.0,0.0,0.0,1.4857965146721457,real,0.5
197.0805380411935,0.0,0.0,0.0,1.4857965146721457,real,0.5
197.184074941452,4.0,0.0,0.0,1.4857965146721457,real,0.5
197.3594347364836,0.0,0.0,0.0,1.4857965146721457,real,0.5
197.74186833203223,330.0,0.0,0.0,1.4857965146721457,real,0.5
197.8258171700792,0.0,0.0,0.0,1.4857965146721457,real,0.5
197.8286154646809,11.0,0.0,0.0,1.4857965146721457,real,0.5
198.19892311695568,3.0,0.0,0.0,1.4857965146721457,real,0.5
198.29219960367476,5.0,0.0,0.0,1.4857965146721457,real,0.5
198.8499929942554,428.0,0.0,0.0,1.4857965146721457,real,0.5
198.8565223483253,4.0,0.0,0.0,1.4857965146721457,real,0.5
199.0412097920295,6.0,0.0,0.0,1.4857965146721457,real,0.5
199.0412097920295,13.0,0.0,0.0,1.4857965146721457,real,0.5
199.7939510398525,530.0,0.0,0.0,1.4857965146721457,real,0.5
199.88349646710284,7.0,0.0,0.0,1.4857965146721457,real,0.5
199.98330230789227,0.0,0.0,0.0,1.4857965146721457,real,0.5
200.9020757020756,542.0,0.0,0.0,1.4857965146721457,real,0.5
200.99628495366204,0.0,0.0,0.0,1.4857965146721457,real,0.5
201.8469665125401,546.0,0.0,0.0,1.4857965146721457,real,0.5
214.0456654456653,528.0,308.2556674654105,35.23362279129642,1.6051866137705686,real,0.5
214.24154606777543,514.0,307.4010719417134,35.13594252293784,1.607098405514963,real,0.5
214.9560439560439,529.0,319.8996976066393,36.56453543643887,1.6143554286690889,real,0.5
215.16778158089616,521.0,321.93714748412566,36.79741595743556,1.6165197057400689,real,0.5
215.3552673192016,536.0,313.0860511765085,35.785735649474915,1.6183834043703589,real,0.5
215.8701535258912,521.0,322.66331850279244,36.88041730486918,1.6236581871945908,real,0.5
216.28803218639268,524.0,318.1208387515023,36.36121186929671,1.6278789023362998,real,0.5
216.3533257270962,509.0,320.281701404478,36.60819847053183,1.6285428686965548,real,0.5
216.40929161912763,523.0,321.6960798214692,36.76986192359393,1.6291144959527843,real,0.5
216.80571668768405,504.0,320.00091584939264,36.576104681585576,1.633142186176652,real,0.5
217.2860905942873,512.0,320.12247211599026,36.58999856285769,1.638024652996721,real,0.5
217.31314077543584,536.0,318.49758824042794,36.40427433588091,1.6382981925009894,real,0.5
217.31314077543584,536.0,317.4895229847129,36.28905247715269,1.6382981925009894,real,0.5
217.32246842410757,532.0,318.97065824470445,36.45834623736972,1.638392656569004,real,0.5
217.7384815548751,518.0,308.9085549318931,35.30824782871538,1.6424728495470988,real,0.5
217.96327788786812,528.0,308.2219980477789,35.22977437686113,1.6446727173504572,real,0.5
218.1554274505092,528.0,317.87179527422774,36.33274619984423,1.64661197326486,real,0.5
218.25150223183,516.0,318.5061799695787,36.40525637052284,1.6475835363328386,real,0.5
218.339182129346,543.0,317.3476728115148,36.27283900235614,1.6484669804457113,real,0.5
218.43805520526843,537.0,320.154320134729,36.59363879139953,1.6494720153419615,real,0.5
218.6675153625971,526.0,307.43266048116186,35.1395530929968,1.6517117729478443,real,0.5
219.1516203286695,528.0,308.1125901340163,35.21726905231806,1.656447565958882,real,0.5
219.1516203286695,530.0,308.24118957393745,35.23196796830105,1.656447565958882,real,0.5
219.18240156928672,508.0,317.0289324935623,36.236406984014174,1.656757399726237,real,0.5
219.36335795352176,526.0,319.3151615353056,36.49772296348543,1.6585919819429826,real,0.5
219.36335795352176,521.0,320.1801711938534,36.59659356745745,1.6585919819429826,real,0.5
219.46036549970987,518.0,319.6607422504986,36.53722283923199,1.6595765337019166,real,0.5
219.6086751135929,525.0,289.6209067171166,33.10366963776643,1.6609403093858304,real,0.5
220.0750575471885,546.0,290.0131797198404,33.14850644197775,1.665234720803738,real,0.5
220.1291579094856,534.0,317.1610404445174,36.25150692280834,1.6657795040421657,real,0.5
220.20284633399385,522.0,311.8074065578915,35.639586569567,1.6665090109822869,real,0.5
220.20471186372816,542.0,304.2612858629047,34.777064974130006,1.6665270325513932,real,0.5
220.20471186372816,534.0,303.9920762087756,34.746294310663046,1.6665270325513932,real,0.5
220.3903320722993,537.0,315.72393538250265,36.08724581422005,1.66838773313328,real,0.5
220.48827238335437,529.0,315.2699386018444,36.03535398219081,1.669368098071612,real,0.5
220.54050721591707,522.0,286.10605014102214,32.70192153111883,1.6698425923481837,real,0.5
220.76157248944145,535.0,285.89239361253703,32.67750058991298,1.6718492202942954,real,0.5
221.1365439660523,532.0,286.42764315514484,32.73867961263306,1.675259240026695,real,0.5
221.13747673091927,537.0,305.0075125383124,34.8623586831291,1.6752682729109616,real,0.5
221.14027502552096,534.0,299.8783694988382,34.27609763371721,1.675294915860677,real,0.5
221.23355151224,538.0,308.7962010116997,35.29540577563727,1.676209424596253,real,0.5
221.32309693949037,523.0,316.2021527011397,36.14190605374027,1.677108408601593,real,0.5
221.3258952340921,541.0,313.66034045637736,35.85137691416393,1.6771362760222828,real,0.5
221.43036489921712,530.0,314.9242837433803,35.99584563186836,1.6781808521164647,real,0.5
221.4658099641704,549.0,276.1821506888535,31.567619823735956,1.6784916622095405,real,0.5
221.8827558598049,521.0,289.0939619813602,33.04343985446948,1.6823186973831423,real,0.5
221.94058728157069,545.0,279.1904059001111,31.9114633943827,1.6828313321883432,real,0.5
222.0749054224464,530.0,290.31068363213984,33.18251113915358,1.6840693914121765,real,0.5
222.2577273364158,521.0,297.7692714765251,34.03502772976682,1.6857978216653866,real,0.5
222.2577273364158,523.0,304.7977662857277,34.838384686458674,1.6857978216653866,real,0.5
222.2614583958845,525.0,307.38375475224615,35.13396316818174,1.6858342346948172,real,0.5
222.3528693528692,532.0,318.0285806225607,36.350666765158685,1.6867572483714937,real,0.5
222.36499529614252,533.0,319.07646724549966,36.47044020616061,1.6868800923962424,real,0.5
222.40323865569755,522.0,280.3489400162833,32.04388384386118,1.687220499554959,real,0.5
222.628967753558,528.0,282.2072333490112,32.25628677179198,1.6892430502531044,real,0.5
222.91439380291848,549.0,280.35018954497264,32.04402666499037,1.6917836613466015,real,0.5
223.0953501871535,545.0,288.6321748510377,32.990657585473606,1.693441958599436,real,0.5
223.0953501871535,532.0,294.75013433732863,33.689940354756665,1.693441958599436,real,0.5
223.1876939090052,528.0,309.51918577545285,35.378042934134264,1.6943494419762042,real,0.5
223.19049220360688,529.0,296.9761094504904,33.94436931019106,1.6943758270721485,real,0.5
223.3257431093496,534.0,271.3781613640604,31.018523843912096,1.6955411835845626,real,0.5
223.37704517704492,518.0,318.9548724904717,36.45654192566092,1.6960607102461762,real,0.5
223.469388898897,525.0,306.17988024941013,34.996360312507576,1.6969584030691018,real,0.5
223.5607998558817,511.0,268.7478521171731,30.71787949699289,1.6977383893917022,real,0.5
223.8406293160392,532.0,276.9893434262011,31.659881953614786,1.7001993248571827,real,0.5
223.93856962709427,534.0,284.04920454249424,32.46682407920709,1.7010826056486517,real,0.5
223.9404351568286,523.0,277.4708278597099,31.71491562436484,1.7010990404036848,real,0.5
224.12139154106364,544.0,306.32607752984546,35.01307066166134,1.7028589955892126,real,0.5
224.21839908725136,516.0,289.20727217975895,33.056391210146444,1.7037497509773007,real,0.5
224.25850797654067,513.0,256.61818824908386,29.33145891687028,1.7040765432657423,real,0.5
224.30887727936909,530.0,290.9303891943032,33.253343484908854,1.7045418065235338,real,0.5
224.4021537660881,538.0,304.3089945912819,34.782518081783515,1.70544302626962,real,0.5
224.49916131227585,545.0,256.3666431373479,29.30270731059887,1.7062326328620805,real,0.5
224.7295542344723,523.0,268.8190415052233,30.726016444047023,1.708199037505414,real,0.5
224.77712524269896,539.0,274.194165862295,31.34039315806032,1.708613174755622,real,0.5
225.0550891731217,528.0,277.6549965110124,31.73596610120872,1.711063578609304,real,0.5
225.15116395444244,526.0,281.21551005297084,32.14293279905457,1.7119213911758808,real,0.5
225.1548950139116,537.0,305.836991328454,34.957168108842296,1.7119576209739602,real,0.5
225.15676054364587,535.0,288.1171692210429,32.9317924419652,1.7119746863178504,real,0.5
225.19780219780216,512.0,254.2055029719953,29.055688989699064,1.7123059345230691,real,0.5
225.33398586841224,543.0,287.05936967251085,32.81088595356799,1.7135471308800487,real,0.5
225.4263295902639,542.0,255.29034139612284,29.17968602157684,1.7142956199938528,real,0.5
225.61847915290537,522.0,255.6221713658232,29.217614187113597,1.7158551066014864,real,0.5
225.70615905042135,532.0,263.58568501617464,30.127843797348763,1.7165888861171892,real,0.5
225.7117556396244,533.0,271.2615029518936,31.005189787401434,1.7166370870367451,real,0.5
225.8936447887268,531.0,276.92957908845074,31.65305088980992,1.718236349951424,real,0.5
226.12963430012587,522.0,245.15536828815465,28.021258595336075,1.720073217486063,real,0.5
226.17440701375128,521.0,277.44358889904703,31.711802211161075,1.72046761288577,real,0.5
226.26675073560332,528.0,289.56392987303565,33.097157184487976,1.721316589184975,real,0.5
226.26675073560332,540.0,290.19162029841937,33.168902200109336,1.721316589184975,real,0.5
226.26861626533767,533.0,245.73022880936887,28.08696515291086,1.721331143926264,real,0.5
226.54284913629172,524.0,256.2487047605148,29.289226954126843,1.7235622741472794,real,0.5
226.6389239176125,536.0,256.02961736142595,29.264185264410987,1.7243432603138926,real,0.5
226.73313316919888,500.0,262.4326826310683,29.99605562473111,1.7251282341891565,real,0.5
226.8310734802536,539.0,272.54413622581467,31.151794770610618,1.7259757387640855,real,0.5
227.01855921855895,511.0,278.96154232396407,31.885304287629094,1.727636305379491,real,0.5
227.01949198342635,524.0,280.2377347236105,32.03117307890868,1.7276446046997431,real,0.5
227.0698612862548,517.0,237.9012872604032,27.192117133864084,1.7280250624726492,real,0.5
227.19951560279443,515.0,292.59435446924823,33.44353471583507,1.7292295343160526,real,0.5
227.4830761224202,540.0,259.7283609786504,29.686951659859734,1.7315678808268231,real,0.5
227.51852118737347,531.0,249.82816034431804,28.55535872735555,1.7318490326448388,real,0.5
227.51852118737347,523.0,241.17790702704863,27.56663477319166,1.7318490326448388,real,0.5
227.6649652715226,528.0,260.44271015038345,29.768601770188827,1.7330599869844596,real,0.5
227.75824175824164,533.0,262.57824409156865,30.0126932996663,1.733837619925562,real,0.5
227.853383774695,529.0,271.05275917406,30.981330373595057,1.734656404993382,real,0.5
227.9475930262814,515.0,238.2701581456768,27.234279076050854,1.73536910528484,real,0.5
227.9979623291098,538.0,249.3575082077127,28.50156318814156,1.7357678841368698,real,0.5
228.04460057246956,523.0,282.6157311140856,32.30297806633998,1.736186371401398,real,0.5
228.22555695670457,512.0,282.63295482878215,32.3049467369298,1.7378102009442926,real,0.5
228.45128605456452,524.0,252.39601720141343,28.848864766121554,1.7396190976714985,real,0.5
228.50445365199468,543.0,248.829179450157,28.441175211152945,1.740039139047628,real,0.5
228.50445365199468,537.0,261.0092626107244,29.8333587164058,1.740039139047628,real,0.5
228.59679737384636,525.0,246.8289477378112,28.21254872643182,1.740762820089939,real,0.5
228.6014611981824,525.0,266.06301332441257,30.41100242298036,1.7408022177491569,real,0.5
228.78521587701917,525.0,265.7164746386269,30.37139305119506,1.7423524637424754,real,0.5
228.9717688504572,549.0,276.00434377984413,31.547296494036186,1.7439872531771683,real,0.5
228.9745671450589,532.0,286.42913621353773,32.73885026920736,1.7440127012182725,real,0.5
229.1536579995596,532.0,244.4917168252011,27.945403233120487,1.745402914036157,real,0.5
229.34114373786505,538.0,254.76735256213604,29.11990839785215,1.746919460570979,real,0.5
229.53329330050653,530.0,248.2383862232552,28.373647545318065,1.7484339005616394,real,0.5
229.53609159510785,525.0,249.26079460692785,28.49050882357185,1.748456046349703,real,0.5
229.62377149262383,526.0,255.83071620457247,29.24145086218263,1.7491682372982629,real,0.5
229.71798074421025,527.0,262.7437849359893,30.03161461818357,1.7499541417252378,real,0.5
229.7189135090772,528.0,263.8782635671334,30.161285525723343,1.7499619565550937,real,0.5
229.869088652695,535.0,237.35983671039952,27.130229335998663,1.7510937026903486,real,0.5
229.9978102043677,529.0,273.2324502293942,31.230469061219758,1.7522103789228562,real,0.5
230.0892211613524,535.0,235.93901037014567,26.967828885307657,1.7528951442134688,real,0.5
230.2739086050561,527.0,249.3144220600636,28.496638441465265,1.7543570806878863,real,0.5
230.3634540323065,529.0,240.6389979213781,27.50503746241351,1.755041233557639,real,0.5
230.56493124361967,508.0,252.63553584806544,28.87624174743388,1.7566573181855496,real,0.5
230.649812846534,537.0,246.28015615286893,28.14982184827292,1.757321040963392,real,0.5
230.65074561140133,531.0,242.6218907689069,27.731682114886056,1.7573282262797227,real,0.5
230.7514842170581,538.0,261.3212409376819,29.869017839177044,1.7581640493934607,real,0.5
230.75521527652683,499.0,262.0641168805931,29.95392855945179,1.7581950938070097,real,0.5
230.825172641566,549.0,236.6968052759747,27.054444843043907,1.7587208320497365,real,0.5
231.2962188994976,527.0,238.092785650321,27.214005399831688,1.7622816807738813,real,0.5
231.30181548870056,539.0,246.98859098991736,28.23079595014756,1.7623255685982722,real,0.5
231.39509197541963,534.0,238.9239470335644,27.30900714593641,1.763033148665594,real,0.5
231.39509197541963,517.0,249.25329747685436,28.48965190160445,1.763033148665594,real,0.5
231.39509197541963,518.0,235.02543088093483,26.863406749690853,1.763033148665594,real,0.5
231.6758542004445,547.0,258.25557564532966,29.518612296261185,1.7653352906844673,real,0.5
231.6758542004445,522.0,243.50309617558645,27.83240389286953,1.7653352906844673,real,0.5
231.6879801437179,526.0,269.7326545206738,30.830442411713012,1.765439137405517,real,0.5
231.7570047438901,530.0,271.23694780271194,31.00238313384997,1.766033561600017,real,0.5
231.85867611441387,537.0,272.50072190180066,31.146832513375813,1.7669132119192137,real,0.5
232.2317820612904,533.0,248.70574979304425,28.42706720134496,1.7698594085372916,real,0.5
232.33065513721243,530.0,246.14394690300904,28.13425313101393,1.7706321085778003,real,0.5
232.33345343181412,532.0,249.29352285459083,28.49424966227973,1.7706542572736366,real,0.5
232.4388558618066,552.0,251.4859994773653,28.744849740262858,1.7714958619993009,real,0.5
232.5134770511818,527.0,260.82101779788707,29.81184233429849,1.7721138050916487,real,0.5
232.51534258091613,530.0,253.74556338439436,29.003117894836272,1.7721288345857658,real,0.5
232.620745010909,539.0,261.35859355568806,29.87328724341514,1.7730034782155797,real,0.5
232.6869713164795,539.0,269.78524880458343,30.836453938363885,1.773570751665922,real,0.5
232.89217958726132,540.0,267.3116670180188,30.553723540159545,1.7753123841030396,real,0.5
233.17107628255147,534.0,272.50908780063355,31.147788735612416,1.7777254439208054,real,0.5
233.35296543165387,517.0,252.14732335874209,28.82043905990422,1.7791815897922951,real,0.5
233.4471746832403,544.0,245.0896620065607,28.013748367349887,1.7799146882000227,real,0.5
233.44810744810724,531.0,251.97776395492025,28.801058420047383,1.7799221505931964,real,0.5
233.44810744810724,517.0,245.4601224066972,28.05609199108549,1.7799221505931964,real,0.5
233.5469805240297,520.0,260.1988003573127,29.74072288084084,1.780738971913026,real,0.5
233.62440000800663,527.0,291.4136779149948,33.30858338568391,1.78145528672906,real,0.5
233.631862126944,531.0,249.4306849229908,28.509927286697845,1.781514382414701,real,0.5
234.0991773254069,531.0,266.6885484157278,30.482501083917683,1.7854713090935004,real,0.5
234.10384114974252,532.0,268.0473744611768,30.63781490091251,1.7855110005898132,real,0.5
234.192453812126,544.0,256.3148468621744,29.296786996346533,1.7862321301162092,real,0.5
234.37993955043137,533.0,242.5866879020637,27.72765842720588,1.7876761691472385,real,0.5
234.4732160371504,526.0,245.4267885325517,28.05228192927066,1.7884030075646866,real,0.5
234.56649252386944,538.0,251.62695407801812,28.760960851117478,1.7891482079488137,real,0.5
234.5702235833381,540.0,259.66504624038606,29.67971478527613,1.7891789681657235,real,0.5
235.13081526852005,516.0,272.7770223682554,31.1784136566916,1.7940340680138085,real,0.5
235.2240917552391,534.0,266.53994058916726,30.465515209341817,1.7948234336318118,real,0.5
235.3108388878881,535.0,244.0833721515599,27.898729436923297,1.795495693293813,real,0.5
235.31363718248943,525.0,243.0335133142402,27.77873057181765,1.7955172858137547,real,0.5
235.4087791989432,542.0,261.10690725862594,29.844519499660944,1.7963060268596691,real,0.5
235.4973918613262,526.0,248.91088958141407,28.450514679155628,1.7970063257074154,real,0.5
236.06078184110987,529.0,279.0039644302704,31.890153134379908,1.8019970459101031,real,0.5
236.2454692848136,526.0,265.6210247653412,30.360483130678496,1.8035546014709405,real,0.5
236.3471406553373,528.0,266.2499897312275,30.432373826279303,1.8044140740140544,real,0.5
236.52250045036936,517.0,242.0350317217794,27.664604125799386,1.8057616460443715,real,0.5
236.52529874497063,514.0,241.16956103409336,27.56568082619687,1.8057830729598816,real,0.5
237.17823415200468,544.0,283.17529016970474,32.366935666397254,1.8116534947137104,real,0.2744997417882365
237.2827038171301,520.0,270.8467942817976,30.957788586409468,1.8125518696600011,real,0.1898790928560944
237.36385436057577,518.0,263.8160830576536,30.154178293489807,1.8132315996476884,real,0.12338400688556195
237.45806361216177,506.0,243.59035153896215,27.842377180903377,1.813960213402296,real,0.04547494745707935
238.1109990191958,522.0,291.42901445934524,33.31033635270316,1.8200017406314328,real,0.0
238.3898957144859,515.0,269.21093581649995,30.770809963825943,1.822385595412075,real,0.0
238.48317220120487,544.0,272.55862146584246,31.153450433545792,1.823192785524746,real,0.0
239.14730078664496,538.0,293.35878344893445,33.53090894821321,1.829378573060384,real,0.0
239.1482335515124,521.0,268.2350325964757,30.65926422577717,1.8293865169171977,real,0.0
240.2554254488681,551.0,294.09961557511,33.61558606023507,1.839725101503519,real,0.0
252.23772293280493,538.0,273.24591597481896,31.232008195921807,1.9436782162880435,real,0.0
253.17142056486296,525.0,274.27208017121575,31.34929876356996,1.9518089846275504,real,0.0
253.39341860325476,503.0,273.0441676384892,31.20894836107932,1.9537335194376697,real,0.0
253.58836646049755,551.0,272.96531390246,31.199935379051176,1.9554230640344088,real,0.0
254.1079164915232,514.0,268.6715800024276,30.709161594277468,1.9598549934397085,real,0.0
254.32618347044584,512.0,267.31456514345655,30.55405479589708,1.9617074771158576,real,0.0
254.33737664885183,538.0,266.9799860051364,30.51581240038709,1.9618023573748584,real,0.0
254.61720610900937,552.0,265.3270372088243,30.326880352968622,1.964159678085256,real,0.0
254.7104825957284,542.0,267.4895060887712,30.574050545946545,1.9649518558685048,real,0.0
255.03601753437823,534.0,254.874170417448,29.132117678714305,1.967586167574416,real,0.0
255.2720070457773,534.0,254.29123981289845,29.065488710614293,1.969491487152025,real,0.0
255.54717268159877,537.0,265.185248397556,30.31067389184065,1.9718082804446984,real,0.0
255.8279349066232,536.0,267.0945151537942,30.528903082078678,1.974189214543832,real,0.0
255.97437899077232,531.0,265.19241657708085,30.311493214760343,1.9754222531168952,real,0.0
256.19171320482803,529.0,266.733269308411,30.487612681951383,1.9772628090448583,real,0.0
256.19917532376536,527.0,266.74682512975835,30.489162112331385,1.977326007309853,real,0.0
256.3866610620708,520.0,255.79787852154837,29.23769751501297,1.978848688227896,real,0.0
256.47993754878985,525.0,263.9146016665025,30.165438970481237,1.97963027882998,real,0.0
256.66555775736094,511.0,266.3224607968955,30.44065726908515,1.9811998347053488,real,0.0
256.6664905222283,527.0,265.52734848975285,30.349775932378748,1.9812076983733276,real,0.0
256.8642366740728,518.0,254.8990004437287,29.13495575071819,1.982808066535512,real,0.0
256.90061450389305,517.0,254.38857230577895,29.076613814550537,1.983101884343594,real,0.0
256.9808322824717,530.0,254.53894968055505,29.09380194848744,1.9837501732776808,real,0.0
257.3166276346602,542.0,265.0648136174332,30.29690819647261,1.9865761624326972,real,0.0
257.4127024159809,537.0,260.7333340617716,29.801820083260488,1.98737149669588,real,0.0
257.41550071058265,512.0,262.3098341737051,29.98201404605449,1.9873948018370065,real,0.0
257.6934646410054,518.0,269.42380746965745,30.79514119378185,1.989772562527047,real,0.0
257.7923377169278,537.0,266.83786046768296,30.49956745145616,1.9906102253182216,real,0.0
258.07496547168665,518.0,255.91597403470547,29.25119583216684,1.9929066697076816,real,0.0
258.2512580315861,526.0,264.1998935642308,30.198047834391584,1.9943854728067625,real,0.0
258.43874376989146,534.0,262.4279627467111,29.99551614194908,1.995947620442797,real,-0.04180173542313212
258.5348185512118,518.0,260.5309859501089,29.778691694097446,1.996742337468496,real,-0.09214492083497869
258.63182609739994,529.0,266.6877739382643,30.482412561143608,1.9975637330363991,real,-0.14291322284277047
258.7213715246503,515.0,266.0346914850757,30.407765236744154,1.9983200875724692,real,-0.18979867891675764
258.7773374166817,522.0,243.81232417087585,27.867748652731105,1.998753321853652,real,-0.21907013150783858
258.8967313196823,531.0,255.6586146110155,29.22177965003907,1.9997224613883855,real,-0.28149374887417977
259.1840228987772,512.0,256.1315560052579,29.275836851400975,2.002058767332375,real,-0.13155995316169922
259.1868211933784,532.0,254.14157133568145,29.04838160366839,2.002081346757213,real,-0.13302066294354323
259.2884925639022,528.0,261.76576806995445,29.919827290395794,2.0029263439367826,real,-0.18609311835694164
259.3771052262856,534.0,264.3170134003971,30.21143463166539,2.0036699871748755,real,-0.23234892812108804
259.5496667267159,530.0,247.1684323680348,28.25135181966637,2.005024180413538,real,-0.2999760043235428
259.5589943753876,542.0,260.8674854911735,29.817153591641134,2.005101437061619,real,-0.3
259.7240937568805,529.0,252.2647380651882,28.83385956085101,2.006423784944828,real,-0.3
259.75021117316214,524.0,267.60388474141104,30.58712402594328,2.0066456895701177,real,-0.3
259.84348765988113,529.0,268.59383081772785,30.70027486246629,2.0074411378424726,real,-0.3
260.12518264977297,533.0,258.6815779524238,29.56730435996204,2.0097547382599195,real,-0.3
260.20726595808554,528.0,247.93307398579157,28.33875035657597,2.0104008878106727,real,-0.3
260.39661722612533,528.0,255.5930693652352,29.21428782844638,2.011937488489893,real,-0.3
260.39661722612533,521.0,263.71809198765624,30.14297791418911,2.011937488489893,real,-0.3
260.40594487479746,521.0,269.36692170144465,30.788639150475124,2.012017262270196,real,-0.3
260.482431593907,514.0,255.0825245379648,29.15593255468937,2.012636718276776,real,-0.3
260.49175924257867,545.0,260.17508596891884,29.738012326247425,2.0127137698687685,real,-0.3
260.6615224484077,516.0,254.5263141367114,29.09235770582611,2.0140856620657868,real,-0.3
260.67737945114976,521.0,272.06309617992173,31.096811893365054,2.01422263490786,real,-0.3
261.04861986829195,521.0,257.0753089311559,29.38370781083112,2.0172527515592145,real,-0.3
261.04861986829195,537.0,253.86464575601929,29.016729009913004,2.0172527515592145,real,-0.3
261.23424007686305,525.0,265.2427583341808,30.317247277596863,2.01881594427115,real,-0.3
261.42359134490283,540.0,259.9101745731875,29.70773295371533,2.020378498967087,real,-0.3
261.42359134490283,521.0,267.2460526368643,30.54622381639359,2.020378498967087,real,-0.3
261.4338517584419,531.0,276.4837735802083,31.602095320217813,2.0204685685689445,real,-0.3
261.52899377489524,520.0,266.192384002501,30.42578949148586,2.0212726716146125,real,-0.3
261.5896234912627,549.0,266.0199824120847,30.40608398970128,2.0217847583502078,real,-0.3
261.60174943453615,516.0,260.7880660512076,29.808075949653023,2.021885161416334,real,-0.3
261.7938989971776,531.0,266.9368832558618,30.510885756145004,2.023513676236847,real,-0.3
262.1679377089211,534.0,260.4925717618269,29.77430095237682,2.026607215451094,real,-0.3
262.1688704737885,532.0,261.12021156081613,29.846040181401285,2.0266149486004585,real,-0.3
262.17446706299154,526.0,267.29210275383394,30.551487344763217,2.0266624441905168,real,-0.3
262.26121419564055,527.0,260.32324923840054,29.754947387949183,2.027379432070524,real,-0.3
262.3535579174922,528.0,258.6411637440074,29.562685015940044,2.0281377455044964,real,-0.3
262.448699933946,527.0,268.266538283171,30.66286532576644,2.0289481140704253,real,-0.3
262.5242538881882,538.0,311.9765768168816,35.65892273016957,2.029696495352725,real,-0.3
262.547573009868,550.0,280.6465050058309,32.07789552216647,2.029904281005201,real,-0.3
262.7266638643688,522.0,312.7927279555489,35.75220880531924,2.031682862567766,real,-0.3
263.1007025761122,514.0,273.00919197800147,31.204950643085567,2.0349250457729213,real,-0.3
263.1044336355813,527.0,264.5329585484613,30.236117162089126,2.0349563826482675,real,-0.3
263.19397906283166,554.0,262.56383523193307,30.01104636700995,2.035702869306369,real,-0.3
263.1949118276986,520.0,269.215992207373,30.77138790930273,2.0357108422145767,real,-0.3
263.2863227846833,544.0,259.3724501610396,29.64627105340682,2.0364636183279154,real,-0.3
263.3842630957384,545.0,260.4230702242071,29.76635692662687,2.0372734311769074,real,-0.3
263.3935907444105,522.0,267.50189853263373,30.575467002280035,2.037352652625292,real,-0.3
263.4551532256449,534.0,278.7697277274678,31.863379879249567,2.0378975383824813,real,-0.3
263.6650253207628,544.0,278.022957106997,31.77802399732976,2.039750127403322,real,-0.3
263.85904041313864,524.0,305.8799566027094,34.962079039689684,2.0416343415684706,real,-0.3
264.1267439300228,526.0,279.4007324592043,31.93550372008705,2.044009132307174,real,-0.3
264.2209531816087,522.0,263.644018544706,30.134511319659897,2.0447977294622666,real,-0.3
264.2293480654135,518.0,255.4678958734203,29.19998049833194,2.044865821252096,real,-0.3
264.3170279629295,522.0,260.2043152235641,29.741353230053384,2.045590187586318,real,-0.3
264.3170279629295,516.0,259.4396321674228,29.65394995673643,2.045590187586318,real,-0.3
264.31796072779684,528.0,263.9538320235639,30.169923000293352,2.045598004654158,real,-0.3
264.3925819171721,520.0,288.8913916402502,33.0202860644806,2.04628245271517,real,-0.3
264.87202305890844,530.0,272.93052095264966,31.19595854488785,2.0504370710435924,real,-0.3
264.96623231049443,512.0,282.2964996347272,32.26648990824932,2.051281460450693,real,-0.3
264.97089613483047,531.0,294.5012584777077,33.661493844002,2.0513250691435205,real,-0.3
265.1462559298625,536.0,290.02318590261484,33.14965014866888,2.0529398235478133,real,-0.3
265.1537180487998,508.0,262.2131330475602,29.970961107336127,2.05300194768016,real,-0.3
265.32721231409755,532.0,290.94746285865955,33.25529500474479,2.054604615172968,real,-0.3
265.3402710222383,540.0,258.7598255773925,29.576248063495967,2.0547119006150125,real,-0.3
265.43261474409,516.0,257.4317665600109,29.42445091780925,2.055466668201454,real,-0.3
265.524958465942,545.0,289.56968840616514,33.09781538482468,2.0563156613841787,real,-0.3
265.5258912308094,532.0,251.66444582052003,28.76524615728544,2.0563231144983503,real,-0.3
265.7105786745131,521.0,289.61480786836347,33.10297253935394,2.0580213654364856,real,-0.3
265.80758622070084,527.0,276.72607113688986,31.62978993094651,2.058873678855273,real,-0.3
265.99693748874057,534.0,289.2069507949641,33.0563544758644,2.060612362921044,real,-0.3149261214195017
266.18255769731167,529.0,294.4536274618815,33.65604961889306,2.062347708184916,real,-0.37697427090210134
266.2441201785465,533.0,296.4537150755357,33.88465963313373,2.062927159219031,real,-0.3976243799916229
266.2702375948277,519.0,263.7513380498655,30.146777939099632,2.0631458692048565,real,-0.4063593566724425
266.272103124562,530.0,260.37725137601376,29.76111983227837,2.0631612914976274,real,-0.40698244360371383
266.4567905682662,514.0,297.3686053451992,33.989231590956265,2.064905009357628,real,-0.46876804980090464
266.4586560980005,527.0,260.1426084490853,29.734300145730447,2.064920417752365,real,-0.469391136732176
266.6759903120558,519.0,292.3217360594402,33.41237443159401,2.066937543345923,real,-0.34198076422663404
266.7403510878919,521.0,292.45112840248373,33.42716397640389,2.067535153959124,real,-0.3634772633558937
266.92783682619734,540.0,282.8504635290341,32.3298079813686,2.069218870047641,real,-0.42599749994991554
267.0183150183151,539.0,285.0270954515885,32.57859701011656,2.070037662425199,real,-0.45611721611723965
267.0220460777837,534.0,303.9121842108543,34.73716265530065,2.070073664208432,real,-0.45736338997976334
267.1600952781281,517.0,320.84366789160083,36.67243124000998,2.071479941932701,real,-0.5
267.2981444784722,525.0,268.5103447086669,30.690732400200623,2.072656839450984,real,-0.5
267.3876899057225,540.0,324.96676073582205,37.14370075210446,2.0735807418269574,real,-0.5
267.3914209651916,529.0,264.9857640357245,30.28787282928331,2.073612132342157,real,-0.5
267.5761084088953,551.0,303.66418854164385,34.70881675030989,2.0753927664087115,real,-0.5
267.585436057567,532.0,299.61873704673144,34.246421644441405,2.0754814993502007,real,-0.5
267.6833763686221,530.0,301.44750572544007,34.4554499044178,2.0764188819838623,real,-0.5
267.95107988550615,525.0,295.01633851469614,33.72036749222977,2.0789263989194997,real,-0.5
268.0909946155849,529.0,315.3455828825445,36.04400012347483,2.080327256294009,real,-0.5
268.13670009407724,526.0,285.605360725296,32.64469273090133,2.0807417122110925,real,-0.5
268.23090934566324,535.0,311.7380200480246,35.631655691489215,2.0816741654376107,real,-0.5
268.23090934566324,538.0,268.15828617978684,30.650492110349635,2.0816741654376107,real,-0.5
268.321387537781,520.0,310.0359186091719,35.43710549702835,2.0825648002262933,real,-0.5
268.5172681598912,515.0,303.8026572430576,34.72464372288148,2.084454212674902,real,-0.5
268.7010228387279,510.0,296.7508134213334,33.91861797405841,2.0861855195505714,real,-0.5
268.7942993254469,533.0,297.0920295021872,33.95761897209999,2.087065366049199,real,-0.5
268.8773153986269,517.0,324.0810209753017,37.04246069747699,2.0879195659458736,real,-0.5
268.88384475269726,506.0,295.4426717155956,33.76909737709257,2.087980813277377,real,-0.5
268.97898676915065,532.0,280.31547421561595,32.0400587028449,2.0888275787752306,real,-0.5
269.02749054224466,553.0,313.1295700000586,35.790709851006696,2.089309796683421,real,-0.5
269.2560179347064,528.0,311.3806460508195,35.59080784360867,2.0915690951590067,real,-0.5
269.4388398486758,536.0,313.8067947650113,35.8681166416408,2.093390616752035,real,-0.5
269.43977261354314,529.0,322.8737797530897,36.90447302577815,2.093400178750892,real,-0.5
269.54330951380126,527.0,312.60352494498926,35.73058290121227,2.094427799250339,real,-0.5
269.63751876538765,537.0,299.6133058842388,34.245800862568494,2.095323985714016,real,-0.5
269.71680377909894,525.0,314.2717704597509,35.92126336354953,2.096115101785768,real,-0.5
269.9117516363417,531.0,298.0388153947227,34.0658365996168,2.0979598411886227,real,-0.5
269.92014652014643,531.0,299.6785609951644,34.25325952174729,2.0980397167812943,real,-0.5
269.9499949958967,521.0,308.2872248176215,35.23722979665414,2.0983318772254864,real,-0.5
270.09923737464715,538.0,280.69118909516186,32.083002913577,2.099661917134453,real,-0.5
270.46301567285155,526.0,307.5001740945567,35.14726989900783,2.1032135321428957,real,-0.5
270.46674673232064,533.0,312.3266119178476,35.69893174220998,2.103250530708816,real,-0.5
270.46674673232064,520.0,312.9228174045827,35.7670780293438,2.103250530708816,real,-0.5
270.5590904541723,519.0,318.51211414743705,36.40593464705206,2.1041843805707034,real,-0.5
270.5665525731101,528.0,313.8815838180841,35.87666503040702,2.1042587461100224,real,-0.5
270.6551652354931,528.0,299.7559124400075,34.262100791892856,2.1051020949905794,real,-0.5
270.8445165035328,539.0,295.6269428871784,33.79015957200449,2.1068793754245303,real,-0.5
270.89954963069727,533.0,307.0292397552865,35.09344210402924,2.1074158481639604,real,-0.5
270.9396585199862,528.0,297.2511064734492,33.97580146991524,2.107794384736088,real,-0.5
271.11968213935427,536.0,306.48209915772253,35.030903933727686,2.109546159768278,real,-0.5
271.3995115995117,542.0,304.44984531060004,34.798617319001586,2.112251070406779,real,-0.5
271.4927880862308,534.0,309.3586390964457,35.35969244872374,2.113167244818747,real,-0.5
271.5869973378172,528.0,315.15926596723983,36.02270410005551,2.114109931483576,real,-0.5
271.59725775135627,515.0,317.3839842398891,36.27698939861933,2.114213325070571,real,-0.5
271.68027382453624,517.0,313.00631893884,35.77662225470941,2.115038334707023,real,-0.5
271.776348605857,525.0,302.4387386417724,34.56874782675458,2.1159608860647974,real,-0.5
271.8705578574429,522.0,298.64055573969506,34.134615521047145,2.116854162892967,real,-0.5
272.2389999799834,526.0,311.5949765763638,35.61530582267839,2.1204992125797,real,-0.5
272.4236874236876,529.0,311.1086219181877,35.55971548524885,2.12232349951076,real,-0.5
272.4236874236876,533.0,314.50601812894985,35.94803787213897,2.12232349951076,real,-0.5
272.61956804579773,527.0,319.5366209686944,36.52303577672176,2.124310764780009,real,-0.5
272.6232991052664,533.0,331.5444845677054,37.89553458608873,2.1243500399169912,real,-0.5
272.71004623791504,529.0,322.75068556945166,36.89040336058832,2.125238966781932,real,-0.5
272.72123941632145,508.0,312.7708262218832,35.749705437161246,2.12535012034608,real,-0.5
273.2697051582296,519.0,314.7088286946939,35.971219119803514,2.130830392952159,real,-0.5
273.3564522908787,527.0,318.8338914253729,36.44271378992012,2.1317085320986107,real,-0.5
273.5458035589184,516.0,319.163913632637,36.480435328210405,2.1336273145119544,real,-0.5
273.5467363237853,534.0,322.19450448021263,36.82683186208831,2.133636856393877,real,-0.5
273.63908004563746,543.0,320.62703205190417,36.64766976353265,2.1345769070114247,real,-0.5
273.73235653235645,540.0,328.6464596153337,37.56429033403265,2.135550202852661,real,-0.5
274.38809023399176,526.0,312.2083509570584,35.68541451439178,2.142050238673193,real,-0.5
274.3899557637261,543.0,313.1588851725889,35.79406057522691,2.1420687872521693,real,-0.5
274.4776356612421,529.0,320.50947782489675,36.6342333153857,2.1429610333140223,real,-0.5
274.4785684261095,525.0,312.030979438468,35.665140949816895,2.142970274200264,real,-0.5
274.75653235653226,522.0,322.765072406147,36.8920477760226,2.1458187904783657,real,-0.3712655677656437
275.41506435276926,525.0,315.5764327595127,36.07038626441231,2.152416985887183,real,-0.36914019095657497
275.50740807462137,524.0,309.0316216438215,35.3223143538888,2.153323039768257,real,-0.2974217017953353
275.5158029584261,530.0,318.60677104901964,36.41675393090294,2.1534079604398677,real,-0.29087369242765027
275.5969535018717,530.0,313.75513802967635,35.86221227679201,2.154216359888596,real,-0.22776408254755942
276.4401729418124,528.0,308.3514192986533,35.24456722583608,2.1624716110655746,real,0.0
276.52971836906283,532.0,310.9730692172507,35.54422181153176,2.1633557284345737,real,0.0
276.6229948557818,540.0,310.8550111570291,35.53072777524842,2.164276334394975,real,0.0
277.5538941932386,537.0,303.76656179606823,34.7205180132906,2.173254475287955,real,0.0
277.649036209692,513.0,310.01409033653755,35.43461052546624,2.1741909531484085,real,0.0
278.395248103445,502.0,305.13931836779125,34.87742408943854,2.1814203833370214,real,0.0
290.4960067255151,537.0,303.8942517697293,34.73511297728007,2.2981762771837992,real,0.3
290.70028223143,514.0,303.2135279751205,34.65730624755627,2.300142843508068,real,0.3
291.4241077683701,526.0,323.25200988277686,36.9477047296014,2.307571646901015,real,0.3
291.72818911507443,516.0,323.16897835944087,36.93821422648409,2.31069170854736,real,0.3
292.3447466922878,510.0,324.43426336391826,37.082836302495856,2.317042737354823,real,0.3
292.5676774955465,533.0,323.12846384254783,36.93358341720322,2.319329857748828,real,0.3
292.65349186332776,536.0,304.4987106577383,34.80420262817949,2.320159496816792,real,0.3
292.94078344242257,522.0,323.093741775814,36.92961468497554,2.323106598849628,real,0.3
293.034992694009,502.0,307.03427488595804,35.094017619465006,2.324024982498264,real,0.3
293.2644528513381,523.0,311.18081705500845,35.56796738938746,2.32629204677411,real,0.3
293.5004423627376,532.0,309.8094229094007,35.4112170385445,2.3286133456093845,real,0.3
293.8772793690828,513.0,319.7968145039771,36.55277589780458,2.3324395785657552,real,0.24207796593195857
293.8772793690828,530.0,307.4891602104138,35.146011012050295,2.3324395785657552,real,0.24207796593195857
294.2037470725996,528.0,310.0918479934181,35.443498225647694,2.33565378897418,real,0.052519203747036496
294.43600552453,534.0,310.1385619150576,35.448837626891084,2.3379408145713896,real,0.21707277367446964
294.50969394903825,529.0,319.9324451447013,36.56827848003936,2.338689330912549,real,0.17405812165973916
294.80444764707045,518.0,316.9996614833339,36.23306130754506,2.341655950026834,real,0.004373025881238305
294.99379891511023,540.0,320.0671042135068,36.58367001160383,2.3435801623341246,real,0.0
294.99379891511023,526.0,313.3418946702004,35.8149785608039,2.3435801623341246,real,0.0
295.13744470465764,528.0,315.2275679692208,36.03051101888194,2.34501783766832,real,0.0
295.43313116755724,519.0,310.8706370302652,35.5325138125593,2.3479363052591995,real,0.0
295.4583158189714,524.0,315.5282854572895,36.06488302776819,2.3481886056779078,real,0.0
295.6448687924099,519.0,309.4050865022691,35.36500138720936,2.3500212296124743,real,0.0
295.65046538161295,526.0,314.4011309485359,35.93604926741766,2.350077096086177,real,0.0
295.74467463319934,545.0,305.991349042306,34.97481119553557,2.3509923601937066,real,0.0
295.92656378230134,514.0,314.70497824565626,35.97077901347851,2.352809775301289,real,0.0
296.0655457475131,512.0,305.79487254630493,34.952353932042655,2.3541591494230265,real,0.0
296.1131167557398,543.0,316.55062736733123,36.18173670808596,2.3546372610048585,real,0.0
296.2978041994435,526.0,307.6440748865286,35.163717759530215,2.3564412324337822,real,0.0
296.3910806861625,521.0,313.76825243329296,35.86371125312539,2.357370466041115,real,0.0
296.5813647190697,538.0,309.89224193074364,35.420683252684,2.359242685612684,real,0.0
296.76978322224204,522.0,312.8987794918533,35.764330495918834,2.3611145360624066,real,0.0
296.8574631197581,546.0,325.1027051726918,37.15923920123867,2.3620195689193344,real,0.0
296.85932864949245,535.0,317.42868085608694,36.28209822185074,2.362038370400739,real,0.0
296.95353790107885,523.0,312.94662382339794,35.769799103014385,2.3629744387348754,real,0.0
296.9544706659462,550.0,321.53936642469586,36.75194958234274,2.3629839612147023,real,0.0
297.00390720390726,522.0,311.0880809507829,35.557367652674486,2.3634722482024126,real,0.0
297.23056906663464,535.0,310.08613680529544,35.44284543684527,2.3657037874710443,real,0.0
297.5103985267921,531.0,311.4183100799274,35.5951128421357,2.368470610029616,real,0.0
297.69974979483186,541.0,309.48970803820606,35.37467362876695,2.370331232059644,real,0.0
297.7920935166835,528.0,309.21986143158404,35.34383016163005,2.371237837843427,real,0.0
297.7920935166835,544.0,305.91280928008007,34.96583410071315,2.371237837843427,real,0.0
297.88630276827,520.0,309.3156954315391,35.35478398782492,2.3721630455488416,real,0.0
298.07099021197365,533.0,320.0259494576836,36.57896602301323,2.3740396221399847,real,0.0
298.160535639224,521.0,311.26562836082275,35.57766132164204,2.374924571274322,real,0.0
298.1642666986931,548.0,322.0889342543954,36.8147651852774,2.374962726296057,real,0.0
298.25661042054475,529.0,310.22716843317016,35.45896535191135,2.375872285416503,real,0.0
298.3582817910685,524.0,312.2448636117447,35.68958791082242,2.3768802324488147,real,0.0
298.45342380752226,530.0,315.10292533498875,36.01626436578921,2.377832082453507,real,0.0
298.7239256190077,515.0,314.8009582415922,35.98174952701399,2.3805357292389155,real,0.0
298.86384034908644,518.0,311.3325703707975,35.58531279338215,2.3819187596373195,real,0.0
298.9104785924457,540.0,310.17263156181133,35.452731787515035,2.382378052174224,real,0.0
298.9104785924457,521.0,308.34082521606547,35.243356322196284,2.382378052174224,real,0.0
299.0037550791648,518.0,320.2885557946668,36.60898192733041,2.383326595845486,real,0.0
299.09330050641506,533.0,312.09716050542755,35.67270544577037,2.384213909081685,real,0.0
299.18844252286885,540.0,310.24446636663885,35.46094250570682,2.385151082852614,real,0.0
299.47200304249503,535.0,312.0623179586139,35.66872294266957,2.3879605944115103,real,0.0
299.4748013370963,538.0,310.1283247713637,35.44766752136687,2.387988148027248,real,0.0
299.6566904861987,520.0,313.7713518897449,35.86406552099784,2.389800171460849,real,0.0
299.8087311595509,514.0,303.33786880805354,34.67151840476052,2.39126447173985,real,0.0
299.8432434596368,543.0,307.55374074910713,35.153392567622944,2.391601478526886,real,0.0
299.9337216517545,525.0,307.61801775465244,35.160739429356774,2.392485167453856,real,0.0
300.0279309033409,525.0,301.1568434742355,34.42222720910512,2.39338597086033,real,0.0
300.0969555035128,541.0,306.87552761415304,35.075872806297696,2.3940584981092554,real,0.0
300.49524610180345,534.0,306.80897677123164,35.06826604495178,2.397938320515939,real,0.0
300.5950519425929,533.0,306.49244029906424,35.03208592618304,2.398909544624403,real,0.0
300.692992253648,550.0,310.65059086590605,35.50736253597306,2.399875545216492,real,0.0
300.7284373186012,522.0,304.5261293447084,34.80733658410017,2.4002182530792897,real,0.0
300.8720831081487,537.0,305.52680240676005,34.92171351509268,2.401611685609908,real,0.0
301.0017374246883,529.0,305.1182900412642,34.875020551716496,2.4028677125415574,real,0.0
301.0203927220321,531.0,304.89539599395533,34.84954376210909,2.4030483038196624,real,0.0
301.02972037070384,543.0,305.0269823280776,34.86458408009926,2.4031386384283806,real,0.0
301.05117396264933,533.0,306.0223511221865,34.97835473326592,2.403347086025428,real,0.0
301.2405252306891,533.0,298.4504682865483,34.11288852515247,2.405141341219522,real,0.037688464540879596
301.2405252306891,539.0,302.38650670397857,34.56277771626475,2.405141341219522,real,0.037688464540879596
301.24985287936124,524.0,303.65288656975525,34.70752493492302,2.4052312688858755,real,0.04636317780595531
301.33380171740816,520.0,304.40876338878974,34.793921655338664,2.40604263257867,real,0.124435597189575
301.52222022058095,518.0,303.3976676132445,34.67835340819384,2.4078576446458,real,0.29976480514027704
301.52595128004964,508.0,301.00672522926334,34.4050686937048,2.407893302245056,real,0.3032346904461593
301.6677315398627,549.0,298.850706176811,34.1586357160095,2.4092385856469103,real,0.43509033207232856
301.71716807782377,517.0,304.274812432337,34.77861106101612,2.4097161784596746,real,0.3094198702939728
301.8925278728558,526.0,299.25846127293204,34.205242123496134,2.41138235186184,real,0.1442509217559034
302.1723573330132,525.0,298.0605054913856,34.06831577766537,2.414030495865323,real,0.4044923197023147
302.2665665845992,531.0,294.6181280715592,33.67485203857922,2.414911741034163,real,0.48442002842323384
302.27589423327134,536.0,296.7054247567316,33.91343004969442,2.4149996111899323,real,0.48876671270444383
302.35984307131866,537.0,296.6178882958998,33.903424632221345,2.4157902092742933,real,0.5
302.45405232290466,522.0,291.7974003926097,33.352442864875286,2.4166630172412003,real,0.5
302.5501271042254,526.0,294.15015229496464,33.62136240731446,2.417560285308141,real,0.5
302.5948998178508,531.0,294.212941710491,33.62853923750912,2.417978518907286,real,0.5
302.64060529634315,526.0,293.07314494368626,33.49826046706334,2.418403811691539,real,0.5
302.9185692267659,544.0,292.56372100438546,33.440033310801255,2.420985790328355,real,0.5
303.19653315718904,533.0,293.896765488211,33.59240029530251,2.4235795335556967,real,0.5
303.2916751736424,535.0,293.1325520133756,33.50505069512883,2.4244650163569483,real,0.5
303.2926079385098,535.0,291.0233556945016,33.26396955588154,2.424473635096435,real,0.5
303.38681719009577,540.0,288.4547420494843,32.97037701625606,2.4253364446917707,real,0.5
303.3933465441661,530.0,293.4449042464664,33.540752555371114,2.42539727787211,real,0.5
303.4828919714165,515.0,295.35456223092933,33.75902646299522,2.426236990774384,real,0.5
303.4959506795573,532.0,292.0803541309585,33.38478447716855,2.4263580913735034,real,0.5
303.5267319201745,521.0,291.02470033440505,33.264123248222496,2.4266425110906207,real,0.5
303.84853579935566,523.0,291.78915259806377,33.35150014195869,2.429623800569008,real,0.5
304.0434836565985,534.0,291.5201766803663,33.32075619456587,2.4314281922417416,real,0.5
304.22350727596614,540.0,289.86767362662243,33.13187509552294,2.433085003372612,real,0.5
304.3186492924199,528.0,291.21173249848454,33.28550102457678,2.4339646838409874,real,0.5
304.4128585440063,531.0,285.9660309873872,32.68591734185836,2.434820049343819,real,0.5
304.4147240737407,545.0,291.1202117795576,33.27504020640344,2.4348372925596293,real,0.5
304.4156568386076,530.0,292.6671824240376,33.4518589510675,2.434845959981508,real,0.5
304.4632278468343,554.0,287.6438081134707,32.8776872673697,2.435280411295805,real,0.5
304.6022098120461,534.0,288.09103317786867,32.92880509223039,2.4365516640857487,real,0.5
304.7701074881403,510.0,292.9058240482585,33.47913568871595,2.4381130721634645,real,0.5
304.9697191697192,536.0,291.1878064681485,33.28276627930938,2.439958524648078,real,0.5
305.0639284213056,532.0,291.68687457127385,33.3398097634966,2.440831002016371,real,0.5
305.1609359674933,541.0,291.1373270716838,33.276996484293456,2.441727701953437,real,0.5
305.16280149722763,535.0,291.6517269610762,33.335792391651005,2.4417449766511936,real,0.5
305.25048139474364,527.0,286.67518640741633,32.76697380636769,2.442543033569319,real,0.5
305.251414159611,516.0,294.7848948939363,33.69391348637692,2.442551763707858,real,0.5
305.3959927140254,526.0,290.57847333447035,33.21311950212996,2.4438856261537505,real,0.5
305.52937809003373,519.0,295.5069949654328,33.776449524548966,2.445137094048212,real,0.5
305.62638563622187,522.0,291.7378453492542,33.345635723419754,2.446035643575326,real,0.5
305.9006185071759,534.0,294.41350913162773,33.65146409374505,2.4485990706892804,real,0.5
305.90341680177767,545.0,288.4973439125945,32.97524640920955,2.4486247024820638,real,0.5
305.99669328849666,532.0,292.52233128741466,33.4353024661515,2.449491015689405,real,0.5
306.28025380812284,516.0,290.044077614256,33.15203807130946,2.452102296006674,real,0.5
306.2905142216619,532.0,284.2180170425649,32.486119347965165,2.45219488517856,real,0.5
306.3306231109508,540.0,289.6028237485362,33.10160275445769,2.4525636819897163,real,0.5
306.3697992353732,522.0,291.823614249218,33.355439108685616,2.45292666444324,real,0.5
306.37073200024014,527.0,292.2566976700844,33.40494054369065,2.452935319708496,real,0.5
306.5582177385456,528.0,291.9664533707538,33.37176562027716,2.454673300296239,real,0.5
306.652426990132,520.0,287.7047661418189,32.884654770009895,2.455533866605839,real,0.5
306.8408454933044,534.0,284.7756567417768,32.549857565585086,2.457237476450557,real,0.5
307.0255329370085,527.0,287.231940403691,32.83061078814188,2.4589217546676974,real,0.5
307.11414559939146,532.0,291.4693565955867,33.31494745887556,2.459741789720886,real,0.5
307.21301867531395,519.0,289.51066105414105,33.091068558488324,2.460650627424758,real,0.5
307.2652535078767,524.0,285.6653938566943,32.65155451782016,2.4611243908923006,real,0.5
307.30629516203294,535.0,291.4742105984311,33.315502271400675,2.461504202926263,real,0.5
307.3967733541503,524.0,290.92407523250614,33.25262179907545,2.462339935455025,real,0.5
307.405168237955,545.0,286.4019189270033,32.735739333356484,2.4624162723239045,real,0.5
307.7717448307611,524.0,290.4820062541235,33.20209331484632,2.465797136279845,real,0.5
307.86502131748017,530.0,289.6508444551606,33.10709152122486,2.46665494549723,real,0.5
307.960163333934,537.0,291.0517458827778,33.267214554401505,2.467534142684593,real,0.5
308.14578354250506,514.0,294.73155284515946,33.687816490201726,2.4692711258854865,real,0.5
308.1914890209974,510.0,288.24534919001314,32.9464434124185,2.469689412819038,real,0.5
308.32673992674006,513.0,294.705709702269,33.68486261896935,2.470954942868769,real,0.5
308.4200164134591,541.0,288.2112405870909,32.94254479910449,2.471808488658337,real,0.5
308.42188194319345,522.0,293.66645270421594,33.56607554409188,2.4718258826894464,real,0.5
308.46385636221714,554.0,291.9616143524469,33.37121252048468,2.472214976372131,real,0.5
308.71010628715567,522.0,290.4519598354971,33.19865900919732,2.474485856174652,real,0.5
308.98620468784407,530.0,288.7498017212974,33.00410233674429,2.477017072805577,real,0.5
308.98713745271147,543.0,290.12423954573273,33.16120058007725,2.477025664917483,real,0.5
309.0776156448288,548.0,294.8090242904188,33.69667147639487,2.477872557671804,real,0.5
309.08321223403175,549.0,289.0911109856856,33.043113985663865,2.47792392676485,real,0.5
309.12518665305544,540.0,282.4341267963913,32.28222069282752,2.4783003232810654,real,0.5
309.1671610720791,538.0,292.5663832569259,33.44033760626663,2.478690222931893,real,0.5
309.3966212294082,534.0,290.9220332792358,33.25238840381665,2.480809694674867,real,0.5
309.4432594727675,536.0,283.34817005772453,32.38669583759791,2.4812292665087776,real,0.5
309.63354350567465,522.0,287.48697768085566,32.8597615489218,2.4829661242720817,real,0.5
309.6419383894794,520.0,290.7831149918912,33.23651004357316,2.483043628894273,real,0.5
309.6447366840811,528.0,293.65102132393355,33.5643117373256,2.483069718569925,real,0.5
309.9180367901678,526.0,290.98245735595447,33.25929487578559,2.4855946543526803,real,0.5
310.1008587041376,523.0,293.46866443434,33.54346834484506,2.4872981213204555,real,0.5
310.1941351908566,535.0,297.80402714884235,34.03900030311268,2.488180076420373,real,0.5
310.3200584479272,538.0,289.72273340392945,33.115308428069135,2.489338406280417,real,0.5
310.5747032566705,529.0,288.43852938841064,32.96852390909534,2.491670423909689,real,0.5
310.6586520947178,543.0,285.0599440499009,32.58235160490367,2.4924302157313782,real,0.5
310.6595848595848,517.0,289.1430323320129,33.049048595549074,2.4924387787845497,real,0.5
310.6745090974599,526.0,292.2856434896894,33.4082490508715,2.4925772767445014,real,0.5
310.8480033627576,521.0,295.87276490104784,33.81825702818977,2.4942070749824885,real,0.5
311.03175804159434,509.0,290.093493985452,33.15768636253716,2.495899541651521,real,0.5
311.0336235713287,527.0,293.33340204737954,33.52800785401548,2.49591691595585,real,0.5
311.6828279188936,527.0,293.50458242574274,33.54757377126239,2.5019667022732275,real,0.5
311.6856262134949,543.0,290.4332539880738,33.19652093083683,2.501992506063589,real,0.5
311.7798354650813,534.0,294.6109277278712,33.67402903929568,2.5028737296951697,real,0.5
311.7863648191517,518.0,300.6085323974268,34.35955525302588,2.502936047945711,real,0.5
311.88803618967546,547.0,295.54470570781257,33.780759862402974,2.5038900857658626,real,0.5
312.1855881823094,540.0,289.1371498733245,33.048376230520994,2.506621644154948,real,0.5
312.44862787485744,534.0,290.833789486402,33.24230213829575,2.5090505455255165,real,0.5
312.5223162993657,526.0,292.2548415009514,33.40472838355874,2.509734307138214,real,0.5
312.62678596449075,518.0,299.3975383915464,34.221138638153754,2.510727382386471,real,0.5
312.8077423487262,524.0,301.5080460140784,34.46236965940916,2.5124596562214023,real,0.5
312.9038171300465,539.0,306.19124206574867,34.99765896811508,2.5133936541192035,real,0.5
313.5548870073462,547.0,294.15948884954275,33.622429575502736,2.519474362757604,real,0.5
313.6425669048622,543.0,293.9928578665517,33.60338365414685,2.520292790878433,real,0.5
313.65096178866696,523.0,299.4270848483145,34.22451579816235,2.520372599443266,real,0.5
313.6630877319403,517.0,300.87656948597686,34.39019189224715,2.520488436531057,real,0.5
314.67233931824103,529.0,293.274139738782,33.52123417214278,2.529886036187444,real,0.5
314.6732720831084,510.0,295.3003478140263,33.7528297551432,2.529894781591268,real,0.5
314.68446526151445,531.0,300.4514411572192,34.341599724270154,2.530001557050286,real,0.5
315.78885886426883,527.0,294.52554051539005,33.66426928090908,2.540328946948963,real,0.5
315.78885886426883,523.0,293.184797401515,33.511022342993165,2.540328946948963,real,0.5
316.72162373145994,512.0,290.99259495531584,33.2604536033926,2.548946775445653,real,0.4853424668227388
328.6703416801779,533.0,249.19979409626524,28.48353646520312,2.643486148613635,real,0.3
328.7067195099981,523.0,249.2969190193799,28.494637843915125,2.6437740855820446,real,0.3
328.9333813727255,516.0,247.5880970482751,28.299319492617844,2.645555856823743,real,0.3
329.8661462399166,499.0,245.87249538898604,28.103226222961105,2.6528374407336046,real,0.3
329.8689445345183,528.0,245.42767859506387,28.0523836634158,2.652859245965207,real,0.3
330.58064412818504,546.0,247.63864534082643,28.30509716245646,2.658455003228879,real,0.3
330.80357493144373,545.0,247.2947625108833,28.26579135499396,2.6602053686654097,real,0.3
330.9052463019675,523.0,245.30353649425348,28.03819422129317,2.6609972246747127,real,0.3
331.5329970575873,522.0,234.25718315541403,26.775596034663824,2.6656662248533043,real,0.3
331.69902920394725,533.0,244.6167194168076,27.959691029341105,2.666955726940294,real,0.3
331.8240196961508,518.0,230.32331571952565,26.32595498674178,2.667869753071272,real,0.3
332.0133709641906,531.0,240.97220630729765,27.54312318092412,2.6693184545435176,real,0.3
332.10664745090963,536.0,239.59420386247064,27.3856175014804,2.670028019595509,real,0.3
332.4685602193801,540.0,263.0301866914791,30.06435033883606,2.673050428557564,real,0.3
332.66630637122466,527.0,265.4795142635667,30.34430848032568,2.6747172258443324,real,0.3
332.76238115254495,526.0,245.5302534602845,28.064107970510523,2.675466185021059,real,0.3
332.9461358313817,519.0,237.66948355205992,27.165621970000448,2.676852798948975,real,0.3
333.0403450829681,520.0,243.70823026010228,27.85585071872969,2.6775817652957845,real,0.3
333.0450089073042,526.0,243.90093683593744,27.877877080347645,2.677617881273997,real,0.3
333.2278308212735,532.0,247.19562862496184,28.25446035183314,2.6790527519739125,real,0.3
333.40039232170386,537.0,257.9348963248695,29.481958649932587,2.680465932812873,real,0.3
333.69141496026737,520.0,257.9029376206044,29.47830577003508,2.6828489479033117,real,0.3
333.96937889069056,543.0,267.81407606217334,30.61114889390641,2.685212502142567,real,0.3
334.06358814227656,528.0,246.4933564144749,28.17419063817448,2.685949799202029,real,0.3
334.06358814227656,525.0,241.8928835379859,27.64835658839179,2.685949799202029,real,0.3
334.0645209071439,521.0,244.6968462653542,27.968849528129983,2.6859570459687565,real,0.3
334.1633939830664,504.0,245.72553927997404,28.086429139701032,2.6867284325356238,real,0.3
334.3247623050902,537.0,266.4472908510102,30.454925344270467,2.6880935603690026,real,0.3
334.62231429772413,535.0,265.50297809262145,30.34699039598663,2.690601840219772,real,0.3
334.810732800897,525.0,254.9231516529672,29.137716233934142,2.6921268637971805,real,0.3
334.810732800897,529.0,262.08995202022254,29.956881515911437,2.6921268637971805,real,0.3
335.08962949618706,533.0,238.35234700438247,27.243673262600915,2.69423746669732,real,0.3
335.09242779078835,512.0,247.705563712508,28.312745932339663,2.694259474309568,real,0.3
335.0933605556557,523.0,243.79108422466297,27.865320926878976,2.694266694251895,real,0.3
335.2565944074139,536.0,256.1625991307985,29.279385080650272,2.6955943016974016,real,0.3
335.27898076422684,515.0,242.69514633283336,27.74005522584285,2.6957668013569283,real,0.3
335.46366820793054,531.0,252.96200066720823,28.913556676261905,2.697250126598851,real,0.3
335.8367741548071,514.0,262.1186837572109,29.9601655534492,2.700355214359239,real,0.3
335.9300506415261,533.0,252.749570451361,28.88927590259056,2.7011037394036976,real,0.3
335.9356472307291,528.0,250.64710864786085,28.64896451845049,2.701148277316337,real,0.3
336.02425989311246,512.0,253.46424573572705,28.9709632875936,2.7018613868132046,real,0.3
336.02519265797946,540.0,230.0555359366701,26.2953477575614,2.7018681999733585,real,0.3
336.03172201204984,521.0,240.9437708196973,27.5398730046914,2.7019181493016644,real,0.3
336.19495586380845,520.0,285.51147227019686,32.633961280483504,2.7033978624122077,real,0.3
336.2089473368162,530.0,243.58421547460867,27.84167582874777,2.703506069649943,real,0.3
336.39923136972334,539.0,284.9718129717322,32.57227822266899,2.705227732000272,real,0.3
336.4971716807785,518.0,255.33077488011745,29.184307568797426,2.706021709822832,real,0.3
336.67626253527914,529.0,260.2673796264105,29.74856149129872,2.707501625183288,real,0.3
336.7732700814669,532.0,255.4321720817587,29.19589726894501,2.708288353614624,real,0.3
337.0530995416243,535.0,255.3046055084941,29.18131640962088,2.710556629175065,real,0.3
337.06242719029603,530.0,241.04918436173705,27.551921772546542,2.710628016576877,real,0.3
337.1379811445386,524.0,283.4359179119468,32.39672541733552,2.7113079334407084,real,0.3
337.1435777337416,520.0,259.71985697968086,29.68597965277752,2.7113540835054875,real,0.3
337.2349886907264,529.0,231.3621745799046,26.44469655448309,2.71202556545527,real,0.3
337.3338617666488,517.0,284.4880769403023,32.51698719427655,2.712918636161833,real,0.3
337.70230388918924,499.0,263.5101383613158,30.119208814698396,2.7160011876132018,real,0.3
337.79837867051003,532.0,257.78971856742294,29.465364832256444,2.716787542747312,real,0.3
337.88792409776033,537.0,259.67773515217993,29.681165127894168,2.717525824028608,real,0.3
337.9858644088155,504.0,255.10301361386556,29.15827445606483,2.718319093603624,real,0.3
338.0539562441203,518.0,285.78331966880967,32.665033438144945,2.718936933069484,real,0.3
338.0763426009328,534.0,264.7737199042969,30.263636185061134,2.719125125446729,real,0.3
338.1677535579174,549.0,284.55799020798503,32.524978280772686,2.71995099749966,real,0.3
338.2628955743712,528.0,232.1779792599017,26.53794302940676,2.7206523512253136,real,0.3
338.34031505834776,521.0,285.53711510960864,32.636892257028265,2.7213542210467407,real,0.3
338.54365779939565,526.0,284.8446595611928,32.55774458784433,2.723193215776416,real,0.3
338.63973258071644,542.0,270.1530676627035,30.87849563384701,2.724017283752953,real,0.3
338.7367401269041,522.0,256.35503915595905,29.30138097552612,2.724806854605272,real,0.3
338.9885866410457,520.0,294.1562558877154,33.622060047965874,2.7271589653334214,real,0.3
339.0081747032569,523.0,257.78756678640804,29.46511888368644,2.7273192888283533,real,0.3
339.0995856602416,518.0,250.01370086676533,28.57656600907128,2.728044903063416,real,0.3
339.161148141476,529.0,280.4799517677862,32.05885848705796,2.728593131639529,real,0.3
339.1947276766949,544.0,261.3629113665237,29.87378076919365,2.728871783771046,real,0.3
339.19659320642927,531.0,290.7674084541051,33.23471478630422,2.7288890060901148,real,0.3
339.287071398547,525.0,283.36598445980803,32.388732023756056,2.72970302662303,real,0.3
339.47362437198507,525.0,282.5734395148957,32.29814413655258,2.731376725185587,real,0.3
339.57063191817275,512.0,282.44532284834304,32.28350040156561,2.732246653840116,real,0.3
339.76091595107994,537.0,272.0747300800645,31.098141648151373,2.7338903982314298,real,0.3
339.85139414319764,527.0,251.16183812102176,28.707798097232786,2.734611906473518,real,0.3
339.8560579675333,526.0,260.76071702216456,29.80494995563341,2.734650518987664,real,0.3
339.864452851338,560.0,251.50145478381552,28.746616281790114,2.73471755357196,real,0.3
339.9269480974398,531.0,322.6371399717532,36.87742509877139,2.735357737948945,real,0.3
340.2170379711364,520.0,322.8362459697206,36.90018291433906,2.7383311738936684,real,0.3
340.4054564743092,524.0,294.25346077142456,33.633170566173824,2.7400914826867333,real,0.3
340.4063892391762,539.0,286.67345361290927,32.76677574795553,2.7400999726026285,real,0.3
340.41664965271525,529.0,283.8649565501683,32.44576453368423,2.740192446758658,real,0.3
340.59294221261416,514.0,281.5994822057542,32.18682081611771,2.7417686403799584,real,0.3
340.7888228347244,537.0,276.59728508868363,31.615069685636534,2.7434888569127582,real,0.3
340.84385596188883,521.0,302.2397687744921,34.54600557092445,2.7440169610009835,real,0.3
340.8765027322404,547.0,248.86203839336383,28.444930988361484,2.744274915203662,real,0.3
341.0555935867411,539.0,302.2223913852196,34.5440193353306,2.745993392409399,real,0.3
341.06025741107715,524.0,259.3635491676431,29.645253669861603,2.7460317980359306,real,0.3
341.3382213415003,541.0,320.0875449716378,36.5860063902582,2.7488566841844646,real,0.3
341.3382213415003,529.0,304.13639429283694,34.76278986767126,2.7488566841844646,real,0.3
341.4324305930863,537.0,284.87998126054424,32.56178185808021,2.7497088011564523,real,0.3
341.53037090414136,533.0,279.7790113793576,31.978741000660573,2.75057880333444,real,0.3
341.6236473908604,520.0,278.48295279443846,31.83060150440432,2.7514035385229074,real,0.3
341.71505834784546,522.0,279.02376862759206,31.89241675413377,2.7522133486162583,real,0.3
341.76449488580647,538.0,292.8495650916717,33.47270528997807,2.7526730082456266,real,0.3
341.8064693048302,525.0,245.9692266268337,28.11428260344709,2.753000808434112,real,0.3
341.9939550431356,524.0,294.838949984423,33.700091983219544,2.754755888052566,real,0.3
342.3735903440821,518.0,286.60146235001673,32.758547146606915,2.758210416081614,real,0.3309791749234268
342.4556736523951,532.0,316.8494430156438,36.21589133668809,2.759036171685619,real,0.358394999899964
342.55268119858283,549.0,282.604938381639,32.301744457021336,2.75990659195433,real,0.39069552032666177
342.6534198042396,517.0,283.94868287364795,32.45533445245796,2.760814787826237,real,0.42423537500755587
342.703789107068,528.0,297.5912845897138,34.014683828604284,2.761290703356897,real,0.4409655617607218
342.83251065874026,542.0,279.81499512536953,31.98285394282973,2.762434281853127,real,0.48379353870176056
342.86422466422493,527.0,299.3568420964001,34.21648705161853,2.762735710147022,real,0.4925587301587844
342.86422466422493,533.0,317.8437762885447,36.32954362978066,2.762735710147022,real,0.4925587301587844
343.0143998078423,517.0,295.788826173418,33.808662831621675,2.7641460492570915,real,0.5
343.2093476650855,532.0,298.04367192159145,34.0663917006379,2.765990818719882,real,0.5
343.2093476650855,526.0,317.8155361186383,36.32631577836036,2.765990818719882,real,0.5
343.2970275626015,538.0,294.0741767026113,33.61267839710847,2.766809473219076,real,0.5
343.2970275626015,540.0,316.00479130509694,36.11934764617258,2.766809473219076,real,0.5
343.4826477711726,554.0,284.96818899800166,32.57186400247159,2.7684889166051003,real,0.5
343.5843191416964,534.0,274.09644030513266,31.329223126876663,2.7693737180086435,real,0.5
343.6365539742591,531.0,277.6662601509732,31.737253535256222,2.7698342152654254,real,0.5
343.676662863548,530.0,271.013104981883,30.976797899429226,2.770179338864724,real,0.5
343.8538881883144,524.0,277.7692807898493,31.749028794279774,2.7717423199589137,real,0.5
344.1355831782062,531.0,286.16033806282366,32.708126640580744,2.774301685348747,real,0.5
344.23445625412825,525.0,290.7195581014961,33.229245491001,2.775214318046598,real,0.5
344.3230689165116,530.0,314.11375778289226,35.903202514584585,2.776098062036294,real,0.5
344.41727816809805,541.0,293.7620774884869,33.57700545693405,2.776976746634797,real,0.5
344.418210932965,518.0,285.1204329569749,32.589265486982235,2.776985190557544,real,0.5
344.51055465481704,539.0,312.8501779262774,35.75877533697351,2.7779024401140675,real,0.5
344.5581256630437,541.0,279.92517934111834,31.995447998689823,2.778325233369612,real,0.5
344.6038311415361,527.0,274.72639903566494,31.4012274097765,2.778723902292949,real,0.5
344.7885185852398,507.0,283.4781721176869,32.40155507305161,2.7803861690647453,real,0.5
345.1616245321163,522.0,283.35092076671606,32.38701024363564,2.78374277632126,real,0.5
345.253035489101,528.0,294.66268450586733,33.679944839020635,2.784597975207073,real,0.5
345.253035489101,541.0,292.3779435504053,33.418798947811325,2.784597975207073,real,0.5
345.35284132989045,518.0,295.6884165055238,33.79718600658137,2.785534963141991,real,0.5
345.4461178166099,523.0,319.7028266836484,36.542033089941015,2.7864817721598283,real,0.5
345.4573109950159,536.0,290.77117312321525,33.235145087983504,2.7865851074121397,real,0.5
345.48436117616444,533.0,287.81173113105945,32.89688086828009,2.786832292575114,real,0.5
345.5356632438602,526.0,310.1909269288032,35.45482294796221,2.7873375441659523,real,0.5
345.81455993915034,524.0,288.00419159461575,32.91887909926458,2.78988781266413,real,0.5
346.0011129125884,524.0,288.841947405208,33.01463458841527,2.791598639955641,real,0.5
346.0067095017914,519.0,290.1302984024758,33.16189310740298,2.7916501937036733,real,0.5
346.1876658860265,544.0,296.3144229749532,33.86873854603715,2.7933526282775327,real,0.5
346.30239596469096,525.0,322.3354382476824,36.8429405917101,2.794526793130954,real,0.5
346.3788826838009,540.0,298.631496221094,34.133580018071044,2.7952520057829155,real,0.5
346.4264536920276,543.0,276.86197531726987,31.645323778763945,2.7956701724378643,real,0.5
346.46842811105137,538.0,298.20500363373765,34.08483191533621,2.7960675866093,real,0.5
346.47215917052,524.0,304.38762086739365,34.79150506514309,2.7961036447133005,real,0.5
346.56916671670774,532.0,277.82098423997894,31.7549384986296,2.796959330453049,real,0.5
346.9329450149121,528.0,286.7728578726089,32.77813765483919,2.800271545768156,real,0.5
347.02715426649854,519.0,287.2765091393226,32.83570499462458,2.8011308310995053,real,0.5
347.1241618126867,531.0,291.3016018078119,33.2957730866329,2.802028037001053,real,0.5
347.214640004804,516.0,288.8269162515266,33.01291652754949,2.802857745057701,real,0.5
347.2155727696713,540.0,300.97945095051745,34.40195124364414,2.802866658649781,real,0.5
347.35735302948444,523.0,275.2821159627317,31.46474585454024,2.804105847494839,real,0.5
347.4926039352271,530.0,302.6924342730406,34.59774523740854,2.805405674267065,real,0.5
347.5877459516805,531.0,307.95989289472465,35.19981575786703,2.806335946892063,real,0.5
347.59147701114915,525.0,273.5971577302344,31.272155128565785,2.8063683575227563,real,0.5
347.8703737064393,534.0,290.2474997470796,33.1752892210912,2.8089384904474946,real,0.5
347.9599191336896,523.0,288.3784622696912,32.9616582374257,2.80975836982798,real,0.5
348.05692667987773,537.0,290.8823881123031,33.247856961236245,2.810654284555709,real,0.5
348.33302508056613,515.0,290.26315016204285,33.1770780635215,2.813198767387057,real,0.5
348.3339578454336,529.0,298.47979944503635,34.116241076567654,2.813207606951247,real,0.5
348.4272343321526,547.0,299.87491982044327,34.27570333547666,2.814095695058735,real,0.5
348.4981244620591,518.0,278.38088987667766,31.818935712904256,2.8147222640826723,real,0.5
348.6119217758563,521.0,273.9232718136063,31.3094299682952,2.815711966590148,real,0.5
348.8040713384977,533.0,278.2491115830954,31.803873453947805,2.8174094944719483,real,0.5
348.9859604875997,530.0,285.7931006049086,32.66615139914105,2.8190599440504003,real,0.5
349.08016973918615,532.0,291.32437917473504,33.29837653967221,2.819931337142857,real,0.5
349.1734462259052,533.0,290.6407704158744,33.22024005853444,2.8207920780541413,real,0.5
349.2695210072259,534.0,290.76810241140186,33.23479410562323,2.8216790296030125,real,0.5
349.36466302367927,539.0,300.87653792851694,34.390188285229485,2.8225879051195872,real,0.5
349.9177925899239,526.0,282.73808953569824,32.31696363393031,2.827553312918804,real,0.5
349.9177925899239,532.0,276.71516315791,31.62854314894911,2.827553312918804,real,0.5
349.9187253547908,535.0,289.46484126750346,33.085831356875644,2.8275618855024374,real,0.5
350.29183130166734,547.0,288.8306389723029,33.013342034534226,2.83098340612448,real,0.5
350.3543265477692,527.0,271.19668178240426,30.99778072772881,2.831521521106477,real,0.5
350.3851077883864,518.0,289.3090558330852,33.06802508172164,2.8318042641166934,real,0.5
350.66400448367654,539.0,267.6198745049719,30.58895165591829,2.8341740300970337,real,0.5
350.8589523409197,527.0,274.54192991712085,31.380142589526912,2.835873333307537,real,0.5
351.0408414900217,506.0,281.8191613236743,32.21193013929597,2.837500833464196,real,0.5
351.0511019035612,536.0,290.65619143726383,33.22200268127926,2.8375955199881178,real,0.5
351.1313196821394,523.0,292.0230845114357,33.3782385596571,2.838339277807593,real,0.5
351.6937768970557,527.0,266.4693562939837,30.457447424402336,2.8430978919886454,real,0.5
351.8775315758925,531.0,275.3997723707465,31.47819398197633,2.844704632384623,real,0.5
351.9764046518145,530.0,280.86659989165554,32.10305236761623,2.845586334477421,real,0.5
352.1573610360496,535.0,291.6964176297114,33.34090053507601,2.8472622369240788,real,0.5
352.72168378070023,524.0,267.37791129450926,30.561295260962407,2.85205291304123,real,0.5
352.9091695190056,533.0,276.3413888724684,31.58582074812314,2.853697882742048,real,0.5
353.0929241978424,525.0,283.5687709155335,32.41191051564548,2.855352282799628,real,0.5
353.74865789947773,535.0,270.53291727267595,30.921912444266862,2.860984655052051,real,0.5
353.84753097539976,534.0,280.77307745371604,32.092362752959744,2.861866063557326,real,0.5
354.86144638603645,519.0,269.4621010943927,30.79951815508909,2.8705405374733344,real,0.5
366.9370203566928,539.0,174.90007258674024,19.99107829666441,2.9375971332301547,real,0.5
367.17207710322486,523.0,176.99254499277336,20.230247892673997,2.938918037744374,real,0.5
367.87631457795385,536.0,181.6603156758474,20.76377408174936,2.9429798788069226,real,0.5
368.1067075001503,532.0,181.10369069196912,20.70015184609207,2.9443046478274035,real,0.5
368.80441562080927,546.0,170.00959281793044,19.43209645908945,2.948070739910997,real,0.5
368.9350027022159,526.0,173.58899572924625,19.841222211852845,2.9487904641610485,real,0.5
368.9489941752237,525.0,167.01164210249,19.089430692314608,2.9488646556205667,real,0.5
369.4079144898818,528.0,172.11393771766362,19.67262308112895,2.9513724796134952,real,0.5
369.73158389879694,525.0,170.0247483293506,19.433828734044774,2.9531197395744138,real,0.5
369.867767569407,536.0,175.33920869483876,20.04127155382007,2.953877876775495,real,0.5
369.9666406453295,512.0,170.28906718068282,19.46404037875205,2.954412451648308,real,0.5
369.97876658860287,517.0,166.98262040011622,19.086113511733284,2.954476739739906,real,0.5
370.3434776516747,517.0,173.1646632846054,19.7927210134304,2.9564819131626536,real,0.5
370.6783402389962,538.0,161.60362484116845,18.47129431934555,2.9582000646645854,real,0.5
370.8005324365981,545.0,175.25721211890914,20.031899345191317,2.958879992943233,real,0.5
370.9926819992396,527.0,161.25462704402534,18.431403871132098,2.959863766885651,real,0.5
371.1885626213498,526.0,173.94146305368002,19.881509227035625,2.960945545328951,real,0.5
371.3667207109831,529.0,174.59834691055914,19.95659105187691,2.9619331642560054,real,0.5
371.6073740467182,540.0,139.72623730615345,15.97070892409334,2.963000776582849,real,0.5
371.7239696551171,519.0,171.0371027426057,19.549540843479832,2.963633940640784,real,0.5
371.77993554714897,530.0,168.47321240730213,19.256488178154637,2.963933303568087,real,0.5
371.82937208511,538.0,140.98215635188447,16.114260471020394,2.9641545905818343,real,0.5
372.1119998398688,533.0,173.18091465818955,19.794578545431065,2.965708617607026,real,0.5
372.20527632658775,530.0,162.68736127229923,18.5951653934238,2.966190420856431,real,0.5
372.20527632658775,538.0,171.6326790793914,19.61761521877444,2.966190420856431,real,0.5
372.30414940251023,501.0,172.95136271285276,19.76834075807907,2.966733353261052,real,0.5
372.3974258892292,535.0,177.5759252618925,20.296928257434317,2.967259249416341,real,0.5
372.52894573550327,521.0,75.95590797807019,8.681760281893423,2.967576422687914,real,0.5
372.8572789687544,510.0,77.53100810147029,8.861794225998054,2.968384650896422,real,0.5
372.8628755579574,533.0,137.30516536911327,15.693980401689643,2.968409048885664,real,0.5
373.13804119377886,542.0,172.99986552199078,19.773884629163547,2.9699204637569534,real,0.5
373.22851938589656,527.0,168.68099251148985,19.28023744406329,2.970405030709048,real,0.5
373.3264596969517,538.0,171.44964372403797,19.59669427765754,2.9709381713571608,real,0.5
373.4225344782724,544.0,179.29476160842495,20.49339125184297,2.9714850874913386,real,0.5
373.4645088972961,541.0,24.68138763611088,2.821082606807473,2.9715179800756277,real,0.5
373.5176764947258,544.0,175.04161776463027,20.00725691049724,2.9718134627925963,real,0.5
373.5894993894993,535.0,155.8803941626481,17.817129052790676,2.97216892884402,real,0.5
373.7900438359456,529.0,24.992275631790328,2.8566171047136346,2.972328061815124,real,0.5
373.982193398587,512.0,75.61495930330841,8.642789848368151,2.972789369673281,real,0.5
374.0680077663687,526.0,155.20930888994556,17.740424006120776,2.973212253915021,real,0.5
374.06987329610297,520.0,124.67743413557668,14.250630721696414,2.973219638630394,real,0.5
374.07080606097,550.0,169.01146575240878,19.318010535500324,2.973224643953041,real,0.5
374.1640825476894,526.0,175.88701272417944,20.10388555437371,2.9737455383457974,real,0.5
374.3534338157292,529.0,172.47106563875687,19.71344280250991,2.9747824176213764,real,0.5
374.4233911807684,6.0,8.961360885325892,1.024283549192749,2.974802322115308,real,0.5
374.5381212594329,528.0,185.62041235171992,21.216413131801588,2.975478477878528,real,0.5
374.6267339218159,17.0,7.669446392923686,0.8766177227111773,2.975500055498056,real,0.5
375.0026381632941,522.0,27.28388159977451,3.1185476668542265,2.9758256875245066,real,0.5
375.0063692227628,530.0,112.08213607998914,12.81098815394276,2.975838964901911,real,0.5
375.0959146500131,521.0,63.79458297461765,7.291720833998797,2.976020337195653,real,0.5
375.0996457094818,515.0,153.0104539056893,17.489094881420286,2.9760384629881687,real,0.5
375.1089733581539,522.0,178.05472697893404,20.35165529369216,2.9760911944021893,real,0.5
375.1882583718652,528.0,168.70244684083383,19.282689673907303,2.976515868934186,real,0.5
375.29739186132633,524.0,172.96901747358294,19.77035869723053,2.977115204554332,real,0.5
375.3654836966312,0.0,19.091467928024635,2.182154784173216,2.977156478699936,real,0.5
375.5650953782104,0.0,22.438916404716323,2.564768145059076,2.9772986891672404,real,0.5
375.9354030304852,421.0,28.168159380488696,3.219620617189858,2.977629869765009,real,0.5
376.1228887687906,513.0,58.61015967253325,6.69914125057055,2.9779787568326137,real,0.5
376.1238215336576,536.0,106.09287473969626,12.12641558274728,2.9779818988032853,real,0.5
376.1266198282593,529.0,154.16777007053972,17.62137611906269,2.977995595970416,real,0.5
376.1331491823297,513.0,175.91158649044422,20.10669433585777,2.9780320636722224,real,0.5
376.2245601393144,525.0,187.40593648219905,21.42049853991535,2.978575971525173,real,0.5
376.300114093557,0.0,36.8385629415335,4.21064774421728,2.978664341271561,real,0.5
376.3691386937288,3.0,16.179377424620665,1.8493028396341415,2.9786997988796453,real,0.5
376.5874056726518,13.0,39.08971721338142,4.467954677489496,2.9789706897044845,real,0.5
376.77955523529295,0.0,30.527882901744388,3.4893370156693835,2.979156932643781,real,0.5
376.866302367942,317.0,32.271954589999204,3.6886844096369087,2.979245816753721,real,0.5
376.960511619528,0.0,22.964172004116875,2.624804860070559,2.979314505893006,real,0.5
377.05565363598174,535.0,59.891838619937225,6.845637154258824,2.979495424704886,real,0.5
377.1489301227008,530.0,105.67813951979323,12.079011347112369,2.9798083935219686,real,0.5
377.2459376688885,0.0,57.22173984966021,6.540444864816162,2.9799846358851108,real,0.5
377.3354830961388,525.0,164.20851164017864,18.76903288047242,2.980451491737432,real,0.5
377.3354830961388,520.0,185.84449538649375,21.24202582267624,2.980451491737432,real,0.5
377.42689405312353,11.0,58.79298247735229,6.720037897161367,2.980622126486086,real,0.5
377.8,0.0,39.4853947089934,4.513180615237945,2.981089874965773,real,0.5
377.8,0.0,0.0,0.0,2.981089874965773,real,0.5
378.0083333333333,0.0,0.0,0.0,2.981089874965773,real,0.5
378.2166666666667,0.0,0.0,0.0,2.981089874965773,real,0.5
378.425,0.0,0.0,0.0,2.981089874965773,real,0.5
378.6333333333333,0.0,0.0,0.0,2.981089874965773,real,0.5
378.8416666666667,0.0,0.0,0.0,2.981089874965773,real,0.5
379.05,0.0,0.0,0.0,2.981089874965773,real,0.5
379.2583333333333,0.0,0.0,0.0,2.981089874965773,real,0.5
379.4666666666667,0.0,0.0,0.0,2.981089874965773,real,0.5
379.675,0.0,0.0,0.0,2.981089874965773,real,0.5
379.8833333333333,0.0,0.0,0.0,2.981089874965773,real,0.5
380.0916666666667,0.0,0.0,0.0,2.981089874965773,real,0.5
380.3,0.0,0.0,0.0,2.981089874965773,real,0.5
380.5083333333333,0.0,0.0,0.0,2.981089874965773,real,0.5
380.7166666666667,0.0,0.0,0.0,2.981089874965773,real,0.5
380.925,0.0,0.0,0.0,2.981089874965773,real,0.5
381.1333333333333,0.0,0.0,0.0,2.981089874965773,real,0.5
381.3416666666667,0.0,0.0,0.0,2.981089874965773,real,0.5
381.55,0.0,0.0,0.0,2.981089874965773,real,0.5
381.7583333333333,0.0,0.0,0.0,2.981089874965773,real,0.5
381.9666666666667,0.0,0.0,0.0,2.981089874965773,real,0.5
382.175,0.0,0.0,0.0,2.981089874965773,real,0.5
382.3833333333333,0.0,0.0,0.0,2.981089874965773,real,0.5
382.5916666666667,0.0,0.0,0.0,2.981089874965773,real,0.5
382.8,532.0,31.743777810733548,3.628313803766845,2.9812998468294167,real,0.5
382.8,0.0,0.0,0.0,2.9812998468294167,real,0.5
382.8848816029143,169.0,11.261660134561629,1.287207753380394,2.981330196900914,real,0.5
382.9884185031724,548.0,46.39784167172778,5.303273303078486,2.981482720367309,real,0.5
383.0033427410475,10.0,6.065986604487576,0.6933422688929299,2.9814855947020176,real,0.5
383.07050181148537,530.0,9.152388158190972,1.0461179664812283,2.981505110343739,real,0.5
383.25612202005647,10.0,0.0,0.0,2.981505110343739,real,0.5
383.5406153045497,1.0,0.2759237078848155,0.0315380798112344,2.98150760266927,real,0.5
383.6292279669326,0.0,1.219965133967474,0.1394420148124822,2.981511034982653,real,0.5
383.6292279669326,0.0,0.0,0.0,2.981511034982653,real,0.5
383.8148481755037,16.0,0.0,0.0,2.981511034982653,real,0.5
383.9109229568245,520.0,20.491885734896236,2.34222253949864,2.9815735429044,real,0.5
383.94170419744165,15.0,0.0,0.0,2.9815735429044,real,0.5
384.0041994435434,57.0,2.314457830521998,0.2645425300286643,2.9815781353073216,real,0.5
384.0069977381452,514.0,9.339130980298972,1.0674626710481725,2.9815789650503857,real,0.5
384.1012069897316,4.0,3.4804107202674626,0.3978109453265709,2.9815893754591167,real,0.5
384.4687163474047,0.0,1.826624606006352,0.208783192466526,2.981610689286049,real,0.5
384.5619928341237,6.0,0.0,0.0,2.981610689286049,real,0.5
384.5675894233272,9.0,0.0,0.0,2.981610689286049,real,0.5
384.6562020857101,0.0,0.0,0.0,2.981610689286049,real,0.5
384.7494785724291,1.0,0.0,0.0,2.981610689286049,real,0.5
384.8875277727735,20.0,0.0,0.0,2.981610689286049,real,0.5
385.0293080325866,0.0,0.0,0.0,2.981610689286049,real,0.5
385.1225845193056,517.0,0.0,0.0,2.981610689286049,real,0.5
385.1263155787743,15.0,0.0,0.0,2.981610689286049,real,0.5
385.3082047278767,20.0,0.0,0.0,2.981610689286049,real,0.46865514722082047
385.4882283472448,0.0,0.0,0.0,2.981610689286049,real,0.34497535379007543
385.5880341880342,10.0,0.0,0.0,2.981610689286049,real,0.2766846153846111
385.6822434396202,0.0,0.0,0.0,2.981610689286049,real,0.21247446105824783
385.6822434396202,13.0,0.0,0.0,2.981610689286049,real,0.21247446105824783
385.7876458696131,0.0,0.0,0.0,2.981610689286049,real,0.14080080866311645
385.84827558598056,12.0,0.0,0.0,2.981610689286049,real,0.09966915270519595
385.8687964130587,17.0,0.0,0.0,2.981610689286049,real,0.08579362477232035
386.0534838567624,6.0,0.0,0.0,2.981610689286049,real,0.4611588482556768
386.3342460817868,0.0,0.0,0.0,2.981610689286049,real,0.2730236173664483
386.4209932144359,20.0,0.0,0.0,2.981610689286049,real,0.2152605056145532
386.4331191577093,0.0,0.0,0.0,2.981610689286049,real,0.20720887928100565
386.6150083068113,0.0,0.0,0.0,2.981610689286049,real,0.08659451750453545
386.70735202866337,3.0,0.0,0.0,2.981610689286049,real,0.0260152625153413
386.8006285153824,16.0,0.0,0.0,2.981610689286049,real,0.0
386.8015612802498,9.0,0.0,0.0,2.981610689286049,real,0.0
387.1700034027903,56.0,0.0,0.0,2.981610689286049,real,0.0
387.17653275686064,5.0,0.0,0.0,2.981610689286049,real,0.0
387.2698092435797,0.0,0.0,0.0,2.981610689286049,real,0.0
387.4582277467521,6.0,0.0,0.0,2.981610689286049,real,0.0
387.5477731740024,0.0,0.0,0.0,2.981610689286049,real,0.0
387.64664624992486,0.0,0.0,0.0,2.981610689286049,real,0.0
387.8266698692925,2.0,0.0,0.0,2.981610689286049,real,0.0
388.1055665645831,199.0,0.0,0.0,2.981610689286049,real,0.0
388.2025741107708,4.0,0.0,0.0,2.981610689286049,real,0.0
388.3891270842088,0.0,0.0,0.0,2.981610689286049,real,0.0
388.4805380411935,18.0,0.0,0.0,2.981610689286049,real,0.0
388.584074941452,16.0,0.0,0.0,2.981610689286049,real,0.0
388.7594347364836,0.0,0.0,0.0,2.981610689286049,real,0.0
389.1418683320323,314.0,0.0,0.0,2.981610689286049,real,0.0
389.2258171700792,0.0,0.0,0.0,2.981610689286049,real,0.0
389.2286154646809,0.0,0.0,0.0,2.981610689286049,real,0.0
389.5989231169557,2.0,0.0,0.0,2.981610689286049,real,0.0
389.69219960367474,0.0,0.0,0.0,2.981610689286049,real,0.0
390.24999299425536,411.0,1.6331862556043428,0.1866731890155764,2.981639612916891,real,0.0
390.25652234832535,6.0,0.0,0.0,2.981639612916891,real,0.0
390.4412097920295,0.0,0.0,0.0,2.981639612916891,real,0.0
390.4412097920295,6.0,0.0,0.0,2.981639612916891,real,0.0
391.1939510398525,537.0,5.916205598683247,0.6762222999294951,2.981781007477406,real,0.0
391.2834964671029,0.0,0.0,0.0,2.981781007477406,real,0.0
391.3833023078923,3.0,0.0,0.0,2.981781007477406,real,0.0
392.3020757020756,536.0,2.0068309640478708,0.2293807791906716,2.9818395488543663,real,0.0
392.396284953662,0.0,0.0,0.0,2.9818395488543663,real,0.0
393.24696651254015,533.0,6.013755377646008,0.6873722396649388,2.9820019752122464,real,0.0
405.44566544566527,523.0,314.8928961829421,35.99225803371028,3.1039627306779645,real,0.0
405.6415460677754,526.0,314.13054778538645,35.905121611869674,3.105916374444152,real,0.0
406.3560439560439,526.0,324.098572651416,37.04446685405684,3.1132686503717224,real,0.0
406.56778158089617,521.0,323.6997435263206,36.998880685058445,3.115444776793513,real,0.0
406.7552673192016,526.0,314.324486808098,35.927288842165595,3.1173158474251483,real,0.0
407.2701535258912,513.0,323.2758742870395,36.950432431008615,3.122600644089021,real,0.0
407.6880321863927,523.0,324.6353337136412,37.10581864346919,3.1269077912533385,real,0.0
407.7533257270962,525.0,328.2973868050887,37.52439131182164,3.127588374689865,real,0.0
407.8092916191276,525.0,328.55323759474146,37.55363505707895,3.128172186546807,real,0.0
408.205716687684,526.0,326.8659179598116,37.36077442280647,3.1322862830917737,real,0.0
408.6860905942873,527.0,323.741960381283,37.003706071580645,3.137223953881886,real,0.0
408.7131407754359,533.0,322.24650666449475,36.83277571175175,3.137500713119444,real,0.0
408.7131407754359,537.0,325.3360490386973,37.1859104051231,3.137500713119444,real,0.0
408.7224684241076,522.0,328.33408735616337,37.52858618480947,3.137597950193632,real,0.0
409.1384815548751,516.0,314.0236232931568,35.89290014240781,3.141745705127124,real,0.0
409.36327788786815,518.0,312.92418690105126,35.76723456279016,3.1439791337857392,real,0.0
409.5554274505092,523.0,323.5960011677193,36.98702293347032,3.145953311641312,real,0.0
409.65150223183,524.0,325.4149628898073,37.19493025830498,3.146945949083203,real,0.0
409.739182129346,520.0,321.5414330163741,36.75218579377156,3.1478410679398383,real,0.0
409.83805520526846,515.0,324.6995114145968,37.11315415468841,3.148860371192188,real,0.0
410.06751536259713,523.0,311.8003254754611,35.6387772018452,3.151131948809893,real,0.0
410.5516203286695,530.0,311.77350638501525,35.635711779807245,3.1559240113215954,real,0.0
410.5516203286695,534.0,312.7872464940777,35.75158227427308,3.1559240113215954,real,0.0
410.58240156928673,522.0,320.3037351206722,36.61071692429283,3.156237045567933,real,0.0
410.7633579535217,524.0,322.71017811528657,36.88577335857725,3.1580911333947883,real,0.0
410.7633579535217,519.0,323.80584155497513,37.01100768973366,3.1580911333947883,real,0.0
410.8603654997098,528.0,323.6418663420173,36.992265322892585,3.159087946974487,real,0.0
411.008675113593,520.0,294.8541315168583,33.7018272323769,3.1604763650255947,real,0.0
411.4750575471885,534.0,294.37388345963933,33.64693487943678,3.164835348184512,real,0.0
411.5291579094856,510.0,324.1425328990299,37.04949151035912,3.1653921234382985,real,0.0
411.60284633399385,524.0,319.8230238348156,36.55577162431943,3.1661403837765434,real,0.0
411.6047118637282,530.0,315.20763188782314,36.02823232477819,3.1661590537039537,real,0.0
411.6047118637282,531.0,311.7701299605923,35.635325854495704,3.1661590537039537,real,0.0
411.7903320722992,555.0,326.6080446876597,37.3312995077995,3.1680838991486384,real,0.0
411.8882723833543,531.0,328.785013001128,37.58012698602893,3.169106290628222,real,0.0
411.9405072159171,518.0,301.3698532424477,34.44657422561177,3.169606099249621,real,0.0
412.1615724894414,527.0,301.1707325693494,34.42381473267664,3.1717199631439628,real,0.0
412.5365439660523,510.0,302.0015612210241,34.51877844756305,3.1753153957343203,real,0.0
412.53747673091925,527.0,315.16770828498227,36.023669056973475,3.1753247295156743,real,0.0
412.540275025521,520.0,307.7163572805987,35.17197963717243,3.175352068838105,real,0.0
412.63355151224,537.0,314.07744206686584,35.899051628242766,3.176282218119334,real,0.0
412.7230969394904,523.0,321.8472724957961,36.78714324626949,3.177197251580253,real,0.0
412.7258952340921,527.0,325.0623019441986,37.1546211122219,3.177226132017944,real,0.0
412.8303648992171,522.0,330.50199382111646,37.77637789375361,3.1783223780035543,real,0.0
412.8658099641704,545.0,292.8641052359689,33.474367228471245,3.178651961648189,real,0.0
413.2827558598049,525.0,303.442256627974,34.683449932577425,3.1826689400081425,real,0.0
413.34058728157066,546.0,290.4512984673115,33.198583414813704,3.1832022514746665,real,0.0
413.4749054224464,536.0,300.16507372058913,34.30886792626334,3.184482335740057,real,0.0
413.6577273364158,533.0,306.2077536074702,34.99954623733384,3.186259747970938,real,0.0
413.6577273364158,532.0,313.6322985911713,35.84817172897088,3.186259747970938,real,0.0
413.6614583958845,532.0,314.39235551972297,35.93504623590434,3.1862969912471923,real,0.0
413.75286935286914,509.0,323.165030568634,36.93776299399487,3.1872349124316792,real,0.0
413.76499529614256,525.0,319.49204235238943,36.517940440878114,3.187357916452304,real,0.0
413.8032386556976,536.0,283.3570859261781,32.38771492136216,3.187701976181999,real,0.0
414.028967753558,528.0,281.36639584883574,32.16017904552192,3.189718500682825,real,0.0
414.3143938029185,514.0,281.810366442905,32.21092488442404,3.192272344303939,real,0.0
414.4953501871535,527.0,293.1638141013552,33.5086239517849,3.1939566774792185,real,0.0
414.4953501871535,545.0,294.67395602619,33.681233173793515,3.1939566774792185,real,0.0
414.5876939090052,540.0,306.05972265432047,34.982626299388826,3.194854018010505,real,0.0
414.5904922036069,527.0,293.73608739892325,33.574034789696924,3.194880115243925,real,0.0
414.7257431093496,538.0,270.04918197873457,30.86662150016936,3.196039764831456,real,0.0
414.77704517704495,524.0,321.92695841906493,36.79625134729912,3.196564132547444,real,0.0
414.869388898897,511.0,308.92446681807854,35.31006655730638,3.1974698722598727,real,0.0
414.9607998558817,519.0,272.3233378803934,31.12655751972897,3.198260235707239,real,0.0
415.2406293160392,544.0,281.10859480502774,32.13071238621467,3.200757769013214,real,0.0
415.3385696270943,525.0,287.34447563092783,32.84347356461505,3.201651296795727,real,0.0
415.3404351568286,526.0,286.8911779363265,32.79166163812212,3.201668289523456,real,0.0
415.5213915410636,525.0,310.9041533413755,35.53634472691922,3.2034545474264315,real,0.0
415.61839908725136,547.0,295.2937950549925,33.75208077478564,3.204364049241624,real,0.0
415.6585079765407,544.0,263.99924729008035,30.17511396525618,3.204700240993103,real,0.0
415.70887727936906,550.0,299.24866972501087,34.20412294956874,3.20517880705611,real,0.0
415.8021537660881,526.0,314.4396387709417,35.94045071151864,3.206110028993185,real,0.0
415.8991613122758,531.0,266.76761887170386,30.49153883703575,3.206931670482648,real,0.0
416.12955423447227,513.0,276.76165176747224,31.63385679702208,3.2089561751237063,real,0.0
416.177125242699,543.0,284.7656416596516,32.548712841698176,3.2093862793143626,real,0.0
416.4550891731217,516.0,287.3450241190388,32.84353625680613,3.2119222010996187,real,0.0
416.5511639544425,530.0,291.71472019954723,33.342992518808245,3.21281204018707,real,0.0
416.5548950139116,517.0,314.6146279994053,35.960451980332024,3.21284930979398,real,0.0
416.5567605436459,522.0,299.2331903212622,34.20235365372027,3.2128670335461256,real,0.0
416.5978021978022,520.0,267.01644094293965,30.519979199778,3.213214975332563,real,0.0
416.7339858684122,522.0,301.2684996316701,34.43498950789989,3.214517609573841,real,0.0
416.8263295902639,523.0,269.0106819064178,30.747920941903555,3.215306325534668,real,0.0
417.0184791529054,523.0,265.7204641594124,30.371849053420835,3.216927419288065,real,0.0
417.1061590504214,536.0,275.5667836971388,31.497283376582963,3.217694552226535,real,0.0
417.1117556396244,517.0,282.46266791393896,32.28548294256322,3.2177447435002158,real,0.0
417.2936447887269,530.0,286.6098809299769,32.759509390296365,3.219399909969108,real,0.0
417.5296343001259,540.0,253.3420654457769,28.9569980804523,3.221298117699272,real,0.0
417.5744070137513,523.0,289.127139194245,33.0472320099022,3.221709121658964,real,0.0
417.6667507356033,521.0,294.812700779714,33.69709169912131,3.2225734868987104,real,0.0
417.6667507356033,526.0,300.6354232037027,34.36262887218322,3.2225734868987104,real,0.0
417.6686162653377,540.0,259.711886853053,29.68506866730396,3.222588869781562,real,0.0
417.9428491362917,530.0,269.7748853873184,30.835269399770496,3.224937771018823,real,0.0
418.03892391761246,523.0,270.74510009222587,30.94616494054142,3.2257636449158724,real,0.0
418.1331331691989,533.0,276.635410739053,31.619427447473758,3.2265911011923776,real,0.0
418.2310734802536,517.0,286.1791104001458,32.71027231873666,3.2274810051494827,real,0.0
418.418559218559,535.0,294.88100828636595,33.70489924713163,3.2292363351272213,real,0.0
418.4194919834264,532.0,295.91204393130755,33.82274662134845,3.2292450986466013,real,0.0
418.46986128625474,525.0,253.1950170694569,28.940190451038923,3.22965001454014,real,0.0
418.5995156027944,520.0,306.4328932607641,35.02527969970534,3.2309114530682166,real,0.0
418.8830761224202,519.0,270.7734843220795,30.94940925801369,3.233349239338026,real,0.0
418.9185211873735,540.0,263.93907857355435,30.16823668095726,3.23364627131266,real,0.0
418.9185211873735,533.0,252.1864066067004,28.824906275145853,3.23364627131266,real,0.0
419.0649652715226,522.0,276.8334392460545,31.642062105824035,3.234933435980904,real,0.0
419.1582417582416,533.0,274.5932023771895,31.38600303171276,3.235746651562834,real,0.0
419.253383774695,507.0,284.3870103250443,32.50543528015256,3.2366057161901254,real,0.0
419.3475930262814,522.0,251.51385453788708,28.74803357368049,3.2373580302811136,real,0.0
419.3979623291098,528.0,262.1999521344664,29.96945452896951,3.237777347095217,real,0.0
419.4446005724696,519.0,293.641424487154,33.5632148188817,3.238212160812066,real,0.0
419.6255569567045,519.0,295.72744134654795,33.80164654591043,3.2399112229621045,real,0.0
419.8512860545646,521.0,265.32332059628305,30.326455544155152,3.241812768365236,real,0.0
419.9044536519947,531.0,260.67284626449043,29.794906328031256,3.242252802694435,real,0.0
419.9044536519947,526.0,270.00486587465923,30.861556169473552,3.242252802694435,real,0.0
419.99679737384633,506.0,253.19262007656903,28.939916474751843,3.242995141471478,real,0.0
420.0014611981824,507.0,271.00201091834026,30.97552984796629,3.243035270479791,real,0.0
420.1852158770191,522.0,270.9110928163732,30.96513790891145,3.2446158229718987,real,0.0
420.3717688504572,533.0,282.16017096754047,32.250907541589875,3.2462870737213323,real,0.0
420.3745671450589,501.0,294.6497013152009,33.67846086032746,3.24631325212556,real,0.0
420.5536579995596,523.0,252.71857253060784,28.88573284024848,3.2477502439525705,real,0.0
420.74114373786506,523.0,263.71286725864576,30.14238072766321,3.249320040203962,real,0.0
420.9332933005065,542.0,258.2382504420009,29.516632025520703,3.2508954868523934,real,0.0
420.9360915951078,524.0,259.1920156308919,29.625647386610943,3.2509185149882662,real,0.0
421.02377149262384,532.0,268.5701869975733,30.697572373822627,3.251666170543746,real,0.0
421.11798074421023,529.0,277.5600783990816,31.725116961015026,3.252496392634132,real,0.0
421.1189135090772,507.0,278.9598174136044,31.885107130374987,3.2525046541084954,real,0.0
421.269088652695,536.0,254.3640462663685,29.073810488245915,3.253717477348937,real,0.0
421.3978102043677,530.0,293.2013003504585,33.51290863005741,3.254915764460028,real,0.0
421.4892211613524,533.0,256.3306289886048,29.298590893397527,3.2556597123022133,real,0.0
421.6739086050561,567.0,271.18148616905705,30.996043869123223,3.257249873443079,real,0.0
421.76345403230647,507.0,263.6276998319401,30.132646090790757,3.2579993847398523,real,0.0
421.9649312436197,545.0,273.7841013431419,31.29352278352112,3.2597507546572384,real,0.0
422.04981284653394,525.0,267.0490085793968,30.523701680625056,3.2604704493032184,real,0.0
422.0507456114013,531.0,263.5225290649038,30.120625072118504,3.260478253597899,real,0.0
422.15148421705817,528.0,280.4949864746192,32.060576954048976,3.2613754029920394,real,0.0
422.1552152765268,524.0,280.2268030636055,32.02992359017011,3.261408598978065,real,0.0
422.225172641566,522.0,251.95427016579333,28.798373079950174,3.261968226283089,real,0.0
422.6962188994976,531.0,251.3827857128109,28.733052406974288,3.2657278365095497,real,0.0
422.7018154887006,513.0,258.58961893531074,29.556793444306017,3.265773785740401,real,0.0
422.7950919754196,536.0,248.2646127853465,28.376645241365104,3.26650902845512,real,0.0
422.7950919754196,517.0,259.6155563118017,29.674058086438936,3.26650902845512,real,0.0
422.7950919754196,524.0,251.48309442211823,28.74451769244812,3.26650902845512,real,0.0
423.0758542004445,523.0,254.4064297472921,29.07865492011549,3.268776858415148,real,0.0
423.0758542004445,541.0,265.79501329533235,30.38037001965649,3.268776858415148,real,0.0
423.0879801437179,523.0,273.5326786401749,31.264785168571983,3.26888216814054,real,0.0
423.1570047438901,532.0,272.1172896681628,31.103006209071008,3.2694785216315774,real,0.0
423.2586761144139,521.0,270.6899916041838,30.939866040358204,3.27035232679384,real,0.0
423.6317820612904,536.0,244.28793714307164,27.92211121545309,3.27324618950046,real,0.0
423.73065513721247,535.0,243.6830311700889,27.85297046274116,3.2740111641846874,real,0.0
423.73345343181416,546.0,245.46751094191453,28.05693650066083,3.274032972955229,real,0.0
423.83885586180656,526.0,248.19289517785805,28.368447918829176,3.274863557217939,real,0.0
423.9134770511818,535.0,254.1230601163417,29.04626577129785,3.275465631356485,real,0.0
423.91534258091616,529.0,248.86971658482383,28.445808605645368,3.2754803720514216,real,0.0
424.020745010909,541.0,254.0745946213848,29.04072616522428,3.2763306395810248,real,0.0
424.0869713164795,521.0,259.54621937587166,29.66613287466213,3.276876383575705,real,0.0
424.2921795872613,535.0,260.06094797799534,29.72496635388487,3.278570774949186,real,0.0
424.5710762825515,526.0,266.8742493856786,30.50372670478306,3.280933938441408,real,0.0
424.7529654316539,527.0,246.2200840746186,28.142955609728904,3.2823558546217075,real,0.0
424.8471746832402,529.0,234.18428371967693,26.76726362915907,3.2830563334754626,real,0.0
424.84810744810727,527.0,243.22707120684217,27.80085423894206,3.283063536714381,real,0.0
424.84810744810727,531.0,233.4533719195407,26.683720410403502,3.283063536714381,real,0.0
424.9469805240297,530.0,255.1749188348857,29.16649322282744,3.283864586964051,real,0.0
425.0244000080066,544.0,287.72643032878875,32.88713098658055,3.284571838272513,real,0.0
425.031862126944,538.0,243.930838869514,27.881294882785447,3.284629630922108,real,0.0
425.49917732540695,537.0,263.6540031735655,30.13565256273853,3.288541533271599,real,0.0
425.5038411497426,523.0,262.91947426945023,30.05169590899816,3.2885804654467954,real,0.0
425.59245381212594,519.0,252.01055476133132,28.804806409220173,3.2892894850538394,real,0.0
425.7799395504314,538.0,240.08357759283697,27.441552918861262,3.2907186238897395,real,0.0
425.8732160371504,537.0,242.05100995279352,27.666430437604298,3.291435464842872,real,0.0
425.9664925238694,543.0,252.53252098476247,28.86446714855835,3.2921833470891597,real,0.0
425.9702235833381,522.0,263.98154305461475,30.173090371142465,3.292214618643195,real,0.0
426.5308152685201,526.0,275.9020373944992,31.53560287419125,3.297125339964993,real,0.0
426.6240917552391,512.0,270.4941713979102,30.91748379078113,3.2979264161500472,real,0.0
426.71083888788814,524.0,243.6255018571519,27.84639486227246,3.298597414735857,real,0.0
426.71363718248944,538.0,242.33632215290285,27.699041622076795,3.298618945313255,real,0.0
426.8087791989432,523.0,259.80220267639834,29.69539176591233,3.2994037451610314,real,0.0
426.8973918613262,534.0,245.9646728830095,28.113762110527983,3.3000957549694245,real,0.0
427.46078184110985,526.0,275.19359965571635,31.454628440648374,3.30501831676978,real,0.0
427.6454692848136,531.0,261.874537344067,29.93225961842686,3.3065539035790037,real,0.0
427.7471406553374,517.0,265.0269163809752,30.29257654234546,3.3074094279606023,real,0.0
427.9225004503693,529.0,241.4415066400906,27.596764208962355,3.308753695437055,real,0.0
427.9252987449706,498.0,241.42424802683237,27.594791549466937,3.3087751449804483,real,0.0
428.5782341520047,526.0,280.4827907106583,32.05918297822824,3.3145897493379675,real,0.0
428.6827038171302,512.0,267.90579964409096,30.6216328993196,3.3154783692642416,real,0.0
428.7638543605758,540.0,264.0765274180408,30.18394708388206,3.3161587702945723,real,0.0
428.85806361216174,536.0,241.02576229284253,27.5492446300719,3.316879712994116,real,0.0
429.51099901919576,533.0,284.83191989869164,32.55628844442045,3.322784477840498,real,0.0
429.7898957144859,543.0,260.68250127657745,29.7960098959128,3.3250928135884985,real,0.0
429.8831722012049,519.0,263.5453752697232,30.12323639332936,3.3258733107161027,real,0.0
430.547300786645,545.0,283.4667087157952,32.40024480621539,3.331850513146954,real,0.0
430.54823355151234,537.0,255.78094663926183,29.235762200867622,3.331858088172468,real,0.0
431.6554254488681,526.0,284.2055899568502,32.48469893206798,3.341848864685142,real,0.0
443.6377229328049,539.0,263.2511943204832,30.08961151083123,3.441999608101495,real,-0.4557012430192719
444.571420564863,517.0,263.6104392714044,30.130673208721525,3.4498143131646333,real,-0.5
444.79341860325474,520.0,265.1894512896373,30.311154282405543,3.451683484495768,real,-0.5
444.9883664604975,522.0,264.9345303537637,30.282016819435192,3.453323321799084,real,-0.5
445.5079164915232,523.0,265.6591162831557,30.364836991164697,3.4577055584659866,real,-0.5
445.72618347044585,517.0,265.4675675949814,30.34294297610637,3.4595452424923803,real,-0.5
445.7373766488519,540.0,265.9600007156589,30.399228081799816,3.459639760265526,real,-0.5
446.01720610900935,525.0,264.87857501597404,30.27562112432583,3.461993096575291,real,-0.5
446.1104825957284,532.0,260.35286009549225,29.75833190891477,3.4627641389783697,real,-0.5
446.4360175343782,522.0,249.3828626978731,28.50446120636689,3.46534169398672,real,-0.5
446.6720070457773,510.0,252.02305753403937,28.8062354761407,3.467230018829848,real,-0.5
446.9471726815988,531.0,264.46265163575146,30.228081081966398,3.469540499149454,real,-0.5
447.2279349066232,509.0,266.2541405078806,30.432848260050758,3.471913941980377,real,-0.5
447.3743789907724,527.0,268.5480292614344,30.69503974458195,3.4731625828090764,real,-0.5
447.591713204828,514.0,268.7125512227739,30.71384460476306,3.4750167964973557,real,-0.5
447.5991753237654,548.0,269.078710136336,30.7556965685832,3.4750805472378543,real,-0.5
447.7866610620708,537.0,258.2837991221756,29.521838239664667,3.4766180260263257,real,-0.5
447.8799375487898,529.0,265.20183328988014,30.312569545033305,3.4774034288014883,real,-0.5
448.0655577573609,541.0,268.4886833873822,30.688256511177784,3.478985751183235,real,-0.5
448.0664905222283,520.0,270.72273268514965,30.943608345912605,3.4789937687139947,real,-0.5
448.2642366740728,533.0,259.74314667095075,29.68864166448967,3.480624550559173,real,-0.5
448.300614503893,530.0,258.9077300977712,29.59315355017525,3.4809235879768656,real,-0.5
448.3808322824717,531.0,258.908709831437,29.59326553373325,3.481583006316312,real,-0.5
448.7166276346602,541.0,269.67310357428187,30.82363573854041,3.4844581267659094,real,-0.5
448.81270241598094,535.0,260.5612517849755,29.782151079022704,3.4852529361137368,real,-0.5
448.8155007105827,531.0,259.5164716178487,29.66273270592011,3.4852759930761823,real,-0.5
449.0934646410054,511.0,262.78316613311506,30.03611588901505,3.487595147750389,real,-0.5
449.1923377169279,518.0,260.51788912338566,29.77719472680298,3.488412970760106,real,-0.5
449.4749654716867,527.0,248.8541175079533,28.44402563115906,3.490646046065783,real,-0.5
449.65125803158605,529.0,256.0844522694398,29.270452894396968,3.492079424696385,real,-0.5
449.8387437698915,517.0,253.09919574988405,28.929238074211742,3.49358604124054,real,-0.5
449.93481855121183,552.0,254.7224593519381,29.114777103926528,3.494363040085943,real,-0.5
450.0318260973999,543.0,261.76128913921457,29.919315348612223,3.4951692621319417,real,-0.5
450.1213715246503,534.0,262.3188796448817,29.98304794340997,3.49591505236482,real,-0.5
450.17733741668167,529.0,242.03187903060496,27.664243773198145,3.4963451229426368,real,-0.5
450.2967313196823,526.0,250.63936096807888,28.64807895865141,3.497295235709399,real,-0.5
450.5840228987772,518.0,252.5676415299968,28.868481426878635,3.4995990333802878,real,-0.5
450.58682119337846,529.0,251.35496413876595,28.72987240106095,3.4996213652266306,real,-0.5
450.6884925639022,531.0,259.0316648183777,29.60731928874057,3.500457536540414,real,-0.5
450.7771052262856,516.0,259.1867815973741,29.62504913657985,3.501186746117422,real,-0.5
450.9496667267159,531.0,238.07808396604483,27.212324997318923,3.502491134904016,real,-0.5
450.9589943753876,526.0,252.4608209890676,28.856271839050425,3.502565901894485,real,-0.5
451.1240937568805,509.0,245.65475362751056,28.07833833962445,3.5038536008648244,real,-0.40668768189928683
451.1502111731621,519.0,260.0620390239484,29.725091060437297,3.504069251580723,real,-0.3854327508555831
451.2434876598811,524.0,258.448204559417,29.54062978114136,3.504834653292237,real,-0.3110359214555851
451.525182649773,547.0,249.8158593241684,28.55395272075245,3.5070689603541942,real,-0.07989986188659806
451.6072659580856,534.0,236.8878512876105,27.07628140217388,3.507686324452609,real,-0.08469977181225131
451.7966172261253,533.0,252.20193825967144,28.826681543080444,3.509202537981376,real,-0.35518064012500683
451.7966172261253,515.0,247.4407315955514,28.282475621371525,3.509202537981376,real,-0.35518064012500683
451.80594487479743,513.0,259.8190919289595,29.697322207480067,3.509279484144724,real,-0.34741819491976184
451.882431593907,539.0,244.2001327339181,27.91207517148684,3.50987251277067,real,-0.28364664024502156
451.8917592425787,523.0,250.6798758499364,28.652709809647728,3.5099467523291694,real,-0.27592334714482325
452.0615224484077,527.0,244.3097553425577,27.924605035654345,3.511263577460381,real,-0.14429684941653848
452.0773794511498,541.0,260.0888835945723,29.728159394859613,3.511394521767337,real,-0.13218209932156977
452.448619868292,515.0,244.0835941646006,27.89875481301385,3.5142715065935954,real,0.0
452.448619868292,514.0,237.9355079337146,27.196028556823578,3.5142715065935954,real,0.0
452.6342400768631,522.0,248.9589901602765,28.456012575319605,3.51573873186841,real,0.0
452.8235913449028,538.0,242.64621161564503,27.734461987668222,3.517197497297789,real,0.0
452.8235913449028,513.0,248.654487843178,28.421207960475247,3.517197497297789,real,0.0
452.8338517584419,500.0,256.4580068315318,29.313150180844083,3.5172810431430634,real,0.0
452.9289937748953,523.0,240.9822667931596,27.544273094458145,3.518008992499716,real,0.0
452.9896234912627,534.0,240.62777642372296,27.503754845231533,3.518472199403968,real,0.0
453.0017494345361,540.0,239.74446103553,27.40279189636108,3.5185645007095423,real,0.0
453.1938989971776,523.0,246.56085955555483,28.181906247199915,3.52006870653171,real,0.0
453.56793770892114,524.0,241.1647103283978,27.56512639053587,3.522932713299533,real,0.0
453.5688704737885,540.0,238.53270051955624,27.26428766938528,3.5229397775133307,real,0.0
453.5744670629915,509.0,246.07896130998364,28.12682527773113,3.522983503704071,real,0.0
453.6612141956406,524.0,241.7338429573916,27.630178250029857,3.523649292242341,real,0.0
453.7535579174922,530.0,236.3263630512788,27.01210329676117,3.5243421806183037,real,0.0
453.848699933946,532.0,246.9708630577992,28.228769647506446,3.525088220081157,real,0.0
453.92425388818816,523.0,291.181658530596,33.28206357004712,3.5257867177222835,real,0.0
453.9475730098681,528.0,260.3519499952259,29.75822788445432,3.525979477649232,real,0.0
454.1266638643688,503.0,293.32807612084014,33.52739910061203,3.5276473805809307,real,0.0
454.5007025761122,521.0,254.7695431456478,29.12015878154754,3.5306729546577125,real,0.0
454.5044336355813,533.0,247.44151991040135,28.28256572575888,3.5307022668617853,real,0.0
454.5939790628317,518.0,247.4676683192046,28.285554488885083,3.531405834101152,real,0.0
454.5949118276986,529.0,252.17108241852785,28.823154720437728,3.531413302219507,real,0.0
454.6863227846833,532.0,241.457915251437,27.598639713239248,3.5321140850160795,real,0.0
454.7842630957384,525.0,243.791093148866,27.865321946915383,3.53287217898806,real,0.0
454.7935907444105,530.0,254.1701818788548,29.0516517887531,3.532947452210624,real,0.0
454.8551532256449,518.0,262.59158535376656,30.01421820593552,3.533460716028699,real,0.0
455.06502532076286,526.0,259.86829756285505,29.702946411434333,3.5351923325827386,real,0.0
455.2590404131387,534.0,289.12024610237773,33.04644412950177,3.536973307280093,real,0.0
455.5267439300228,530.0,262.412639824162,29.993764731901717,3.539203706253239,real,0.0
455.6209531816088,522.0,246.65308691122524,28.192447833953047,3.5399414810895764,real,0.0
455.6293480654135,530.0,239.60122023717653,27.38641947310928,3.540005343814383,real,0.0
455.7170279629295,508.0,246.240090573654,28.14524235256865,3.540690836026893,real,0.0
455.7170279629295,535.0,244.5474313628649,27.951771404775457,3.540690836026893,real,0.0
455.7179607277969,540.0,249.7017810709293,28.540913576407213,3.5406982310161896,real,0.0
455.7925819171721,525.0,274.96637711645053,31.428656904410293,3.5413496876158206,real,0.0
456.2720230589084,532.0,259.7656255458571,29.69121099989147,3.5453039065328547,real,0.0
456.3662323104944,540.0,266.36509268103845,30.44553009344269,3.546100642811811,real,0.0
456.3708961348305,514.0,277.8316565200072,31.756158340236816,3.5461417831296127,real,0.0
456.54625592986247,521.0,274.482358744093,31.373333604449837,3.547670011282487,real,0.0
456.5537180487999,525.0,245.57491610012772,28.0692129102446,3.5477281934506024,real,0.0
456.7272123140975,520.0,274.9492296692188,31.426696951191712,3.5492427355890133,real,0.0
456.7402710222383,545.0,240.44829457053885,27.48324006941259,3.5493424288142434,real,0.0
456.83261474408994,519.0,239.3045122204324,27.352505746795423,3.550044048864973,real,0.0
456.9249584659421,522.0,270.7707063540372,30.94909173626645,3.550837925064659,real,0.0
456.9258912308094,530.0,232.65826812162405,26.592840046301628,3.55084481530547,real,0.0
457.11057867451314,516.0,272.5594695981921,31.15354737507337,3.5524430567018603,real,0.0
457.2075862207008,524.0,261.8014803428932,29.923909203192693,3.553249402536345,real,0.0
457.3969374887406,531.0,271.53184393295936,31.03608976153725,3.5548818255783847,real,0.0
457.5825576973117,525.0,275.20552767954047,31.455991813771472,3.556503733289852,real,0.0
457.6441201785465,527.0,278.2742412605612,31.806745776082145,3.5570476505648467,real,0.0
457.6702375948277,523.0,247.15548883188944,28.24987237348496,3.5572525988083656,real,0.0
457.672103124562,513.0,245.8001732479188,28.094959802237117,3.557267157692503,real,0.0
457.85679056826615,531.0,281.43931623430177,32.16851384558069,3.558917468967476,real,0.0
457.8586560980005,546.0,242.4117532351781,27.707663394780862,3.558931827153568,real,0.0
458.07599031205575,528.0,272.2405113643402,31.117090448944083,3.5608103850414587,real,0.0
458.14035108789193,530.0,271.8062405275719,31.06745329230147,3.561365808762889,real,0.0
458.3278368261973,535.0,264.0950097696402,30.18605961666988,3.562937879783378,real,0.0
458.4183150183151,515.0,268.0713702994458,30.640557625226656,3.563707963744325,real,0.0
458.42204607778376,545.0,286.1558141911772,32.70760956205155,3.563741862087757,real,0.0
458.5600952781282,530.0,300.5714145213863,34.35531267979446,3.565059285266376,real,0.0
458.69814447847216,544.0,247.24895469384933,28.260555521506976,3.56614299279166,real,0.0
458.7876899057225,521.0,299.3032566070781,34.21036223018903,3.566993932097852,real,0.0
458.7914209651916,546.0,244.2163302792981,27.91392655092377,3.56702286224229,real,0.0
458.9761084088953,536.0,278.75584652295686,31.86179325757397,3.5686574381168894,real,0.0
458.985436057567,534.0,274.8103435803863,31.41082227123816,3.568738823982065,real,0.0
459.0833763686221,530.0,277.49346968935527,31.717503585493304,3.5696017190284697,real,0.0
459.3510798855062,526.0,272.14568044093625,31.10625127439901,3.571914844823813,real,0.0
459.4909946155849,540.0,293.23465575537034,33.51672115283883,3.5732174789885973,real,0.0
459.5367000940773,529.0,263.62514228613725,30.132353763305485,3.5736000383349453,real,0.0
459.63090934566327,508.0,292.2365910170223,33.402642353245646,3.574474159984138,real,0.0
459.63090934566327,517.0,251.90092520962835,28.79227575146052,3.574474159984138,real,0.0
459.72138753778097,526.0,290.67963312214323,33.22468206586097,3.575309190308306,real,0.0
459.9172681598912,531.0,287.0927379783912,32.81469995093011,3.577094680264069,real,0.0
460.1010228387279,527.0,276.94572875418146,31.65489679660294,3.578710440095866,real,0.0
460.1942993254469,540.0,274.3067387267803,31.353260236470987,3.5795228073075456,real,0.0
460.2773153986269,508.0,299.2401465996703,34.20314875634232,3.5803115326131407,real,0.0
460.2838447526973,529.0,272.4582051940268,31.141972853677263,3.5803680151040327,real,0.0
460.3789867691506,510.0,255.5555044903352,29.209994163245312,3.5811399866999443,real,0.0
460.4274905422447,536.0,288.575605022543,32.98419165407667,3.5815843916298555,real,0.0
460.6560179347064,527.0,292.33211798403903,33.41356108557566,3.583705478848674,real,0.0
460.8388398486758,532.0,289.802474910608,33.124422882282495,3.585387665068249,real,0.0
460.8397726135432,519.0,297.6590836106324,34.02243325669528,3.5853964803267058,real,0.0
460.9433095138013,541.0,286.781908856595,32.77917218230881,3.586339217515812,real,0.0
461.0375187653877,538.0,276.8514126297476,31.64411646358014,3.58716731988502,real,0.0
461.116803779099,534.0,289.75192371614384,33.11864488075524,3.587896712166539,real,0.0
461.31175163634174,527.0,272.4802927780779,31.144497464534307,3.589583254679209,real,0.0
461.32014652014647,534.0,273.3856377611725,31.247978396102017,3.5896561222202563,real,0.0
461.3499949958968,521.0,287.45478341955345,32.85608174485496,3.589928539986704,real,0.0
461.4992373746472,537.0,260.2984844763538,29.75211677564724,3.59116195017572,real,0.0
461.8630156728516,544.0,288.4361784828103,32.96825520058522,3.5944933767789524,real,0.0
461.8667467323207,521.0,289.6217988247494,33.10377160566886,3.5945276857068724,real,0.0
461.8667467323207,539.0,291.39665856212963,33.30663807365141,3.5945276857068724,real,0.0
461.9590904541723,532.0,295.8588512518182,33.81666669808282,3.5953951181689607,real,0.004254332552653011
461.9665525731101,515.0,295.39668189909446,33.763840741066495,3.59546510422324,real,0.007746604215533638
462.05516523549306,534.0,282.1195337845425,32.24626271157321,3.596258833998455,real,0.05088261774652565
462.2445165035329,533.0,277.25026557059994,31.68970535471957,3.597925635635322,real,0.14536921875938824
462.2995496306973,509.0,287.96976608173,32.914944263141734,3.598428805722335,real,0.17277571608724956
462.3396585199862,516.0,274.9285680148216,31.424335324094105,3.59877891549636,real,0.19282925999308353
462.5196821393543,525.0,286.7711830324652,32.77794622061077,3.600418027861384,real,0.2825017053984401
462.7995115995118,525.0,288.40852919080265,32.965094886508744,3.602980418057532,real,0.12175677655686507
462.8927880862308,516.0,290.7858294394662,33.23682030493099,3.603841588565242,real,0.1681084669429366
462.9869973378172,532.0,295.27397958116745,33.74981586612744,3.604724795480222,real,0.2149246742329532
462.9972577513563,531.0,298.98361465642864,34.173827155229795,3.604822194813229,real,0.22003436017543823
463.0802738245362,526.0,291.7407042280805,33.3459624932696,3.6055911533861726,real,0.26121581696995644
463.17634860585696,520.0,280.89716643241513,32.10654612322505,3.606447994885548,real,0.2980132828919859
463.27055785744295,538.0,279.4332140841776,31.93921636982149,3.607283819794005,real,0.3
463.6389999799834,545.0,291.839786837614,33.35728763553927,3.610697772532513,real,0.3
463.8236874236876,523.0,287.958570100225,32.91366456245572,3.612386311580007,real,0.3
463.8236874236876,522.0,287.82900780681905,32.898855592319414,3.612386311580007,real,0.3
464.0195680457977,533.0,294.57041315949084,33.6693982241298,3.614218306766178,real,0.3
464.0232991052664,524.0,304.95493076923174,34.85634858692319,3.614254432074356,real,0.3
464.110046237915,527.0,294.10115480524445,33.61576199423944,3.6150644517868,real,0.3
464.1212394163215,535.0,284.7602027423728,32.548091173453216,3.615165650839937,real,0.3
464.6697051582296,509.0,290.6108057905717,33.216815101862345,3.620226285600678,real,0.3
464.75645229087866,541.0,292.7128439421624,33.45707806258916,3.621032481597552,real,0.3
464.9458035589184,529.0,288.17702273999384,32.938633699181295,3.622764973836007,real,0.3
464.9467363237854,524.0,295.40707441267386,33.76502860536862,3.622773722400566,real,0.3
465.03908004563743,527.0,294.1366063060616,33.61981410078284,3.6236361053900215,real,0.3
465.1323565323565,528.0,306.32458630346235,35.01290021448575,3.624543294368314,real,0.3
465.7880902339918,511.0,286.58743992207786,32.7569443830935,3.630509914477922,real,0.3
465.7899557637261,543.0,288.24383350542394,32.94627016966996,3.6305269873242096,real,0.3
465.87763566124215,528.0,291.3566685281294,33.30206721276519,3.631338076724289,real,0.3
465.8785684261095,532.0,284.136095718633,32.47675574063975,3.631346491495612,real,0.3
466.1565323565322,538.0,292.7392346223681,33.46009451733667,3.633930019102377,real,0.3
466.8150643527693,518.0,285.6086007655185,32.64506306749876,3.6399016353660234,real,0.3
466.9074080746213,533.0,280.56493697893853,32.06857229669267,3.6407242273994553,real,0.3
466.91580295842607,525.0,291.4872725853712,33.31699525650792,3.640801919706095,real,0.3
466.9969535018717,536.0,286.32337328005667,32.72676156591048,3.6415396403967306,real,0.3
467.84017294181245,507.0,282.04746118265496,32.23802481317746,3.649090676293332,real,0.3
467.9297183690628,527.0,291.07555125654164,33.26993550862271,3.6499182236793626,real,0.3
468.0229948557818,522.0,288.1727868662984,32.9381495388179,3.650771655587142,real,0.3
468.9538941932386,532.0,285.81344178943624,32.66847639653256,3.65921917309638,real,0.3
469.049036209692,533.0,291.36750291017034,33.30330558263247,3.660099324109628,real,0.3
469.795248103445,521.0,284.33922091884085,32.49997295102351,3.666835953654824,real,0.3
481.8960067255151,521.0,281.870556876317,32.21780465096303,3.775130364047688,real,0.26154497688120415
482.10028223143,527.0,281.5196060182741,32.17769096788873,3.7769562290759207,real,0.4094065934067543
482.8241077683701,519.0,304.6715437577946,34.82395745151592,3.783958026215011,real,0.5
483.1281891150744,536.0,304.43485075470176,34.79690344126241,3.786897217675999,real,0.5
483.7447466922878,524.0,307.2391021483623,35.11742937555781,3.7929116391131537,real,0.5
483.9676774955465,499.0,304.5461542779495,34.80962543396963,3.795067232935135,real,0.5
484.0534918633277,524.0,285.2262529967563,32.60136071752924,3.7958443621459073,real,0.5
484.3407834424226,518.0,302.1996533072174,34.541420373014944,3.7986008785912246,real,0.5
484.434992694009,512.0,287.865303647159,32.90300420687027,3.7994619250915775,real,0.5
484.6644528513381,516.0,293.79942745538915,33.58127455815098,3.8016023596869744,real,0.5
484.9004423627376,529.0,293.0186194636261,33.49202820469247,3.8037978506235866,real,0.5
485.2772793690828,531.0,288.55516599243737,32.98185547293559,3.807250290534734,real,0.5
485.2772793690828,541.0,298.9067932104563,34.16504646395516,3.807250290534734,real,0.5
485.6037470725996,522.0,289.3656220666955,33.07449060222329,3.810249666365816,real,0.5
485.83600552453,533.0,290.1158721617439,33.160244188087326,3.8123890405271377,real,0.5
485.9096939490382,523.0,303.12992959857564,34.6477509531172,3.8130982455772737,real,0.5
486.2044476470705,521.0,297.9261298069106,34.05295663692988,3.815886366382181,real,0.5
486.3937989151102,516.0,302.40465200446295,34.56485172411011,3.817704393744283,real,0.5
486.3937989151102,510.0,298.1850998637393,34.0825569144254,3.817704393744283,real,0.5
486.5374447046577,524.0,295.95665502903574,33.827845669818785,3.819054179188708,real,0.5
486.8331311675572,530.0,291.1894254487058,33.28295132878707,3.821787878675727,real,0.5
486.85831581897145,527.0,295.61422626472984,33.78870606205862,3.8220242555601462,real,0.5
487.04486879240994,524.0,290.1025368507576,33.158719962041594,3.823742549394684,real,0.5
487.0504653816129,519.0,296.1081281002769,33.84515904186165,3.82379516535348,real,0.5
487.1446746331993,534.0,289.84356994497693,33.12912004471087,3.824662129132682,real,0.5
487.3265637823013,515.0,299.3104733811944,34.21118710747052,3.826390641275112,real,0.5
487.4655457475132,536.0,288.6530345985684,32.99304185461637,3.82766437399602,real,0.5
487.5131167557398,518.0,295.21208381444177,33.742741179990695,3.828110256278871,real,0.5
487.6978041994435,520.0,284.62046490747906,32.532119138924855,3.829779221257213,real,0.5
487.79108068616256,513.0,291.2415861687947,33.28891329909323,3.830641741501445,real,0.5
487.9813647190697,523.0,284.82144199314786,32.5550908198168,3.832362495382793,real,0.5
488.1697832222421,538.0,284.9858370805505,32.57388117830692,3.834067362586718,real,0.5
488.2574631197581,533.0,296.56508355750105,33.89738905062237,3.834892951363946,real,0.5
488.2593286494924,538.0,285.8579318368565,32.6735616089527,3.83490988289192,real,0.5
488.3535379010788,533.0,281.3843299429365,32.162228912477644,3.835751543868363,real,0.5
488.3544706659462,517.0,294.3210551528336,33.64089660396888,3.8357602602701575,real,0.5
488.4039072039072,525.0,281.7794900536678,32.20739571313423,3.836202544198157,real,0.5
488.6305690666346,520.0,280.9176946985153,32.1088925040403,3.838224172360679,real,0.5
488.9103985267921,541.0,284.9913860970562,32.57451543089352,3.840756202657323,real,0.5
489.0997497948319,516.0,285.37304293676254,32.61813880767196,3.84247183764186,real,0.5
489.19209351668354,537.0,282.76209893778645,32.31970790858899,3.84330087156337,real,0.5
489.19209351668354,537.0,282.7253803441938,32.315510973341354,3.84330087156337,real,0.5
489.28630276826993,546.0,284.2927916711912,32.494666088017155,3.844151232166898,real,0.5
489.4709902119736,524.0,298.24048459682825,34.08888738941747,3.8459000625754136,real,0.5
489.560535639224,535.0,289.33613680159,33.07112043642173,3.84672266468906,real,0.5
489.5642666986931,551.0,300.2152771965551,34.31460618356625,3.846758228532485,real,0.5
489.6566104205447,522.0,287.9945624099852,32.917778483461305,3.8476026035825535,real,0.5
489.7582817910685,513.0,286.45350607100164,32.74163574391549,3.8485272944101294,real,0.5
489.8534238075223,509.0,289.5672989976018,33.09754227542589,3.849402007441172,real,0.5
490.1239256190077,535.0,291.4158024505378,33.30882622009647,3.851904812394224,real,0.5
490.2638403490864,509.0,290.80050542763183,33.23849777037832,3.8531966333508256,real,0.5
490.31047859244575,524.0,292.00754617639376,33.376462527961806,3.853629027679118,real,0.5
490.31047859244575,532.0,289.218278877174,33.057649275660985,3.853629027679118,real,0.5
490.4037550791648,530.0,301.8911943501328,34.50616351422018,3.8545230870409943,real,0.5
490.4933005064151,532.0,289.31827700769554,33.0690790619796,3.855345638378045,real,0.5
490.5884425228689,530.0,288.6057412160665,32.9876362209964,3.856217446774742,real,0.5
490.8720030424951,541.0,290.1421194808329,33.1632442566592,3.8588296097674943,real,0.5
490.8748013370964,518.0,292.77339966757575,33.46399958200391,3.858855621470096,real,0.5
491.0566904861988,521.0,302.8328041603802,34.61378951553146,3.860604475004038,real,0.5
491.2087311595509,520.0,294.30996671326,33.63962919532562,3.862025194969086,real,0.5
491.2432434596368,536.0,299.33041632900773,34.21346658640558,3.8623531909206994,real,0.5
491.33372165175456,537.0,300.3222988816628,34.326838762174056,3.86321592156301,real,0.5
491.42793090334095,533.0,296.6091140289087,33.90242173350427,3.864103122057032,real,0.5
491.4969555035127,540.0,301.3744585890505,34.44710061672847,3.8647635935423503,real,0.5
491.8952461018034,516.0,304.7058337154304,34.827876793673695,3.868616820177169,real,0.5
491.9950519425929,545.0,305.1327762043765,34.87667632016024,3.869583735733857,real,0.5
492.092992253648,543.0,311.416846171955,35.594945517454455,3.870552119077181,real,0.5
492.1284373186013,535.0,307.29219460539474,35.12349784339662,3.8708979398167496,real,0.5
492.2720831081487,546.0,308.0745332105904,35.21291914597048,3.872302991920359,real,0.5
492.4017374246884,511.0,308.55927421267216,35.26832504250843,3.873573183747827,real,0.5
492.42039272203215,523.0,308.48591853355185,35.25994048838498,3.873755901712865,real,0.5
492.4297203707038,521.0,307.44987752925186,35.14152100159349,3.87384695386889,real,0.5
492.45117396264936,535.0,305.4083204530708,34.90817102778599,3.874054983218,real,0.5
492.6405252306892,517.0,300.86349550739186,34.38869753649489,3.875863745297104,real,0.5
492.6405252306892,536.0,305.52521322534125,34.921531871656505,3.875863745297104,real,0.5
492.6498528793612,542.0,308.5188657835527,35.26370635906007,3.875955114037046,real,0.5
492.73380171740814,535.0,311.6262227102977,35.61887725578703,3.876785714969868,real,0.5
492.9222202205809,531.0,311.61583817375134,35.61769030325978,3.878649890495816,real,0.5
492.9259512800496,518.0,312.8568225904764,35.75953482209145,3.878686951871092,real,0.5
493.06773153986273,520.0,310.8309524152237,35.52797786106007,3.8800861646299194,real,0.5
493.11716807782375,540.0,315.473018917934,36.058566062319855,3.880581334260463,real,0.5
493.29252787285577,536.0,311.4033211568632,35.59339960822946,3.882315126277072,real,0.5
493.57235733301326,528.0,312.9790006121933,35.7734997699737,3.8850958149238974,real,0.5
493.66656658459925,524.0,308.14515973574083,35.220991757795176,3.886017521388792,real,0.5
493.6758942332714,508.0,312.30061912796145,35.695960766326,3.8861100101057486,real,0.5
493.7598430713187,517.0,309.4838996213562,35.37400972672101,3.886934900942869,real,0.5
493.8540523229047,547.0,305.60511561716834,34.93066471504234,3.887849009770704,real,0.5
493.95012710422543,515.0,310.47364498982614,35.48713762233713,3.888796070600361,real,0.5
493.9948998178508,530.0,311.5410533910239,35.60914240259403,3.889238936693482,real,0.5
494.04060529634313,538.0,312.4701391643215,35.715336906481944,3.889692377405378,real,0.5
494.3185692267659,515.0,312.56250423480566,35.725894234038286,3.892450852399589,real,0.5
494.596533157189,530.0,312.5756113438322,35.727392376600015,3.895209443068692,real,0.5
494.6916751736424,537.0,311.35025288549804,35.587333904812425,3.8961499571542206,real,0.5
494.6926079385098,528.0,309.43082469980146,35.36794326318731,3.89615912103614,real,0.5
494.7868171900958,557.0,309.13994297903577,35.33469548250379,3.8970838030407022,real,0.5
494.7933465441662,511.0,314.3413089228371,35.92921160988028,3.897148968191833,real,0.5
494.8828919714165,539.0,313.3651456511974,35.817636147931864,3.898039886395156,real,0.5
494.8959506795573,526.0,309.3691854996532,35.36089790261036,3.898168155185519,real,0.5
494.9267319201745,536.0,311.40517265054723,35.593611233957546,3.898472492827693,real,0.5
495.2485357993557,532.0,310.51659360648546,35.49204664922129,3.9016451256865263,real,0.5
495.44348365659846,521.0,308.91553994196244,35.30904621536631,3.903557187603463,real,0.5
495.6235072759661,530.0,308.05826621458806,35.211059828327414,3.90531797161237,real,0.5
495.7186492924199,509.0,309.47497114022144,35.37298920132731,3.906252820923652,real,0.5
495.8128585440063,534.0,306.0814881971704,34.98511410093658,3.90716835465035,real,0.5
495.8147240737407,531.0,312.5868743488368,35.728679738072046,3.9071868693488,real,0.5
495.8156568386077,534.0,313.85537448001446,35.873669303065654,3.907196164265016,real,0.5
495.8632278468343,539.0,305.96016166611986,34.9712464784375,3.907658280224439,real,0.5
496.0022098120461,532.0,308.20916707385925,35.22830779654211,3.9090183078490632,real,0.5
496.17010748814033,529.0,314.0543776156516,35.896415361468975,3.9106924536044256,real,0.5
496.3697191697192,519.0,312.2970281925883,35.69555032241284,3.912671689389076,real,0.5
496.4639284213056,521.0,313.6351958293769,35.84850288329778,3.913609817341056,real,0.5
496.56093596749326,540.0,309.266953164348,35.34921274668498,3.914562356337784,real,0.5
496.5628014972276,542.0,311.0973720533738,35.558429625700626,3.9145807828121657,real,0.5
496.6504813947436,526.0,303.826758809984,34.727398531981166,3.9154265869077993,real,0.5
496.651414159611,528.0,306.6770152210266,35.05318283976334,3.915435669234867,real,0.5
496.7959927140254,519.0,298.4915643554194,34.11758580582444,3.916805855689288,real,0.5
496.92937809003377,540.0,305.9167887741327,34.96628895688337,3.9181014089115465,real,0.5
497.0263856362219,535.0,299.38865647377094,34.220123434952015,3.919023522857291,real,0.5
497.300618507176,547.0,305.45104082762623,34.91305396659768,3.921683052585912,real,0.5
497.3034168017776,519.0,301.24050899565714,34.43179017820361,3.921709816556073,real,0.5
497.3966932884967,524.0,303.43257121501966,34.68234288987675,3.9226084407493937,real,0.5
497.68025380812287,530.0,301.3606359328646,34.445520687126425,3.925321604567404,real,0.5
497.69051422166194,534.0,298.2935248036364,34.094949885055634,3.92541877909113,real,0.5
497.7306231109508,526.0,303.3646321574361,34.67457745559495,3.9258051009767705,real,0.5
497.7697992353732,519.0,302.3471749897197,34.55828210132496,3.9261811730766105,real,0.5
497.7707320002402,537.0,302.6441209374032,34.59222302314518,3.9261901359683615,real,0.5
497.9582177385456,535.0,303.5752795559191,34.69865445324155,3.92799722009291,real,0.5
498.052426990132,519.0,300.2884296928981,34.32296751389825,3.928895425948941,real,0.5
498.2408454933044,542.0,302.9764108540876,34.63020376062221,3.930707917937033,real,0.5
498.4255329370085,540.0,304.45295098501106,34.798972297586765,3.932493177169581,real,0.5
498.5141455993915,529.0,305.20844788526,34.885325593285216,3.933351866497057,real,0.5
498.6130186753139,529.0,304.44118026027843,34.79762690374982,3.934307574387828,real,0.5
498.6652535078767,534.0,299.56377527591854,34.24013951403749,3.934804387708506,real,0.5
498.706295162033,519.0,303.13573480318803,34.64841448800439,3.935199395554195,real,0.5
498.7967733541503,528.0,301.3595490969358,34.44539646177976,3.9360651058871463,real,0.5
498.805168237955,506.0,296.6371088140403,33.9056215374448,3.9361441708185727,real,0.5
499.1717448307612,537.0,297.6189061519956,34.017840973173094,3.9396080997737295,real,0.5
499.2650213174802,512.0,296.6076860171347,33.9022585117585,3.9404865118753465,real,0.5
499.36016333393394,543.0,296.2722271724989,33.863915565816626,3.9413814788786654,real,0.4913851197982007
499.545783542505,525.0,300.1329985660303,34.30520173609727,3.943150295184591,real,0.42910829680334084
499.5914890209974,526.0,293.0574906673216,33.496471183274856,3.9435755652521567,real,0.41384266698687044
499.7267399267401,522.0,300.0698402849434,34.297982744569026,3.944864130038643,real,0.3688223443222868
499.8200164134592,525.0,296.6305455650299,33.904871358082914,3.94574260983946,real,0.3379545507315509
499.82188194319343,542.0,298.56498102105377,34.12597733070645,3.945760294013189,real,0.33733519485978597
499.8638563622171,503.0,295.7680054410074,33.80628302190715,3.946154460426854,real,0.3233442622950509
500.1101062871557,541.0,290.84673183412104,33.24378144864004,3.948428426728632,real,0.4411447126643115
500.3862046878441,531.0,287.4963188172062,32.860829240806666,3.95094865517271,real,0.3496524530114439
500.3871374527114,516.0,287.34148291098273,32.84313149672533,3.950957164872486,real,0.34934464060523907
500.4776156448288,517.0,290.01178286093074,33.148346781004385,3.9517902766748265,real,0.31938683720649363
500.4832122340318,545.0,282.9406791546924,32.340119627381334,3.95184055288714,real,0.3175399627695106
500.5251866530554,519.0,275.7172269436707,31.51447903966156,3.952207997872841,real,0.30595520326670206
500.5671610720791,516.0,286.8226685406436,32.78383101419556,3.952590242945116,real,0.3
500.7966212294082,539.0,284.8071877913418,32.55346156455037,3.9546651658373966,real,0.3
500.8432594727675,531.0,274.8912064849377,31.42006490122838,3.955072214902182,real,0.3
501.0335435056747,519.0,280.5797408418843,32.07026437822738,3.956767342469485,real,0.3
501.0419383894794,530.0,281.709429268691,32.19938776541138,3.956842428613616,real,0.3
501.0447366840811,518.0,282.2774002116729,32.264306844194216,3.956867507790191,real,0.3
501.3180367901678,539.0,282.1665819378097,32.25164031549165,3.959315945767884,real,0.3
501.5008587041376,539.0,284.6540765668452,32.535960951590404,3.960968247616222,real,0.3
501.5941351908566,533.0,287.6028503677535,32.873005797034224,3.961819991640844,real,0.3
501.7200584479272,532.0,282.7100961984016,32.3137639954773,3.962950284532656,real,0.3
501.9747032566705,546.0,285.28788696837785,32.60840548048559,3.9652568293040455,real,0.3
502.0586520947178,528.0,277.7966461541901,31.75215665542393,3.9659972617086896,real,0.3
502.0595848595848,516.0,282.5322971074515,32.293441559381705,3.966005628983056,real,0.3
502.0745090974599,532.0,288.6024832143225,32.98726383139706,3.966142381697576,real,0.3
502.2480033627576,549.0,289.7356205688862,33.11678143102369,3.967738373826297,real,0.3
502.4317580415943,518.0,283.7446836814025,32.432017344784306,3.96939380019608,real,0.3
502.4336235713287,524.0,285.63315886654016,32.64787005844554,3.969410718410624,real,0.3
503.0828279188936,532.0,286.13697292856386,32.70545600573485,3.975308641807295,real,0.3
503.0856262134949,527.0,283.944103251462,32.454811001642106,3.97533386906352,real,0.3
503.1798354650813,518.0,287.79237956364574,32.894668984124706,3.976194697437458,real,0.3
503.1863648191517,539.0,293.8778020169948,33.59023277054251,3.976255620360533,real,0.3
503.2880361896755,551.0,286.0558589189501,32.696184674436,3.977179027556852,real,0.3
503.5855881823094,530.0,282.63895948626765,32.30563306928039,3.979849195749369,real,0.3
503.8486278748574,519.0,285.88145010099646,32.676249746543895,3.982236737606856,real,0.3
503.92231629936566,513.0,284.3836879715857,32.505055535152245,3.9829020838098943,real,0.3
504.0267859644907,531.0,289.6634154869124,33.108528390154085,3.9838628718303672,real,0.3
504.2077423487262,539.0,286.8221380891123,32.783770383585534,3.985510769760984,real,0.3
504.3038171300465,533.0,293.1368487700044,33.5055418144115,3.986404946872883,real,0.3
504.9548870073462,528.0,283.4776007642805,32.40148976735726,3.992264845197094,real,0.3
505.0425669048622,522.0,283.36219284507735,32.38829864219234,3.993053679282001,real,0.3
505.0509617886669,517.0,290.80906398541634,33.239476013533086,3.9931311908205744,real,0.3
505.0630877319404,536.0,290.1891166048969,33.16861602793972,3.993242913252912,real,0.3
506.072339318241,537.0,285.87644854072084,32.67567806820439,4.00240346323174,real,0.3
506.0732720831084,513.0,283.98425662471703,32.45940053220516,4.002411873506305,real,0.3
506.0844652615144,544.0,289.300958605121,33.06709956856533,4.002514686268761,real,0.3
507.18885886426887,534.0,283.61700154615494,32.41742327672551,4.012459573736705,real,0.3
507.18885886426887,542.0,284.0351056344516,32.46521257401782,4.012459573736705,real,0.3
508.12162373146,515.0,283.3493742217192,32.3868334735425,4.0208510460766185,real,0.3
520.0703416801779,514.0,240.2221386198593,27.45739044424992,4.111984549972775,real,0.3
520.1067195099981,527.0,241.75503500617828,27.632600501206177,4.112263776094587,real,0.3
520.3333813727255,533.0,240.9445312673089,27.53995992385341,4.113997736821192,real,0.3
521.2661462399166,546.0,237.96320487675,27.199194317412527,4.121045084842077,real,0.3
521.2689445345184,535.0,241.2099091050789,27.57029261071052,4.12106651534235,real,0.3
521.9806441281851,526.0,243.77347452640325,27.86330813836789,4.126574933420208,real,0.3
522.2035749314438,518.0,241.37542162581,27.58921069183008,4.128283401448209,real,0.3
522.3052463019675,540.0,242.65531294295036,27.73550226937922,4.129066708817067,real,0.3
522.9329970575873,518.0,231.00112681464623,26.403428794914063,4.133670812255112,real,0.3
523.0990292039472,544.0,242.21089569820035,27.6847053783043,4.134947631992696,real,0.3
523.2240196961509,525.0,232.03607219538392,26.521723051932383,4.135868455108905,real,0.3
523.4133709641906,544.0,242.32189690645188,27.69739281640745,4.137325270789788,real,0.3
523.5066474509097,535.0,239.7953807987685,27.408612025299234,4.138035431633001,real,0.3
523.8685602193801,527.0,261.02765567073425,29.835461043164923,4.141034830050979,real,0.3
524.0663063712246,523.0,259.32747761193764,29.641130691044477,4.142663002142778,real,0.3
524.162381152545,525.0,236.3422335840158,27.01391729865301,4.143383934419743,real,0.3
524.3461358313817,532.0,228.712999962837,26.141895895752267,4.144718294332106,real,0.3
524.4403450829682,529.0,234.88933440303933,26.847850922267394,4.145420882093799,real,0.3
524.4450089073042,522.0,232.93877432310927,26.624901905131388,4.145455374834201,real,0.3
524.6278308212736,526.0,238.91490281953853,27.30797339227325,4.146842179268146,real,0.3
524.8003923217038,529.0,248.55931301354653,28.410329477448368,4.148203992902131,real,0.3
525.0914149602673,507.0,249.0035761336523,28.46110875207646,4.150504778170317,real,0.3
525.3693788906905,533.0,259.5795760917794,29.669945547290386,4.1527956600258085,real,0.3
525.4635881422765,516.0,240.2268719717323,27.457931466369,4.153514213129571,real,0.3
525.4635881422765,518.0,234.72551399594556,26.82912624973657,4.153514213129571,real,0.3
525.4645209071439,511.0,240.53298677506717,27.49292038839017,4.153521336582416,real,0.3
525.5633939830664,510.0,242.4999780812536,27.717747494687284,4.154282597402538,real,0.3
525.7247623050903,514.0,261.6448778511246,29.90600953838354,4.155623120340771,real,0.3
526.0223142977242,521.0,263.2577714440226,30.09036327605178,4.158110189105179,real,0.3
526.210732800897,548.0,254.18350229858143,29.053174312727855,4.159630787887519,real,0.3063423427210949
526.210732800897,523.0,260.27164248963925,29.74904873656577,4.159630787887519,real,0.3063423427210949
526.489629496187,530.0,234.6120866791995,26.816161507432504,4.161708270894405,real,0.4067458776197034
526.4924277907884,532.0,248.74511936985687,28.43156714397464,4.161730370866862,real,0.40775886026539226
526.4933605556557,529.0,242.99628782476705,27.774475698370875,4.161737567271068,real,0.4080965211473709
526.6565944074139,527.0,255.70822948331227,29.22745062994259,4.163062819866456,real,0.4674003642986562
526.6789807642268,516.0,249.37405408180445,28.50345438155025,4.163240066672064,real,0.47554899817855695
526.8636682079306,543.0,258.6363146329492,29.56213076254609,4.164756665105666,real,0.5
527.2367741548071,546.0,265.7222429812801,30.37205237276031,4.167904441038756,real,0.5
527.3300506415261,511.0,258.7814685728633,29.57872185787827,4.168670829721128,real,0.5
527.3356472307291,518.0,259.0483911365848,29.60923110691164,4.168716860471996,real,0.5
527.4242598931125,525.0,262.90829840515755,30.05041850770951,4.169456540358024,real,0.5
527.4251926579794,518.0,239.87515828056289,27.41773059146833,4.169463644329087,real,0.5
527.4317220120498,533.0,247.03984034982813,28.236653751985354,4.169514857415229,real,0.5
527.5949558638085,521.0,291.2089517866374,33.28518318921265,4.171024098709248,real,0.5
527.6089473368162,550.0,247.20139358203863,28.25511928642701,4.1711339128033655,real,0.5
527.7992313697234,540.0,293.27530631867893,33.521367512225,4.172905740858585,real,0.5
527.8971716807785,530.0,268.02661691134847,30.63544231296713,4.17373919773343,real,0.5
528.0762625352792,538.0,270.89225785813454,30.962985073184772,4.175279527581944,real,0.5
528.1732700814669,539.0,266.6561996132174,30.47880361579075,4.17610082590125,real,0.5
528.4530995416244,522.0,267.17925598670007,30.538588959279817,4.178474602807486,real,0.5
528.462427190296,520.0,252.52379724929455,28.86347002559437,4.178549388448554,real,0.5
528.5379811445387,529.0,295.32278941900444,33.75539483059221,4.179257819992018,real,0.5
528.5435777337416,537.0,270.7120271945105,30.942384708332547,4.179305923274288,real,0.5
528.6349886907263,529.0,238.20348649062493,27.226658505878437,4.179997260749154,real,0.5
528.7338617666488,512.0,291.7818850275234,33.350669458645925,4.180913228325112,real,0.5
529.1023038891892,520.0,267.9882442078781,30.631056312960467,4.1840481648261125,real,0.5
529.19837867051,527.0,262.7848296179007,30.03630602532605,4.184849756918632,real,0.5
529.2879240977604,527.0,266.5358602082478,30.465048821802725,4.185607536311118,real,0.5
529.3858644088155,548.0,258.8437516500736,29.585840813603408,4.18641243810337,real,0.5
529.4539562441203,514.0,291.44318196215426,33.31195569827423,4.187042513714784,real,0.5
529.4763426009328,533.0,269.4838793314468,30.80200740758437,4.187234053917107,real,0.5
529.5677535579174,543.0,290.4063590678258,33.19344684145249,4.188076899678606,real,0.5
529.6628955743712,551.0,238.26897556430103,27.23414390699961,4.188796652836301,real,0.5
529.7403150583477,524.0,292.5040862725441,33.43321706095179,4.189515647950894,real,0.5
529.9436577993956,533.0,293.5629732606783,33.55424784369553,4.191410929264877,real,0.5
530.0397325807164,534.0,279.27841112143085,31.921522391179547,4.192262832954643,real,0.5
530.1367401269041,530.0,265.79862335317483,30.38078264926788,4.193081489947995,real,0.5
530.3885866410458,527.0,304.3295123303701,34.7848632593613,4.195514947324875,real,0.5
530.4081747032569,532.0,268.0091882019323,30.633450211480863,4.195681627860565,real,0.5
530.4995856602416,503.0,257.9008208711616,29.47806382557377,4.196430132867329,real,0.5
530.561148141476,535.0,295.5359040697033,33.779753835167085,4.197007789939991,real,0.5
530.5947276766949,529.0,276.4040260462168,31.592980177082573,4.197302478159582,real,0.5
530.5965932064292,526.0,306.0592826331928,34.982576004973936,4.19732060622506,real,0.5
530.687071398547,548.0,293.9564624562284,33.59922365874691,4.198165049839838,real,0.5
530.8736243719851,521.0,293.7785801412262,33.57889171014215,4.199905117087972,real,0.5
530.9706319181728,524.0,294.79413985653434,33.694970185601875,4.200813079970354,real,0.5
531.1609159510799,548.0,286.1639701162418,32.70854178428644,4.202541944759584,real,0.5
531.2513941431977,520.0,264.2492175481522,30.2036855657538,4.203301048888829,real,0.5
531.2560579675333,522.0,273.66514588468505,31.279926174619497,4.203341572244637,real,0.5
531.264452851338,527.0,263.5527767251347,30.1240823796829,4.203411818958887,real,0.5
531.3269480974398,536.0,334.6965353128338,38.2558139862569,4.204075931878303,real,0.5
531.6170379711364,530.0,330.5781778640645,37.78508572986257,4.207120673752467,real,0.5
531.8054564743093,515.0,302.0506334429755,34.5243874025321,4.208927627473952,real,0.5
531.8063892391762,523.0,292.96610703723,33.48602603435538,4.208936303748568,real,0.5
531.8166496527152,522.0,290.0750023700339,33.15557277089488,4.209030800939611,real,0.5
531.9929422126143,527.0,295.6147498511993,33.78876590799208,4.210685442061208,real,0.5
532.1888228347243,532.0,293.08044123191314,33.499094432807674,4.2125081707994365,real,0.5
532.2438559618888,532.0,317.1564994829491,36.25098789090108,4.213062338917892,real,0.5
532.2765027322404,510.0,265.26301000260344,30.31956204329757,4.213337293301,real,0.5
532.4555935867411,539.0,319.7628115480945,36.5488893599472,4.215155507697257,real,0.5
532.4602574110771,531.0,277.6591194221547,31.73643734995228,4.215196622466382,real,0.5
532.7382213415003,532.0,327.62900695060114,37.44799549445371,4.218088064692523,real,0.5
532.7382213415003,542.0,339.0488039633663,38.75327829301277,4.218088064692523,real,0.5
532.8324305930863,539.0,307.30503012482245,35.12496494326721,4.219007258208992,real,0.5
532.9303709041413,533.0,302.82354181728886,34.612730829716114,4.219948919771194,real,0.5
533.0236473908603,541.0,301.104455625123,34.41623927795156,4.220840649183952,real,0.5
533.1150583478454,533.0,302.13532088024704,34.53406717661223,4.221717535886508,real,0.5
533.1644948858066,527.0,316.5117367736461,36.17729151322774,4.22221433589907,real,0.5
533.2064693048302,551.0,267.49355932118567,30.57451383041152,4.222570821303226,real,0.5
533.3939550431356,537.0,315.1896302629327,36.02617473905321,4.2244470418502456,real,0.5
533.7735903440821,534.0,308.4238017566812,35.25284054078866,4.2281646037191125,real,0.5
533.8556736523951,515.0,339.0743801080624,38.756201646351535,4.229048280732663,real,0.5
533.9526811985828,515.0,300.3119288597573,34.32565346867026,4.229973238347742,real,0.5
534.0534198042396,531.0,300.4138701327846,34.33730535617728,4.230934097309851,real,0.5
534.103789107068,529.0,315.1783254137018,36.02488259478612,4.231438138482289,real,0.5
534.2325106587402,522.0,296.76169368428475,33.91986158811375,4.23265097659788,real,0.5
534.2642246642249,544.0,334.6084437359678,38.24574511902112,4.232987900423011,real,0.5
534.2642246642249,529.0,316.7285243291968,36.20207033082719,4.232987900423011,real,0.5
534.4143998078423,535.0,316.371006089614,36.16120599604288,4.23449637661852,real,0.5
534.6093476650855,517.0,320.39069461356047,36.62065639432996,4.23647946508933,real,0.5
534.6093476650855,527.0,337.3587014381471,38.56009957438021,4.23647946508933,real,0.5
534.6970275626015,524.0,338.2060316593841,38.6569494186676,4.237420975468027,real,0.5
534.6970275626015,520.0,313.56995253360213,35.84104557459072,4.237420975468027,real,0.5
534.8826477711726,524.0,312.908369946254,35.76542668485683,4.239265082679382,real,0.5
534.9843191416963,523.0,300.31652555964814,34.32617887146778,4.240234524249022,real,0.5
535.036553974259,515.0,302.18835612356696,34.5401291049237,4.24073569032138,real,0.5
535.076662863548,527.0,300.2998999470302,34.324278563945555,4.241118109401615,real,0.5
535.2538881883144,522.0,306.38331500800865,35.019612905415386,4.242842098921158,real,0.5
535.5355831782063,499.0,314.42075740751386,35.93829257167884,4.245654220299689,real,0.5
535.6344562541283,549.0,316.48495056856245,36.17422984998669,4.2466477362370165,real,0.5
535.7230689165117,539.0,334.33448875478194,38.21443206467158,4.247588370283328,real,0.5
535.817278168098,524.0,313.7442184347528,35.86096416709224,4.248526824337591,real,0.5
535.818210932965,528.0,306.84798562781214,35.072724757258925,4.248535911727992,real,0.5
535.9105546548171,516.0,335.3651930799592,38.33224156903933,4.249519173353942,real,0.5
535.9581256630438,545.0,301.3212592112067,34.44101992784093,4.249974282810142,real,0.5
536.0038311415361,547.0,296.11986121875503,33.8465001373037,4.250403996833494,real,0.5
536.1885185852398,530.0,299.762957736992,34.262906069338186,4.252161754760107,real,0.5
536.5616245321163,538.0,300.23687357343823,34.31707464944399,4.255718394935416,real,0.5
536.6530354891011,515.0,308.5388811003529,35.26599410977034,4.256613866677247,real,0.5
536.6530354891011,530.0,306.0799495136516,34.98493822941038,4.256613866677247,real,0.5
536.7528413298904,524.0,307.7630272333865,35.17731401277607,4.257589117066624,real,0.5
536.8461178166099,529.0,330.6399570652645,37.79214709255974,4.258568316707285,real,0.5
536.857310995016,523.0,304.1318804124987,34.7622739311486,4.258676400133371,real,0.5
536.8843611761645,526.0,298.33608711081047,34.09981475676564,4.258932624068455,real,0.5
536.9356632438603,527.0,319.8486762894468,36.55870369988377,4.259453606594033,real,0.5
537.2145599391504,527.0,295.718893159674,33.80066948815074,4.26207218854371,real,0.5
537.4011129125884,529.0,295.16278296805854,33.73710609324909,4.263820454503957,real,0.5
537.4067095017914,517.0,295.06961822069246,33.72645736262515,4.26387288592816,real,0.5
537.5876658860265,521.0,305.2934337481607,34.89503947741476,4.265626908198041,real,0.5
537.702395964691,515.0,331.3310607288062,37.87114024130255,4.266833841225542,real,0.5
537.7788826838009,538.0,311.3074382429707,35.58244019117155,4.267589836811138,real,0.5
537.8264536920276,507.0,291.7156789523437,33.343102104252885,4.268030438195722,real,0.5
537.8684281110513,540.0,313.67808705036407,35.853405349856615,4.268448473156718,real,0.5
537.87215917052,542.0,322.3019681926156,36.83911496441596,4.268486653414692,real,0.5
537.9691667167077,525.0,296.19044598444896,33.85456797602252,4.269398916905413,real,0.5
538.3329450149122,502.0,307.6334244608448,35.162500415874554,4.272952070950385,real,0.5
538.4271542664985,524.0,307.53484842322285,35.15123317477437,4.273871951886422,real,0.5
538.5241618126867,527.0,313.0216707967294,35.77837697206617,4.274836055374381,real,0.5
538.614640004804,518.0,311.8401449818738,35.64332857142817,4.275731873132767,real,0.5
538.6155727696713,523.0,321.3998905975696,36.7360074953022,4.275741391481977,real,0.5
538.7573530294844,543.0,292.14972391341496,33.39271344330333,4.277056510256381,real,0.5
538.8926039352272,535.0,318.5750912114203,36.41313292546533,4.278424540592242,real,0.5
538.9877459516805,519.0,322.4508667429888,36.85613406872362,4.279398586957234,real,0.5
538.9914770111492,512.0,290.17053778793644,33.166492469161135,4.279432960889393,real,0.5
539.2703737064393,525.0,308.54807588456265,35.26704507360551,4.282165144868191,real,0.5
539.3599191336896,526.0,305.5552977530956,34.92497053317883,4.283033859148218,real,0.5
539.4569266798777,533.0,307.6199934608133,35.16096525257096,4.283981325526207,real,0.5
539.7330250805661,523.0,308.79974784053786,35.29581117817348,4.286688302475455,real,0.5
539.7339578454336,533.0,320.02291560212126,36.57861925332246,4.28669778004516,real,0.5
539.8272343321526,547.0,315.85336129626586,36.10203919616319,4.287633188761719,real,0.5
539.8981244620591,536.0,293.28587618038017,33.522575647417455,4.288293305356842,real,0.5
540.0119217758563,528.0,288.3175477691466,32.95469571001345,4.289335015314844,real,0.5
540.2040713384978,526.0,294.83286141356297,33.69939605957025,4.291133716485435,real,0.5
540.3859604875997,524.0,301.4246084699444,34.452832748114645,4.292874437716742,real,0.5
540.4801697391862,540.0,302.23061431635364,34.54495921635922,4.293778452926147,real,0.5
540.5734462259052,522.0,303.3806133344778,34.67640410413081,4.294676923244725,real,0.5
540.669521007226,528.0,302.20157084936864,34.541639548082834,4.295598751151959,real,0.5
540.7646630236793,529.0,310.7147209442175,35.51469260392406,4.296537345448642,real,0.5
541.3177925899239,514.0,292.0603941405413,33.38250305026387,4.301666470290962,real,0.5
541.3177925899239,523.0,285.97032872161776,32.68640857288091,4.301666470290962,real,0.5
541.3187253547908,531.0,297.3706582608812,33.98946623921872,4.301675277007615,real,0.5
541.6918313016674,527.0,293.2777875924726,33.521651121819616,4.305149479058358,real,0.5
541.7543265477692,533.0,275.6450062290593,31.506224211981472,4.305696420512765,real,0.5
541.7851077883864,523.0,297.308260657917,33.98233419319991,4.305986981180969,real,0.5
542.0640044836765,540.0,277.0756596288446,31.66974789557694,4.308440477855621,real,0.5
542.2589523409197,519.0,282.46902625008715,32.28620970038496,4.31018884657773,real,0.5
542.4408414900217,545.0,287.45552597724594,32.85616661919921,4.311848896630264,real,0.5
542.4511019035613,511.0,296.02007672795594,33.83509477000536,4.311945330537067,real,0.5
542.5313196821394,532.0,297.1312599480446,33.9621030120615,4.312702098442474,real,0.5
543.0937768970557,533.0,274.7857059276687,31.40800618753253,4.317609226133118,real,0.5
543.2775315758925,520.0,281.99995139183943,32.23259444408725,4.319254473366493,real,0.5
543.3764046518145,532.0,286.4404367906816,32.7401419251749,4.320153672960456,real,0.5
543.5573610360495,541.0,298.0098278481468,34.06252332304318,4.321865848254473,real,0.5
544.1216837807002,506.0,274.9814413958516,31.43037875154583,4.3267927586996064,real,0.5
544.3091695190056,533.0,285.9375286419803,32.68265952377835,4.328494851074773,real,0.5
544.4929241978424,503.0,292.7621894832205,33.4627182579321,4.330202887476577,real,0.5
545.1486578994777,518.0,276.8365234466927,31.64241462995697,4.335966497941572,real,0.5
545.2475309753997,544.0,290.1747290434222,33.16697152966316,4.336877420301059,real,0.5
546.2614463860365,522.0,280.2143107358109,32.02849571710319,4.3458980273530265,real,0.5
558.3370203566927,516.0,182.1290501672485,20.817350434116506,4.415726209308651,real,0.5
558.5720771032248,526.0,184.7332849255607,21.11501446699159,4.417104883365203,real,0.5
559.2763145779538,549.0,191.38879230313168,21.87573896024795,4.421384248688313,real,0.5
559.5067075001502,510.0,190.5666351643536,21.781766399285612,4.422778238913683,real,0.5
560.2044156208093,517.0,178.95602423664403,20.454673570248413,4.42674251442907,real,0.5
560.3350027022159,543.0,184.86678743455167,21.130273803769263,4.427508997980558,real,0.5
560.3489941752237,547.0,180.3659120984329,20.61582375285088,4.427589121797661,real,0.5
560.8079144898818,527.0,187.164516781462,21.392904268121107,4.430316243563822,real,0.5
561.131583898797,516.0,186.6701309867718,21.33639597178801,4.432234559861758,real,0.5
561.267767569407,549.0,195.1851509503233,22.309662753621957,4.433078507573942,real,0.5
561.3666406453294,544.0,191.81320669613623,21.92424952536837,4.43368065145946,real,0.5
561.378766588603,535.0,186.80656158759567,21.351989989462183,4.433752571742623,real,0.5
561.7434776516747,520.0,196.0579231887883,22.4094206204785,4.4360228394141,real,0.5
562.0783402389962,528.0,181.27688922742365,20.719948438694523,4.437950154842808,real,0.5
562.2005324365981,526.0,195.9523828531001,22.39735736010934,4.438710372152893,real,0.5
562.3926819992396,531.0,185.3728539847721,21.188117210459453,4.439841285334889,real,0.5
562.5885626213498,543.0,196.7611230407521,22.489796363557964,4.441064984030119,real,0.5
562.7667207109831,537.0,197.3323311822741,22.55508545413393,4.442181198179015,real,0.5
563.0073740467183,517.0,160.7435583312548,18.372988717262423,4.443409398462969,real,0.5
563.1239696551171,542.0,189.8118902529523,21.69549905591245,4.444112065105175,real,0.5
563.179935547149,531.0,185.139362327072,21.16142911398433,4.444441042398795,real,0.5
563.22937208511,535.0,156.57768998517594,17.89682996530561,4.44468680831934,real,0.5
563.5119998398687,543.0,182.91557987794388,20.907250780048987,4.446328188693269,real,0.5
563.6052763265877,517.0,173.29582892696973,19.80771324635264,4.44684140922148,real,0.5
563.6052763265877,528.0,184.6189192942292,21.1019424753304,4.44684140922148,real,0.5
563.7041494025102,523.0,185.078558526262,21.154479239551744,4.447422411563689,real,0.5
563.7974258892293,512.0,193.2583026246857,22.089423990001578,4.447994751525755,real,0.5
563.9289457355032,531.0,93.43051466941706,10.67910782671437,4.448384894475675,real,0.5
564.2572789687545,553.0,95.34296387344588,10.897700770734865,4.449378804844858,real,0.5
564.2628755579574,510.0,152.014623207483,17.375271432615307,4.4494058165827735,real,0.5
564.5380411937789,528.0,190.05113887623256,21.72284517355338,4.451066200056116,real,0.5
564.6285193858967,534.0,184.80859164249145,21.12362202473677,4.451597096481609,real,0.5
564.7264596969517,529.0,188.6047877207368,21.55752723648021,4.452183582849142,real,0.5
564.8225344782725,527.0,197.5003224793808,22.574286859393226,4.4527860327584445,real,0.5
564.8645088972961,515.0,43.07516716949841,4.923491607473668,4.452843438508387,real,0.5
564.9176764947258,530.0,190.98503164340997,21.82958911684176,4.453165834843448,real,0.5
564.9894993894993,520.0,172.17074511145674,19.679116166239503,4.453558449035016,real,0.5
565.1900438359455,506.0,40.340910398232566,4.610966058517982,4.453815311156068,real,0.5
565.382193398587,540.0,86.82472978813894,9.92406661478428,4.454345007005972,real,0.5
565.4680077663687,538.0,168.09041794885746,19.21273477155441,4.454802987197022,real,0.5
565.4698732961031,529.0,135.5351359833782,15.49166604290013,4.454811015020255,real,0.5
565.47080606097,530.0,181.0644368851568,20.69566513597342,4.45481637729507,real,0.5
565.5640825476894,539.0,185.20973167006895,21.169472329888883,4.455364881185247,real,0.5
565.7534338157292,530.0,181.94630891894093,20.79646310943495,4.456458724702056,real,0.5
565.8233911807683,9.0,16.934653250034174,1.935630866478906,4.456496339045142,real,0.5
565.9381212594329,525.0,192.53510817368883,22.006762864252632,4.457197682832522,real,0.5
566.0267339218159,13.0,16.721720396784605,1.91129264135248,4.457244728590728,real,0.5
566.4026381632941,531.0,38.646654211163714,4.417312576336013,4.4577059748500005,real,0.5
566.4063692227628,530.0,123.41324855959374,14.106134310361565,4.457720594523885,real,0.5
566.4959146500131,515.0,73.29800331050939,8.377961778391223,4.457928985681367,real,0.5
566.4996457094818,531.0,156.49456241968295,17.88732848456976,4.457947524205342,real,0.5
566.508973358154,520.0,182.87336536925105,20.902425661705397,4.458001682672833,real,0.5
566.5882583718652,522.0,170.32082572902223,19.46767038082724,4.4584304311486855,real,0.5
566.6973918613263,520.0,174.78608221523913,19.978049197201837,4.459036062876884,real,0.5
566.7654836966311,0.0,18.845377118930905,2.1540266046938026,4.459076804994887,real,0.5
566.9650953782104,21.0,20.105662901941475,2.2980772696919107,4.459204228069388,real,0.5
567.3354030304852,435.0,25.9776461011503,2.969244949361479,4.459509654215562,real,0.5
567.5228887687906,547.0,56.45665439154739,6.452995596953866,4.459845722172167,real,0.5
567.5238215336576,516.0,103.9142938714014,11.87740378950118,4.459848799623546,real,0.5
567.5266198282593,529.0,151.70764930256735,17.340184315283448,4.459862278219147,real,0.5
567.5331491823297,515.0,171.59180797235223,19.61294365123986,4.459897850400663,real,0.5
567.6245601393143,521.0,183.1834436588172,20.9378676102028,4.460429503321627,real,0.5
567.700114093557,0.0,30.242464951946918,3.456713744007532,4.460502050097195,real,0.5
567.7691386937288,12.0,10.205207399864989,1.1664552058045683,4.460524415126139,real,0.5
567.9874056726519,0.0,32.78339712434686,3.747142291312846,4.460751603300451,real,0.5
568.1795552352929,11.0,21.24800353672205,2.4286468042473306,4.460881232028575,real,0.5
568.266302367942,322.0,21.86714475464593,2.4994146454560298,4.460941458987962,real,0.4862408014569485
568.360511619528,23.0,11.07338673940837,1.2656881043143766,4.460974581079364,real,0.40467079805444217
568.4556536359818,513.0,46.2024919378409,5.280944828495215,4.461114147673744,real,0.321124800336073
568.5489301227008,541.0,90.77737948826042,10.375854475508168,4.461382987466017,real,0.23904149202328567
568.6459376688885,11.0,44.117816879133535,5.042666469284963,4.461518869882802,real,0.1542342280670316
568.7354830961388,538.0,172.3399514647354,19.698456452419254,4.462008843965914,real,0.07719743589751824
568.7354830961388,518.0,153.33340675369433,17.52600839194726,4.462008843965914,real,0.07719743589751824
568.8268940531235,3.0,44.84454182772262,5.125731130908696,4.462138996184781,real,0.27049498388639903
569.2,0.0,29.085258168843456,3.324445008698807,4.46248354346334,real,0.1468
569.2,0.0,0.0,0.0,4.46248354346334,real,0.1468
569.4083333333334,0.0,0.0,0.0,4.46248354346334,real,0.0
569.6166666666667,0.0,0.0,0.0,4.46248354346334,real,0.0
569.825,0.0,0.0,0.0,4.46248354346334,real,0.0
570.0333333333334,0.0,0.0,0.0,4.46248354346334,real,0.0
570.2416666666667,0.0,0.0,0.0,4.46248354346334,real,0.0
570.45,0.0,0.0,0.0,4.46248354346334,real,0.0
570.6583333333334,0.0,0.0,0.0,4.46248354346334,real,0.0
570.8666666666667,0.0,0.0,0.0,4.46248354346334,real,0.0
571.075,0.0,0.0,0.0,4.46248354346334,real,0.0
571.2833333333334,0.0,0.0,0.0,4.46248354346334,real,0.0
571.4916666666667,0.0,0.0,0.0,4.46248354346334,real,0.0
571.7,0.0,0.0,0.0,4.46248354346334,real,0.0
571.9083333333334,0.0,0.0,0.0,4.46248354346334,real,0.0
572.1166666666667,0.0,0.0,0.0,4.46248354346334,real,0.0
572.325,0.0,0.0,0.0,4.46248354346334,real,0.0
572.5333333333334,0.0,0.0,0.0,4.46248354346334,real,0.0
572.7416666666667,0.0,0.0,0.0,4.46248354346334,real,0.0
572.95,0.0,0.0,0.0,4.46248354346334,real,0.0
573.1583333333334,0.0,0.0,0.0,4.46248354346334,real,0.0
573.3666666666667,0.0,0.0,0.0,4.46248354346334,real,0.0
573.575,0.0,0.0,0.0,4.46248354346334,real,0.0
573.7833333333334,0.0,0.0,0.0,4.46248354346334,real,0.0
573.9916666666667,0.0,0.0,0.0,4.46248354346334,real,0.0
574.2,0.0,0.0,0.0,4.46248354346334,real,0.0
574.2,518.0,32.15474832398375,3.675287733431343,4.46248354346334,real,0.0
574.2848816029143,144.0,11.502990327647533,1.3147917944501128,4.46251454391751,real,0.0
574.3884185031725,512.0,48.75819490126381,5.573061677214453,4.462674826565012,real,0.0
574.4033427410476,4.0,11.23560879074232,1.284230084781847,4.462680150497032,real,0.0
574.4705018114854,526.0,17.975038602208947,2.054546912232482,4.4627184786805865,real,0.0
574.6561220200565,4.0,11.232167319019409,1.2838367245639182,4.462784674802971,real,0.0
574.9406153045496,7.0,10.926120389726714,1.2488555605457634,4.462883366753048,real,0.0
575.0292279669326,7.0,10.821106326015975,1.236852453063626,4.462913811416615,real,0.0
575.0292279669326,3.0,11.350736504875906,1.297389182507316,4.462913811416615,real,0.0
575.2148481755037,0.0,10.658159068737367,1.2182275815566812,4.462976624654886,real,0.0
575.3109229568245,516.0,32.113143750017514,3.670532330627002,4.463074581763497,real,0.0
575.3417041974417,11.0,10.715220118114075,1.2247496595004388,4.463085053795154,real,0.0
575.4041994435435,46.0,10.64493641885809,1.2167162326754797,4.463106175734153,real,0.0
575.4069977381452,519.0,16.160680389487023,1.847165768518367,4.463107611543597,real,0.0
575.5012069897316,0.0,11.072178255518184,1.2655499746057286,4.463140730020251,real,0.0
575.8687163474046,0.0,11.360480769498878,1.2985029519537217,4.463273288905198,real,0.0
575.9619928341237,0.0,10.973610103702764,1.2542836348532258,4.463305787563756,real,0.0
575.9675894233271,3.0,10.86209575271478,1.2415375445352992,4.463307717668094,real,0.0
576.0562020857101,3.0,11.330970694948393,1.2951299504326013,4.463339596810605,real,0.0
576.1494785724292,0.0,11.682067688149353,1.335260336755471,4.463374193586457,real,0.0
576.2875277727736,0.0,11.143300191646471,1.2736792119051916,4.463423035363318,real,0.0
576.4293080325866,11.0,11.281235612333234,1.2894452304896886,4.463473818107706,real,0.0
576.5225845193057,533.0,15.865304970333796,1.8134043581091528,4.463520803659796,real,0.0
576.5263155787743,21.0,10.52331646458635,1.2028150719022197,4.463522050263841,real,0.0
576.7082047278768,12.0,11.268079654623705,1.2879415045234894,4.463587123203939,real,0.0
576.8882283472449,11.0,10.89608688749421,1.245422731240588,4.463649402511639,real,0.0
576.9880341880342,0.0,10.56866361192931,1.20799825084352,4.463682892867499,real,0.0
577.0822434396202,8.0,10.868500869288448,1.2422696493596694,4.463715402115814,real,0.0
577.0822434396202,0.0,10.2630409956986,1.17306558580835,4.463715402115814,real,0.0
577.1876458696131,0.0,10.014721444135626,1.144682661064702,4.463748916653049,real,0.0
577.2482755859805,2.0,10.248789904792382,1.1714366861177692,4.463768645506944,real,0.0
577.2687964130587,9.0,9.999869596265416,1.142985094853137,4.463775160784579,real,0.0
577.4534838567624,5.0,9.90726509904444,1.1324004008207793,4.4638332552666,real,0.0
577.7342460817869,0.0,10.199314712460511,1.1657816716342366,4.463924174004384,real,0.0
577.8209932144359,7.0,10.364747035370604,1.18469058614286,4.463952720813113,real,0.0
577.8331191577093,0.0,10.469457739177832,1.1966590195880262,4.463956751540721,real,0.0
578.0150083068113,2.0,10.336371966112308,1.1814473157266367,4.4640164438871,real,0.0
578.1073520286634,0.0,10.48159943306927,1.1980468151998176,4.464047175026509,real,0.0
578.2006285153824,0.0,10.433041551764656,1.1924966493667,4.464078072775919,real,0.0
578.2015612802498,8.0,10.612703630121327,1.2130320249228677,4.464078387074157,real,0.0
578.5700034027902,42.0,10.417686709185912,1.1907415908599497,4.464200253562805,real,0.0
578.5765327568607,19.0,10.346039003982405,1.1825522581551888,4.464202398369028,real,0.0
578.6698092435797,0.0,9.957538141085353,1.1381466095260555,4.464231887901557,real,0.0
578.858227746752,0.0,9.943799690014297,1.136576304568634,4.464291374569904,real,0.0
578.9477731740025,4.0,9.625529014536475,1.1001979663615191,4.464318740596837,real,0.0
579.046646249925,6.0,9.188330569863805,1.0502261841354328,4.464347584789404,real,0.0
579.2266698692926,0.0,9.289840028040508,1.06182871520503,4.464400683191753,real,0.0
579.5055665645831,210.0,11.517491108379597,1.3164492336877878,4.464502670230862,real,0.0
579.6025741107708,4.0,9.68056043144585,1.1064880573142606,4.464532486256231,real,0.0
579.7891270842089,0.0,9.511368717357588,1.0871494443939722,4.464588822634404,real,0.0
579.8805380411935,14.0,9.671505729557882,1.105453104888466,4.4646168922250205,real,0.0
579.984074941452,8.0,9.887661745218193,1.1301597374784391,4.464649395901692,real,0.0
580.1594347364836,9.0,10.062209599113189,1.1501105571786374,4.46470541899935,real,0.0
580.5418683320323,306.0,12.954433179433003,1.4806917124091925,4.464862715181427,real,0.0
580.6258171700792,0.0,9.796805024845654,1.1197748143398585,4.464888827346576,real,0.0
580.6286154646809,0.0,9.939708914584356,1.136108728936992,4.4648897104485,real,0.0
580.9989231169558,0.0,9.942526045384271,1.1364307269874223,4.465006607391412,real,0.0
581.0921996036748,4.0,9.123704902916224,1.0428394704033244,4.4650336275030815,real,0.0
581.6499929942554,417.0,13.475013927360436,1.5401940918972978,4.465272269193268,real,0.0
581.6565223483254,7.0,10.054977511029586,1.1492839295106816,4.465274353660408,real,0.0
581.8412097920295,0.0,9.913683036011284,1.13313397101609,4.465332485776097,real,0.0
581.8412097920295,17.0,9.62795511619443,1.1004752697810234,4.465332485776097,real,0.0
582.5939510398525,519.0,15.13488043923665,1.729916834204749,4.465694202375099,real,0.0
582.6834964671029,2.0,9.89706299526772,1.1312343003591006,4.465722340391418,real,0.0
582.7833023078923,8.0,10.365142184560622,1.184735751695279,4.465755185821365,real,0.0
583.7020757020757,522.0,15.231909809609594,1.7410072912383765,4.466199516704218,real,0.0
583.796284953662,9.0,10.158526300238128,1.161119556117218,4.466229902316546,real,0.0
584.6469665125402,516.0,15.750640348794592,1.8002981918672218,4.466655313558853,real,0.0
596.8456654456653,543.0,326.59850416820115,37.33020902642539,4.5931497527321845,real,-0.30885909645906573
597.0415460677755,528.0,326.7314192442325,37.34540121961577,4.595181763961032,real,-0.35405559558836697
597.756043956044,522.0,339.15530332775216,38.76545117036207,4.6028756064607546,real,-0.31665384615385317
597.9677815808961,525.0,339.4976363851907,38.804579838827294,4.605157936896438,real,-0.3641186372825219
598.1552673192016,536.0,330.24543052255456,37.74705270872799,4.60712377968698,real,-0.40680094877796485
598.6701535258912,522.0,338.071865730269,38.64161425296975,4.612650455848945,real,-0.5
599.0880321863928,521.0,336.9743976696746,38.51617365364381,4.617121313363953,real,-0.5
599.1533257270962,526.0,338.07507806024006,38.64198142228544,4.61782216663808,real,-0.5
599.2092916191276,516.0,339.40287006158064,38.793748048038665,4.618425257392177,real,-0.5
599.6057166876841,546.0,338.0448419866904,38.63852543907871,4.622680057418874,real,-0.5
600.0860905942874,522.0,338.5125178759356,38.69198079321944,4.62784300685439,real,-0.5
600.1131407754359,536.0,338.479663445286,38.68822553179619,4.6281337078290985,real,-0.5
600.1131407754359,530.0,339.3393731358636,38.78649034942921,4.6281337078290985,real,-0.5
600.1224684241075,518.0,339.18493555299864,38.76883813370775,4.6282341584128535,real,-0.5
600.5384815548751,528.0,327.2351809476488,37.40298118231625,4.63255641710777,real,-0.5
600.7632778878682,536.0,327.7175762658917,37.45811896719143,4.634895430381281,real,-0.5
600.9554274505092,526.0,338.6750713075989,38.71056065045856,4.636961601853107,real,-0.5
601.05150223183,540.0,339.6403521124185,38.82089224644943,4.6379976320567895,real,-0.5
601.139182129346,538.0,338.2444966451038,38.66134596653536,4.638939249515727,real,-0.5
601.2380552052684,537.0,340.71955354092324,38.94424496972753,4.640008843207292,real,-0.5
601.4675153625972,523.0,329.2001883458827,37.62758152793439,4.642407185089875,real,-0.5
601.9516203286695,517.0,329.14064925360805,37.6207762096874,4.647466186365043,real,-0.5
601.9516203286695,522.0,329.34996173981824,37.64470062686122,4.647466186365043,real,-0.5
601.9824015692867,530.0,337.18397512426924,38.54012835670397,4.647795717744033,real,-0.5
602.1633579535218,506.0,342.5923123481656,39.158301301395326,4.649764035693003,real,-0.5
602.1633579535218,533.0,340.8782903401011,38.96238858587356,4.649764035693003,real,-0.5
602.2603654997099,528.0,342.9345989483559,39.19742465979708,4.650820270688319,real,-0.5
602.408675113593,530.0,314.7098406644012,35.97133478794105,4.652302185903113,real,-0.5
602.8750575471885,525.0,314.48546359264213,35.94568848863899,4.656958974146057,real,-0.5
602.9291579094856,541.0,341.41803132437,39.02408098037549,4.657545423290321,real,-0.5
603.0028463339938,532.0,336.4238221016768,38.45324286622165,4.6583325229803325,real,-0.5
603.0047118637282,526.0,331.39402750535834,37.878337343862455,4.658352151637167,real,-0.5
603.0047118637282,541.0,328.8318463634225,37.5854800393392,4.658352151637167,real,-0.5
603.1903320722993,537.0,343.983976991262,39.317368570101245,4.660379401124514,real,-0.5
603.2882723833544,544.0,343.6243743188764,39.27626598464757,4.661447937154408,real,-0.5
603.3405072159171,541.0,315.1948265477635,36.02676867440937,4.66197067388482,real,-0.5
603.5615724894415,517.0,315.1397375006099,36.02047199631971,4.66418258374436,real,-0.5
603.9365439660523,525.0,315.2604575837576,36.0342703018235,4.667935868062046,real,-0.5
603.9374767309193,525.0,331.135818712847,37.848824078878415,4.667945674743534,real,-0.5
603.940275025521,533.0,326.30607190206507,37.29678401840604,4.667974665685029,real,-0.5
604.03355151224,535.0,335.049145844253,38.29611736999812,4.66896692326371,real,-0.5
604.1230969394904,520.0,342.56919733210765,39.1556592550599,4.66994087055184,real,-0.5
604.1258952340921,529.0,342.0056863488495,39.0912499496735,4.669971256338981,real,-0.5
604.2303648992172,508.0,342.7883716008708,39.18071087397953,4.67110825515686,real,-0.5
604.2658099641704,542.0,304.0767308732299,34.75597033881018,4.671450457275242,real,-0.5
604.682755859805,523.0,312.8885450159618,35.76316069532444,4.675592485904918,real,-0.5
604.7405872815707,529.0,303.6372124040622,34.70573337778431,4.676150008656212,real,-0.5
604.8749054224464,525.0,314.29596166817623,35.92402841867254,4.677490355520091,real,-0.5
605.0577273364158,500.0,332.5556331459043,38.01110886857686,4.67942070654105,real,-0.5
605.0577273364158,539.0,323.07325787315574,36.9272733749017,4.67942070654105,real,-0.5
605.0614583958845,528.0,333.5565064834018,38.12550869105282,4.679460220024439,real,-0.5
605.1528693528692,527.0,343.16350929948203,39.2235891129308,4.680456182751436,real,-0.5
605.1649952961426,523.0,343.5542171460025,39.268247019788085,4.680588450678049,real,-0.5
605.2032386556976,545.0,306.6997592706824,35.055782484639,4.680960853704172,real,-0.5
605.428967753558,519.0,306.056928124696,34.98230688465275,4.683154332752546,real,-0.5
605.7143938029185,536.0,305.3558796406396,34.9021770429251,4.6859215523379465,real,-0.5
605.8953501871536,541.0,316.06127321681646,36.12580352868212,4.687737439777984,real,-0.5
605.8953501871536,532.0,312.61633796914583,35.73204742987337,4.687737439777984,real,-0.5
605.9876939090052,521.0,332.3374903815312,37.98617515060901,4.6887118244425166,real,-0.5
605.9904922036069,521.0,320.96441646968657,36.68623280248517,4.6887403408000745,real,-0.5
606.1257431093496,539.0,294.7636478762852,33.691484952259394,4.690006119648856,real,-0.5
606.177045177045,532.0,342.0983656325742,39.10184319180323,4.690563343372866,real,-0.5
606.2693888988971,513.0,331.7142708560448,37.91494115884592,4.6915359008118696,real,-0.5
606.3607998558817,523.0,293.8663979051428,33.58892928055782,4.692388788636766,real,-0.5
606.6406293160393,532.0,302.7229927084676,34.601238066577835,4.69507835690592,real,-0.5
606.7385696270943,536.0,309.21241106300687,35.34297858450169,4.69603988532708,real,-0.5
606.7404351568287,521.0,304.16327866843176,34.76586275180175,4.696057901091164,real,-0.5
606.9213915410637,499.0,330.9174169688771,37.823860759542654,4.697959142502513,real,-0.5
607.0183990872514,533.0,314.65651492736174,35.96523965619745,4.698928281293374,real,-0.5
607.0585079765407,516.0,282.4315281669729,32.281923669485,4.699287945766292,real,-0.5
607.1088772793692,508.0,315.5206238808486,36.064007309580994,4.699792534351121,real,-0.5
607.2021537660881,500.0,330.0007354155631,37.71908405799886,4.700769840918674,real,-0.5
607.2991613122758,536.0,281.4765952839742,32.17277484095825,4.701636785902387,real,-0.5
607.5295542344724,529.0,292.4019827824693,33.42154663203624,4.703775699178188,real,-0.5
607.577125242699,526.0,300.0327937182973,34.29374832200138,4.704228862562507,real,-0.5
607.8550891731218,542.0,303.314992053868,34.66890359175711,4.706905724980788,real,-0.5
607.9511639544424,534.0,306.1406987824762,34.99188187083703,4.70783956870266,real,-0.5
607.9548950139116,544.0,329.6552633380127,37.67959659953485,4.707878620040351,real,-0.5
607.9567605436459,514.0,312.71966873784146,35.74385813673528,4.707897142604288,real,-0.5
607.9978021978022,528.0,280.62726409723166,32.07569628631358,4.708262820280345,real,-0.5
608.1339858684123,512.0,313.3504540047157,35.815956892739,4.70961769485703,real,-0.5
608.226329590264,526.0,280.6094965186417,32.073665452080746,4.71044041753516,real,-0.5
608.4184791529054,526.0,280.37955398130134,32.047383020062746,4.712150942710468,real,-0.5
608.5061590504214,534.0,288.01328006829607,32.91991791180624,4.712952724662896,real,-0.5
608.5117556396244,528.0,297.0816003041602,33.95642691476551,4.713005513599631,real,-0.5
608.6936447887268,534.0,302.2661059339438,34.54901590824977,4.714751094462375,real,-0.5
608.9296343001259,535.0,269.83199158537263,30.84179663820809,4.716772855717742,real,-0.5
608.9744070137513,550.0,302.29383165106725,34.55218495771699,4.71720257657392,real,-0.5
609.0667507356034,525.0,311.98315900698867,35.65967507449881,4.718117284106257,real,-0.5
609.0667507356034,519.0,312.78455509646443,35.75127464752588,4.718117284106257,real,-0.5
609.0686162653377,530.0,270.0101403605176,30.86215904320716,4.718133276960524,real,-0.5
609.3428491362918,520.0,279.65013106239434,31.964009980431676,4.720568160911673,real,-0.5
609.4389239176126,543.0,280.84861118384066,32.10099625831299,4.721424854299367,real,-0.5
609.5331331691989,525.0,286.20466594266475,32.71319331724658,4.72228093359365,real,-0.5
609.6310734802536,522.0,294.46225744265905,33.65703602569593,4.723196594865188,real,-0.5
609.818559218559,523.0,302.2899177474324,34.55173759853152,4.724996027652242,real,-0.5
609.8194919834264,535.0,302.3785160161643,34.561864380647584,4.7250049826780325,real,-0.5
609.8698612862548,526.0,259.50216639068026,29.66109761845475,4.725419985124746,real,-0.5
609.9995156027945,522.0,312.7234692002925,35.74429252959344,4.726707318963112,real,-0.5
610.2830761224202,545.0,277.85632927136453,31.75897843571697,4.729208872415338,real,-0.5
610.3185211873734,528.0,269.32354480908486,30.783681171678403,4.729511963964957,real,-0.5
610.3185211873734,519.0,259.89180017723726,29.70563276025822,4.729511963964957,real,-0.5
610.4649652715226,535.0,281.5095997990584,32.176547257032375,4.730820870907773,real,-0.5
610.5582417582417,512.0,284.5305768162588,32.521844930098375,4.731663516306857,real,-0.5
610.653383774695,533.0,292.8003382831268,33.46707866576139,4.732547995570486,real,-0.5
610.7475930262815,517.0,259.2676710928126,29.634294805908475,4.733323502441308,real,-0.5
610.7979623291099,536.0,269.293445132296,30.780240778621422,4.733754163349338,real,-0.5
610.8446005724695,518.0,301.64094444614466,34.47755995019433,4.734200822469172,real,-0.5
611.0255569567046,535.0,300.9223265710431,34.395421927070224,4.7359297311319954,real,-0.5
611.2512860545646,539.0,268.2777874550991,30.664151106117828,4.737852450900281,real,-0.5
611.3044536519947,531.0,272.78987024295134,31.179882168769332,4.73831293962891,real,-0.5
611.3044536519947,537.0,264.2469952315012,30.203431554960584,4.73831293962891,real,-0.5
611.3967973738463,526.0,257.72173657323174,29.457594490320385,4.739068557382253,real,-0.5
611.4014611981825,522.0,277.9630766646933,31.771179662774443,4.7391097171602805,real,-0.5
611.5852158770192,543.0,278.6260070953727,31.8469526110011,4.740735280090548,real,-0.5
611.7717688504572,521.0,287.81470742360824,32.89722105851842,4.742440022981191,real,-0.5
611.774567145059,518.0,298.7177610404127,34.14344008691917,4.7424665628156575,real,-0.5
611.9536579995596,535.0,255.618439621814,29.217187648773344,4.743920043677359,real,-0.5
612.141143737865,520.0,265.3913257708791,30.33422853561148,4.74549983124206,real,-0.5
612.3332933005065,518.0,258.611427872544,29.55928620583178,4.747077554552184,real,-0.5
612.3360915951079,514.0,260.8266475595644,29.812485816058206,4.747100727918326,real,-0.5
612.4237714926238,523.0,269.91476075800745,30.851257154640248,4.747852126547648,real,-0.5
612.5179807442103,527.0,277.6493675618271,31.73532271231684,4.748682615714754,real,-0.5
612.5189135090773,530.0,277.4875191219712,31.716823435641302,4.748690833586586,real,-0.5
612.6690886526951,538.0,250.7864161339024,28.664887364105045,4.7498865984690015,real,-0.5
612.7978102043678,533.0,288.2148231259589,32.942954283297105,4.75106450630012,real,-0.5
612.8892211613525,526.0,250.6950615629288,28.65444553664276,4.75179209804689,real,-0.5
613.0739086050562,526.0,263.43225670153987,30.110306940986007,4.753336819051908,real,-0.5
613.1634540323065,533.0,255.86319387464076,29.245163059871437,4.754064255335575,real,-0.5
613.3649312436197,541.0,267.7393251772092,30.60260486775501,4.755776957415486,real,-0.5
613.449812846534,529.0,260.91700038569525,29.822813144084968,4.756480126355231,real,-0.5
613.4507456114013,523.0,258.37416393408205,29.53216693766558,4.756487778179613,real,-0.5
613.5514842170581,518.0,276.0546279980469,31.553043980176763,4.757370725305944,real,-0.5
613.5552152765268,514.0,275.4266146527848,31.481262054813303,4.757403352656187,real,-0.5
613.625172641566,535.0,248.14686336016555,28.36318648206692,4.75795452315352,real,-0.5
614.0962188994977,534.0,248.20944312059493,28.370339348684,4.761666673760868,real,-0.5
614.1018154887006,534.0,258.57989139118126,29.555681586012017,4.761712621263214,real,-0.5
614.1950919754197,542.0,251.29050751147443,28.722505008561527,4.762456825251261,real,-0.5
614.1950919754197,523.0,260.1667179910139,29.737055866372888,4.762456825251261,real,-0.5
614.1950919754197,527.0,248.0606397486629,28.35333112327217,4.762456825251261,real,-0.5
614.4758542004446,528.0,263.958193769776,30.1704215478854,4.764809801552295,real,-0.5
614.4758542004446,538.0,253.9912685475385,29.03120199498365,4.764809801552295,real,-0.5
614.487980143718,522.0,274.28897591831395,31.35122994746328,4.764915402451155,real,-0.5
614.5570047438902,534.0,274.4538766627951,31.37007810255748,4.7655168766451546,real,-0.5
614.6586761144139,532.0,274.11775091399375,31.331658929469484,4.766401746840749,real,-0.5
615.0317820612904,532.0,249.49820532039723,28.517644868121405,4.769357330977196,real,-0.5
615.1306551372124,529.0,246.8578001420401,28.215846556235185,4.770132271960184,real,-0.5
615.1334534318141,528.0,248.2982732270828,28.38049262985556,4.7701543322322175,real,-0.5
615.2388558618067,552.0,251.36428437796437,28.730937704401324,4.770995529634997,real,-0.5
615.3134770511818,540.0,260.96446186754827,29.828237991460764,4.7716138125783,real,-0.5
615.3153425809162,535.0,254.37590644435397,29.075166106589656,4.771628879407995,real,-0.5
615.4207450109091,529.0,261.4158141226216,29.879827554215648,4.77250371452799,real,-0.5
615.4869713164795,538.0,266.61928472205943,30.474584243731396,4.773064330952506,real,-0.5
615.6921795872614,533.0,266.72496725169697,30.48666375686896,4.77480214082791,real,-0.5
615.9710762825515,528.0,270.9956755283712,30.974805712892827,4.777201799425293,real,-0.5
616.1529654316539,525.0,252.8419103034977,28.899830347689797,4.778661956522833,real,-0.5
616.2471746832404,527.0,246.14643978726892,28.13453806768484,4.779398215904801,real,-0.5
616.2481074481072,496.0,245.53418938284915,28.064557846459657,4.77940548746968,real,-0.5
616.2481074481072,530.0,251.5050990186228,28.747032817828583,4.77940548746968,real,-0.5
616.3469805240297,523.0,261.34517198689514,29.87175315810212,4.780225907502441,real,-0.5
616.4244000080067,544.0,293.97144186031375,33.60093580463386,4.780948509477757,real,-0.5
616.431862126944,528.0,251.276908517086,28.720950643502924,4.781008042574895,real,-0.5
616.899177325407,516.0,269.4228158017892,30.795027846144507,4.785005538283115,real,-0.5
616.9038411497426,528.0,270.2875714789846,30.89386942004794,4.785045561499787,real,-0.5
616.992453812126,518.0,258.9012786329653,29.592416147747933,4.785773967827901,real,-0.5
617.1799395504314,533.0,245.4778651866804,28.05811999083757,4.7872352170895525,real,-0.5
617.2732160371504,531.0,245.09714783174823,28.014603997168827,4.787961079266686,real,-0.5
617.3664925238695,538.0,250.30153725395968,28.60946570812759,4.788702354391176,real,-0.5
617.3702235833382,520.0,261.5080598290674,29.890371238462407,4.788733332933574,real,-0.5
617.9308152685201,528.0,274.5220750817203,31.37787318184063,4.793619492601471,real,-0.5
618.0240917552392,514.0,268.7817656925754,30.721755818661368,4.794415497448306,real,-0.5
618.1108388878882,535.0,245.0741939726412,28.011980371072887,4.795090486053032,real,-0.5
618.1136371824895,533.0,244.83310786434987,27.98442422889519,4.795112238459486,real,-0.5
618.2087791989433,533.0,262.77994322854494,30.035747511022688,4.795906033343902,real,-0.5
618.2973918613262,528.0,250.299121912496,28.60918963459829,4.79661023791672,real,-0.5
618.8607818411099,532.0,278.7069942242823,31.856209439835467,4.80159564602569,real,-0.5
619.0454692848136,544.0,267.5454501563125,30.580444952866515,4.80316448608282,real,-0.5
619.1471406553374,525.0,268.9425636893409,30.740135029691665,4.804032650432418,real,-0.5
619.3225004503694,529.0,245.78486946492413,28.09321057984083,4.805401100334938,real,-0.5
619.3252987449707,517.0,245.60319262855387,28.072444917443708,4.805422921160233,real,-0.5
619.9782341520047,519.0,285.2113667834519,32.59965922334855,4.8113355522058345,real,-0.5
620.0827038171302,529.0,271.783959499965,31.064906570846,4.81223703564656,real,-0.5
620.1638543605758,539.0,266.2176522914443,30.42867765691209,4.812922953348835,real,-0.5
620.2580636121618,525.0,244.96975220951657,28.000042677547743,4.81365569308912,real,-0.5
620.9109990191959,526.0,290.5058064818357,33.20481368087382,4.819678081571401,real,-0.5
621.1898957144859,524.0,266.4855178261759,30.459294687531905,4.822037802857295,real,-0.5
621.2831722012049,523.0,271.7024857271122,31.055594118608926,4.822842457499616,real,-0.5
621.947300786645,531.0,293.0847404832164,33.49958583723163,4.8290224665426456,real,-0.5
621.9482335515124,513.0,265.7349357664222,30.373503158102057,4.829030336358381,real,-0.5
623.0554254488682,541.0,292.76904458069527,33.46350179557347,4.839322146926494,real,-0.5
635.037722932805,521.0,271.0432895776255,30.9802479987226,4.942437299050615,real,0.0
635.971420564863,535.0,270.9666102276521,30.971483549020636,4.950470077064794,real,0.0
636.1934186032548,515.0,270.78924638214824,30.95121086147954,4.952378718202877,real,0.0
636.3883664604975,535.0,270.4794769223822,30.915804212228288,4.954052876476796,real,0.0
636.9079164915232,535.0,270.47671217528,30.915488201634503,4.958514582825222,real,0.0
637.1261834704459,532.0,270.3920979543983,30.905816796187725,4.9603883937316775,real,0.0
637.1373766488518,518.0,270.24616536088047,30.88913670074864,4.9604844347366495,real,0.0
637.4172061090094,530.0,269.9602865378242,30.8564607512733,4.962882919946205,real,0.0
637.5104825957284,516.0,270.08568138925114,30.870793382791405,4.963682786376475,real,0.0
637.8360175343782,525.0,260.01381455090586,29.71957900316854,4.9663702200785576,real,0.0
638.0720070457774,538.0,260.06871215469783,29.725853799281964,4.968318828332451,real,0.0
638.3471726815987,536.0,271.18044607575723,30.99592498645905,4.97068799872322,real,0.0
638.6279349066233,528.0,270.63486481804705,30.93356504870277,4.973100492209613,real,0.0
638.7743789907723,518.0,270.69677700840367,30.94064161206054,4.97435912385513,real,0.0
638.9917132048281,534.0,270.26612376031204,30.891417945803664,4.97622405775522,real,0.0
638.9991753237654,528.0,269.68651661635374,30.825168849249238,4.9762879524986126,real,0.0
639.1866610620708,505.0,259.747622431255,29.68915324389245,4.977834144947389,real,0.0
639.2799375487899,536.0,267.7199444209374,30.600389647313147,4.978627005180316,real,0.0
639.465557757361,528.0,270.2369334759516,30.888081496301265,4.9802196307719,real,0.0
639.4664905222284,540.0,270.33229869749584,30.898981741123773,4.980227636739846,real,0.0
639.6642366740729,517.0,259.0099874108074,29.604841561055284,4.981853815488364,real,0.0
639.7006145038931,496.0,258.93295866977627,29.596037175955427,4.982152882044959,real,0.0
639.7808322824717,531.0,259.0513583780024,29.60957026260568,4.982812663698051,real,0.0
640.1166276346603,531.0,268.768980045438,30.720294419193564,4.985678144832448,real,0.0
640.212702415981,511.0,261.6129090187632,29.902355500844635,4.986476162128481,real,0.0
640.2155007105827,518.0,264.47975567475896,30.230036073624948,4.986499660058135,real,0.0
640.4934646410054,556.0,268.74293505901,30.717317477244844,4.988871411807584,real,0.0
640.5923377169279,525.0,268.9533980531688,30.74137339747719,4.989715715736998,real,0.0
640.8749654716867,535.0,257.3707301478561,29.417474455899956,4.992025214280371,real,0.0
641.051258031586,521.0,264.811676731199,30.267974650376043,4.993507441706505,real,0.0
641.2387437698915,507.0,262.7236519642921,30.02931341951859,4.995071349483523,real,0.0
641.3348185512118,526.0,261.9849937158062,29.94488478171665,4.995870501777153,real,0.0
641.4318260974,525.0,268.68938929509386,30.71119719642923,4.996698062299521,real,0.030886440881557904
641.5213715246504,524.0,268.91801465847715,30.737329075463936,4.997462614317466,real,0.08313822734652229
641.5773374166818,527.0,247.1624536285941,28.250668449748307,4.997901801500875,real,0.11576505134215118
641.6967313196824,531.0,257.13448919967254,29.39047211552257,4.998876535716682,real,0.18539762805512433
641.9840228987772,526.0,256.9802388503836,29.37284130059885,5.001220582927724,real,0.053001327088320754
641.9868211933784,515.0,256.3012395471344,29.29523168023746,5.001243354230128,real,0.05462993454624064
642.0884925639023,533.0,263.28057868367046,30.09297014354353,5.002093241318358,real,0.11397965731891807
642.1771052262857,509.0,265.70359097469475,30.36992044840761,5.002840785625943,real,0.16562945215082622
642.3496667267159,507.0,247.64669601337144,28.306017354328358,5.004197599188684,real,0.26630536840207
642.3589943753876,535.0,260.6606610383128,29.79351355667915,5.004274794585116,real,0.271752715226364
642.5240937568806,533.0,252.9378459556669,28.91079579273272,5.005600670836185,real,0.3
642.5502111731621,527.0,268.9680280300276,30.74304560383215,5.00582370664724,real,0.3
642.6434876598812,514.0,269.6230407547086,30.817913558263196,5.006622202954109,real,0.3
642.925182649773,521.0,258.53232610095165,29.550244873338773,5.008934468490469,real,0.3
643.0072659580856,525.0,248.4452174187161,28.39728835095925,5.009581952761289,real,0.3
643.1966172261253,521.0,262.77605520409776,30.035303109828376,5.011161736852902,real,0.3
643.1966172261253,512.0,255.8234109109732,29.240615867124237,5.011161736852902,real,0.3
643.2059448747975,535.0,268.65645139613434,30.70743239457816,5.011241300225402,real,0.3
643.2824315939071,542.0,253.8772430911183,29.01816888531482,5.011857829262237,real,0.3
643.2917592425787,524.0,258.9485113847129,29.597814851272688,5.011934517600675,real,0.3
643.4615224484078,536.0,253.03269359097288,28.9216368774482,5.013298359210159,real,0.3
643.4773794511498,509.0,269.1996786698073,30.76952327195897,5.013433890436518,real,0.3
643.848619868292,520.0,248.8946979077501,28.44866397085584,5.016367583180873,real,0.3
643.848619868292,535.0,253.5146144653557,28.97672043339016,5.016367583180873,real,0.3
644.0342400768631,531.0,257.9551552236445,29.48427424206257,5.017887826829312,real,0.3
644.2235913449028,526.0,252.55870376952416,28.86745984085661,5.019406185197632,real,0.3
644.2235913449028,541.0,258.956879758139,29.59877135635529,5.019406185197632,real,0.3
644.2338517584419,519.0,268.8207972301805,30.726217123409636,5.019493758446015,real,0.3
644.3289937748953,534.0,258.4726424254279,29.54342302922641,5.020274542012664,real,0.3
644.3896234912628,525.0,258.4493254220494,29.54075789574025,5.020772055282803,real,0.3
644.4017494345362,526.0,253.81709484158097,29.011293940392704,5.020869774534083,real,0.3
644.5938989971777,526.0,259.2655016638329,29.6340468401761,5.022451488183982,real,0.3
644.9679377089211,520.0,253.76914168122627,29.00581289416416,5.025465181763983,real,0.3
644.9688704737886,528.0,250.99253212283529,28.688446421640077,5.02547261497924,real,0.3
644.9744670629916,527.0,258.3940243514424,29.53443698336987,5.025518529454556,real,0.3
645.0612141956406,530.0,252.9016043125222,28.906653372921287,5.026215076480828,real,0.3
645.1535579174922,529.0,250.06222346365044,28.582112141895244,5.026948237206818,real,0.3
645.248699933946,536.0,258.8203737510241,29.58316871974205,5.027730071186009,real,0.3
645.3242538881882,537.0,301.24080175919346,34.43182364107581,5.028452699082635,real,0.3
645.347573009868,517.0,269.1459552365295,30.763382683535323,5.028651969933769,real,0.3
645.5266638643687,537.0,301.57193852068343,34.469672572914114,5.030366748576948,real,0.3
645.9007025761123,516.0,263.57666634474936,30.12681296320485,5.033496913662974,real,0.3
645.9044336355813,534.0,255.34830767893425,29.186311567702184,5.033527162514124,real,0.3
645.9939790628317,534.0,254.57481419889268,29.097901262933437,5.034250935847647,real,0.3
645.9949118276986,509.0,259.9588021828191,29.713291089496227,5.034258634601538,real,0.3
646.0863227846834,529.0,250.4624581572077,28.62785896736884,5.034985551263936,real,0.3
646.1842630957384,523.0,253.09697925630476,28.92898472899563,5.035772582864731,real,0.3
646.1935907444106,520.0,260.0785124504889,29.726973973090885,5.035849605856206,real,0.3
646.255153225645,542.0,270.66219328673264,30.936688692673545,5.0363786445554,real,0.3
646.4650253207628,521.0,270.359004981335,30.902034269366585,5.038180165298599,real,0.3
646.6590404131387,520.0,299.4540022476445,34.22759245690577,5.04002479571869,real,0.3
646.9267439300228,529.0,273.1347542817998,31.21930241440972,5.042346328232858,real,0.3
647.0209531816088,535.0,256.81925341514534,29.354440665351117,5.043114511534472,real,0.3
647.0293480654135,527.0,248.3766271428509,28.389448482427863,5.04318071323483,real,0.3
647.1170279629296,533.0,252.8616659702956,28.902088420404784,5.043884638832247,real,0.3
647.1170279629296,540.0,253.5752621983166,28.98365246926759,5.043884638832247,real,0.3
647.1179607277969,506.0,259.50514371189416,29.661437926269503,5.043892324150917,real,0.3
647.1925819171721,523.0,286.47522053973466,32.74411770769167,5.044571047764359,real,0.3
647.6720230589085,522.0,271.3561978207687,31.016013410913867,5.048701701342648,real,0.3
647.7662323104944,533.0,280.5029865440064,32.061491361979925,5.049540726094298,real,0.3
647.7708961348305,502.0,292.4981065941752,33.432533583714225,5.049584038167561,real,0.3
647.9462559298626,553.0,285.7382102307428,32.65987742937391,5.05117493522639,real,0.3
647.9537180487998,533.0,257.64913946640775,29.4492966410104,5.051235978046988,real,0.3
648.1272123140975,529.0,286.8192320847604,32.78343822728811,5.052815905416204,real,0.3
648.1402710222384,540.0,254.42891504149344,29.0812249892427,5.05292139520218,real,0.3
648.23261474409,551.0,254.1889818868074,29.053800629662085,5.053666655225535,real,0.3
648.324958465942,537.0,286.3149530427836,32.725799132790165,5.0545061058067855,real,0.3
648.3258912308095,537.0,248.69810838929476,28.426193788896388,5.05451347107203,real,0.3
648.5105786745131,529.0,286.65925477433154,32.76515282070609,5.05619439116009,real,0.3
648.6075862207008,527.0,274.939515284275,31.42558659699263,5.057041202005446,real,0.3
648.7969374887406,523.0,286.44528937027195,32.740696575022085,5.058763283231276,real,0.3
648.9825576973117,520.0,290.40342203641376,33.19311113876209,5.060474758845915,real,0.3
649.0441201785466,521.0,292.5669357791539,33.440400759557285,5.061046612747095,real,0.3
649.0702375948277,514.0,259.6341327433499,29.67618137256489,5.061261908631135,real,0.3
649.0721031245621,527.0,255.10711303013883,29.15874301934487,5.061277018770612,real,0.3
649.2567905682662,511.0,292.7724688744083,33.46389319234486,5.062993785684523,real,0.3
649.2586560980005,530.0,255.3717073761765,29.188986153096973,5.063008911496074,real,0.3
649.4759903120558,528.0,286.79257627291184,32.78039146799382,5.064987883889441,real,0.3
649.540351087892,529.0,287.5834545560865,32.870788855760686,5.065575547631969,real,0.3
649.7278368261974,523.0,279.51330508946666,31.94837077172604,5.067239398710245,real,0.29042413178810006
649.8183150183152,559.0,281.501592116775,32.17563197894738,5.068048063435718,real,0.24441391941382506
649.8220460777837,542.0,299.2944016118856,34.209350104238524,5.068083518191168,real,0.24225736704099005
649.9600952781282,516.0,314.43994096387,35.94048525217034,5.069461727982572,real,0.16384950259209186
650.0981444784722,530.0,260.86988751579423,29.81742814305528,5.070605136902423,real,0.09176858223749615
650.1876899057226,522.0,314.6135441475099,35.96032809606038,5.071499604386707,real,0.04459972977850871
650.1914209651916,518.0,255.724242155853,29.229280878414,5.071529897771484,real,0.042629730378862224
650.3761084088953,515.0,293.4457663811255,33.54085109736265,5.073250612785045,real,0.24244037510756578
650.3854360575671,532.0,289.72542352027807,33.115615908367786,5.073336415793584,real,0.23731016833811036
650.4833763686221,521.0,288.87628944536607,33.01855988360534,5.0742347069118034,real,0.18337624452061516
650.7510798855062,538.0,283.1039529791027,32.35878182551144,5.076640973494241,real,0.035431980223730467
650.890994615585,538.0,305.0803105606719,34.870679497084794,5.077996229524657,real,0.0
650.9367000940773,542.0,276.77795465068624,31.63572021657344,5.0783978755607535,real,0.0
651.0309093456633,519.0,306.9611553288666,35.08566005408945,5.079316040498281,real,0.0
651.0309093456633,533.0,263.63698745468207,30.13370766607016,5.079316040498281,real,0.0
651.1213875377811,534.0,306.61556632269264,35.04615923068377,5.080196849700465,real,0.0
651.3172681598912,523.0,299.3659743950905,34.21753087335885,5.082058669487839,real,0.0
651.501022838728,520.0,292.078482455306,33.38457054464148,5.083762716998542,real,0.0
651.594299325447,544.0,289.7191826285603,33.11490257444444,5.084620728601372,real,0.0
651.6773153986269,530.0,316.2039803271975,36.14211495139868,5.08545416650684,real,0.0
651.6838447526973,534.0,288.0258688272779,32.92135680695787,5.085513876283248,real,0.0
651.7789867691506,520.0,273.42590263293954,31.25258067094499,5.086339830045583,real,0.0
651.8274905422447,516.0,305.40340537283765,34.90760923411534,5.086810149700458,real,0.0
652.0560179347065,522.0,304.62814130649605,34.818996551332496,5.08902045372546,real,0.0
652.2388398486759,527.0,304.92290416244094,34.852687945767,5.090790407924689,real,0.0
652.2397726135432,517.0,311.6170499764817,35.61782881231186,5.0907996365522905,real,0.0
652.3433095138013,528.0,301.97948401657527,34.51625502309455,5.091792332678293,real,0.0
652.4375187653877,511.0,290.44324826112137,33.197663276246175,5.092661090181536,real,0.0
652.516803779099,517.0,303.1825285404299,34.65376301217114,5.093424291313637,real,0.0
652.7117516363418,535.0,287.7462357204852,32.88939474285146,5.0952053238222845,real,0.0
652.7201465201465,534.0,287.88776904451066,32.90557200178757,5.09528205672603,real,0.0
652.7499949958967,524.0,298.26971347140085,34.092228249781115,5.095564723683859,real,0.0
652.8992373746472,518.0,271.4554292900117,31.027355567848343,5.096851000448105,real,0.0
653.2630156728516,518.0,298.2645384911332,34.09163674953652,5.100295944225812,real,0.0
653.2667467323207,534.0,303.274013723156,34.66421976855673,5.100331870410648,real,0.0
653.2667467323207,524.0,303.8104261415316,34.72553170797706,5.100331870410648,real,0.0
653.3590904541724,537.0,308.86696964290206,35.30349463018371,5.101237441546348,real,0.0
653.3665525731101,523.0,304.5894085653375,34.81456939901808,5.101309605562354,real,0.0
653.455165235493,516.0,290.40515542343303,33.1933092648984,5.102126646536593,real,0.0
653.6445165035328,531.0,285.92521015542286,32.68125152076483,5.103845601096755,real,0.0
653.6995496306973,520.0,296.89456955438004,33.93504930006564,5.104364365508829,real,0.0
653.7396585199863,523.0,286.1826353973219,32.710675225913896,5.104728806856385,real,0.0
653.9196821393543,541.0,296.35184908939806,33.8730163509182,5.106422679912609,real,0.0
654.1995115995118,536.0,295.9652965694759,33.828833397891096,5.109052208853578,real,0.0
654.2927880862309,530.0,299.25951155424383,34.20536217065007,5.109938474411976,real,0.0
654.3869973378172,515.0,304.5888899460199,34.81451012083007,5.110849543562762,real,0.0
654.3972577513563,530.0,307.57786204695884,35.156149631967395,5.110949742627669,real,0.0
654.4802738245363,539.0,300.9566734769248,34.399347778412505,5.111742992286702,real,0.0
654.576348605857,524.0,290.50906347973824,33.20518595573408,5.112629153669872,real,0.0
654.670557857443,542.0,284.94549152581163,32.56926968140027,5.11348146659248,real,0.0
655.0389999799835,541.0,297.77589937622093,34.03578529870205,5.11696486019742,real,0.0
655.2236874236876,531.0,295.9245975637764,33.82418150153964,5.11870011064656,real,0.0
655.2236874236876,545.0,295.4112286598793,33.76550343582421,5.11870011064656,real,0.0
655.4195680457977,534.0,300.5582647102785,34.35380965638483,5.12056934553749,real,0.0
655.4232991052664,542.0,311.58659353494875,35.61434764104464,5.120606256439986,real,0.0
655.510046237915,532.0,301.6715316940821,34.481056072633585,5.12143712664693,real,0.0
655.5212394163215,523.0,289.7537449757369,33.11885305072673,5.121540100322156,real,0.0
656.0697051582297,524.0,292.6634311604136,33.451430181635274,5.126636479064506,real,0.0
656.1564522908786,530.0,295.77771934894974,33.807393321584954,5.127451116407001,real,0.0
656.3458035589184,515.0,295.33297105040924,33.756558591061776,5.129226629510856,real,0.0
656.3467363237854,527.0,301.00816754821415,34.40523355076088,5.129235543953383,real,0.0
656.4390800456375,539.0,301.3465401342965,34.44390953735009,5.130119065842776,real,0.0
656.5323565323565,506.0,311.51156882577425,35.605772316785995,5.131041616217394,real,0.0
657.1880902339918,543.0,294.97858475318986,33.7160522372896,5.137182936144641,real,0.0
657.1899557637262,539.0,293.8644114850556,33.58870223274185,5.137200341900962,real,0.0
657.2776356612421,523.0,298.90718430738593,34.165091166334214,5.138032450704319,real,0.0
657.2785684261096,533.0,290.7059823107587,33.22769377811972,5.138041060044703,real,0.0
657.5565323565323,528.0,299.4855061158453,34.23119334904111,5.140684125890914,real,0.0
658.2150643527693,540.0,294.03816731684776,33.6085625243157,5.146831990826968,real,0.15557903681020668
658.3074080746214,538.0,289.7410895720968,33.11740653809067,5.147681486543028,real,0.22532642366761685
658.3158029584262,514.0,299.1194759641344,34.18935610270056,5.147761213118539,real,0.23158900698593413
658.3969535018717,534.0,293.8394241924677,33.58584618519905,5.148518299137986,real,0.2920334053925858
659.2401729418125,526.0,288.7795791524349,33.00750589712331,5.156249568759212,real,0.45415973698448364
659.3297183690629,529.0,293.50584528507886,33.54771811608451,5.157084025634762,real,0.5
659.4229948557819,521.0,293.62343957663927,33.56115914360987,5.157953599805633,real,0.5
660.3538941932386,545.0,288.62895831271464,32.99028993514328,5.166484332873169,real,0.5
660.4490362096919,538.0,293.8264633146433,33.58436475686373,5.167371911813245,real,0.5
661.195248103445,521.0,288.7410398305582,33.0031008526328,5.174212830254069,real,0.5
673.2960067255151,515.0,289.84562801468235,33.129355282078194,5.285571255691077,real,0.5
673.50028223143,524.0,289.80467953645683,33.124674871017014,5.287450855612617,real,0.5
674.2241077683701,532.0,311.40066058222544,35.593095504548366,5.294607297686212,real,0.5
674.5281891150745,530.0,311.1110160983626,35.559989140042845,5.297610944738016,real,0.5
675.1447466922879,541.0,311.1821466390804,35.568119360846886,5.303702554043339,real,0.5
675.3676774955466,536.0,311.3627764849364,35.58876535222823,5.305906396278605,real,0.5
675.4534918633278,538.0,292.14177296133954,33.39180464948111,5.306702367557791,real,0.5
675.7407834424226,531.0,311.0390696595685,35.551765662088684,5.309539512806866,real,0.4536598971156865
675.8349926940091,514.0,296.11091302300963,33.84547735853,5.31042522311007,real,0.42245241097700165
676.0644528513382,526.0,300.9730660756754,34.4012214524497,5.31261792024529,real,0.34653055905839864
676.3004423627376,539.0,301.1491295229776,34.42134550447634,5.3148743303862105,real,0.468554020296573
676.6772793690828,527.0,312.24746900127394,35.68988570684561,5.3186102386324805,real,0.34425236694083344
676.6772793690828,533.0,301.4336401357557,34.45386506751688,5.3186102386324805,real,0.34425236694083344
677.0037470725996,525.0,301.7279323695203,34.487502669836175,5.32173775413155,real,0.3
677.23600552453,518.0,301.8375287552884,34.50002953672946,5.323963566201481,real,0.3
677.3096939490383,527.0,312.18516704443994,35.682764593179485,5.324693956952863,real,0.3
677.6044476470705,531.0,309.09392338014294,35.32943544235034,5.327586590771202,real,0.3
677.7937989151103,526.0,305.24012677341085,34.88894649020086,5.329421664731894,real,0.3
677.7937989151103,521.0,311.92098474673884,35.65256855655225,5.329421664731894,real,0.3
677.9374447046577,519.0,306.3865086687601,35.01997794083928,5.330819018171129,real,0.3
678.2331311675573,539.0,301.1427520345941,34.420616557554105,5.333646159937998,real,0.3
678.2583158189715,525.0,306.0364551768077,34.97996682670912,5.333890870568834,real,0.3
678.4448687924099,543.0,301.0896755724689,34.41454991793319,5.335674241851261,real,0.3
678.450465381613,543.0,306.67456249718106,35.052902493427794,5.335728735377825,real,0.3
678.5446746331994,527.0,301.03758984413935,34.408596519185124,5.336629182079551,real,0.3
678.7265637823014,518.0,311.15499267993005,35.565015663316004,5.338426096089773,real,0.3
678.8655457475131,507.0,300.3773106088764,34.333126602594575,5.3397515642584095,real,0.3
678.9131167557398,513.0,308.77895599541534,35.29343467027597,5.340217937667034,real,0.3
679.0978041994435,514.0,300.24670468464643,34.31819834545509,5.34197853220174,real,0.3
679.1910806861625,542.0,305.46461023739835,34.91460495013463,5.342883174336443,real,0.3
679.3813647190698,529.0,300.3884739823117,34.33440257617823,5.3446979767224585,real,0.3
679.5697832222421,532.0,299.1639888481565,34.19444392534429,5.346487661706131,real,0.3
679.6574631197582,506.0,309.7648665708879,35.40612424905248,5.347349996524353,real,0.3
679.6593286494924,516.0,302.5089708573063,34.576775368990106,5.347367914302843,real,0.3
679.7535379010789,537.0,299.01872345340763,34.177840090724494,5.348262322285007,real,0.3
679.7544706659462,531.0,310.39832109056005,35.47852810065101,5.348271514819606,real,0.3
679.8039072039073,527.0,298.92729789463186,34.16739014935642,5.348740714119648,real,0.3
680.0305690666346,534.0,299.4418548869918,34.226204013583164,5.350895651662927,real,0.3
680.3103985267921,544.0,302.5700673713135,34.58375870054113,5.353583861253869,real,0.3
680.4997497948319,526.0,301.8353228997599,34.49977740744256,5.355398465864755,real,0.3
680.5920935166836,530.0,301.24176807376006,34.43193409083077,5.35628168057156,real,0.3
680.5920935166836,529.0,299.7224772512944,34.25827914982295,5.35628168057156,real,0.3
680.68630276827,552.0,300.0176694845202,34.29201962208066,5.357179076544889,real,0.3
680.8709902119737,507.0,310.307340308202,35.46812899722749,5.358998664899736,real,0.3
680.9605356392241,535.0,300.1439901813385,34.306458077726994,5.359851994468074,real,0.3
680.9642666986931,527.0,310.8202710779043,35.52675698420446,5.359888814591144,real,0.3
681.0566104205448,534.0,300.1864044434957,34.311306027891554,5.360768935063423,real,0.3
681.1582817910685,521.0,300.6709727631546,34.36669218682857,5.361739520812035,real,0.3
681.2534238075223,528.0,302.4101534337892,34.5654805374821,5.362653029011488,real,0.3
681.5239256190077,535.0,303.71593052559376,34.71473085907537,5.365261472784436,real,0.3
681.6638403490865,559.0,300.2681865036303,34.32065371736495,5.3665953519513785,real,0.3
681.7104785924457,536.0,300.21631771780665,34.3147251151453,5.3670399015349135,real,0.3
681.7104785924457,520.0,300.24468300835986,34.31796726785553,5.3670399015349135,real,0.3
681.8037550791648,524.0,310.37674862330937,35.47606236764426,5.367959091107214,real,0.3
681.8933005064151,523.0,299.3502849263784,34.21573756708505,5.368810164118083,real,0.3
681.9884425228689,510.0,299.8805024654376,34.27634143179951,5.36971603085155,real,0.3
682.272003042495,525.0,301.3003625158555,34.438631435562286,5.372428652025183,real,0.3
682.2748013370964,535.0,300.20369857947486,34.31328274763398,5.372455323879035,real,0.3
682.4566904861988,515.0,304.58743657843155,34.81434400091472,5.374214310380948,real,0.3
682.608731159551,538.0,294.82322960096883,33.69829514339074,5.37563750801551,real,0.3
682.6432434596369,533.0,300.71601741355425,34.37184079036925,5.375967022261027,real,0.3
682.7337216517545,521.0,300.63739067821024,34.36285375451943,5.376830658062058,real,0.3
682.827930903341,527.0,295.3679674913484,33.76055868426112,5.377714146108387,real,0.3
682.8969555035128,544.0,301.1781254012286,34.42465973336043,5.378374187323427,real,0.3
683.2952461018035,535.0,300.8730523012173,34.389789878029134,5.382178945652764,real,0.3
683.3950519425929,528.0,301.48478640524456,34.459711086119455,5.383134301330072,real,0.3
683.492992253648,526.0,306.2445770307372,35.00375515461326,5.384086600960056,real,0.3
683.5284373186013,529.0,301.5237090705589,34.46415994676488,5.384425929956687,real,0.3
683.6720831081487,523.0,301.3774555766874,34.44744317241537,5.385800438337907,real,0.3
683.8017374246883,507.0,300.21012888716984,34.31401773180351,5.3870362607036695,real,0.3
683.8203927220321,548.0,300.54049135298345,34.35177816164601,5.387214272546974,real,0.3
683.8297203707039,530.0,300.36201087485443,34.33137784299586,5.387303225611123,real,0.3
683.8511739626493,532.0,299.9539472810435,34.28473617422327,5.387507539705523,real,0.3
684.0405252306891,521.0,297.51743176903835,34.00624245120108,5.389296185574802,real,0.3
684.0405252306891,527.0,294.3550737026419,33.64478492421197,5.389296185574802,real,0.3
684.0498528793613,526.0,300.03747236778185,34.29428309163747,5.389385042525952,real,0.3
684.1338017174082,512.0,300.1189446101,34.303595368934424,5.390184972240411,real,0.3
684.322220220581,551.0,300.2396898037223,34.317396544565455,5.391981092376443,real,0.3
684.3259512800497,516.0,299.809762153181,34.268255814108585,5.39201660818209,real,0.3
684.4677315398627,518.0,299.464117392985,34.22874861801818,5.393364652868795,real,0.3
684.5171680778237,524.0,305.53042008373006,34.92212701557035,5.393844216495985,real,0.3
684.6925278728559,541.0,299.8814887076453,34.27645415928386,5.395513858711485,real,0.3
684.9723573330133,528.0,300.53145413031524,34.35074520709503,5.398183956069071,real,0.3
685.0665665845993,516.0,296.14774056464347,33.84968674653875,5.399069776528741,real,0.3
685.0758942332714,541.0,300.4369646267831,34.33994505684131,5.39915875179066,real,0.3
685.1598430713187,535.0,300.85702070542897,34.38795746663053,5.399960648755145,real,0.3
685.2540523229047,533.0,298.13991987934867,34.077392842209555,5.400852428109497,real,0.3
685.3501271042254,535.0,301.3126770289014,34.44003898440343,5.4017715445578585,real,0.3
685.3948998178508,552.0,301.1603142085451,34.422623914036706,5.4021996540808415,real,0.3
685.4406052963432,550.0,301.138368684536,34.42011554064246,5.402636650705993,real,0.3
685.7185692267659,521.0,301.2709973605548,34.435274998311414,5.405295474145915,real,0.3
685.9965331571891,544.0,301.6207822241696,34.47525540822259,5.407957384561363,real,0.3
686.0916751736424,532.0,301.6224421978387,34.475445143212966,5.408868513274989,real,0.3
686.0926079385098,533.0,298.6490744434845,34.13558920889028,5.4088773578523055,real,0.3
686.1868171900958,511.0,298.2199538150489,34.08654072106009,5.409769376599663,real,0.3
686.1933465441662,526.0,302.65792184318144,34.59380046667564,5.4098321197029655,real,0.3
686.2828919714166,520.0,302.7802274650909,34.60777999925989,5.410692944271361,real,0.3
686.2959506795573,536.0,302.18414329801755,34.539647578963404,5.410818234042755,real,0.3
686.3267319201746,539.0,301.151734708584,34.42164327719115,5.41111255095502,real,0.3
686.6485357993557,507.0,301.3041495964402,34.43906429887311,5.414191057756895,real,0.3
686.8434836565986,528.0,301.2669366001354,34.43481085339548,5.416055777920904,real,0.3
687.0235072759662,539.0,298.9207512471248,34.16664186754637,5.417764334179413,real,0.3
687.11864929242,526.0,301.1604857799754,34.422643524651185,5.418674067434026,real,0.3
687.2128585440064,535.0,295.7763731037033,33.80723944575329,5.419558777080245,real,0.3
687.2147240737407,532.0,301.57936899169835,34.47052187575112,5.419576639797889,real,0.3
687.2156568386076,531.0,301.61316249974,34.47438447372027,5.419585572157512,real,0.3
687.2632278468343,525.0,295.9596308221133,33.82818580296755,5.420032583520047,real,0.3
687.4022098120461,516.0,296.3482134881031,33.87260080169018,5.421340272582896,real,0.3
687.5701074881404,517.0,301.623409893697,34.475555750849566,5.422948151941959,real,0.3
687.7697191697192,535.0,300.7579633764011,34.37663521392265,5.424854256931424,real,0.3
687.8639284213057,528.0,301.6426889829521,34.47775935075143,5.425756513571649,real,0.3
687.9609359674934,527.0,300.31558817580526,34.32607172849454,5.426681482457384,real,0.3
687.9628014972277,524.0,301.42070085644093,34.4523861078912,5.426699335777023,real,0.3
688.0504813947437,525.0,296.06532762766426,33.840266947842025,5.427523533315329,real,0.3
688.051414159611,538.0,301.6140395601795,34.47448472172852,5.4275324657009305,real,0.3
688.1959927140255,525.0,296.14820399969153,33.849739717164745,5.4288918952663785,real,0.3
688.3293780900337,515.0,300.78794730280094,34.38006237671015,5.430165727918408,real,0.3
688.4263856362219,535.0,295.25770099599777,33.747955223842546,5.431075118564278,real,0.3
688.7006185071759,526.0,298.7854732152852,34.1511795885071,5.433676611904563,real,0.3
688.7034168017777,528.0,295.4525257628001,33.770223694688056,5.433702861636415,real,0.3
688.7966932884967,544.0,300.7162423309832,34.37186649843138,5.434593441344456,real,0.3
689.0802538081228,528.0,301.1033377471403,34.41611150449813,5.437304288694935,real,0.3
689.0905142216619,531.0,295.4635219346951,33.771480557135654,5.437400541293919,real,0.3
689.1306231109509,516.0,300.2184691180857,34.31497102019719,5.437782856675476,real,0.3
689.1697992353733,526.0,300.15543074512345,34.30776573416761,5.43815620259188,real,0.3
689.1707320002402,534.0,299.96542062624,34.28604757757923,5.43816508615316,real,0.3
689.3582177385456,512.0,299.5862251374833,34.24270553321434,5.439948424744402,real,0.3
689.452426990132,530.0,294.1569915672994,33.62214413614232,5.440828290587679,real,0.3
689.6408454933044,529.0,294.3498789504896,33.64419116404096,5.442589176182005,real,0.3
689.8255329370086,528.0,296.4903968203764,33.88885235656902,5.444327744379728,real,0.3
689.9141455993915,538.0,299.82711367421246,34.270239092962484,5.4451712935815415,real,0.3
690.013018675314,531.0,300.5387707377336,34.35158149532295,5.446114750949665,real,0.3
690.0652535078767,543.0,295.0438029992611,33.72350668281555,5.4466040680955,real,0.3
690.106295162033,518.0,300.513446376405,34.34868692082309,5.446995658909201,real,0.3
690.1967733541503,529.0,300.3136097447255,34.32584559382212,5.447858364590376,real,0.3
690.205168237955,529.0,294.62105504912745,33.67518659211527,5.447936892167749,real,0.3
690.5717448307612,517.0,295.4635943553434,33.77148883481575,5.451375735865265,real,0.3
690.6650213174802,538.0,294.20362791300875,33.6274746704569,5.452247028280402,real,0.3
690.760163333934,551.0,295.41678280341,33.766138274429764,5.453139411192426,real,0.3
690.9457835425051,528.0,300.62698462019455,34.36166434208824,5.454911138776323,real,0.3
690.9914890209974,533.0,294.9855714874121,33.7168508210112,5.455339206776331,real,0.3
691.1267399267401,529.0,300.1824780089916,34.31085723642774,5.456628255253563,real,0.3
691.2200164134591,521.0,294.79729817192225,33.69533118105071,5.457501305840064,real,0.3
691.2218819431935,510.0,300.31303392780694,34.325779777948334,5.457519093551961,real,0.3
691.2638563622172,521.0,299.34438074972144,34.21506271969316,5.457918026157383,real,0.3
691.5101062871557,514.0,297.7041505825361,34.027584411583874,5.460245606742714,real,0.3
691.7862046878441,545.0,294.607769710779,33.67366807794204,5.462828175048723,real,0.3
691.7871374527115,527.0,293.6710385478724,33.56659970602181,5.46283687220009,real,0.3
691.8776156448288,525.0,298.83684292831714,34.15705114670665,5.463695335598927,real,0.3
691.8832122340318,537.0,293.9070617134638,33.59357715384891,5.46374756044648,real,0.3
691.9251866530554,517.0,287.93222818549856,32.91065368160248,5.4641312842153615,real,0.3
691.9671610720792,520.0,297.4727228507118,34.00113222183636,5.464527722485128,real,0.3
692.1966212294083,529.0,295.552714460768,33.781675262865775,5.466680930407533,real,0.3
692.2432594727676,538.0,287.07168339074803,32.8122934115625,5.467106015886785,real,0.3
692.4335435056747,533.0,292.0042477171233,33.37608551406719,5.468870164818526,real,0.3
692.4419383894794,530.0,293.7616438277102,33.576955889507275,5.468948463330528,real,0.3
692.4447366840811,529.0,294.4531573579546,33.65599588601421,5.46897462427264,real,0.3
692.7180367901678,532.0,291.28029140672385,33.29333730778853,5.471502144444362,real,0.3
692.9008587041376,530.0,291.03449908398704,33.26524324529972,5.473191482066245,real,0.3
692.9941351908567,518.0,296.5887981653772,33.90009963030262,5.474069838230951,real,0.3
693.1200584479272,528.0,289.0360339397039,33.036818679308155,5.475225422622992,real,0.3
693.3747032566705,517.0,289.77185095765253,33.12092256445968,5.477568220120721,real,0.3
693.4586520947179,529.0,283.9695325379819,32.45771756909133,5.478325105586165,real,0.3
693.4595848595848,523.0,287.08517836432424,32.81383588704226,5.478333607695404,real,0.3
693.47450909746,553.0,290.0902705443057,33.157317923214144,5.478471065389846,real,0.3
693.6480033627577,528.0,293.61962246475747,33.56072284772178,5.480088452321326,real,0.3
693.8317580415944,514.0,288.60161473076016,32.987164563725884,5.481772215051921,real,0.3
693.8336235713288,527.0,288.61946748967773,32.98920513407016,5.481789310147224,real,0.3
694.4828279188937,533.0,288.83858206591174,33.01424993013371,5.487742919754512,real,0.3
694.4856262134949,545.0,286.35096357682977,32.72991513683164,5.487768360850296,real,0.3
694.5798354650814,522.0,289.37814308531506,33.07592175465151,5.488633932470862,real,0.3
694.5863648191518,512.0,294.86588194405874,33.70317030620591,5.488695060229813,real,0.3
694.6880361896755,536.0,288.79756297572135,33.00956144812495,5.489627317827818,real,0.3
694.9855881823095,514.0,282.49845154365653,32.28957301143994,5.492296158603056,real,0.3
695.2486278748574,524.0,283.9020579036309,32.450005218385016,5.49466716954634,real,0.3
695.3223162993658,525.0,282.8277942666668,32.32721688468001,5.495328875568832,real,0.3
695.4267859644908,527.0,288.650699686705,32.99277497419038,5.4962863045002495,real,0.3
695.6077423487262,535.0,288.11171892259125,32.93116947285218,5.497941611543708,real,0.3
695.7038171300466,521.0,293.6761580029351,33.567184859735484,5.498837433750635,real,0.3
696.3548870073462,525.0,283.6887448741995,32.425623539121,5.504701696733685,real,0.3
696.4425669048622,528.0,283.85345491763394,32.44444989708556,5.505491898412002,real,0.3
696.450961788667,529.0,289.3224047993911,33.0695508685704,5.505569013700062,real,0.3
696.4630877319404,529.0,289.32576256353855,33.069934661012454,5.5056804037422165,real,0.3
697.4723393182411,532.0,283.3488752204047,32.386776437692255,5.514759960824136,real,0.3
697.4732720831084,536.0,283.8808587647593,32.447582156812,5.514768368036543,real,0.3
697.4844652615145,532.0,289.00154039068894,33.032876066655746,5.514871074390731,real,0.3
698.5888588642689,533.0,283.83911300543457,32.44281061652117,5.524823750085248,real,0.3
698.5888588642689,512.0,283.22571293786683,32.37269898879818,5.524823750085248,real,0.3
699.52162373146,529.0,282.762843610648,32.31979302469707,5.533197852154227,real,0.3
711.4703416801779,533.0,240.44277015521783,27.4826086287414,5.624415057431958,real,0.5
711.5067195099981,535.0,240.3064742040557,27.467030001523565,5.624692610471698,real,0.5
711.7333813727255,521.0,240.8768003136307,27.53221827584799,5.626426083771537,real,0.5
712.6661462399167,521.0,240.84609932942925,27.528709153353763,5.633558809531918,real,0.5
712.6689445345183,522.0,240.1232615685207,27.446088797281917,5.633580143488062,real,0.5
713.380644128185,533.0,240.47334622350868,27.486103473347043,5.639013990341801,real,0.5
713.6035749314437,538.0,240.2418477937892,27.459643202830105,5.640714434874135,real,0.5
713.7052463019675,524.0,240.51604252106955,27.49098366015825,5.64149083653685,real,0.5
714.3329970575874,537.0,229.8051208698053,26.26672531541875,5.646071102276965,real,0.5
714.4990292039472,529.0,239.92035215552977,27.42289625137705,5.64733584736697,real,0.5
714.6240196961509,527.0,229.2640128457843,26.204876668273144,5.648245669709444,real,0.5
714.8133709641907,526.0,240.84671815906685,27.52877988558134,5.649693616759144,real,0.5
714.9066474509096,535.0,239.9681051294992,27.428354416301755,5.6504042891303765,real,0.5
715.2685602193801,531.0,262.45924520272297,29.999091726671235,5.65342013755771,real,0.5
715.4663063712246,551.0,262.8812549517386,30.04732744098372,5.65507062182845,real,0.5
715.562381152545,519.0,241.5222991716859,27.605998795323696,5.655807355244392,real,0.5
715.7461358313817,533.0,234.09995835621712,26.757625240115612,5.657173143808957,real,0.5
715.8403450829682,523.0,241.17612977470893,27.56643163324923,5.657894536279256,real,0.5
715.8450089073042,519.0,238.05165689028087,27.209304382559104,5.657929786117019,real,0.5
716.0278308212736,528.0,241.67425285053608,27.623367100816274,5.659332607462478,real,0.5
716.2003923217039,529.0,252.0669625274083,28.81125381688277,5.660713638903567,real,0.5
716.4914149602674,557.0,252.6259942961477,28.87515114804968,5.663047895202463,real,0.5
716.7693788906906,526.0,262.2387389203847,29.973887858599973,5.665362245113363,real,0.5
716.8635881422765,517.0,236.16038393351357,26.9931318836006,5.666068634766895,real,0.5
716.8635881422765,531.0,241.91230423205147,27.65057637372348,5.666068634766895,real,0.5
716.864520907144,507.0,240.7276726278871,27.515172981367492,5.666075763985417,real,0.5
716.9633939830665,527.0,242.0978195969438,27.671780779930675,5.666835762341519,real,0.5
717.1247623050903,528.0,263.4249522022,30.10947203671146,5.668185405391404,real,0.5
717.4223142977241,536.0,263.4014739200348,30.10678846905997,5.6706738317527305,real,0.5
717.610732800897,523.0,260.49308314028514,29.774359402934596,5.6722321762615175,real,0.5
717.610732800897,538.0,252.874352146756,28.90353845037421,5.6722321762615175,real,0.5
717.8896294961871,526.0,233.97999588442693,26.74391352959,5.674304062123331,real,0.5
717.8924277907884,520.0,246.4049514627844,28.164085952196253,5.674325954181572,real,0.5
717.8933605556558,517.0,241.40928310695173,27.593081059124582,5.674333103586182,real,0.5
718.056594407414,531.0,252.0782426308128,28.8125431327019,5.67563954314021,real,0.5
718.0789807642269,515.0,241.15189310125808,27.5636613814738,5.675810945906531,real,0.5
718.2636682079306,524.0,251.33954725835173,28.7281102516296,5.677284757363423,real,0.5
718.6367741548071,518.0,260.5645474495517,29.78252777348376,5.6803714346482295,real,0.5
718.7300506415261,533.0,252.2665382449709,28.83406532140017,5.681118529179065,real,0.5
718.7356472307291,546.0,251.15470990776404,28.70698334245743,5.681163157288238,real,0.5
718.8242598931125,515.0,255.2081841395901,29.170295447155144,5.68188117327215,real,0.5
718.8251926579795,509.0,229.09889752244376,26.18600398681532,5.681887958101185,real,0.5
718.8317220120499,527.0,238.7208969453408,27.28579852085245,5.681937446612195,real,0.5
718.9949558638085,528.0,281.7469960539296,32.20368164896415,5.683397649666742,real,0.5
719.0089473368163,530.0,239.685192710489,27.39601752680889,5.68350412484445,real,0.5
719.1992313697234,524.0,281.97512819398344,32.229757152572304,5.685207682669619,real,0.5
719.2971716807785,526.0,253.483916113306,28.97321161175088,5.6859959174911525,real,0.5
719.4762625352791,532.0,258.15412806585107,29.507016837926777,5.687463816618727,real,0.5
719.573270081467,538.0,254.6321348383423,29.104453012022525,5.688248080943681,real,0.5
719.8530995416244,508.0,253.63981158633084,28.99103046431761,5.690501565500414,real,0.5
719.8624271902961,524.0,239.52315706364456,27.377496852374573,5.6905725009649,real,0.5
719.9379811445386,530.0,282.47929083537383,32.28738294248323,5.691250123035302,real,0.5
719.9435777337417,519.0,258.4136614586218,29.53668150472047,5.691296040999969,real,0.5
720.0349886907263,545.0,229.70512496935416,26.25529578399718,5.691962713698172,real,0.5
720.1338617666488,522.0,283.50880143110936,32.4050560035758,5.692852710243314,real,0.5
720.5023038891893,528.0,260.8262176011765,29.81243667181448,5.695903865089277,real,0.5
720.5983786705101,534.0,255.9554854847781,29.25571199091014,5.696684625125919,real,0.5
720.6879240977604,522.0,256.9457553806077,29.368899840003458,5.6974151392048205,real,0.5
720.7858644088155,510.0,252.0588711861576,28.81032897657781,5.6981989426997,real,0.5
720.8539562441204,524.0,282.5499114212725,32.295454875451455,5.698809791809276,real,0.5
720.8763426009327,538.0,260.6942193013613,29.797349266145595,5.698995084612813,real,0.5
720.9677535579175,525.0,282.1854029460608,32.25379155673475,5.699814070710754,real,0.5
721.0628955743713,520.0,228.1949059520743,26.08267775032209,5.700503392531776,real,0.5
721.1403150583478,537.0,281.4879638412486,32.17407426705471,5.701195309261548,real,0.5
721.3436577993957,525.0,281.32172603216065,32.155073285475964,5.703011559467233,real,0.5
721.4397325807165,523.0,264.7045774420949,30.255733201631447,5.70381900750919,real,0.5
721.5367401269042,529.0,251.4573127264277,28.741570844630683,5.704593493415084,real,0.5
721.7885866410458,536.0,291.4003844435225,33.307063941894626,5.706923567845655,real,0.5
721.8081747032569,552.0,256.58070839160945,29.32717496916096,5.707083140770036,real,0.5
721.8995856602417,536.0,247.37698414204945,28.27518928743625,5.707801102467728,real,0.5
721.9611481414761,540.0,279.2921823284154,31.92309644013788,5.708347009419268,real,0.5
721.994727676695,523.0,258.1378013952242,29.505150699474125,5.708622223099004,real,0.5
721.9965932064293,518.0,290.2229673894417,33.172485172613186,5.708639413170519,real,0.5
722.0870713985471,529.0,280.3919124282663,32.04879559055084,5.709444890138459,real,0.5
722.2736243719851,529.0,279.33723913155507,31.928246432736746,5.711099420501983,real,0.5
722.3706319181728,517.0,278.65215048521645,31.84994080046024,5.711957666225116,real,0.5
722.56091595108,526.0,269.19755977929435,30.769281082773343,5.71358402814014,real,0.5
722.6513941431976,532.0,247.9064048292908,28.33570207198794,5.714296184555656,real,0.5
722.6560579675333,532.0,257.39450896199133,29.420192374355608,5.714334298613755,real,0.5
722.6644528513381,533.0,247.06846038300856,28.23992502177788,5.714400151638536,real,0.5
722.7269480974398,531.0,317.61035060165,36.30286307376859,5.71503036173909,real,0.5
723.0170379711365,523.0,318.0529892883143,36.35345667565432,5.7179597421989445,real,0.5
723.2054564743092,523.0,290.01251400180115,33.148430350405874,5.7196946804292645,real,0.5
723.2063892391761,516.0,282.3758658669319,32.27556146859032,5.719703043070875,real,0.5
723.2166496527152,546.0,279.1518219856016,31.90705325295426,5.719793981837872,real,0.5
723.3929422126142,528.0,279.109726802969,31.90224177357936,5.7213562395792,real,0.5
723.5888228347244,526.0,276.3723722394573,31.58936214696997,5.723075057331815,real,0.5
723.6438559618889,519.0,300.6077138323368,34.359461691036095,5.723600309727522,real,0.5
723.6765027322404,557.0,246.704392121816,28.19831201952357,5.723856027454411,real,0.5
723.8555935867412,517.0,300.71515799430915,34.37174255874954,5.725565934328169,real,0.5
723.8602574110771,524.0,257.59818336281865,29.44347235837017,5.725604078545646,real,0.5
724.1382213415003,532.0,318.21514164311816,36.371990689808406,5.728412440070494,real,0.5
724.1382213415003,534.0,303.6459449113348,34.70673150336557,5.728412440070494,real,0.5
724.2324305930863,538.0,285.26287746342734,32.60554689406975,5.7292657023400615,real,0.5
724.3303709041414,546.0,280.1698648268776,32.023415549712105,5.730136919917836,real,0.5
724.4236473908604,533.0,279.7171076990582,31.971665410002355,5.730965310091169,real,0.5
724.5150583478455,517.0,280.0132966272757,32.00551980449761,5.73177799208954,real,0.5
724.5644948858065,525.0,296.1727821203028,33.85254899635061,5.732242867873855,real,0.5
724.6064693048302,531.0,248.11475260876335,28.359516223181654,5.732573527378649,real,0.5
724.7939550431356,549.0,296.1050726414244,33.8448098029148,5.734336143810234,real,0.5
725.1735903440822,514.0,286.8765416400754,32.789988709460616,5.73779398748572,real,0.5
725.2556736523951,540.0,316.02024052576445,36.12111349209488,5.738617582067769,real,0.5
725.3526811985828,530.0,278.7597022527795,31.862233967492696,5.739476159049225,real,0.5
725.4534198042396,536.0,278.63516063999094,31.847998861150963,5.740367359882067,real,0.5
725.5037891070681,527.0,295.0857429643952,33.72830042083037,5.740839268487008,real,0.5
725.6325106587403,520.0,279.07982849000814,31.898824396407928,5.741979842423904,real,0.5
725.664224664225,536.0,300.2139890290663,34.31445894602228,5.742282133795909,real,0.5
725.664224664225,535.0,319.068655916709,36.46954737127984,5.742282133795909,real,0.5
725.8143998078424,538.0,296.0713414861358,33.84095433186532,5.743693819956169,real,0.5
726.0093476650856,528.0,299.2983050345198,34.20979626544561,5.745546355089134,real,0.5
726.0093476650856,522.0,318.8041674938136,36.43931634454289,5.745546355089134,real,0.5
726.0970275626015,536.0,317.814203239064,36.326163430225016,5.746431097946553,real,0.5
726.0970275626015,512.0,295.4425577847776,33.76908435480008,5.746431097946553,real,0.5
726.2826477711726,532.0,288.4209505831523,32.96651465165431,5.748130889981415,real,0.5
726.3843191416964,518.0,277.9731185459557,31.77232744980273,5.749028205558236,real,0.5
726.4365539742591,523.0,283.35216469559884,32.38715242470695,5.749498132637149,real,0.5
726.4766628635481,523.0,277.8940107559443,31.763285429404437,5.749852018775688,real,0.5
726.6538881883143,513.0,282.59790491161255,32.30094053139732,5.751442170074559,real,0.5
726.9355831782062,520.0,292.4052688599431,33.42192223069149,5.754057388975932,real,0.5
727.0344562541283,517.0,293.75828882594755,33.5765724128058,5.754979560918535,real,0.5
727.1230689165117,524.0,316.5880839961918,36.186018000764726,5.755870266306341,real,0.5
727.2172781680981,521.0,295.86437183322494,33.81729770053761,5.756755239169409,real,0.5
727.218210932965,512.0,288.59190766720724,32.986055046361784,5.756763785900866,real,0.5
727.3105546548171,548.0,315.6608932273056,36.08004009588103,5.757689276230595,real,0.5
727.3581256630438,541.0,283.6190848995328,32.4176614040166,5.758117648685412,real,0.5
727.4038311415361,520.0,277.93506482097763,31.767977909037743,5.758520973860708,real,0.5
727.5885185852399,531.0,283.4040222611334,32.39307974444755,5.760182805830622,real,0.5
727.9616245321164,532.0,283.87317889378653,32.4467043475598,5.76354559981635,real,0.5
728.053035489101,520.0,295.1831713213142,33.739436482026214,5.764402309309946,real,0.5
728.053035489101,540.0,291.14360750050463,33.27771433730768,5.764402309309946,real,0.5
728.1528413298904,539.0,296.04897329268863,33.83839764735431,5.76534043978999,real,0.5
728.24611781661,523.0,317.73030695614824,36.316574085087744,5.766281407134532,real,0.5
728.2573109950159,515.0,289.3652904021717,33.07445269296822,5.7663842427594405,real,0.5
728.2843611761645,535.0,284.0925034957043,32.471773149559,5.76662823368886,real,0.5
728.3356632438603,541.0,304.8504137009792,34.84440228602192,5.767124786434665,real,0.5
728.6145599391504,554.0,283.19449314854273,32.36913056687843,5.769632465197031,real,0.5
728.8011129125885,516.0,282.76589908936586,32.32014226591452,5.7713073037086,real,0.5
728.8067095017915,535.0,282.8190115203552,32.3262130167766,5.771357558301585,real,0.5
728.9876658860264,524.0,288.5696820087945,32.983514653605205,5.773015496510217,real,0.5
729.102395964691,536.0,316.9243069346826,36.22444828263422,5.7741699503438415,real,0.5
729.178882683801,513.0,293.2528712182314,33.51880318024385,5.7748821012559945,real,0.5
729.2264536920277,515.0,272.61263389980894,31.15962405474816,5.77529384979273,real,0.5
729.2684281110514,520.0,294.17014500587936,33.62364757417201,5.775685886757281,real,0.5
729.27215917052,529.0,299.2258219756175,34.20151145181308,5.775721333388709,real,0.5
729.3691667167077,522.0,272.48544691948814,31.14508658289749,5.776560585729046,real,0.5
729.7329450149122,535.0,283.27540662920126,32.3783789777177,5.779832405618805,real,0.5
729.8271542664986,538.0,283.0137072881721,32.348466743038074,5.780678940297092,real,0.5
729.9241618126866,534.0,286.30762270551645,32.72496127524053,5.781560764794984,real,0.5
730.014640004804,544.0,282.8529805247894,32.33009567398343,5.782373311630418,real,0.5
730.0155727696714,532.0,293.41510740884496,33.53734677683098,5.782382001202312,real,0.5
730.1573530294845,516.0,266.343744131796,30.44308995426428,5.783580953758765,real,0.5
730.2926039352271,542.0,292.5835425937243,33.44229891846269,5.784837370763998,real,0.5
730.3877459516805,522.0,298.00118265253235,34.061535177184446,5.785737560525179,real,0.5
730.3914770111492,537.0,266.06843229153174,30.41162181092208,5.785769079294489,real,0.5
730.6703737064392,544.0,282.3517173360661,32.27280129151235,5.788269295302255,real,0.5
730.7599191336897,533.0,280.52932722510513,32.06450210182952,5.789066859063444,real,0.5
730.8569266798778,513.0,282.8007749857633,32.324128580872745,5.7899378825068615,real,0.5
731.1330250805662,519.0,283.663792753259,32.4227715116975,5.79242451455138,real,0.5
731.1339578454335,541.0,293.64204589524337,33.563285845826314,5.792433210844122,real,0.5
731.2272343321526,526.0,293.10929920685487,33.50239289934351,5.793301262373659,real,0.5
731.2981244620591,529.0,271.31420716618817,31.01121387909531,5.793911925979339,real,0.5
731.4119217758563,536.0,265.57540698558023,30.355269018451818,5.794871467110975,real,0.5
731.6040713384978,535.0,270.28759235873434,30.89387180660333,5.796520423765403,real,0.5
731.7859604875998,531.0,278.1621528384197,31.79393406943137,5.79812680476943,real,0.5
731.8801697391862,526.0,282.6417179851367,32.30594836570113,5.79897222677424,real,0.5
731.9734462259053,525.0,283.062388119493,32.35403096205805,5.7998105240907245,real,0.5
732.069521007226,537.0,282.717320761806,32.31458976307442,5.800672917742101,real,0.5
732.1646630236793,534.0,293.5749395245572,33.55561558765689,5.801559736889418,real,0.5
732.7177925899239,539.0,276.704863095482,31.627365851813597,5.806419189988049,real,0.5
732.7177925899239,525.0,269.9400218494795,30.854144497395502,5.806419189988049,real,0.5
732.7187253547909,527.0,283.09213355542005,32.35743086538451,5.806427573842132,real,0.5
733.0918313016674,519.0,282.94106585794987,32.34016382756367,5.809779325910751,real,0.5
733.1543265477692,520.0,263.855873183964,30.15872630492708,5.810302875083679,real,0.5
733.1851077883864,518.0,283.4971864399069,32.403728410081364,5.810579938128425,real,0.5
733.4640044836765,525.0,261.79326891704363,29.92297063721809,5.812898109690643,real,0.5
733.6589523409198,540.0,269.2738710833246,30.778003464824003,5.814564805753336,real,0.5
733.8408414900217,520.0,274.21890241321955,31.343220545830995,5.816148414563113,real,0.5
733.8511019035612,530.0,281.8152110983101,32.211478628536845,5.816240220977404,real,0.5
733.9313196821395,521.0,281.89387984597414,32.22047046639484,5.816958180578949,real,0.5
734.4937768970558,525.0,258.547045796191,29.551927334504636,5.821575318007831,real,0.5
734.6775315758925,513.0,267.2265441388609,30.5439939950718,5.823134374065319,real,0.5
734.7764046518146,526.0,270.7497807210396,30.946699936414824,5.823984317235416,real,0.5
734.9573610360496,526.0,281.332908173915,32.15635140427848,5.825600677535502,real,0.5
735.5216837807002,533.0,254.7323786038562,29.115910874420763,5.830164780518183,real,0.5
735.7091695190056,530.0,264.9186405396589,30.28020061368301,5.831741754342653,real,0.5
735.8929241978424,516.0,269.85283500065725,30.84417904057512,5.833316132735315,real,0.5
736.5486578994778,539.0,254.26428473380813,29.062407745074267,5.83860979946007,real,0.5
736.6475309753998,530.0,265.35629901285057,30.330224977168815,5.839442811303653,real,0.5
737.6614463860365,530.0,254.282054222381,29.06443879761815,5.847628611969878,real,0.5
749.7370203566927,528.0,157.35016294996203,17.98512362518066,5.907956581610785,real,0.0
749.9720771032249,523.0,157.48766288422547,18.000839867666972,5.9091319201813794,real,0.0
750.6763145779539,530.0,162.51672252634805,18.57566138476158,5.912765719310553,real,0.0
750.9067075001503,533.0,162.55694178843345,18.580258446417943,5.913954819321285,real,0.0
751.6044156208093,511.0,151.64664458708248,17.33321147630353,5.917314131100206,real,0.0
751.735002702216,523.0,156.308051217426,17.866010254151792,5.917962206137838,real,0.0
751.7489941752237,525.0,150.07231450675386,17.153265548121965,5.918028872652258,real,0.0
752.2079144898819,531.0,156.5937641619241,17.898667243707923,5.920310556542103,real,0.0
752.531583898797,540.0,155.30130385863654,17.750939031042158,5.921906510970954,real,0.0
752.667767569407,520.0,160.44465599558146,18.33882418029496,5.922600246635272,real,0.0
752.7666406453295,523.0,155.35733435936433,17.757343317275343,5.923087947511381,real,0.0
752.7787665886029,523.0,150.45743448645942,17.19728476180231,5.923145873427903,real,0.0
753.1434776516747,520.0,157.85504734852688,18.042831911936624,5.924973767985522,real,0.0
753.4783402389962,525.0,144.8564036227014,16.55708693407477,5.926513864921425,real,0.0
753.6005324365981,536.0,158.98974076337694,18.172527369253984,5.927130681881211,real,0.0
753.7926819992397,517.0,144.52016237858817,16.518654559872626,5.928012363061519,real,0.0
753.9885626213497,532.0,156.40063397089006,17.876592462872733,5.928985051409528,real,0.0
754.1667207109831,511.0,158.76138021020637,18.146425758026588,5.929883088228062,real,0.0
754.4073740467182,522.0,123.6496400213151,14.133153854436316,5.930827863400154,real,0.0
754.5239696551171,525.0,153.97994202368537,17.599907373307236,5.9313978833745855,real,0.0
754.579935547149,545.0,150.46490972146506,17.198139181163455,5.931665247041408,real,0.0
754.6293720851099,525.0,122.24612229817734,13.97273177868167,5.93185712578724,real,0.0
754.9119998398687,506.0,151.23152383562714,17.285763174412182,5.933214191463706,real,0.0
755.0052763265878,508.0,141.771454220059,16.204477217352746,5.933634051659249,real,0.0
755.0052763265878,528.0,152.00755991984468,17.374464098838246,5.933634051659249,real,0.0
755.1041494025103,534.0,153.95747784348856,17.597339717510742,5.934117358077561,real,0.0
755.1974258892293,532.0,159.12261729939402,18.18771515732073,5.934588604236261,real,0.0
755.3289457355033,530.0,58.79813147194302,6.720626427243087,5.934834130834754,real,0.0
755.6572789687544,540.0,58.91452067297893,6.733929712921491,5.935448289977845,real,0.0
755.6628755579575,523.0,117.30440360472728,13.407893332020327,5.935469133997583,real,0.0
755.9380411937789,537.0,153.86848508721258,17.587167845468397,5.936813407392721,real,0.0
756.0285193858966,512.0,150.19813947092229,17.16764734152642,5.937244878974493,real,0.0
756.1264596969518,519.0,151.81912720945493,17.3529262400407,5.937716976472734,real,0.0
756.2225344782725,510.0,159.7869012399142,18.263642811722196,5.9382043863308605,real,0.0
756.2645088972961,525.0,4.594894049309059,0.5251963898360255,5.938210509890121,real,0.0
756.3176764947258,528.0,155.15276548891438,17.733961095382913,5.938472418807997,real,0.0
756.3894993894993,529.0,138.72522785931315,15.856293544319492,5.938788764614311,real,0.0
756.5900438359456,529.0,6.117986083745676,0.6992858093721308,5.938827719582519,real,0.0
756.782193398587,519.0,54.81800212881859,6.265697643323965,5.939162150433021,real,0.0
756.8680077663687,526.0,134.99649532874506,15.43009941607556,5.939529962718077,real,0.0
756.869873296103,513.0,104.52438610986346,11.947137332357393,5.939536153756948,real,0.0
756.87080606097,542.0,148.8133361593844,17.009364323017635,5.93954056090624,real,0.0
756.9640825476895,525.0,155.4097408349337,17.76333337743292,5.940000811275649,real,0.0
757.1534338157292,523.0,151.1635803232117,17.277997230943097,5.940909592021445,real,0.0
757.2233911807684,16.0,0.0,0.0,5.940909592021445,real,0.0
757.3381212594329,516.0,162.16324805965525,18.535259253218594,5.941500300841497,real,0.0
757.4267339218159,0.0,0.0,0.0,5.941500300841497,real,0.0
757.8026381632942,517.0,7.723454015420332,0.8827907939625439,5.941592479953661,real,0.0
757.8063692227628,527.0,93.70355245990308,10.710316046166922,5.941603580183132,real,0.0
757.8959146500132,532.0,45.79181137209084,5.234004039829983,5.941733769385348,real,0.0
757.8996457094818,535.0,132.83215617898833,15.182715451258366,5.941749504833749,real,0.0
757.908973358154,554.0,158.38113095988842,18.102963268715246,5.941796409856331,real,0.0
757.9882583718652,506.0,149.0293046914351,17.034049526231033,5.942171561203621,real,0.0
758.0973918613263,534.0,152.77037265358123,17.461653594304334,5.942700908755985,real,0.0
758.1654836966312,0.0,0.0,0.0,5.942700908755985,real,0.0
758.3650953782104,0.0,0.0,0.0,5.942700908755985,real,0.0
758.7354030304853,416.0,3.808009417692296,0.4352554764422294,5.942745680543101,real,0.0
758.9228887687907,519.0,34.56670044553577,3.950973860924739,5.942951444779585,real,0.0
758.9238215336576,545.0,80.88337987700092,9.244970319941205,5.942953840163893,real,0.0
758.9266198282594,536.0,128.04165418156748,14.635161072953164,5.942965216133956,real,0.0
758.9331491823298,528.0,146.71327302167114,16.769327106377013,5.942995630821234,real,0.0
759.0245601393144,542.0,157.59918861183684,18.01358725833295,5.943453030612904,real,0.0
759.1001140935571,0.0,7.280972006715677,0.8322151003676019,5.943470496485574,real,0.0
759.1691386937289,0.0,0.0,0.0,5.943470496485574,real,0.0
759.3874056726519,0.0,7.627291107561726,0.8717993735943053,5.943523353434324,real,0.0
759.5795552352929,0.0,0.0,0.0,5.943523353434324,real,0.0
759.666302367942,318.0,0.0,0.0,5.943523353434324,real,0.0
759.760511619528,1.0,0.0,0.0,5.943523353434324,real,0.0
759.8556536359818,529.0,23.07663627589111,2.637659526334354,5.943593062391561,real,0.0
759.9489301227009,514.0,67.36818552576632,7.70018360559509,5.943792575189845,real,0.0
760.0459376688884,8.0,18.710707412439216,2.1386338572418024,5.943850203973924,real,0.0
760.1354830961388,535.0,147.4671100051295,16.855490673586303,5.944269462894447,real,0.0
760.1354830961388,530.0,125.60287883082415,14.356409050363204,5.944269462894447,real,0.0
760.2268940531235,0.0,17.965852387845043,2.0534969279306883,5.94432160514982,real,0.0
760.6,3.0,0.0,0.0,5.94432160514982,real,0.0
760.6,0.0,0.0,0.0,5.94432160514982,real,0.0
760.8083333333334,0.0,0.0,0.0,5.94432160514982,real,0.0
761.0166666666667,0.0,0.0,0.0,5.94432160514982,real,0.0
761.225,0.0,0.0,0.0,5.94432160514982,real,0.0
761.4333333333334,0.0,0.0,0.0,5.94432160514982,real,0.0
761.6416666666667,0.0,0.0,0.0,5.94432160514982,real,0.0
761.85,0.0,0.0,0.0,5.94432160514982,real,0.0
762.0583333333334,0.0,0.0,0.0,5.94432160514982,real,0.0
762.2666666666667,0.0,0.0,0.0,5.94432160514982,real,0.0
762.475,0.0,0.0,0.0,5.94432160514982,real,0.0
762.6833333333334,0.0,0.0,0.0,5.94432160514982,real,0.0
762.8916666666667,0.0,0.0,0.0,5.94432160514982,real,0.0
763.1,0.0,0.0,0.0,5.94432160514982,real,0.0
763.3083333333334,0.0,0.0,0.0,5.94432160514982,real,0.0
763.5166666666667,0.0,0.0,0.0,5.94432160514982,real,-0.03203333333333334
763.725,0.0,0.0,0.0,5.94432160514982,real,-0.11965
763.9333333333334,0.0,0.0,0.0,5.94432160514982,real,-0.20720000000001593
764.1416666666667,0.0,0.0,0.0,5.94432160514982,real,-0.2948
764.35,0.0,0.0,0.0,5.94432160514982,real,-0.0814
764.5583333333334,0.0,0.0,0.0,5.94432160514982,real,-0.16678333333337178
764.7666666666667,0.0,0.0,0.0,5.94432160514982,real,-0.25106666666666666
764.975,0.0,0.0,0.0,5.94432160514982,real,-0.3
765.1833333333334,0.0,0.0,0.0,5.94432160514982,real,-0.3
765.3916666666667,0.0,0.0,0.0,5.94432160514982,real,-0.3
765.6,526.0,34.208716897883875,3.910056341428127,5.944547881558468,real,-0.3
765.6,0.0,0.0,0.0,5.944547881558468,real,-0.3
765.6848816029143,144.0,13.599478005889782,1.554420336073202,5.944584532027837,real,-0.3
765.7884185031725,538.0,50.37261192434023,5.757589542952088,5.944750121742902,real,-0.3
765.8033427410476,11.0,12.904711047170286,1.4750084726915638,5.944756236569933,real,-0.3
765.8705018114854,509.0,18.823499644029223,2.151526009312541,5.94479637392738,real,-0.3
766.0561220200565,10.0,12.394794722744129,1.4167250368096538,5.944869421926497,real,-0.3
766.3406153045496,0.0,11.470879531850304,1.3111215304904895,5.944973034501658,real,-0.3
766.4292279669326,9.0,12.16479073982741,1.3904355815622729,5.945007259556867,real,-0.3
766.4292279669326,0.0,12.040950941833488,1.3762806926515676,5.945007259556867,real,-0.3
766.6148481755037,0.0,12.71572825515096,1.4534077395637548,5.945082198959022,real,-0.3
766.7109229568244,526.0,33.83972323949093,3.8678803662738135,5.945185422781345,real,-0.3
766.7417041974417,12.0,12.082239478356591,1.3809999723761583,5.945197230807024,real,-0.3
766.8041994435434,40.0,11.621235560374638,1.3283072245508212,5.945220289942273,real,-0.3
766.8069977381451,534.0,17.510204656302342,2.001416392215358,5.945221845651353,real,-0.3
766.9012069897316,11.0,11.721824936717372,1.3398045902667957,5.945256907314609,real,-0.3
767.2687163474046,7.0,12.11068408091178,1.3842511904482164,5.9453982198884585,real,-0.3
767.3619928341237,23.0,11.879965548675903,1.3578800622136558,5.945433402744455,real,-0.3
767.3675894233271,0.0,10.687944384522648,1.2216320431509384,5.945435301903539,real,-0.3
767.4562020857101,10.0,10.343896274391708,1.1823073441629723,5.945464403959518,real,-0.3
767.5494785724292,0.0,9.632586531733752,1.1010046405771678,5.94549293113861,real,-0.3
767.6875277727736,12.0,9.653038715311252,1.1033423251600762,5.9455352410068585,real,-0.3
767.8293080325866,0.0,8.934912414598289,1.0212604889885843,5.945575461722821,real,-0.3
767.9225845193057,524.0,14.853924602660603,1.6978035820841069,5.945619452043175,real,-0.3
767.9263155787743,13.0,9.438574382662717,1.0788290519383483,5.945620570147439,real,-0.3
768.1082047278768,0.0,9.331437684105166,1.0665833272932206,5.945674459017952,real,-0.3
768.2882283472449,0.0,9.72711168760888,1.1118088658936949,5.945730056755753,real,-0.3
768.3880341880342,0.0,10.308598937779736,1.1782728585882236,5.945762723009456,real,-0.3
768.4822434396202,14.0,9.831239253822895,1.123710646711957,5.945792129659186,real,-0.3
768.4822434396202,6.0,10.296474149083608,1.1768869952402563,5.945792129659186,real,-0.3
768.5876458696131,1.0,8.76107295716826,1.001390639004332,5.94582144882772,real,-0.3
768.6482755859805,13.0,8.347206044714476,0.9540856509108646,5.945837517145054,real,-0.3
768.6687964130587,0.0,7.974866102561043,0.9115271955227272,5.945842713059486,real,-0.3
768.8534838567624,0.0,8.03944966529936,0.9189090967437168,5.945889854996173,real,-0.3
769.1342460817868,0.0,7.831236088113698,0.8951102848713957,5.945959664205957,real,-0.3
769.2209932144359,0.0,8.246239070329578,0.9425451257386708,5.945982376174582,real,-0.3
769.2331191577093,1.0,7.876450303166424,0.9002782696519223,5.945985408597701,real,-0.3
769.4150083068113,7.0,7.842039604283284,0.8963451267695794,5.94603069622337,real,-0.3
769.5073520286634,0.0,8.556292794339907,0.9779842663930512,5.94605578253089,real,-0.3
769.6006285153824,1.0,8.762502539985427,1.0015540403203342,5.946081732931485,real,-0.3
769.6015612802498,0.0,8.726284245677821,0.997414289280975,5.946081991362876,real,-0.3
769.9700034027902,43.0,8.36315477132447,0.9559085903623872,5.946179823860095,real,-0.3
769.9765327568607,0.0,7.98115110418552,0.912245571208405,5.946181478408521,real,-0.3
770.0698092435797,0.0,7.468009488608152,0.8535934845479118,5.946203595131111,real,-0.3
770.258227746752,0.0,7.141641264056204,0.8162895964816241,5.946246318482201,real,-0.3
770.3477731740024,0.0,7.597504828354314,0.868394801880898,5.946267918699856,real,-0.3
770.4466462499249,1.0,7.463648336448684,0.8530950048560846,5.946291348735184,real,-0.3
770.6266698692925,0.0,6.649383180008389,0.7600244974749588,5.9463293549465295,real,-0.3
770.9055665645831,224.0,9.860213459375307,1.1270223984065977,5.94641666684165,real,-0.3
771.0025741107708,0.0,7.909072820452152,0.9040070233776808,5.946441026703615,real,-0.3
771.1891270842088,0.0,7.060319045384851,0.8069944668874884,5.946482845375099,real,-0.3
771.2805380411935,28.0,6.793768916311926,0.7765277871344531,5.946502562916251,real,-0.3
771.384074941452,0.0,6.860662322254802,0.7841737034337238,5.946525115948061,real,-0.3
771.5594347364836,0.0,7.888975880290131,0.901709943117162,5.946569039189951,real,-0.3
771.9418683320323,323.0,10.436739728123031,1.1929193509244624,5.946695764866777,real,-0.3
772.0258171700792,0.0,7.809302179889195,0.892603239161335,5.946716579590323,real,-0.3
772.0286154646809,0.0,8.65355745527197,0.9891016171375864,5.946717348423022,real,-0.3
772.3989231169558,21.0,8.274314968012188,0.945754200843793,5.946814631761284,real,-0.3337704737884683
772.4921996036747,0.0,8.106901885471482,0.9266188855093904,5.946838640581886,real,-0.3613910826877235
773.0499929942554,402.0,11.770063339468626,1.345318239701264,5.9470470876992,real,-0.3348977021157783
773.0565223483254,0.0,7.358997032274652,0.8411333607889927,5.947048613270737,real,-0.33702628555409747
773.2412097920295,11.0,7.7348647090052784,0.8840950362393033,5.947093969174135,real,-0.39695197261755805
773.2412097920295,9.0,7.336923735764039,0.8386103829978296,5.947093969174135,real,-0.39695197261755805
773.9939510398525,523.0,13.752937366837656,1.571960741029544,5.947422657976839,real,-0.5
774.0834964671029,7.0,7.941232625069323,0.9076828890454236,5.947445235435757,real,-0.5
774.1833023078923,14.0,6.75442256971294,0.772030499718189,5.947466639089407,real,-0.5
775.1020757020757,546.0,12.102014152889655,1.3832602176752875,5.947819667613082,real,-0.5
775.196284953662,0.0,6.918686107243545,0.7908058220579371,5.947840362397706,real,-0.5
776.0469665125402,505.0,12.42955774171346,1.4206984498778483,5.948176074056605,real,-0.5
788.2456654456653,520.0,323.13613665185386,36.934460419306895,6.073329508198981,real,0.0
788.4415460677754,524.0,323.2113947009685,36.9430624143207,6.075339627656862,real,0.0
789.156043956044,525.0,336.14548500986695,38.42142893662779,6.082965191501162,real,0.0
789.3677815808961,526.0,336.375770262892,38.44775054104856,6.085226534662404,real,0.0
789.5552673192016,539.0,327.3468944805336,37.41575003912499,6.087175123418053,real,0.0
790.0701535258912,541.0,334.54971557002807,38.23903248965421,6.09264422074752,real,0.0
790.4880321863927,526.0,333.37516875896193,38.10478178914935,6.097067324962173,real,0.0
790.5533257270962,539.0,335.4346313322187,38.3401783612726,6.09776270440562,real,0.0
790.6092916191276,532.0,336.62311964209334,38.47602257509127,6.09836085577374,real,0.0
791.0057166876841,529.0,335.3121120512321,38.326174407455824,6.102581260306236,real,0.0
791.4860905942874,537.0,335.0211511895876,38.292917580969856,6.107690959865572,real,0.0
791.5131407754359,529.0,335.68412474845616,38.36869545874854,6.107979259910736,real,0.0
791.5131407754359,549.0,338.1654841411345,38.65231483733167,6.107979259910736,real,0.0
791.5224684241075,514.0,338.4373213214077,38.6833858270369,6.108079489086409,real,0.0
791.9384815548751,523.0,326.4673730782537,37.3152207428444,6.112391606254885,real,0.08400047438903879
792.1632778878682,527.0,326.4895627189336,37.31775701877411,6.114721854847481,real,0.17529082247447564
792.3554274505092,532.0,335.77201939326665,38.378741816650376,6.116770315529365,real,0.2528818351046842
792.45150223183,541.0,337.5206061249768,38.57860528008485,6.11779987971435,real,0.28239050621603534
792.5391821293459,528.0,335.23039547773305,38.31683420310489,6.118733106407701,real,0.02657285173838688
792.6380552052684,514.0,337.85994542207146,38.617391761742766,6.119793723159809,real,0.06602208210737083
792.8675153625971,536.0,325.4108662932248,37.19446201731559,6.1221644584671004,real,0.1571010528632729
793.3516203286695,536.0,325.17893853602897,37.16795267466811,6.127162566930586,real,0.3
793.3516203286695,509.0,324.9309833116918,37.139611392526376,6.127162566930586,real,0.3
793.3824015692867,528.0,333.0518592067293,38.06782750732916,6.127488059974552,real,0.3
793.5633579535217,512.0,336.03961288696047,38.40932775297958,6.129418730272074,real,0.3
793.5633579535217,521.0,338.59506661922165,38.70141611457704,6.129418730272074,real,0.3
793.6603654997099,519.0,338.8549890187583,38.73112524484407,6.130462400111271,real,0.3
793.8086751135929,536.0,309.98431463484286,35.43120716276254,6.131922063626193,real,0.3
794.2750575471885,529.0,309.9067676975398,35.4223435478288,6.136511052178274,real,0.3
794.3291579094856,515.0,336.31567628079,38.440881798894296,6.137088737076147,real,0.3
794.4028463339938,537.0,329.6314836722085,37.67687858373343,6.137859945360376,real,0.3
794.4047118637282,514.0,323.0918109457904,36.92939399110384,6.137879082272198,real,0.3
794.4047118637282,531.0,325.6601523553184,37.2229554142129,6.137879082272198,real,0.3
794.5903320722992,520.0,338.00169730828395,38.63359400233686,6.139871075543466,real,0.3
794.6882723833544,524.0,338.10147884962964,38.644999032512665,6.14092243755068,real,0.3
794.7405072159171,533.0,309.16665678561213,35.33774887059547,6.141435176827179,real,0.3
794.9615724894414,533.0,308.874909532144,35.30440215952405,6.143603114971626,real,0.3
795.3365439660523,541.0,309.3827228600408,35.36244522290266,6.147286422833238,real,0.3
795.3374767309193,527.0,324.8297862195,37.12804456488885,6.14729604275978,real,0.3
795.340275025521,531.0,317.9420613583333,36.3407776132575,6.147324290593618,real,0.3
795.43355151224,524.0,326.3817095711519,37.30542940398266,6.148290879313159,real,0.3
795.5230969394904,530.0,333.80076361380173,38.15342728105754,6.149239897353978,real,0.3
795.5258952340921,532.0,333.8825437063066,38.16277474563084,6.149269561433577,real,0.3
795.6303648992172,527.0,335.62109687151974,38.361491372414704,6.150382787032848,real,0.3
795.6658099641704,510.0,297.18381893560763,33.968110504339954,6.150717232000394,real,0.3
796.0827558598049,531.0,306.98865851608065,35.08880366838802,6.154781157742689,real,0.3
796.1405872815707,532.0,298.06114180977164,34.0683885088569,6.155328442005115,real,0.3
796.2749054224464,521.0,307.8656223636398,35.18904063616402,6.15664136603774,real,0.3
796.4577273364158,543.0,324.62920598184104,37.105118243724434,6.158525707353123,real,0.3
796.4577273364158,515.0,315.6745875987321,36.08160536253508,6.158525707353123,real,0.3
796.4614583958845,533.0,324.95350821370926,37.14218598882697,6.158564201715546,real,0.3
796.5528693528692,526.0,333.6956192216712,38.14140927703702,6.159532685805201,real,0.3
796.5649952961426,517.0,333.2456215916337,38.08997454792373,6.159660984935938,real,0.3
796.6032386556976,520.0,295.32368550689284,33.75549725343785,6.160019574829944,real,0.3
796.828967753558,541.0,295.77819392110734,33.80744756518257,6.162139387229902,real,0.3
797.1143938029185,529.0,295.40746677430616,33.76507345230319,6.164816451541529,real,0.3
797.2953501871535,522.0,302.3954361135358,34.563798347777144,6.166553823756652,real,0.3
797.2953501871535,533.0,305.2427061028487,34.8892413075556,6.166553823756652,real,0.3
797.3876939090052,520.0,321.9987562947265,36.80445784448724,6.167497896150566,real,0.3
797.3904922036069,543.0,310.2137278552361,35.457429093853484,6.167525457354017,real,0.3
797.5257431093496,542.0,284.3756356600817,32.50413515594734,6.168746627831858,real,0.3
797.577045177045,523.0,332.5529431848827,38.01080140603209,6.169288303583771,real,0.3
797.6693888988971,522.0,322.611577061038,36.87450325807664,6.170234172714966,real,0.3
797.7607998558817,502.0,284.63677706265094,32.533983618261004,6.171060273430818,real,0.3
798.0406293160393,513.0,295.07910552765645,33.72754176181113,6.173681928931832,real,0.3
798.1385696270943,515.0,301.63857895979515,34.477289575104585,6.174619905727754,real,0.3
798.1404351568286,529.0,296.18139651276385,33.85353362140891,6.174637448720416,real,0.3
798.3213915410637,525.0,324.492130327762,37.08945049646319,6.1765017745135005,real,0.3
798.4183990872514,515.0,307.77408124838763,35.178577486690706,6.177449715480266,real,0.3
798.4585079765407,525.0,275.398270148798,31.478022278007607,6.177800423399876,real,0.3
798.5088772793691,533.0,307.8893206135318,35.191749346126684,6.178292807810953,real,0.3
798.6021537660881,533.0,323.4730451969568,36.97296906601216,6.179250782438189,real,0.3
798.6991613122758,509.0,276.24839710497247,31.575191789098355,6.180101624625929,real,0.3
798.9295542344723,527.0,287.9766114774713,32.91572669187497,6.18220816642003,real,0.3
798.977125242699,514.0,296.2195425740411,33.8578937162129,6.18265557034795,real,0.3
799.2550891731217,537.0,299.3165705314267,34.21188401174207,6.185297145277692,real,0.3
799.3511639544424,536.0,302.3124796091691,34.554316419328025,6.1862193114981565,real,0.3
799.3548950139116,519.0,324.89012241791136,37.13494099236727,6.18625779835183,real,0.3
799.3567605436459,520.0,310.03706190144925,35.43723617533565,6.186276162023439,real,0.3
799.3978021978022,523.0,278.15753163136395,31.793405865464894,6.186638621458989,real,0.3
799.5339858684123,505.0,310.02319967648765,35.43565172302254,6.187979109548461,real,0.3
799.6263295902639,531.0,278.6619179610447,31.85105722294741,6.188796122095371,real,0.3
799.8184791529054,525.0,278.0750872786232,31.78398247594663,6.190492588298637,real,0.3
799.9061590504214,538.0,285.8249572201412,32.669792610262135,6.191288278317508,real,0.3
799.9117556396244,517.0,294.29746919422524,33.638200728899946,6.191340572537232,real,0.3
800.0936447887268,522.0,300.0431657899628,34.29493384979275,6.193073315964027,real,0.3
800.3296343001259,513.0,267.8423680151108,30.61438266412716,6.195080169632553,real,0.3
800.3744070137512,518.0,300.201608018875,34.31304379655741,6.195506916322419,real,0.3
800.4667507356033,516.0,309.8959341860807,35.421105277469024,6.196415504292818,real,0.3
800.4667507356033,538.0,310.52867278780747,35.49342729964639,6.196415504292818,real,0.3
800.4686162653377,521.0,267.62778587340955,30.58985592533071,6.1964313560388735,real,0.3
800.7428491362917,529.0,277.7441163328521,31.746152496845,6.198849644522472,real,0.3
800.8389239176125,524.0,278.1854709434951,31.79659932884149,6.1996982143356005,real,0.3
800.9331331691989,515.0,283.53003656215094,32.407483179053855,6.20054629342896,real,0.3
801.0310734802536,526.0,291.72994625758645,33.34473285724213,6.201453458292314,real,0.3
801.218559218559,534.0,299.68514131827004,34.254011652678265,6.203237385699155,real,0.3
801.2194919834263,516.0,299.70413894272525,34.256183081153495,6.203246261522507,real,0.3
801.2698612862548,536.0,257.2371715253057,29.40220870534244,6.20365764173198,real,0.3
801.3995156027945,520.0,311.497421820059,35.604155314032745,6.204939928516207,real,0.3
801.6830761224202,523.0,276.5359571949381,31.60805990738142,6.207429594597233,real,0.3
801.7185211873734,521.0,267.5218841674948,30.577751360344653,6.207730658592537,real,0.3
801.7185211873734,533.0,258.4753325689087,29.54373051262626,6.207730658592537,real,0.3
801.8649652715226,528.0,279.3131004119051,31.92548737708076,6.209029352692523,real,0.3
801.9582417582417,525.0,282.2077525146637,32.256346112426066,6.209865118981346,real,0.3
802.053383774695,529.0,290.5768445838331,33.21293333593213,6.210742881606322,real,0.3
802.1475930262815,504.0,257.11637492242465,29.38840165363314,6.211511953641075,real,0.3
802.1979623291098,510.0,267.24603970518933,30.54622233830314,6.211939340286414,real,0.3
802.2446005724695,534.0,298.22770045053085,34.08742616149568,6.212380945196643,real,0.3
802.4255569567046,538.0,297.8246359531628,34.04135588944651,6.214092056495591,real,0.3
802.6512860545646,519.0,265.7788478404906,30.37852230816808,6.215996866616409,real,0.3
802.7044536519948,526.0,261.74930086751453,29.917945089156916,6.216438718077642,real,0.3
802.7044536519948,531.0,270.3354137062563,30.899337786625093,6.216438718077642,real,0.3
802.7967973738463,535.0,256.4726294897235,29.3148215506754,6.217190673557476,real,0.3
802.8014611981824,508.0,277.45934874280323,31.713603561302406,6.217231758745275,real,0.3
802.9852158770192,519.0,279.5229144227923,31.94946911852516,6.218862554422185,real,0.3
803.1717688504572,525.0,289.4076004370064,33.07928872994983,6.220576732108793,real,0.3
803.174567145059,535.0,300.8327287756643,34.385180899058426,6.220603459849373,real,0.3
803.3536579995596,553.0,257.5127274441388,29.43370474686506,6.222067711886661,real,0.3
803.541143737865,526.0,266.7727561367982,30.492126026436036,6.223655722653485,real,0.3
803.7332933005065,514.0,258.68785100551105,29.568021369929912,6.225233912201931,real,0.3
803.7360915951078,532.0,261.5475691410703,29.89488715282434,6.225257149618966,real,0.3
803.8237714926238,541.0,271.0534385491382,30.98140802616649,6.226011718141365,real,0.3
803.9179807442102,529.0,278.2242992273519,31.80103740168632,6.226843927011722,real,0.3
803.9189135090772,519.0,278.07110012253304,31.783526744005524,6.226852162166471,real,0.3
804.069088652695,538.0,250.81428604821053,28.668072895310463,6.228048059934332,real,0.3
804.1978102043678,535.0,288.56798000590305,32.98332011467472,6.229227411085576,real,0.3
804.2892211613524,518.0,251.7237536148624,28.77202503817877,6.229957988403111,real,0.3
804.4739086050562,532.0,263.5373861730079,30.122323239574808,6.2315033258690935,real,0.3
804.5634540323065,538.0,256.2798135654553,29.29278269053154,6.232231946630586,real,0.3
804.7649312436197,540.0,267.9058053319868,30.621633549446088,6.233945713667641,real,0.3
804.849812846534,527.0,261.5417224510957,29.89421887616024,6.234650566227662,real,0.3
804.8507456114014,524.0,259.67445244103845,29.68078991401069,6.23465825656046,real,0.3
804.9514842170581,540.0,277.78630355687227,31.7509744965505,6.235546742365744,real,0.3
804.9552152765268,516.0,277.7238136707522,31.74383190256697,6.235579641844798,real,0.3
805.025172641566,532.0,250.7927525434588,28.66561161571733,6.236136689249207,real,0.3
805.4962188994975,514.0,251.37810625347748,28.73251754477248,6.23989622949099,real,0.3
805.5018154887006,539.0,262.35154316485347,29.986781383742752,6.23994284718458,real,0.3
805.5950919754197,525.0,251.76379711153163,28.776602009848062,6.240688452833245,real,0.3
805.5950919754197,541.0,254.213326418438,29.056583209627465,6.240688452833245,real,0.3
805.5950919754197,533.0,263.6336780123344,30.133329396809827,6.240688452833245,real,0.3
805.8758542004446,542.0,267.41479537149826,30.56551111096225,6.243072241974505,real,0.3
805.8758542004446,516.0,257.74332060176306,29.46006154478152,6.243072241974505,real,0.3
805.8879801437179,544.0,278.5334802917918,31.836376797351807,6.243179477002025,real,0.3
805.9570047438901,537.0,279.5991475806693,31.95818256847051,6.243792227217031,real,0.3
806.0586761144139,520.0,280.22569788946447,32.02979726876579,6.244696814268673,real,0.3
806.4317820612904,525.0,255.6240211245712,29.217825614538484,6.247724965516336,real,0.3
806.5306551372124,529.0,253.1715983083838,28.93751368664827,6.248519726901818,real,0.3
806.5334534318142,521.0,253.77530507405524,29.006517369964516,6.2485422737854215,real,0.3
806.6388558618066,545.0,256.8899696893548,29.362523535493253,6.2494019630441295,real,0.3
806.7134770511818,529.0,266.34203304198746,30.442894376699165,6.250032986651466,real,0.3
806.7153425809162,501.0,260.14503638703326,29.7345776590379,6.250048395190011,real,0.3
806.820745010909,531.0,267.5567622150098,30.58173792117562,6.250943781159538,real,0.3
806.8869713164795,525.0,272.72389419905244,31.17234110695169,6.251517233656065,real,0.3
807.0921795872614,527.0,271.6504526099538,31.04964673331772,6.2532871348545465,real,0.25379253988274453
807.3710762825515,524.0,275.3717330631821,31.474989089121717,6.255725543310448,real,0.18243586140640894
807.5529654316539,536.0,257.43389167637827,29.424693818610034,6.2572122190108,real,0.13570608899298048
807.6471746832403,539.0,252.03654218422287,28.80777677165668,6.257966096535668,real,0.11422722032064074
807.6481074481072,525.0,257.53587223471766,29.43635019642823,6.2579737235338,real,0.11402014652019127
807.6481074481072,531.0,250.9056273999616,28.678513211815613,6.2579737235338,real,0.11402014652019127
807.7469805240297,528.0,267.7591988574511,30.604876429406666,6.258814278609023,real,0.09314012890570224
807.8244000080067,528.0,299.4324646998622,34.22513071519425,6.259550304153194,real,0.07474879801433405
807.831862126944,520.0,256.7704874236389,29.34886671252192,6.25961113880155,real,0.07289819251789381
808.299177325407,534.0,274.5491650496272,31.38096956517239,6.2636846954738585,real,0.2654023779498772
808.3038411497425,533.0,276.14296126116074,31.56314047215067,6.263725585735704,real,0.26428580636126625
808.392453812126,543.0,264.44139978645427,30.22565199559172,6.264469578928927,real,0.2431959927140201
808.5799395504314,541.0,251.75646552017076,28.77576400895552,6.265968202640183,real,0.1958342660981907
808.6732160371504,521.0,251.2843544788317,28.72180171693046,6.266712388405848,real,0.17985337176485744
808.7664925238695,536.0,257.0712870978312,29.383248115282107,6.2674737123371225,real,0.17104865789948376
808.7702235833382,518.0,269.04972809416574,30.752383921163144,6.267505584274127,real,0.1707203246662386
809.33081526852,535.0,281.3066730380522,32.15335272824937,6.272512501549175,real,0.08209618286998885
809.4240917552391,523.0,275.74130202831617,31.517230821836534,6.273329117260891,real,0.058477061190215895
809.5108388878882,518.0,252.29522774272624,28.837344530993608,6.2740239941918015,real,0.036768600252167986
809.5136371824894,531.0,252.76963576861013,28.891569368352137,6.2740464517258525,real,0.036063430012656286
809.6087791989432,501.0,270.6574697054557,30.936148787333597,6.274864042719448,real,0.01179984987687526
809.6973918613262,510.0,256.0834350983471,29.270336631741078,6.275584521179943,real,5.2162773476922396e-05
810.2607818411099,526.0,285.8495825312973,32.67260728332728,6.280697693279064,real,0.0
810.4454692848136,529.0,274.5154690514885,31.377118112585134,6.2823074043165645,real,0.0
810.5471406553373,524.0,274.53609870751086,31.37947608226849,6.2831936249664535,real,0.0
810.7225004503694,512.0,250.5837822920597,28.641726315982424,6.284588793648713,real,0.0
810.7252987449707,520.0,251.52980524974944,28.74985674004636,6.2846111410289645,real,0.0
811.3782341520047,532.0,292.0702212157232,33.38362628495717,6.290665960922475,real,0.0
811.4827038171302,534.0,279.7714873884107,31.977881008495345,6.291593938289247,real,0.0
811.5638543605758,528.0,274.304837938578,31.353042976379463,6.292300692865971,real,0.0
811.6580636121618,540.0,252.91327009240308,28.90798677156167,6.2930571928100285,real,0.0
812.3109990191958,532.0,297.86171258161147,34.04559374807819,6.299232074368812,real,0.0
812.5898957144859,521.0,274.9565414033668,31.427532682404827,6.301666806314991,real,0.0
812.6831722012049,525.0,279.7885877542328,31.97983558030881,6.302495408178541,real,0.0
813.347300786645,514.0,300.7441113261271,34.375051924576326,6.308836923347735,real,0.0
813.3482335515124,527.0,274.55153173612064,31.38124007743859,6.308845054269469,real,0.0
814.4554254488681,539.0,301.3268088364176,34.441654250002536,6.319437698857561,real,0.0
826.437722932805,535.0,280.716753229006,32.08592489407538,6.426233003615357,real,0.0
827.371420564863,542.0,280.31165625035663,32.03962230941576,6.434542814582672,real,0.0
827.5934186032548,525.0,280.2786106138992,32.03584519316868,6.436518340913535,real,0.0
827.7883664604975,541.0,279.72215503596203,31.97224232061046,6.43824970761677,real,0.0
828.3079164915232,526.0,279.72659665291025,31.97274999742764,6.442863997409309,real,0.0
828.5261834704459,543.0,278.8346472724773,31.870800183244157,6.4447963149848215,real,0.0
828.5373766488519,528.0,278.54047715395404,31.837176538696944,6.444895303650639,real,0.0
828.8172061090094,535.0,277.6740415252229,31.73814294633297,6.4473623223748255,real,0.0
828.9104825957284,543.0,278.0926581970543,31.785990831923304,6.448185901694738,real,0.0
829.2360175343782,526.0,267.80413299139985,30.610012400917004,6.45095385405835,real,0.0
829.4720070457773,530.0,266.7603333447181,30.49070610130128,6.452952600401423,real,0.0
829.7471726815987,541.0,278.28582975238487,31.80807034069759,6.455383847040187,real,0.0
830.0279349066232,527.0,279.79242235283056,31.98027387492853,6.457877972831858,real,0.0
830.1743789907723,515.0,279.82017620163884,31.98344613984732,6.45917902463127,real,0.0
830.3917132048281,549.0,279.4334171121,31.93923957591303,6.461107216167595,real,0.0
830.3991753237653,523.0,281.13722499113595,32.13398481648684,6.461173823838881,real,0.0
830.5866610620708,530.0,270.6928091187334,30.94018808227123,6.46278516939608,real,0.0
830.6799375487899,540.0,278.2095093770971,31.7993469218022,6.463609094774087,real,0.0
830.865557757361,522.0,280.4620315397564,32.05681020499415,6.465261981384192,real,0.0
830.8664905222283,518.0,281.2735063442619,32.14956177514913,6.465270311379115,real,0.0
831.0642366740728,531.0,270.76970730882454,30.948977545398645,6.466970322827205,real,0.0
831.1006145038931,510.0,270.4689010352583,30.914595388330024,6.467282713352205,real,0.0
831.1808322824717,525.0,269.8950888087982,30.84900865084564,6.467970113059239,real,0.0
831.5166276346602,530.0,279.3376150160236,31.928289396331493,6.470948271721077,real,0.0
831.612702415981,525.0,272.2976859591405,31.123625505129763,6.4717788815861645,real,0.0
831.6155007105826,513.0,275.5427817341139,31.49453995220921,6.471803362419812,real,0.0
831.8934646410054,544.0,279.4907504860907,31.945792780560165,6.474269967453632,real,0.0
831.9923377169279,529.0,278.5894560795884,31.842774829896943,6.475144521090671,real,0.0
832.2749654716866,542.0,268.62582085791075,30.7039313240592,6.477555016416334,real,0.0
832.4512580315861,525.0,275.83016535803586,31.5273879004235,6.479098917505198,real,0.0
832.6387437698914,519.0,272.9209850681164,31.194868593285708,6.480723526663406,real,0.0
832.7348185512118,531.0,271.74739938611674,31.060727749833145,6.481552457948466,real,0.0
832.8318260973999,526.0,278.2211345408088,31.800675678014443,6.482409376146979,real,0.0
832.9213715246503,516.0,277.16755965938574,31.680252069067787,6.48319738217668,real,0.0
832.9773374166817,543.0,255.92599878889163,29.252341661570316,6.483652141453096,real,0.0
833.0967313196822,522.0,266.0151051464816,30.405526518242844,6.484660539920817,real,0.0
833.3840228987772,510.0,267.0473017227759,30.523506586913285,6.487096413922726,real,0.0
833.3868211933784,541.0,266.291305005608,30.437096162141,6.487120072801022,real,0.0
833.4884925639022,523.0,272.4825502955109,31.14475549877689,6.487999664461075,real,0.0
833.5771052262857,522.0,274.17718289430314,31.33845200481885,6.488771048813053,real,0.0
833.7496667267159,510.0,255.8884737269305,29.24805254698816,6.490173017655322,real,0.0
833.7589943753876,545.0,269.12312488925653,30.76077317484202,6.490252719234501,real,0.0
833.9240937568806,515.0,261.6031744658765,29.901242841449683,6.491624018317555,real,0.0
833.9502111731622,529.0,277.5533942501781,31.72435296279536,6.491854173354387,real,0.0
834.0434876598812,537.0,277.58860675742284,31.72837775237343,6.492676259911619,real,0.0
834.325182649773,532.0,266.50350689611366,30.461350838225798,6.495059818221748,real,0.0
834.4072659580855,527.0,255.5756487698888,29.21229665439829,6.49572588543086,real,0.0
834.5966172261253,511.0,261.8219428089732,29.92624806306564,6.49729993349153,real,0.0
834.5966172261253,520.0,268.84184292617573,30.728622646461883,6.49729993349153,real,0.0
834.6059448747974,530.0,275.4545851789757,31.484459085956924,6.497381510150692,real,0.0
834.682431593907,520.0,259.9788479712859,29.71558232311798,6.498012856650228,real,0.0
834.6917592425787,530.0,266.4846880449807,30.459199843541292,6.498091776848828,real,0.0
834.8615224484078,535.0,261.17677394960816,29.85250526244021,6.499499514903101,real,0.0
834.8773794511497,538.0,276.6329323447838,31.619144167008788,6.499638788474144,real,0.0
835.2486198682919,550.0,257.02034595291803,29.37742554241853,6.502668257283292,real,0.0
835.2486198682919,516.0,261.0685452550809,29.84013472265575,6.502668257283292,real,0.0
835.434240076863,536.0,266.90711448883405,30.50748318607373,6.504241258781063,real,0.0
835.6235913449028,539.0,267.99412077749264,30.63172800486741,6.505852413375499,real,0.0
835.6235913449028,528.0,261.2898651047985,29.865431581478468,6.505852413375499,real,0.0
835.6338517584419,552.0,277.4849461723961,31.716529347504878,6.50594280912748,real,0.0
835.7289937748952,514.0,267.09950839624065,30.52947380969031,6.506749652377344,real,0.0
835.7896234912628,526.0,265.9503301165421,30.39812273232076,6.507261605032724,real,0.0
835.8017494345362,504.0,260.3281835469491,29.755511379416284,6.507361831044685,real,0.0
835.9938989971777,530.0,266.72749990212986,30.48695323881344,6.508989068469993,real,0.0
836.3679377089211,532.0,260.90435046433765,29.8213672580738,6.512087497856559,real,0.0
836.3688704737885,528.0,258.39591541107194,29.53465313148552,6.512095150325118,real,0.0
836.3744670629915,521.0,265.63024871948784,30.36153742863746,6.512142350617495,real,0.0
836.4612141956405,508.0,259.53699609547687,29.665078653713003,6.512857172982223,real,0.0
836.5535579174922,532.0,254.9885822738412,29.14519495390005,6.513604777364482,real,0.0
836.648699933946,543.0,263.426130903421,30.109606762261016,6.514400524226146,real,0.0
836.7242538881882,522.0,306.3913513683173,35.02053146139867,6.515135507457138,real,0.0
836.747573009868,532.0,274.1972307677161,31.34074347674995,6.5153385181823245,real,0.0
836.9266638643687,512.0,306.27227756517016,35.00692132569895,6.517080023586119,real,0.0
837.3007025761123,533.0,267.7033068122305,30.598487968637944,6.520259195536421,real,0.0
837.3044336355813,524.0,259.7436945970102,29.688704292438263,6.520289965070108,real,0.0
837.3939790628317,520.0,258.5567243370227,29.55303359172169,6.521025059242196,real,0.0
837.3949118276986,520.0,263.5708105583484,30.12614364681922,6.521032864966743,real,0.0
837.4863227846834,524.0,253.75248467310632,29.00390899813605,6.521769330266137,real,0.0
837.5842630957384,532.0,256.24614494218145,29.288934366891336,6.522566154527905,real,0.0
837.5935907444106,515.0,264.60253619562764,30.24406988716024,6.522644517321884,real,0.0
837.6551532256449,524.0,274.9444171633985,31.426146881776457,6.523181926093461,real,0.0
837.8650253207628,528.0,275.00410003706065,31.43296863423603,6.525014399144306,real,0.0
838.0590404131386,517.0,304.1544195285867,34.76485015211746,6.526887984036999,real,0.0
838.3267439300228,546.0,276.7535975181165,31.63293619632072,6.529240275222867,real,0.0
838.4209531816088,519.0,260.6846912183961,29.796260206262676,6.53002002060456,real,0.0
838.4293480654135,521.0,252.2959368466042,28.837425581566865,6.530087266948167,real,0.0
838.5170279629294,518.0,256.589145903497,29.328139376769705,6.530801569241191,real,0.0
838.5170279629294,546.0,255.73830808300417,29.230888613887377,6.530801569241191,real,0.0
838.5179607277969,534.0,261.939220777006,29.93965293481179,6.530809326645747,real,0.0
838.5925819171721,519.0,288.86328724036287,33.017073731573475,6.531493708121174,real,0.0
839.0720230589085,539.0,273.84335027164985,31.30029493604957,6.535662221771403,real,0.0
839.1662323104945,530.0,282.90306032099096,32.335819794689264,6.536508425488703,real,0.0
839.1708961348305,531.0,294.6686571711379,33.68062751466106,6.536552058969329,real,0.0
839.3462559298625,525.0,287.4922862440411,32.8603683176939,6.538152722150682,real,0.0
839.3537180487998,521.0,259.385203598786,29.64772877134124,6.538214176283546,real,0.0
839.5272123140976,531.0,287.51340158583656,32.86278180126112,6.539797927445838,real,0.0
839.5402710222384,523.0,255.2328456583697,29.17311425875166,6.539903750552689,real,0.0
839.63261474409,546.0,254.60408408581617,29.10124681100879,6.540650227619648,real,0.0
839.724958465942,515.0,287.1106431604709,32.816746513241824,6.541492011095233,real,0.0
839.7258912308095,543.0,249.3878495352243,28.505031201876136,6.541499396787359,real,0.0
839.9105786745131,527.0,286.5978123219538,32.75812994839932,6.543179956587548,real,0.0
840.0075862207009,531.0,275.3196183569374,31.46903237819794,6.544027938146413,real,0.0
840.1969374887406,536.0,287.13026967437565,32.81898982378114,6.545754137407222,real,0.0
840.3825576973117,522.0,290.658185641689,33.22223061884505,6.547467114456296,real,0.0
840.4441201785465,537.0,292.21035328062413,33.39964337997534,6.548038271378194,real,0.0
840.4702375948277,501.0,258.12835441642244,29.50407090979709,6.548252318628733,real,0.0
840.4721031245621,521.0,253.90470259510903,29.021307506620964,6.548267357548756,real,0.0
840.6567905682662,519.0,291.23520917082527,33.28818440822533,6.54997511023873,real,0.0
840.6586560980005,515.0,254.09025856352287,29.04251655381067,6.549990160149338,real,0.0
840.8759903120558,526.0,286.204499279867,32.71317426768879,6.551965074598984,real,0.0
840.9403510878919,532.0,286.3282131892432,32.727314767530494,6.552550173312726,real,0.0
841.1278368261974,535.0,276.77223781533377,31.635066782292647,6.554197707716065,real,0.0
841.2183150183151,530.0,280.0556208491287,32.010357463055406,6.555002218625037,real,0.0
841.2220460777837,521.0,298.181926367007,34.0821941837489,6.555037541595404,real,0.0
841.3600952781281,532.0,313.61189485867413,35.84583958234645,6.556412122009298,real,0.0
841.4981444784721,529.0,259.50343629122307,29.661242768086797,6.55754954168856,real,0.0
841.5876899057225,537.0,313.2933238387079,35.80942691476432,6.5584402556976364,real,0.0
841.5914209651917,536.0,253.542883710184,28.97995160807403,6.558470290676209,real,0.0
841.7761084088953,528.0,291.3384525847556,33.29998513043756,6.560178648767629,real,0.12657884665429067
841.785436057567,519.0,286.8353812002216,32.78528407118533,6.560263595881912,real,0.13439541624120638
841.8833763686221,521.0,285.78090914136857,32.66475791485843,6.561152261590444,real,0.21703640785427458
842.1510798855062,523.0,280.84156177480435,32.10019051086014,6.563539298782779,real,0.44633734061939323
842.290994615585,525.0,301.5396494449361,34.4659819315562,6.564878826160239,real,0.068129294021291
842.3367000940773,531.0,272.18052071198105,31.110233517379434,6.565273800634939,real,0.10822268259985382
842.4309093456633,535.0,301.40260823184445,34.45031812089982,6.566175339159125,real,0.19138568025764965
842.4309093456633,527.0,259.7851211553879,29.69343934806084,6.566175339159125,real,0.19138568025764965
842.521387537781,528.0,302.5850833008686,34.58547502128928,6.567044570062864,real,0.27177768370070343
842.7172681598912,529.0,296.50920326684786,33.89100193340071,6.568888622991378,real,0.4478449528614047
842.901022838728,523.0,288.9401007589114,33.025853516743574,6.5705743605209,real,0.5
842.994299325447,519.0,287.9676182637917,32.914698767551386,6.5714271848160255,real,0.5
843.0773153986269,510.0,312.6435450373831,35.735157197772885,6.572251238267421,real,0.5
843.0838447526972,521.0,284.8265060310459,32.555669639348544,6.572310284793553,real,0.5
843.1789867691507,533.0,269.9088189814515,30.850578009579905,6.573125614293716,real,0.5
843.2274905422447,521.0,300.5591490093051,34.35391073176357,6.573588473819,real,0.5
843.4560179347064,526.0,300.7385961998821,34.37442154564653,6.575770556297669,real,0.5
843.6388398486758,533.0,300.82274974937854,34.384040296353966,6.5775167107579415,real,0.5
843.6397726135432,533.0,308.15548961121783,35.2221724625622,6.577525836870448,real,0.5
843.7433095138013,517.0,298.4426929759095,34.111999807146454,6.578506906515347,real,0.5
843.8375187653877,538.0,289.5909600626284,33.10024673515842,6.579373114702082,real,0.5
843.9168037790989,539.0,302.30019166791453,34.55291190764263,6.580134094728293,real,0.5
844.1117516363418,517.0,286.52670651268727,32.750002554400155,6.581907578845703,real,0.5
844.1201465201465,520.0,286.13497018424493,32.7052270920592,6.581983844562716,real,0.5
844.1499949958967,540.0,297.03388786877895,33.95097338340143,6.582265340342086,real,0.5
844.2992373746472,527.0,270.0881322092186,30.87107351151369,6.583545138243597,real,0.5
844.6630156728515,506.0,296.64252113519,33.906240165752216,6.586971347784154,real,0.5
844.6667467323207,514.0,303.1001990101898,34.64435274686469,6.5870072533787,real,0.5
844.6667467323207,526.0,303.81034853083906,34.725522837074905,6.5870072533787,real,0.5
844.7590904541723,516.0,309.253250145514,35.34764649163225,6.587913957055293,real,0.5
844.7665525731101,524.0,304.6469648175152,34.82114807864199,6.587986134707657,real,0.5
844.8551652354931,528.0,290.4921220255951,33.20324954752552,6.5888034203582615,real,0.5
845.0445165035328,543.0,287.83442636577155,32.899474933607685,6.590533852940627,real,0.5
845.0995496306973,525.0,298.4160926791775,34.10895939322999,6.591055275912776,real,0.5
845.1396585199861,539.0,288.3608051230173,32.95964002556088,6.591422491066328,real,0.5
845.3196821393543,542.0,299.9514878736822,34.28445506396187,6.593136938757628,real,0.5
845.5995115995117,542.0,300.0835802166424,34.29955321876223,6.595803056941196,real,0.5
845.6927880862308,531.0,302.7919868764623,34.609124099979645,6.596699784025772,real,0.5
845.7869973378172,508.0,306.68326618175337,35.05389732457441,6.597617117756919,real,0.5
845.7972577513563,533.0,310.31223964872265,35.468688991849,6.597718207594904,real,0.5
845.8802738245363,538.0,303.3882400354875,34.677275836056225,6.598517866280596,real,0.5
845.976348605857,527.0,292.77368924407943,33.46403268059828,6.599410935620012,real,0.5
846.070557857443,545.0,286.65931392418673,32.76515958153454,6.600268374831754,real,0.5
846.4389999799835,537.0,299.3642850590596,34.21733778225052,6.603770349431803,real,0.5
846.6236874236876,539.0,297.4024953258943,33.993105215749715,6.6055142660167645,real,0.5
846.6236874236876,534.0,296.16838180727143,33.852046040571125,6.6055142660167645,real,0.5
846.8195680457977,531.0,302.09037454744055,34.52892981077245,6.607393029420135,real,0.5
846.8232991052664,503.0,313.5332394322051,35.836849267101044,6.60743017092452,real,0.5
846.910046237915,523.0,303.52442231242213,34.69284147030985,6.60826614440257,real,0.5
846.9212394163214,540.0,290.72138356170365,33.22945414110273,6.608369461960501,real,0.5
847.4697051582297,520.0,293.8718586433875,33.58955344293919,6.613486884002014,real,0.5
847.5564522908787,526.0,297.1088405543621,33.95954047536358,6.614305187547102,real,0.5
847.7458035589184,518.0,296.1336363162246,33.848074630944474,6.616085514172678,real,0.5
847.7467363237854,546.0,302.3157650996556,34.55469195089064,6.616094467340078,real,0.5
847.8390800456375,545.0,302.173124789664,34.53838816345859,6.616980412703907,real,0.5
847.9323565323565,519.0,312.8217784122497,35.75552927252014,6.617906843301496,real,0.5
848.5880902339918,529.0,296.07504736452086,33.84137791376473,6.6240709910814495,real,0.5
848.5899557637262,521.0,296.5700551117883,33.8979572992774,6.6240885570945816,real,0.5
848.6776356612421,534.0,302.0416492671104,34.52336051123072,6.624929391736673,real,0.5
848.6785684261096,533.0,293.21161065165165,33.51408709748378,6.624938075281953,real,0.5
848.9565323565323,536.0,300.63924746842525,34.36306598564101,6.627591323304938,real,0.5
849.6150643527693,531.0,296.1501969724412,33.84996751395003,6.633783347382583,real,0.5
849.7074080746214,557.0,291.1212596176144,33.275159974293324,6.634636889637374,real,0.5
849.7158029584261,518.0,300.4132986892838,34.33724004018514,6.634716961065238,real,0.5
849.7969535018717,511.0,295.2690661536955,33.7492542613674,6.635477730599736,real,0.5
850.6401729418125,524.0,289.18682195746106,33.0540537497378,6.643219903013799,real,0.5
850.7297183690628,512.0,293.64625380704416,33.56376681014515,6.644054759080228,real,0.5
850.8229948557819,513.0,292.36495952882035,33.41731487414417,6.64492060622663,real,0.5
851.7538941932386,518.0,287.43950098863803,32.85433496300133,6.653416183629307,real,0.5
851.849036209692,519.0,292.4710192340011,33.429437498446326,6.654299668099448,real,0.5
852.595248103445,518.0,288.8765187518008,33.01858609333083,6.661143796337711,real,0.5
864.6960067255151,533.0,288.27666333799834,32.95002261953321,6.771899426979578,real,0.3
864.90028223143,523.0,287.720788073656,32.88648607681888,6.773765511307663,real,0.3
865.6241077683701,526.0,308.8213395699361,35.298279112843694,6.780862676816529,real,0.3
865.9281891150745,537.0,308.968013171961,35.31504390555514,6.78384563406923,real,0.3
866.5447466922878,520.0,308.6843579384259,35.28262211236208,6.789888347404601,real,0.3
866.7676774955465,525.0,309.05375394827274,35.324844076287576,6.792075846255965,real,0.3
866.8534918633278,532.0,289.1659421403783,33.05166718664524,6.792863709568115,real,0.3
867.1407834424226,509.0,307.6299498519907,35.16210326808254,6.7956697585048325,real,0.3
867.2349926940091,504.0,291.53601579241155,33.32256660507264,6.796541784632834,real,0.3
867.4644528513381,531.0,294.48294688279515,33.65940082870348,6.7986871989133215,real,0.3
867.7004423627376,533.0,294.17041616132866,33.623678567239864,6.8008913198790255,real,0.3
868.0772793690828,530.0,293.60792534835804,33.559385867317324,6.804404213908199,real,0.3
868.0772793690828,549.0,304.709661993556,34.82831436586345,6.804404213908199,real,0.3
868.4037470725996,536.0,294.35802330106765,33.64512206331203,6.807455337723352,real,0.3
868.63600552453,526.0,295.098845764801,33.72979807091676,6.809631457357762,real,0.3
868.7096939490383,531.0,305.6176877036505,34.932101704527255,6.810346482785365,real,0.3
869.0044476470705,545.0,301.3192408160859,34.440789225278614,6.813166357781836,real,0.3
869.1937989151103,507.0,304.1936144850154,34.76933013563726,6.814995140212413,real,0.3
869.1937989151103,532.0,297.399276491882,33.99273730302211,6.814995140212413,real,0.3
869.3374447046576,549.0,298.0749342861695,34.06996498890917,6.816354586607047,real,0.3
869.6331311675573,531.0,292.2936201097399,33.40916077854327,6.819098652323451,real,0.3
869.6583158189715,545.0,297.2598192980228,33.976797345764005,6.819336345044929,real,0.3
869.8448687924099,522.0,291.6662261754816,33.33744965185755,6.82106390070032,real,0.3
869.8504653816129,528.0,296.6432368809707,33.90632197549495,6.82111661174351,real,0.3
869.9446746331994,528.0,291.408501954969,33.307991773452954,6.821988256459295,real,0.3
870.1265637823013,506.0,302.34671371873293,34.55822937805117,6.8237343028304185,real,0.3
870.2655457475131,516.0,291.0765418012898,33.27004872788743,6.825018729706778,real,0.3
870.3131167557398,517.0,300.41997802348124,34.338003488083906,6.825472477886339,real,0.3
870.4978041994435,536.0,291.2520925130151,33.29011417423762,6.827180329577296,real,0.3
870.5910806861625,537.0,295.63654457602587,33.79125704503976,6.828055865615902,real,0.3
870.7813647190696,531.0,291.57792687260974,33.327357041539294,6.829817438922568,real,0.3
870.9697832222421,536.0,290.0127350577209,33.1484556170975,6.831552378475305,real,0.3
871.057463119758,526.0,300.92737305204537,34.395998739848785,6.832390111154324,real,0.3
871.0593286494925,540.0,291.9727632382593,33.372486838133035,6.832407404867244,real,0.3
871.1535379010788,528.0,289.5965326622796,33.100883683298555,6.833273629722425,real,0.3
871.1544706659462,529.0,300.72291635953445,34.372629339894786,6.83328253571716,real,0.3
871.2039072039072,525.0,289.09692225348954,33.04377821357385,6.833736305160502,real,0.3
871.4305690666347,535.0,288.2048340103591,32.941812527384045,6.835810375324135,real,0.3
871.7103985267921,524.0,292.4298910814337,33.424736550607875,6.838408493653263,real,0.3
871.8997497948319,538.0,290.9129771596551,33.25135328934858,6.840157434183645,real,0.3
871.9920935166836,517.0,287.9706442541491,32.91504463824924,6.841001739107758,real,0.3
871.9920935166836,517.0,288.26558306591426,32.948756144434,6.841001739107758,real,0.3
872.0863027682699,535.0,286.6869519747034,32.7683186107086,6.841859260988885,real,0.3
872.2709902119736,527.0,297.2703931125793,33.978005932767815,6.843602402949405,real,0.3
872.360535639224,523.0,286.9812065865222,32.801951912839485,6.844418309837928,real,0.3
872.3642666986931,537.0,296.85801289145064,33.93087087349281,6.844453475976001,real,0.3
872.4566104205447,522.0,285.2200680426886,32.600653777279305,6.845289716449499,real,0.3
872.5582817910686,526.0,285.49211611409027,32.631748871840514,6.84621130384683,real,0.3
872.6534238075222,542.0,288.24359997356623,32.94624347697862,6.847082018302101,real,0.3
872.9239256190077,543.0,288.3678669237217,32.96044718938139,6.849558646266573,real,0.3
873.0638403490864,544.0,285.80405732123893,32.66740375181761,6.850828271538324,real,0.3
873.1104785924457,540.0,286.4853481837665,32.74527529740451,6.851252488793376,real,0.3
873.1104785924457,525.0,285.82670484186644,32.66999236342534,6.851252488793376,real,0.3
873.2037550791647,519.0,297.16380244425653,33.96582261937852,6.852132547849614,real,0.3
873.2933005064151,519.0,284.92139564640155,32.566515522383696,6.852942598556978,real,0.3
873.3884425228689,504.0,284.8297196846104,32.556036959950966,6.853803000502565,real,0.3
873.672003042495,545.0,286.5413444180384,32.75167566698179,6.856382745549998,real,0.3
873.6748013370964,519.0,284.9301009511996,32.56751053872211,6.856408060408031,real,0.3
873.8566904861988,527.0,288.984383081189,33.0309149861799,6.8580769395805055,real,0.3
874.008731159551,519.0,279.22939474064066,31.91591981885523,6.859424861230481,real,0.3
874.0432434596369,535.0,282.84063945734346,32.32868508997436,6.859734788253039,real,0.3
874.1337216517545,524.0,283.84889790156,32.44392903014831,6.860550196042995,real,0.3
874.227930903341,515.0,277.94472557932005,31.76908213371628,6.861381568668386,real,0.3
874.2969555035128,532.0,283.610223656777,32.41664856396961,6.862003109281174,real,0.3
874.6952461018035,514.0,283.55792026164283,32.41067028590577,6.865588905186501,real,0.3
874.7950519425929,520.0,284.3165925161857,32.497386524600024,6.8664898576824855,real,0.3
874.892992253648,507.0,289.9219579751835,33.138079796563474,6.867391400416665,real,0.3
874.9284373186013,514.0,284.41982965027273,32.509186529026174,6.867711481035581,real,0.3
875.0720831081487,530.0,283.88080703743793,32.44757624437916,6.869006191510171,real,0.3
875.2017374246883,508.0,283.2900375298664,32.38005128966373,6.87017236190447,real,0.3
875.2203927220321,513.0,283.2319454101491,32.37341136038004,6.870340121797515,real,0.3
875.2297203707038,528.0,283.62158576973206,32.41794725348038,6.870424117137137,real,0.3
875.2511739626493,523.0,282.95857517420296,32.3421651424114,6.870616854807581,real,0.3
875.4405252306891,548.0,278.35362106922787,31.815818888212743,6.872290289710417,real,0.3
875.4405252306891,546.0,281.66717139255445,32.19455769016897,6.872290289710417,real,0.3
875.4498528793613,519.0,284.1999090901435,32.4840496090034,6.87237445632214,real,0.3
875.5338017174081,534.0,284.249369726031,32.48970295968534,6.873132087658793,real,0.3
875.722220220581,535.0,283.19222935044803,32.36887181475621,6.874826224985663,real,0.3
875.7259512800497,522.0,282.6729852028328,32.30952220868379,6.874859710749209,real,0.3
875.8677315398627,513.0,283.07861131999186,32.35588527387507,6.876133995699378,real,0.3
875.9171680778238,528.0,288.53955596390574,32.98007124667443,6.876586890294974,real,0.3
876.0925278728557,526.0,283.89159313159024,32.44880909494076,6.878167505992729,real,0.3
876.3723573330133,524.0,284.1348728595747,32.47661596784939,6.880691926524404,real,0.3
876.4665665845993,532.0,279.26337334142795,31.91980357292521,6.881527243414786,real,0.3
876.4758942332713,520.0,283.07146524798287,32.35506847784444,6.881611075834654,real,0.3
876.5598430713187,516.0,283.1335512734014,32.36216491054978,6.882365733096026,real,0.3
876.6540523229047,529.0,278.52133460694296,31.83498854557358,6.883198830441894,real,0.3
876.7501271042254,532.0,282.74710110155144,32.31799365590733,6.884061314934454,real,0.3
876.7948998178508,516.0,283.0135895828844,32.348453289323686,6.884463628277606,real,0.3
876.8406052963431,537.0,283.7538114326074,32.43306064674702,6.884875397320893,real,0.3
877.1185692267659,510.0,282.8002950643166,32.324073725851385,6.887371210259813,real,0.3
877.3965331571891,522.0,283.5510924153568,32.40988986307528,6.8898736492517365,real,0.3
877.4916751736424,525.0,284.89726819193925,32.56375775433865,6.890734255245083,real,0.3
877.4926079385098,522.0,280.8841894480518,32.10506285391232,6.890742573710276,real,0.3
877.5868171900958,522.0,280.27746435249315,32.035714175489964,6.891580923892636,real,0.3
877.5933465441661,547.0,284.56646011884993,32.52594639158455,6.891639916509432,real,0.3
877.6828919714166,519.0,283.63476374885784,32.41945349649445,6.892446309235702,real,0.3
877.6959506795573,552.0,283.9321013188176,32.453439180740844,6.892564031455264,real,0.3
877.7267319201745,532.0,284.43498143947903,32.51091837853245,6.89284201101118,real,0.3
878.0485357993557,529.0,284.07234536564346,32.46946907529305,6.89574445576212,real,0.3
878.2434836565985,533.0,284.7756970766072,32.5498621758562,6.897507101841213,real,0.3
878.4235072759661,553.0,281.6260409914224,32.189856485319574,6.899116805861049,real,0.3
878.5186492924199,518.0,282.8684763207602,32.33186684346289,6.89997128336305,real,0.3
878.6128585440064,517.0,277.59047244702754,31.72859100069525,6.900801596366402,real,0.3
878.6147240737407,520.0,282.966194114973,32.343035987341416,6.900818356615106,real,0.3
878.6156568386076,528.0,282.5339134324728,32.293626305331635,6.90082672393734,real,0.3
878.6632278468343,511.0,277.661902279148,31.736755430506616,6.901246098785582,real,0.3
878.8022098120462,528.0,277.9821699979405,31.7733620307646,6.902472744423478,real,0.3
878.9701074881403,545.0,283.8602593696757,32.445227645953935,6.903985932846284,real,0.3
879.1697191697192,530.0,282.7138944424117,32.31419813476766,6.905777680465327,real,0.3
879.2639284213055,525.0,284.14948903074503,32.478286596214154,6.90662761243006,real,0.3
879.3609359674933,522.0,282.80856413567903,32.325018880708114,6.907498659863975,real,0.3
879.3628014972277,537.0,285.1196339484157,32.58917416030392,6.907515547662145,real,0.3
879.4504813947436,520.0,279.2690492269514,31.92045232664054,6.90829298710344,real,0.3
879.451414159611,546.0,285.8995003244804,32.678312887088104,6.908301454098492,real,0.3
879.5959927140254,547.0,280.5601391293783,32.06802390248794,6.909589328692589,real,0.3
879.7293780900337,531.0,285.09075508074403,32.585873305729045,6.910796683960212,real,0.3
879.8263856362219,528.0,280.5556559733064,32.06751147774892,6.911660792460439,real,0.3
880.1006185071759,538.0,283.847851978432,32.44380948113478,6.914132225521189,real,0.3
880.1034168017777,539.0,281.1450571318284,32.134880030167984,6.914157204093777,real,0.3
880.1966932884967,520.0,287.24376913479404,32.83196281210696,6.915007884689111,real,0.3
880.4802538081228,523.0,287.4476444664392,32.855265762513994,6.917595789198019,real,0.3
880.4905142216619,515.0,281.7299610663456,32.2017345498833,6.917687567840563,real,0.3
880.5306231109508,532.0,287.6789784062251,32.88170723183153,6.91805391471695,real,0.3
880.5697992353732,535.0,287.67943417424243,32.88175932611591,6.918411742465446,real,0.3
880.5707320002401,515.0,288.09318529777096,32.92905107953522,6.918420274427098,real,0.3
880.7582177385456,523.0,286.7939241090716,32.78054552566689,6.9201274646437465,real,0.3
880.852426990132,515.0,281.70316292358905,32.19867152216623,6.920970079295463,real,0.3
881.0408454933045,519.0,281.3179291397719,32.154639300675925,6.922653004019653,real,0.3
881.2255329370086,534.0,284.4594690933897,32.51371731737444,6.924321024946504,real,0.3
881.3141455993915,521.0,288.0515978889013,32.92429763870142,6.925131444299518,real,0.3
881.413018675314,525.0,288.19629466006813,32.94083647964579,6.926036155917908,real,0.3
881.4652535078767,512.0,283.1292586812987,32.36167426727244,6.9265057133170185,real,0.3
881.506295162033,530.0,287.88734619761186,32.90552367038703,6.926880851406549,real,0.3
881.5967733541503,528.0,288.86659329702354,33.01745161384979,6.927710673442755,real,0.3
881.605168237955,521.0,284.70750124621435,32.5420673924423,6.927786558685678,real,0.3
881.9717448307612,526.0,286.0166121026435,32.69169876333215,6.931115450781708,real,0.3
882.0650213174802,530.0,285.9039586569717,32.67882247449187,6.93196216349019,real,0.3
882.160163333934,520.0,286.6326954150178,32.76211708593653,6.932828011790982,real,0.3
882.345783542505,513.0,290.44015424251324,33.19730962991926,6.934539703884734,real,0.3
882.3914890209974,546.0,285.1044348130849,32.587436899135604,6.9349534328837095,real,0.3
882.5267399267401,522.0,290.7272254090409,33.23012186425338,6.93620187846151,real,0.3
882.6200164134591,527.0,285.12914097056245,32.590260812935284,6.937046296525367,real,0.3
882.6218819431934,538.0,290.81396315457533,33.24003598856796,6.937063521601897,real,0.3
882.6638563622171,563.0,289.9267143678549,33.13862345224582,6.937449903398189,real,0.3
882.9101062871557,516.0,287.1803119524666,32.82470965616693,6.939695204034012,real,0.3
883.1862046878441,532.0,285.34911634338937,32.6154039980494,6.942196609834475,real,0.3
883.1871374527115,521.0,285.8700490656652,32.67494660820553,6.942205075957319,real,0.3
883.2776156448288,523.0,291.3338975054892,33.29946448487741,6.943041985775393,real,0.3
883.2832122340318,521.0,286.6688371755285,32.76624808916291,6.943092924450471,real,0.3
883.3251866530554,517.0,280.5740174865591,32.069610198713704,6.943466842021695,real,0.3
883.3671610720792,528.0,291.57712907447745,33.32726585321277,6.943855423305539,real,0.3
883.5966212294082,513.0,288.72698153104346,33.00149398899827,6.94595890330632,real,0.3225444604576127
883.6432594727676,537.0,279.4782475799061,31.944363698383267,6.946372744697465,real,0.338581258632049
883.8335435056747,529.0,284.4580394775081,32.51355391227918,6.948091303075957,real,0.4038718789407464
883.8419383894794,532.0,286.0338946052429,32.69367415337927,6.948167541852532,real,0.40674292920195887
883.8447366840811,523.0,286.7753917645332,32.778427278686145,6.948193020657006,real,0.4076999459557352
884.1180367901678,524.0,283.4299586455804,32.39604427318984,6.950652421306076,real,0.49693153185611016
884.3008587041376,531.0,283.93498111509064,32.45376834145486,6.952300549095997,real,0.5
884.3941351908567,516.0,289.1016461877948,33.04431815926495,6.953156731847088,real,0.5
884.5200584479272,524.0,281.7126111146608,32.19975145040573,6.954283036730281,real,0.5
884.7747032566705,519.0,283.47245087956026,32.400901135533736,6.956574903750495,real,0.5
884.8586520947179,519.0,277.607059506198,31.73048690155844,6.957314830835513,real,0.5
884.8595848595849,507.0,280.7878804106566,32.09405473093805,6.957323146448482,real,0.5
884.87450909746,541.0,284.27350300791494,32.492461393804675,6.957457847899312,real,0.5
885.0480033627576,521.0,287.6101647800734,32.87384183436239,6.959042132076136,real,0.5
885.2317580415944,540.0,283.9819142085586,32.45913279403825,6.960698942498882,real,0.5
885.2336235713287,539.0,284.2708780190967,32.49216135758275,6.960715780024756,real,0.5
885.8828279188937,515.0,283.7512837290898,32.43277173023496,6.96656452902777,real,0.5
885.8856262134949,517.0,281.8492802131342,32.21537272836124,6.966589570167654,real,0.5
885.9798354650814,554.0,285.18275860525745,32.596389308580925,6.967442592790205,real,0.5
885.9863648191517,546.0,290.4542817503477,33.19892440406474,6.967502805993591,real,0.5
886.0880361896754,528.0,285.675372428873,32.65269506862018,6.968424984954401,real,0.5
886.3855881823094,531.0,280.465448676094,32.057200783677544,6.971074619390915,real,0.5
886.6486278748574,522.0,281.77836893275617,32.20726756901403,6.973427894324017,real,0.5
886.7223162993657,532.0,282.2097242538821,32.256571482218725,6.974088154305284,real,0.5
886.8267859644908,521.0,287.4041620114368,32.85029571790723,6.975041448581092,real,0.5
887.0077423487262,508.0,287.2124693262388,32.828385243989096,6.976691589107214,real,0.5
887.1038171300465,515.0,292.6432042958025,33.449118251010226,6.977584260418693,real,0.5
887.7548870073463,528.0,282.56879238565466,32.29761296968033,6.983425372339038,real,0.5
887.8425669048622,517.0,281.6599594895161,32.19373336965169,6.984209467684179,real,0.5
887.850961788667,527.0,285.8346244320168,32.67089757257952,6.984285653347768,real,0.5
887.8630877319404,517.0,285.4804408151373,32.63041438517019,6.984395562946052,real,0.5
888.8723393182411,520.0,279.13435144891577,31.90505637061107,6.9933400709330105,real,0.5
888.8732720831084,537.0,278.87806735827803,31.875763099051177,6.993348329986326,real,0.5
888.8844652615144,530.0,284.5416134429002,32.52310641652349,6.993449451356447,real,0.5
889.9888588642689,528.0,278.6438518621914,31.84899226784848,7.003219957832778,real,0.5
889.9888588642689,537.0,277.7831033466734,31.75060871252477,7.003219957832778,real,0.5
890.9216237314599,533.0,277.8249317370244,31.755389697541883,7.011447822236619,real,0.5
902.870341680178,542.0,235.4620085909012,26.913307581940003,7.100775467059868,real,0.5
902.906719509998,523.0,234.43949759006412,26.79643457454433,7.101046243764517,real,0.5
903.1333813727256,524.0,234.9343116275306,26.852991819026748,7.10273695186049,real,0.5
904.0661462399166,515.0,235.42736040657587,26.909347294471623,7.10970920012586,real,0.5
904.0689445345184,524.0,236.00292253074915,26.975134045264628,7.109730168006965,real,0.5
904.780644128185,538.0,236.7379838571962,27.059151554877527,7.115079608886568,real,0.5
905.0035749314436,541.0,238.06637249786505,27.21098637650597,7.116764655289451,real,0.5
905.1052463019676,538.0,237.85155613039305,27.186432865703924,7.117532455814204,real,0.5
905.7329970575872,510.0,227.1968409167576,25.968598916785396,7.122060735700981,real,0.5
905.8990292039472,539.0,237.66643539278823,27.165273565395697,7.123313599222237,real,0.5
906.0240196961508,510.0,226.94681249505643,25.94002066818495,7.124214225875316,real,0.5
906.2133709641906,537.0,238.59235032388676,27.27110564202025,7.125648619884806,real,0.5
906.3066474509096,524.0,236.70887429035895,27.05582433138803,7.126349639951171,real,0.5
906.6685602193802,535.0,258.70314923872445,29.569769957986207,7.129322328092431,real,0.5
906.8663063712248,515.0,259.5339484864999,29.664730312006935,7.130951796499293,real,0.5
906.9623811525448,540.0,238.7076656053416,27.284286178690543,7.13167994422932,real,0.5
907.1461358313816,513.0,230.9840317089099,26.4014748243284,7.133027553820198,real,0.5
907.240345082968,521.0,239.0040297431184,27.318160599638432,7.13374244922709,real,0.5
907.2450089073042,518.0,235.993627243666,26.97407159395102,7.133777394319185,real,0.5
907.4278308212736,510.0,240.11492871168036,27.445136351745063,7.135171164418345,real,0.5
907.6003923217038,529.0,250.8806928781119,28.675663195968188,7.136545696492492,real,0.5
907.8914149602674,546.0,251.49941650847407,28.746383306918585,7.138869543247809,real,0.5
908.1693788906904,555.0,262.7419725834353,30.03140746628665,7.141188334374328,real,0.5
908.2635881422766,529.0,237.3728252654714,27.13171392784338,7.141898350614159,real,0.5
908.2635881422766,539.0,242.76299073863177,27.74780984142561,7.141898350614159,real,0.5
908.264520907144,530.0,242.12673312633444,27.675085596340026,7.141905521266255,real,0.5
908.3633939830664,533.0,242.9784550554773,27.77243741284105,7.142668284130941,real,0.5
908.5247623050902,525.0,265.86065322056777,30.387872663110898,7.144030406359141,real,0.5
908.822314297724,530.0,265.96928301546143,30.400289048667243,7.146543091521107,real,0.5
909.0107328008968,533.0,255.0838175968101,29.15608035131539,7.148069076248379,real,0.5
909.0107328008968,522.0,262.0842500101514,29.9562297761603,7.148069076248379,real,0.5
909.2896294961872,527.0,237.01620283867547,27.09095198446061,7.150167847631916,real,0.5
909.2924277907885,527.0,250.40432153566172,28.621213951526137,7.150190095017605,real,0.5
909.2933605556558,536.0,244.74387942364743,27.974225418122906,7.150197343177234,real,0.5
909.456594407414,517.0,255.81244536314296,29.239362505007243,7.151523135889635,real,0.5
909.4789807642268,527.0,244.18157726044944,27.90995428086937,7.151696692054959,real,0.5
909.6636682079304,547.0,255.01397820473312,29.148097708801,7.153192049736809,real,0.5
910.0367741548072,540.0,264.9358422610141,30.282166770433918,7.156330509877463,real,0.5
910.1300506415262,541.0,258.46123656044995,29.54211933885943,7.157095950183621,real,0.5
910.1356472307292,528.0,256.9241502621949,29.36643037496888,7.1571416034745,real,0.5
910.2242598931124,531.0,260.44129643679804,29.768440182726017,7.157874342568832,real,0.5
910.2251926579796,538.0,234.1711627839292,26.765763906203105,7.157881277614446,real,0.5
910.23172201205,544.0,243.0135973317202,27.77645417501562,7.157931656032259,real,0.5
910.3949558638084,508.0,286.7032120962947,32.770177142606485,7.159417545542759,real,0.5
910.4089473368164,515.0,244.75418364481956,27.975403190602872,7.159526272514599,real,0.5
910.5992313697234,541.0,287.8306195503997,32.89903981461069,7.161265206396459,real,0.5
910.6971716807784,525.0,259.6211771768184,29.67470055131034,7.162072525674921,real,0.5
910.8762625352792,521.0,263.9903151944092,30.174093026720968,7.163573610148237,real,0.5
910.9732700814668,515.0,260.7166934323114,29.79991805931319,7.164376614850329,real,0.5
911.2530995416244,522.0,259.44370335296753,29.65441529324419,7.166681664578883,real,0.5
911.262427190296,514.0,245.31939655515737,28.04000702625449,7.166754316616187,real,0.5
911.3379811445386,549.0,287.2689303815443,32.834838742610515,7.167443428256164,real,0.5
911.3435777337417,528.0,262.7704693802251,30.03466465015973,7.167490120389469,real,0.5
911.4349886907264,527.0,233.7999357972975,26.723332661631105,7.168168677448475,real,0.5
911.5338617666488,534.0,287.8536599432892,32.90167333151795,7.169072313461053,real,0.5
911.9023038891892,538.0,265.39636655447066,30.334804697175997,7.172176930080353,real,0.5
911.99837867051,537.0,261.00988761208083,29.83343015406084,7.17297310793538,real,0.5
912.0879240977604,539.0,261.5564125691818,29.89589795665748,7.1737167304230365,real,0.5
912.1858644088154,522.0,256.23953206187986,29.288178514672865,7.17451353412136,real,0.5
912.2539562441202,525.0,287.7752464374088,32.892710667795825,7.175135679965115,real,0.5
912.2763426009328,536.0,265.64388396304577,30.363095936976134,7.17532449082611,real,0.5
912.3677535579176,523.0,287.13828434932384,32.81990590112771,7.176157851661268,real,0.5
912.4628955743711,528.0,233.67479276912596,26.709028813511093,7.1768637268998345,real,0.5
912.5403150583476,532.0,286.8456896999404,32.78646233270319,7.177568813287393,real,0.5
912.7436577993956,536.0,286.4910590461375,32.74592804897351,7.179418437389515,real,0.5
912.8397325807164,510.0,270.5489543509795,30.92374548231696,7.180243712968634,real,0.5
912.9367401269042,535.0,257.0002273611467,29.375125987379068,7.181035270993911,real,0.5
913.1885866410456,526.0,296.8783397823926,33.93319423712747,7.183409147850107,real,0.5
913.2081747032568,535.0,262.0315981613201,29.95021166983889,7.18357211079717,real,0.5
913.2995856602416,536.0,254.0961237500937,29.04318694463571,7.18430957343953,real,0.5
913.361148141476,544.0,287.66888989430066,32.88055411491857,7.184871853577217,real,0.5
913.394727676695,542.0,265.7079981722916,30.370424191092926,7.18515513822409,real,0.5
913.3965932064292,541.0,298.1927111766666,34.08342688749299,7.185172800348064,real,0.5
913.487071398547,542.0,288.1055623817297,32.93046578023171,7.186000436184004,real,0.5
913.673624371985,531.0,287.66144766486946,32.879703468094576,7.187704271308376,real,0.5
913.7706319181729,528.0,286.89816688843234,32.792460475347816,7.188587914676201,real,0.5
913.96091595108,537.0,277.53935212623435,31.722747948028587,7.190264673680214,real,0.5
914.0513941431976,535.0,255.57108121869695,29.211774583297064,7.190998848278227,real,0.5
914.0560579675332,525.0,265.09494943933555,30.300352720916056,7.191038102590005,real,0.5
914.064452851338,532.0,253.75215687564523,29.00387153088625,7.191105737070946,real,0.5
914.1269480974398,528.0,325.2326155315416,37.1740879552552,7.191751071452994,real,0.5
914.4170379711364,519.0,324.7276981089725,37.11637589385556,7.1947419283405285,real,0.5
914.6054564743092,541.0,296.95957143358856,33.942479014859174,7.196518425865516,real,0.5
914.6063892391762,529.0,289.24741977275755,33.06098008002619,7.196526992010151,real,0.5
914.6166496527152,548.0,285.96211844511345,32.685470138276465,7.196620149354689,real,0.5
914.7929422126142,512.0,286.05125378925635,32.695658308112,7.19822126082711,real,0.5
914.9888228347244,522.0,282.37543020740907,32.275511672706855,7.199977412856381,real,0.5
915.0438559618888,528.0,307.16021197316854,35.10841222853316,7.200514114443802,real,0.5
915.0765027322404,539.0,254.4793255449239,29.0869869097848,7.200777891160986,real,0.5
915.255593586741,532.0,307.6140087296999,35.1602811978047,7.202527025828819,real,0.5
915.2602574110772,531.0,265.4376540297155,30.33952385559648,7.202566330887071,real,0.5
915.5382213415004,516.0,310.87646817493186,35.53318031239471,7.205309926014866,real,0.5
915.5382213415004,517.0,326.6049489962485,37.3309456702712,7.205309926014866,real,0.5
915.6324305930864,531.0,291.77330453090656,33.34968870788262,7.2061826619075875,real,0.5
915.7303709041414,514.0,286.5950579741505,32.7578151264454,7.207073859297302,real,0.5
915.8236473908604,523.0,286.2648284842655,32.72006989575154,7.207921640732045,real,0.5
915.9150583478456,533.0,287.39208352223574,32.848915146591544,7.208755738168009,real,0.5
915.9644948858064,518.0,303.49430472227914,34.68939902975651,7.209232105888003,real,0.5
916.0064693048304,544.0,254.76669975271605,29.119833781735444,7.20957163036163,real,0.5
916.1939550431356,540.0,302.31833293770086,34.55498545477921,7.211371232294996,real,0.5
916.5735903440822,512.0,294.3991774943721,33.64982598760673,7.214919749465998,real,0.5
916.6556736523952,519.0,323.0008063206265,36.91899216244761,7.215761536414963,real,0.5
916.7526811985828,505.0,286.5764739842445,32.755690976399144,7.216644188971992,real,0.5
916.8534198042396,520.0,287.15307229504936,32.82159616332414,7.217562633925581,real,0.5
916.903789107068,536.0,302.9421613992682,34.62628904793635,7.21804710671416,real,0.5
917.0325106587404,524.0,286.8332311621916,32.7850383218385,7.219219368104277,real,0.5
917.0642246642248,533.0,307.19278544656,35.11213537654181,7.219528686563695,real,0.5
917.0642246642248,513.0,326.05737948542264,37.26835847518381,7.219528686563695,real,0.5
917.2143998078424,536.0,303.67305503441577,34.70983019043372,7.220976618156413,real,0.5
917.4093476650856,522.0,306.7565136881128,35.06226951455129,7.222875316576398,real,0.5
917.4093476650856,528.0,326.3193633758958,37.29830323386489,7.222875316576398,real,0.5
917.4970275626016,527.0,303.35438633851805,34.67340635849261,7.223719805664188,real,0.5
917.4970275626016,515.0,325.20369806383854,37.17078268869675,7.223719805664188,real,0.5
917.6826477711726,516.0,296.1859119475476,33.85404973560469,7.225465360045549,real,0.5
917.7843191416964,538.0,287.67866312201653,32.88167119484649,7.226394005760964,real,0.5
917.8365539742592,532.0,292.5059577480573,33.43343097060295,7.226879114002282,real,0.5
917.876662863548,539.0,286.6792115161365,32.7674338762944,7.22724418771829,real,0.5
918.0538881883144,531.0,291.5143433256191,33.32008944211827,7.228884510960686,real,0.5
918.3355831782062,529.0,301.60019503376947,34.47290229235985,7.231581967589237,real,0.5
918.4344562541282,511.0,302.94283026434323,34.62636549921443,7.23253297182949,real,0.5
918.5230689165116,525.0,325.5878880325549,37.21469560212102,7.233448997734237,real,0.5
918.617278168098,528.0,304.4375488858846,34.79721183765661,7.23435961420216,real,0.5
918.618210932965,548.0,296.9887053659346,33.945809023326326,7.234368409607169,real,0.5
918.7105546548172,535.0,322.846868825536,36.901397106758765,7.235314968593387,real,0.5
918.7581256630438,543.0,290.77094609638937,33.2351191388173,7.235754143072822,real,0.5
918.803831141536,534.0,285.9362948531587,32.68251850171604,7.236169079224615,real,0.5
918.9885185852398,521.0,290.5419032097274,33.208939536871846,7.237872766488831,real,0.5
919.3616245321164,529.0,289.6173950366592,33.10326825269015,7.241303607112755,real,0.5
919.453035489101,530.0,298.0747787887009,34.06994721554851,7.242168708912586,real,0.5
919.453035489101,519.0,300.9219728257861,34.39538149398735,7.242168708912586,real,0.5
919.5528413298904,524.0,302.6793271559339,34.596247093923246,7.243127849892966,real,0.5
919.6461178166098,526.0,324.25504219944827,37.06235132339694,7.244088140426578,real,0.5
919.657310995016,544.0,296.0562361443123,33.839227791294896,7.244193353902632,real,0.5
919.6843611761644,507.0,290.9603056066296,33.25676293083776,7.244443243197546,real,0.5
919.7356632438602,540.0,311.86865466690983,35.64658722842779,7.244951227539524,real,0.5
920.0145599391504,519.0,290.5069540959301,33.20494485316482,7.247523657924756,real,0.5
920.2011129125884,514.0,290.2768164934779,33.178640125204524,7.24924298402753,real,0.5
920.2067095017916,540.0,289.48021458708075,33.08758852730333,7.24929442226106,real,0.5
920.3876658860264,535.0,295.0442120124838,33.7235534330269,7.250989559009059,real,0.5
920.502395964691,541.0,322.9864738049082,36.91735395590101,7.252166095376682,real,0.5
920.578882683801,536.0,300.1510495438064,34.30726496285707,7.252894998192973,real,0.5
920.6264536920276,549.0,277.97937600627137,31.773042677516816,7.253314852547028,real,0.5
920.6684281110512,534.0,300.3810363368092,34.33355245329729,7.253715166690707,real,0.5
920.67215917052,526.0,306.2703313472051,35.006698872985545,7.253751447822734,real,0.5
920.7691667167078,531.0,280.04993015259606,32.00970701644173,7.254613998692694,real,0.5
921.132945014912,540.0,290.5864827933946,33.214034983285,7.257970261226783,real,0.5
921.2271542664984,520.0,289.5433345724267,33.094803141628375,7.25883632695883,real,0.5
921.3241618126868,521.0,293.93769767363494,33.59707884409647,7.259741652008207,real,0.5
921.414640004804,525.0,290.6845953080254,33.2252492437073,7.260576696587155,real,0.5
921.4155727696714,507.0,300.95368920866946,34.39900667655092,7.260585609416295,real,0.5
921.5573530294844,529.0,274.4030906255384,31.36427325849904,7.261820841308361,real,0.5
921.6926039352272,509.0,301.909207450614,34.50822241160518,7.263117304735234,real,0.5
921.7877459516806,529.0,307.2557096794619,35.1193276163625,7.264045450192431,real,0.5
921.7914770111493,537.0,275.8645775823188,31.531321217659038,7.26407812942426,real,0.5
922.0703737064392,523.0,292.5991321473642,33.44408080444372,7.266669085983532,real,0.5
922.1599191336896,545.0,289.80563050112454,33.12478356627854,7.2674930228993695,real,0.5
922.2569266798778,513.0,291.5433224456672,33.32340175553976,7.268390973297966,real,0.5
922.5330250805662,540.0,293.1930486079951,33.51196545589384,7.270961139983048,real,0.5
922.5339578454336,535.0,301.20536973891035,34.427773761157454,7.270970060265777,real,0.5
922.6272343321524,511.0,301.11520898067886,34.41746838649159,7.271861821524904,real,0.5
922.6981244620592,555.0,278.8104137307615,31.86803028942604,7.272489357304649,real,0.5
922.8119217758564,527.0,273.1625197868456,31.22247601163645,7.273476311165822,real,0.5
923.0040713384976,519.0,277.27057952672106,31.692027239904217,7.275167869269535,real,0.5
923.1859604875998,514.0,284.55903555885146,32.525097764376724,7.276811192146431,real,0.5
923.280169739186,526.0,288.51420418466654,32.97717353830738,7.277674179601563,real,0.5
923.3734462259052,527.0,287.8523404493706,32.90152251336306,7.278526662498161,real,0.5
923.469521007226,529.0,289.2349606309089,33.05955600011289,7.279408937390737,real,0.5
923.5646630236791,525.0,301.0823426692694,34.41371176709749,7.2803184345938385,real,0.46840710382534656
924.117792589924,524.0,284.18243820109745,32.48205268638544,7.285309207847494,real,0.175102197804223
924.117792589924,534.0,276.79551994317944,31.637727929505413,7.285309207847494,real,0.175102197804223
924.1187253547909,509.0,290.3739456075904,33.18974198294758,7.285317807354511,real,0.18363699633626188
924.4918313016674,527.0,290.4518793436893,33.19864980898369,7.288758533374512,real,0.17855973097939074
924.5543265477692,504.0,271.11624083404587,30.988586327331443,7.289296488743643,real,0.1253137813006379
924.5851077883864,532.0,290.01570816440665,33.14879544319168,7.289579922368284,real,0.09908816429480555
924.8640044836766,518.0,269.167596796627,30.765856313854464,7.291963393383202,real,0.0
925.0589523409196,530.0,276.748110018871,31.63230897515696,7.293676351953858,real,0.0
925.2408414900216,541.0,281.82103296028225,32.21214406736026,7.295303862919181,real,0.0
925.2511019035612,519.0,289.6106776736277,33.10250045809565,7.29539820884804,real,0.0
925.3313196821396,539.0,289.0716068474674,33.040884662665526,7.296134449506345,real,0.0
925.8937768970558,524.0,264.49563260506903,30.231850806759397,7.30085781689705,real,0.0
926.0775315758924,546.0,273.07965895295155,31.21300501832236,7.302451021261681,real,0.0
926.1764046518146,524.0,276.64608371302825,31.620647368399126,7.303319474225003,real,0.0
926.3573610360496,520.0,287.2066969214021,32.82772545811626,7.304969581586548,real,0.0
926.9216837807004,535.0,262.3032685545548,29.98126359578561,7.309669334075568,real,0.0
927.1091695190056,524.0,272.6754928575322,31.16680883361593,7.31129248189912,real,0.0
927.2929241978424,520.0,278.0164291984992,31.77727785738845,7.312914488423284,real,0.0
927.9486578994776,523.0,261.8826712225993,29.933189320743097,7.318366766488573,real,0.0
928.0475309753996,528.0,273.7375412627113,31.288200966327903,7.319226088896798,real,0.0
929.0614463860364,541.0,263.33087755611257,30.098719304663664,7.327703187603306,real,0.0
941.1370203566928,509.0,166.64578571921166,19.04761330770589,7.391595094120434,real,0.0
941.3720771032248,528.0,165.78552491570036,18.94928549786455,7.392832360064388,real,0.0
942.0763145779538,534.0,171.38354090635352,19.589138725596207,7.396664417172229,real,0.0
942.3067075001504,530.0,171.88383941336954,19.646322844948138,7.397921743208525,real,0.0
943.0044156208093,541.0,160.78197337052538,18.37737955625105,7.401483422917644,real,0.0
943.135002702216,527.0,166.31805229743452,19.010153377596765,7.402173000819498,real,0.0
943.1489941752236,526.0,160.73831506215492,18.372389411604303,7.402244405483536,real,0.0
943.607914489882,534.0,167.0597848036121,19.094933403052863,7.404678586829566,real,0.0
943.9315838987968,529.0,164.48689778031633,18.800852416290155,7.406368937048644,real,-0.08002878160080441
944.067767569407,524.0,169.71351348275002,19.398254591078327,7.4071027496913215,real,-0.14764824956470174
944.1666406453296,533.0,164.93788824018694,18.852400625853367,7.407620526035322,real,-0.19688704137414462
944.1787665886028,521.0,159.1965801158662,18.196169107243502,7.40768181651154,real,-0.2029257611241852
944.5434776516748,522.0,166.73283802924638,19.05756338674286,7.4096125121233,real,-0.08562578114078667
944.8783402389962,523.0,153.41182407451507,17.534971491717073,7.411243569323946,real,-0.2537834804540874
945.0005324365982,542.0,167.5663244876128,19.152830888934144,7.41189366001745,real,-0.3
945.1926819992397,496.0,153.49864444845628,17.54489506045855,7.4128301166598,real,-0.3
945.3885626213498,532.0,164.7249338584839,18.82805994002471,7.41385457557485,real,-0.3
945.5667207109832,528.0,167.67297298814606,19.16502081254509,7.414803020990334,real,-0.3
945.8073740467182,511.0,132.85467025329874,15.185288809952045,7.415818129436505,real,-0.3
945.9239696551172,531.0,163.58011853313226,18.69720754833702,7.416423688405799,real,-0.3
945.9799355471488,533.0,160.66417006241073,18.363914638133547,7.416709175312443,real,-0.3
946.02937208511,534.0,133.11424947544938,15.214958715043863,7.416918112780246,real,-0.3
946.3119998398688,501.0,162.4479263370635,18.56779798032636,7.418375828073023,real,-0.3
946.4052763265878,542.0,151.77711429590929,17.34812416402243,7.418825320315574,real,-0.3
946.4052763265878,521.0,162.0330944499143,18.520382695625205,7.418825320315574,real,-0.3
946.5041494025104,535.0,163.833580498551,18.72617825098438,7.419339629994448,real,-0.3
946.5974258892292,535.0,168.97812466516683,19.31419964922857,7.419840063518635,real,-0.3
946.7289457355032,519.0,69.79379003601501,7.977430201116516,7.420131505294666,real,-0.3
947.0572789687544,535.0,69.97589840752865,7.998245187980523,7.420860974656584,real,-0.3
947.0628755579576,524.0,127.63524864262504,14.58870891985204,7.420883654381813,real,-0.3
947.3380411937788,507.0,162.7556535684634,18.602971202875366,7.422305570603815,real,-0.3
947.4285193858966,540.0,160.37779913056596,18.33118244062369,7.422766285116762,real,-0.3
947.5264596969516,520.0,161.71044998364283,18.48350443313037,7.423269140720532,real,-0.3
947.6225344782724,519.0,169.68176700722532,19.39462596892585,7.423786733622966,real,-0.3
947.6645088972962,524.0,14.030051126050653,1.6036348437075894,7.423805431300991,real,-0.3
947.7176764947258,531.0,164.97593311919607,18.85674915552411,7.424083922425416,real,-0.3
947.7894993894992,527.0,148.2890937566703,16.949443416387414,7.424422077450685,real,-0.3
947.9900438359456,533.0,15.255764989179664,1.7437339382632355,7.424519215272184,real,-0.3
948.1821933985872,515.0,63.68541502826229,7.279242937730379,7.424907743979642,real,-0.3
948.2680077663688,521.0,143.72934176591545,16.428263763844136,7.425299349832042,real,-0.3
948.269873296103,527.0,113.7953060979944,13.00680348700076,7.425306089992779,real,-0.3
948.27080606097,547.0,157.7948906275882,18.03595599873333,7.425310763133362,real,-0.3
948.3640825476896,527.0,164.81180078216295,18.837988829401223,7.425798857970825,real,-0.3
948.5534338157292,539.0,161.1069352317241,18.41452269698606,7.426767417199443,real,-0.3
948.6233911807684,0.0,0.0,0.0,7.426767417199443,real,-0.3
948.7381212594328,523.0,171.90715779323702,19.64898813576699,7.42739361996458,real,-0.3
948.8267339218158,0.0,0.0,0.0,7.42739361996458,real,-0.3
949.202638163294,526.0,16.847365087038693,1.9256538294485224,7.427594692587388,real,-0.3
949.2063692227628,534.0,101.96121218479706,11.654166552722304,7.427606771028629,real,-0.3
949.2959146500132,542.0,53.4742549484549,6.112107340608395,7.427758801935078,real,-0.3
949.299645709482,532.0,140.3638519129498,16.043588273650162,7.427775429596728,real,-0.3
949.308973358154,540.0,166.6429064793187,19.047284210586128,7.427824781367637,real,-0.3
949.3882583718652,518.0,156.8834572252094,17.931779160841437,7.428219703966703,real,-0.3
949.4973918613264,524.0,160.4423212461528,18.338557318435264,7.428775634731104,real,-0.3
949.5654836966312,0.0,5.024727244017278,0.5743263239911749,7.4287864977681775,real,-0.3
949.7650953782104,3.0,5.093170823387324,0.5821494251131711,7.428818776608644,real,-0.3
950.1354030304852,418.0,11.637768646984208,1.330196956350295,7.42895560497308,real,-0.3
950.3228887687908,535.0,43.28305586328027,4.947253285172935,7.429213254816068,real,-0.3
950.3238215336576,519.0,89.99723873097072,10.286684386949954,7.429215920109899,real,-0.3
950.3266198282593,528.0,136.8103625986612,15.637424445026976,7.429228075143346,real,-0.3
950.3331491823296,535.0,155.73613522591185,17.800640256321724,7.429260360333044,real,-0.3
950.4245601393144,507.0,165.82943958945603,18.954304945074824,7.429741646764714,real,-0.3
950.500114093557,21.0,16.15959136769572,1.8470412933276208,7.429780411007314,real,-0.3
950.5691386937287,0.0,0.0,0.0,7.429780411007314,real,-0.3
950.787405672652,0.0,16.843531148234078,1.9252156102431552,7.429897136283709,real,-0.3
950.979555235293,2.0,7.049151651544041,0.8057180337714839,7.429940141385875,real,-0.3
951.066302367942,316.0,9.006085587910578,1.029395582698179,7.429964946140088,real,-0.3
951.160511619528,0.0,0.0,0.0,7.429964946140088,real,-0.3
951.2556536359816,538.0,34.23210824204263,3.9127299720654727,7.430068353089916,real,-0.3
951.3489301227008,535.0,77.46901836780089,8.85470879943964,7.430297779792063,real,-0.3
951.4459376688884,3.0,28.56271732021721,3.264718589700827,7.4303857526641135,real,-0.3
951.5354830961388,533.0,135.21036031192568,15.454544183653104,7.430770164820192,real,-0.3
951.5354830961388,527.0,155.96788130981287,17.827128833711612,7.430770164820192,real,-0.3
951.6268940531236,18.0,27.10890220974764,3.0985475225741554,7.43084884292972,real,-0.3032810744810768
952.0,0.0,0.0,0.0,7.43084884292972,real,-0.4206
952.0,0.0,8.530130167613722,0.9749938781582485,7.43084884292972,real,-0.4206
952.2083333333334,0.0,0.0,0.0,7.43084884292972,real,-0.4549833333333333
952.4166666666666,0.0,0.0,0.0,7.43084884292972,real,-0.35576666666665446
952.625,0.0,0.0,0.0,7.43084884292972,real,-0.42285
952.8333333333334,0.0,0.0,0.0,7.43084884292972,real,-0.4896666666666788
953.0416666666666,0.0,0.0,0.0,7.43084884292972,real,-0.5
953.25,0.0,0.0,0.0,7.43084884292972,real,-0.5
953.4583333333334,0.0,0.0,0.0,7.43084884292972,real,-0.5
953.6666666666666,0.0,0.0,0.0,7.43084884292972,real,-0.5
953.875,0.0,0.0,0.0,7.43084884292972,real,-0.5
954.0833333333334,0.0,0.0,0.0,7.43084884292972,real,-0.5
954.2916666666666,0.0,0.0,0.0,7.43084884292972,real,-0.5
954.5,0.0,0.0,0.0,7.43084884292972,real,-0.5
954.7083333333334,0.0,0.0,0.0,7.43084884292972,real,-0.5
954.9166666666666,0.0,0.0,0.0,7.43084884292972,real,-0.5
955.125,0.0,0.0,0.0,7.43084884292972,real,-0.5
955.3333333333334,0.0,0.0,0.0,7.43084884292972,real,-0.5
955.5416666666666,0.0,0.0,0.0,7.43084884292972,real,-0.5
955.75,0.0,0.0,0.0,7.43084884292972,real,-0.5
955.9583333333334,0.0,0.0,0.0,7.43084884292972,real,-0.5
956.1666666666666,0.0,0.0,0.0,7.43084884292972,real,-0.5
956.375,0.0,0.0,0.0,7.43084884292972,real,-0.5
956.5833333333334,0.0,0.0,0.0,7.43084884292972,real,-0.5
956.7916666666666,0.0,0.0,0.0,7.43084884292972,real,-0.5
957.0,0.0,0.0,0.0,7.43084884292972,real,-0.5
957.0,504.0,18.41404090701588,2.1047248756719146,7.43084884292972,real,-0.5
957.0848816029144,151.0,0.0,0.0,7.43084884292972,real,-0.5
957.1884185031724,523.0,35.391227026741205,4.04521724915652,7.4309651843894,real,-0.5
957.2033427410475,0.0,0.0,0.0,7.4309651843894,real,-0.5
957.2705018114854,516.0,1.661314746519483,0.1898882755271769,7.430968726811642,real,-0.5
957.4561220200565,0.0,0.0,0.0,7.430968726811642,real,-0.5
957.7406153045496,0.0,0.0,0.0,7.430968726811642,real,-0.5
957.8292279669324,8.0,0.0,0.0,7.430968726811642,real,-0.5
957.8292279669324,11.0,0.0,0.0,7.430968726811642,real,-0.5
958.0148481755036,4.0,0.0,0.0,7.430968726811642,real,-0.5
958.1109229568244,518.0,20.93388021574048,2.3927425086591367,7.431032582981997,real,-0.5
958.1417041974416,0.0,0.0,0.0,7.431032582981997,real,-0.5
958.2041994435434,34.0,0.0,0.0,7.431032582981997,real,-0.5
958.2069977381452,515.0,2.7352449741206915,0.312638500541995,7.431032825997171,real,-0.5
958.3012069897316,0.0,0.0,0.0,7.431032825997171,real,-0.5
958.6687163474046,0.0,0.0,0.0,7.431032825997171,real,-0.5
958.7619928341236,0.0,0.0,0.0,7.431032825997171,real,-0.5
958.7675894233272,3.0,0.0,0.0,7.431032825997171,real,-0.5
958.85620208571,0.0,0.0,0.0,7.431032825997171,real,-0.5
958.9494785724291,0.0,0.0,0.0,7.431032825997171,real,-0.5
959.0875277727736,11.0,0.0,0.0,7.431032825997171,real,-0.5
959.2293080325866,0.0,0.0,0.0,7.431032825997171,real,-0.5
959.3225845193056,532.0,0.0,0.0,7.431032825997171,real,-0.5
959.3263155787744,0.0,0.0,0.0,7.431032825997171,real,-0.5
959.5082047278768,0.0,0.0,0.0,7.431032825997171,real,-0.5
959.6882283472448,9.0,0.0,0.0,7.431032825997171,real,-0.5
959.7880341880342,9.0,0.0,0.0,7.431032825997171,real,-0.5
959.8822434396202,0.0,0.0,0.0,7.431032825997171,real,-0.5
959.8822434396202,0.0,0.0,0.0,7.431032825997171,real,-0.5
959.9876458696132,3.0,0.0,0.0,7.431032825997171,real,-0.5
960.0482755859804,0.0,0.0,0.0,7.431032825997171,real,-0.5
960.0687964130586,6.0,0.0,0.0,7.431032825997171,real,-0.5
960.2534838567624,3.0,0.0,0.0,7.431032825997171,real,-0.5
960.5342460817868,18.0,0.0,0.0,7.431032825997171,real,-0.5
960.620993214436,0.0,0.0,0.0,7.431032825997171,real,-0.49710293640783276
960.6331191577092,0.0,0.0,0.0,7.431032825997171,real,-0.49542955623613094
960.8150083068113,0.0,0.0,0.0,7.431032825997171,real,-0.37208390280052356
960.9073520286634,6.0,0.0,0.0,7.431032825997171,real,-0.3044183150184157
961.0006285153823,0.0,0.0,0.0,7.431032825997171,real,-0.23624118377088732
961.0015612802498,3.0,0.0,0.0,7.431032825997171,real,-0.23556026541764305
961.3700034027902,46.0,0.0,0.0,7.431032825997171,real,-0.4669375227687455
961.3765327568608,0.0,0.0,0.0,7.431032825997171,real,-0.4621841530053386
961.4698092435796,0.0,0.0,0.0,7.431032825997171,real,-0.39441848916125827
961.658227746752,0.0,0.0,0.0,7.431032825997171,real,-0.2577431113515405
961.7477731740024,11.0,0.0,0.0,7.431032825997171,real,-0.19291222202225064
961.8466462499248,0.0,0.0,0.0,7.431032825997171,real,-0.12142140755431602
962.0266698692924,6.0,0.0,0.0,7.431032825997171,real,-0.004992647971423132
962.305566564583,228.0,0.0,0.0,7.431032825997171,real,0.0
962.4025741107708,3.0,0.0,0.0,7.431032825997171,real,0.0
962.5891270842088,0.0,0.0,0.0,7.431032825997171,real,0.0
962.6805380411936,5.0,0.0,0.0,7.431032825997171,real,0.0
962.784074941452,0.0,0.0,0.0,7.431032825997171,real,0.0
962.9594347364836,0.0,0.0,0.0,7.431032825997171,real,0.0
963.3418683320324,301.0,0.0,0.0,7.431032825997171,real,0.0
963.4258171700792,9.0,0.0,0.0,7.431032825997171,real,0.0
963.4286154646808,0.0,0.0,0.0,7.431032825997171,real,0.0
963.7989231169556,2.0,0.0,0.0,7.431032825997171,real,0.0
963.8921996036748,0.0,0.0,0.0,7.431032825997171,real,0.0
964.4499929942554,426.0,1.5141885461024778,0.1730717508195132,7.4310596421857,real,0.0
964.4565223483254,0.0,0.0,0.0,7.4310596421857,real,0.0
964.6412097920296,9.0,1.7631689654346296,0.2015302127491781,7.431069981102317,real,0.0
964.6412097920296,0.0,1.7510496804115216,0.2001449784710369,7.431069981102317,real,0.0
965.3939510398524,536.0,7.517935053593606,0.8592999766257491,7.431249656251389,real,0.0
965.4834964671028,0.0,3.544152961640396,0.4050966835154972,7.431259732516834,real,0.0
965.5833023078924,0.0,3.394055286817932,0.3879405192832896,7.431270487719529,real,0.0
966.5020757020756,558.0,8.084637825599923,0.9240741034660712,7.43150632513634,real,0.0
966.596284953662,17.0,3.615791001006448,0.413284911415037,7.43151714048695,real,0.0
967.44696651254,535.0,9.056214956278678,1.035125369502653,7.431761741059994,real,0.0
979.6456654456651,520.0,320.14653649127405,36.59274912095263,7.555757277077183,real,0.3
979.8415460677754,527.0,319.2954925182519,36.49547479483619,7.557743042718021,real,0.3
980.556043956044,523.0,329.5631692751903,37.669070248154256,7.565219284702839,real,0.3
980.767781580896,541.0,329.8040592163017,37.69660396842328,7.56743644842208,real,0.3
980.9552673192017,531.0,321.9235778361679,36.795864946674,7.569352753951556,real,0.3
981.4701535258912,520.0,329.1978021648721,37.62730878744488,7.574734360143085,real,0.3
981.8880321863928,523.0,329.59102887406976,37.672254600306175,7.579107257723765,real,0.3
981.9533257270962,539.0,329.9450421896132,37.71271832227279,7.579791256865103,real,0.3
982.0092916191276,544.0,330.16819984057145,37.73822524177732,7.58037793837603,real,0.3
982.405716687684,543.0,328.8005514607925,37.58190303196859,7.584516385177677,real,0.3
982.8860905942872,536.0,328.7162984008581,37.57227290721808,7.589529923932234,real,0.09533289097063774
982.913140775436,496.0,330.01027034338193,37.72017390024856,7.589813351025834,real,0.08121423367154551
982.913140775436,525.0,329.5017469886145,37.66204968079864,7.589813351025834,real,0.08121423367154551
982.9224684241076,531.0,331.40586946642753,37.87969088001267,7.589911497817033,real,0.07632654576762593
983.3384815548752,528.0,321.3924484724941,36.73515686040608,7.594156583265571,real,0.15177336616013268
983.563277887868,529.0,321.35251747341573,36.73059274721142,7.596450167309524,real,0.030081388738765216
983.7554274505092,529.0,333.3481681799484,38.1016956229681,7.598483840684478,real,0.0
983.85150223183,515.0,333.56949717555904,38.1269935271664,7.599501352508239,real,0.0
983.939182129346,534.0,332.29518755204697,37.98133993719897,7.600426408061909,real,0.0
984.0380552052684,534.0,335.7346669406341,38.37447243131448,7.601480353096961,real,0.0
984.2675153625972,535.0,324.5955813283573,37.10127494583124,7.603845148759786,real,0.0
984.7516203286694,534.0,321.56606263490505,36.75500095916965,7.608787726118765,real,0.0
984.7516203286694,537.0,324.5797053509613,37.09946032161488,7.608787726118765,real,0.0
984.7824015692868,524.0,328.4160046866233,37.53794933568105,7.60910868852176,real,0.0
984.9633579535216,529.0,331.2948937084139,37.867006350871705,7.611012098674831,real,0.0
984.9633579535216,527.0,330.99374955924566,37.83258557462178,7.611012098674831,real,0.0
985.06036549971,529.0,331.419594350631,37.88125963427712,7.6120328675758415,real,0.0
985.2086751135928,538.0,302.89110277787347,34.620453047510935,7.613459130360267,real,0.0
985.6750575471884,534.0,302.0499123344723,34.524304979830184,7.617931777408791,real,0.0
985.7291579094856,549.0,327.77186413766566,37.464324070935184,7.618494786715862,real,0.0
985.8028463339938,550.0,321.6815583773987,36.76820212253667,7.61924739529542,real,0.0
985.804711863728,490.0,316.7908824239911,36.20919786106218,7.619266158999661,real,0.0
985.804711863728,529.0,315.32103398392405,36.04119418436252,7.619266158999661,real,0.0
985.9903320722992,540.0,328.28547300868104,37.52302956489224,7.621200890270232,real,0.0
986.0882723833544,523.0,327.8195937045569,37.46977956043086,7.622220279677264,real,0.0
986.1405072159172,520.0,300.06429745656806,34.297349199285726,7.622717923091922,real,0.0
986.3615724894414,524.0,300.5297196248266,34.35054695311768,7.624827287830228,real,0.0
986.7365439660524,524.0,297.4238517088596,33.995546250322654,7.62836822121236,real,0.0
986.7374767309192,534.0,314.54724959042863,35.952750628186,7.628377536618655,real,0.0
986.740275025521,512.0,310.6520873979205,35.50753358958232,7.628405136768533,real,0.0
986.83355151224,517.0,318.15743971847013,36.365395359821136,7.629347369078897,real,0.0
986.9230969394904,531.0,324.67016469379075,37.109799824500286,7.630270428212359,real,0.0
986.925895234092,534.0,324.21085917504627,37.05730120370779,7.63029923300289,real,0.0
987.0303648992171,534.0,324.73872249220227,37.11763598085872,7.631376362725432,real,0.0
987.0658099641704,520.0,286.1452307934476,32.706399879691055,7.631698385077689,real,0.0
987.4827558598048,518.0,293.8083054443304,33.58228931228697,7.635587828881792,real,0.0
987.5405872815708,523.0,283.0191685259901,32.34909096252067,7.636107493860456,real,0.0
987.6749054224464,530.0,295.3101260070246,33.75394740260291,7.637366873711105,real,0.0
987.8577273364158,508.0,311.7128946074416,35.62878385363058,7.63917624106014,real,0.0
987.8577273364158,543.0,301.86781543260827,34.50349130394712,7.63917624106014,real,0.0
987.8614583958844,526.0,313.147458254108,35.79275447844454,7.639213336864447,real,0.0
987.9528693528692,515.0,320.95054997518946,36.68464786216416,7.640144830966594,real,0.0
987.9649952961424,511.0,321.5986521627648,36.758725942204016,7.640268646029254,real,0.0
988.0032386556976,538.0,283.955765137976,32.456143955270655,7.640613432691213,real,0.0
988.228967753558,533.0,283.4911411324263,32.40303743143633,7.642645185026583,real,0.0
988.5143938029184,532.0,283.74102297186056,32.43159892568366,7.645216524792084,real,0.0
988.6953501871536,523.0,295.6678318095449,33.79483317583098,7.646915244463563,real,0.0
988.6953501871536,537.0,291.7297695541555,33.344712660039974,7.646915244463563,real,0.0
988.7876939090052,524.0,312.95099604813225,35.770298848301515,7.647832789610063,real,0.0
988.7904922036068,550.0,301.5744403442952,34.469958531352944,7.64785958324864,real,0.0
988.9257431093496,526.0,274.4411927025827,31.368628325905203,7.649038093080025,real,0.0
988.9770451770448,535.0,322.2016943553839,36.82765366482038,7.649562908297073,real,0.0
989.069388898897,528.0,314.4830958319484,35.9454178535917,7.650484945427109,real,0.0
989.1607998558816,510.0,277.69929836447744,31.74102980305977,7.651290911513213,real,0.0
989.4406293160392,508.0,289.7649529691409,33.12013412437281,7.653865352972204,real,0.0
989.5385696270944,522.0,297.62093086259097,34.018072397594146,7.654790836470013,real,0.0
989.5404351568286,539.0,292.50718652487274,33.433571419792955,7.654808161837127,real,0.0
989.7213915410636,536.0,319.6166918675511,36.53218788046109,7.65664447645575,real,0.0
989.8183990872514,537.0,303.4981532273437,34.68983891388539,7.657579247608718,real,0.0
989.8585079765406,518.0,269.5629645213869,30.811046844794525,7.657922524516158,real,0.0
989.9088772793692,544.0,302.8159025023083,34.61185765601384,7.658406795388306,real,0.0
990.002153766088,518.0,319.0600587238383,36.46856471213472,7.659351700830537,real,0.0
990.0991613122758,530.0,270.20469372322026,30.884396492564075,7.660183928474767,real,0.0
990.3295542344724,528.0,281.3457442927292,32.15781857265895,7.662241965639328,real,0.0
990.377125242699,526.0,289.719026988444,33.11488478477915,7.662679551321696,real,0.0
990.6550891731216,541.0,292.00730249023013,33.3764346746333,7.665256619367712,real,0.0007633759682438312
990.7511639544424,521.0,294.76317103088445,33.69143044883009,7.666155757371254,real,0.04995677055165716
990.7548950139116,515.0,317.31058890374084,36.268600311697575,7.666193346344762,real,0.05302370143529813
990.756760543646,528.0,300.390670871224,34.33465368058091,7.6662111386551395,real,0.054557166877025165
990.7978021978022,524.0,266.914732541665,30.508353929512307,7.666558947908154,real,0.08829340659343124
990.9339858684124,562.0,298.1586273426647,34.079531105266575,7.667848135585539,real,0.19879260994035786
991.026329590264,535.0,267.4441741552507,30.56886910594516,7.668632258681661,real,0.2724003763085999
991.2184791529054,524.0,266.5102918943757,30.46212636352714,7.670258170975517,real,0.42243982265455904
991.3061590504212,517.0,274.14386433155164,31.33464369309635,7.6710213427387695,real,0.42926282751929656
991.3117556396244,509.0,282.2075380004349,32.25632159344971,7.67107148867798,real,0.3777070477799411
991.4936447887268,518.0,288.770512203741,33.0064695448876,7.672739132750312,real,0.14019041013632905
991.729634300126,529.0,257.9455884449686,29.48318075925992,7.6746718331452755,real,0.33445573770482356
991.7744070137512,542.0,292.0615580415732,33.38263608415181,7.675087008480124,real,0.3715601933585222
991.8667507356032,530.0,301.78687631103503,34.4942399623513,7.675971821396953,real,0.4474350987810025
991.8667507356032,539.0,302.0225811903547,34.52118103005754,7.675971821396953,real,0.4474350987810025
991.8686162653376,525.0,257.6877777282231,29.453712994335906,7.675987084390669,real,0.44895363998476134
992.1428491362916,531.0,269.3191142419552,30.78317475785548,7.678332017277038,real,0.5
992.2389239176124,523.0,269.61624990328784,30.8171373639458,7.679154447758475,real,0.5
992.3331331691988,545.0,275.6536462709183,31.50721176876596,7.679978967436338,real,0.5
992.4310734802536,526.0,285.3111662677192,32.6110663044003,7.680866172430138,real,0.5
992.618559218559,527.0,292.2492929350462,33.40409418247578,7.682605836669089,real,0.5
992.6194919834264,506.0,293.30817421226374,33.52512431246174,7.682614523074126,real,0.5
992.6698612862548,526.0,251.20448975728615,28.71267317925781,7.683016255665898,real,0.5
992.7995156027944,536.0,306.5712707398385,35.04109624556354,7.684278263828265,real,0.5
993.0830761224202,517.0,270.7137972980239,30.94258703116413,7.68671551273302,real,0.5
993.1185211873734,520.0,251.17669532801037,28.709496275991583,7.68699818216643,real,0.5
993.1185211873734,536.0,260.309776846186,29.75340749351906,7.68699818216643,real,0.5
993.2649652715226,513.0,272.3157262859161,31.125687514480216,7.688264341277978,real,0.5
993.3582417582415,539.0,275.5913539874828,31.500091760769283,7.689080512914304,real,0.5
993.453383774695,523.0,283.7666585692863,32.434529074469424,7.689937703608431,real,0.5
993.5475930262814,524.0,248.584549703254,28.413214031081928,7.690681255727608,real,0.5
993.5979623291098,517.0,259.7853069876812,29.693460588691966,7.691096710979945,real,0.5
993.6446005724696,532.0,293.95975086966524,33.599599524402734,7.691531996063113,real,0.5
993.8255569567044,553.0,294.4333356589015,33.65373026581244,7.6932236231033695,real,0.5
994.0512860545646,536.0,262.89227120693795,30.04858659895301,7.695107745421412,real,0.5
994.1044536519946,519.0,260.25998061947297,29.747715784805763,7.695547082803998,real,0.5
994.1044536519946,539.0,269.2416620849904,30.7743219763144,7.695547082803998,real,0.5
994.1967973738464,525.0,255.1829171236633,29.167407427234718,7.696295256959162,real,0.5
994.2014611981824,542.0,275.9557889615472,31.54174667830485,7.696336119505208,real,0.5
994.3852158770192,536.0,276.7089071106541,31.62782808274776,7.697950497669555,real,0.5
994.5717688504571,499.0,285.5456491264434,32.63786769515248,7.699641800798779,real,0.5
994.574567145059,518.0,296.01248542446666,33.83422708401654,7.699668100280725,real,0.5
994.7536579995596,537.0,253.44966854298852,28.96929711446359,7.7011092492180895,real,0.5
994.941143737865,530.0,262.7759647893173,30.035292775418966,7.702673468396206,real,0.5
995.1332933005064,518.0,256.6641338323078,29.33671049703278,7.704239311754913,real,0.5
995.1360915951078,522.0,259.2562759614423,29.632992342392857,7.70426234560005,real,0.5
995.2237714926238,509.0,268.68285843081253,30.710450718641876,7.705010314814405,real,0.5
995.3179807442102,527.0,277.49601419997725,31.7177944230574,7.705840345279563,real,0.5
995.3189135090772,550.0,277.57558992063343,31.726889927928404,7.705848565759637,real,0.5
995.4690886526952,536.0,249.43948250084745,28.51093284984686,7.707037908380583,real,0.5
995.5978102043678,550.0,286.610294326975,32.75955664157324,7.708209258648086,real,0.5
995.6892211613524,537.0,249.13238867416288,28.475832025456818,7.708932315052636,real,0.5
995.8739086050562,538.0,260.12469119796754,29.73225220392769,7.710457641067942,real,0.5
995.9634540323063,548.0,254.0367033446464,29.03639519229308,7.711179884516081,real,0.5
996.1649312436195,532.0,265.9748406933168,30.40092429124611,7.712881299362621,real,0.5
996.249812846534,526.0,259.93137117551004,29.7101557253608,7.713581812040622,real,0.5
996.2507456114012,538.0,259.1801878102532,29.62429546671194,7.71358948773563,real,0.5
996.351484217058,543.0,276.7627625232578,31.63398375640837,7.714474699795351,real,0.5
996.3552152765268,523.0,277.34834529509834,31.700915867229742,7.714507554795993,real,0.5
996.425172641566,521.0,250.43423377926155,28.6246329209696,7.715063805877762,real,0.5
996.8962188994976,529.0,250.2464459330312,28.603168770145466,7.718806421326141,real,0.5
996.9018154887004,536.0,260.17954443389,29.73852192879362,7.718852653073568,real,0.5
996.9950919754197,514.0,253.9910137049187,29.031172866472204,7.719604854687545,real,0.5
996.9950919754197,547.0,264.35327425457047,30.21557924729741,7.719604854687545,real,0.5
996.9950919754197,536.0,251.15781836014077,28.707338638564085,7.719604854687545,real,0.5
997.2758542004444,525.0,266.860527007246,30.502158236928214,7.721983702969395,real,0.5
997.2758542004444,522.0,256.00808146183624,29.26172371108788,7.721983702969395,real,0.5
997.287980143718,519.0,278.6547078204478,31.850233103877187,7.722090984669357,real,0.5
997.35700474389,555.0,278.75410079735434,31.8615937211376,7.722701882938093,real,0.5
997.4586761144138,530.0,278.5225957604928,31.835132695424324,7.723600972263634,real,0.5
997.8317820612904,519.0,254.27276204016087,29.063376701190386,7.726613116342392,real,0.5
997.9306551372124,537.0,254.46340466239008,29.085167152911183,7.727411932992424,real,0.5
997.933453431814,536.0,254.80888201545991,29.124655214367067,7.727434571705052,real,0.5
998.0388558618066,526.0,258.8228763282169,29.583454764315192,7.728300729488311,real,0.5
998.1134770511818,536.0,267.5416652978384,30.58001234354293,7.728934595291695,real,0.5
998.115342580916,520.0,261.088857181235,29.84245637581516,7.728950059733282,real,0.5
998.220745010909,523.0,268.34056436529426,30.67132650695313,7.729848068717987,real,0.5
998.2869713164796,508.0,273.2640426972444,31.234080080295037,7.730422656976768,real,0.5
998.4921795872614,515.0,273.2533671717319,31.23285986772896,7.732203001744832,real,0.5
998.7710762825516,546.0,276.3847202333698,31.59077352267417,7.734650380171812,real,0.5
998.952965431654,544.0,259.2092055882975,29.6276121987424,7.736147308275358,real,0.5
999.0471746832404,529.0,250.9465024017441,28.683185224519352,7.736897925334557,real,0.5
999.0481074481072,526.0,256.52442564851646,29.32074185162543,7.73690552237841,real,0.5
999.0481074481072,545.0,250.4250370792202,28.62358173815487,7.73690552237841,real,0.5
999.1469805240296,526.0,264.9786937702516,30.287064697939755,7.737737348836006,real,0.5
999.2244000080068,529.0,297.347592314529,33.98682980155066,7.738468249620798,real,0.5
999.231862126944,527.0,252.87607766155736,28.903735676716007,7.738528161596728,real,0.5
999.6991773254068,526.0,271.1419761769349,30.99152787702366,7.742551164930207,real,0.5
999.7038411497424,539.0,270.7625745483206,30.94816227087304,7.742591258483634,real,0.5
999.792453812126,530.0,259.44022329356824,29.654017522454847,7.743321181106698,real,0.5
999.9799395504314,535.0,245.6323036530666,28.075772307545517,7.744783349689913,real,0.5
1000.0732160371504,538.0,245.17224261507096,28.02318733090261,7.745509434262384,real,0.5
1000.1664925238696,532.0,250.83250944146496,28.670155829159444,7.746252281876116,real,0.5
1000.1702235833382,518.0,260.7652511872498,29.805468210702653,7.746283172424557,real,0.5
1000.73081526852,514.0,273.57110038961247,31.269176774532703,7.751152405897415,real,0.5
1000.8240917552392,529.0,266.6664273182895,30.47997264248049,7.751942146109466,real,0.5
1000.9108388878882,526.0,243.7241923854798,27.85767518966034,7.752613416510847,real,0.5
1000.9136371824894,529.0,245.52458894662036,28.063460516598703,7.75263523035253,real,0.5
1001.0087791989432,528.0,266.5983201165625,30.47218798932309,7.753440559633381,real,0.5
1001.0973918613262,554.0,253.82634261483653,29.01235096087581,7.754154687872445,real,0.5
1001.6607818411098,515.0,283.5765949430577,32.4128048019915,7.759227201606369,real,0.5
1001.8454692848136,508.0,269.9672736392057,30.85725937696121,7.760810242815823,real,0.5
1001.9471406553372,531.0,272.57230127199364,31.155014035388877,7.761690124197951,real,0.5
1002.1225004503692,524.0,249.7783414914999,28.54966443247844,7.763080808448816,real,0.5
1002.1252987449708,531.0,249.28467879399545,28.493238786153675,7.763102956358891,real,0.5
1002.7782341520046,534.0,290.2137496953014,33.17143159017294,7.769119290299788,real,0.5
1002.8827038171302,541.0,277.08917895697,31.671293154781672,7.770038370685891,real,0.5
1002.9638543605756,513.0,271.2615376694075,31.00519375561328,7.77073728410892,real,0.5
1003.0580636121616,522.0,250.30479807694093,28.609838420194347,7.771485981738243,real,0.5
1003.7109990191958,532.0,294.24749023156613,33.63248813346801,7.777585937940741,real,0.5
1003.989895714486,536.0,271.70386028624483,31.05575123071778,7.779991867492963,real,0.5
1004.0831722012048,550.0,275.98704802495143,31.545319589251942,7.780809210988439,real,0.5
1004.7473007866448,538.0,296.35751328253383,33.873663768193616,7.787058229989006,real,0.5
1004.7482335515124,527.0,268.6274959854625,30.70412279113836,7.787066185468735,real,0.5
1005.855425448868,519.0,296.2043040378816,33.85615195152986,7.797478756889951,real,0.5
1017.8377229328048,522.0,274.1334977987481,31.333458798396908,7.901769541479692,real,0.4992473248063424
1018.771420564863,522.0,272.75840119801114,31.17628525693268,7.909855436957682,real,0.4636146540163021
1018.9934186032548,535.0,272.1405442887352,31.10566421220244,7.9117736026348995,real,0.45839213955443314
1019.1883664604976,531.0,272.10785772137854,31.101928137553564,7.913457839925603,real,0.45712326707900486
1019.7079164915232,515.0,270.9031423456453,30.96422917010725,7.91792658054394,real,0.4571
1019.9261834704458,524.0,269.7283072337465,30.829945516817222,7.919795791396248,real,0.4571
1019.9373766488518,537.0,271.8820501800063,31.07611833557472,7.919892413767552,real,0.4571
1020.2172061090092,532.0,271.00418351660875,30.97577817594838,7.922300173568923,real,0.4571
1020.3104825957284,534.0,270.67464653411565,30.93811209884942,7.923101784236228,real,0.4571
1020.6360175343782,532.0,259.57921095682144,29.66990381236469,7.9257847259910355,real,0.4571
1020.8720070457772,544.0,259.14938297013043,29.62077447348591,7.927726446017496,real,0.4571
1021.1471726815988,530.0,270.5040370424666,30.91861143395393,7.930089706954702,real,0.4571
1021.4279349066232,524.0,271.47124195759096,31.029162955752646,7.932509656074731,real,0.4571
1021.5743789907724,519.0,271.1591364572188,30.99348929706011,7.93377043750659,real,0.4571
1021.791713204828,530.0,269.89779936069635,30.849318466927592,7.935632829835248,real,0.4571
1021.7991753237652,504.0,271.1978616053124,30.997915581487213,7.935697082649935,real,0.4571
1021.9866610620708,526.0,261.45186982108424,29.88394872054993,7.9372534199247555,real,0.4571
1022.07993754879,526.0,270.7215497514036,30.94347313658543,7.938055169497274,real,0.4571
1022.265557757361,514.0,270.5749805037793,30.92672027158197,7.939649787349283,real,0.4571
1022.2664905222284,519.0,270.77431221421625,30.94950388608492,7.939657806407585,real,0.4571
1022.4642366740728,536.0,262.0106757684787,29.94782024033712,7.941302824798878,real,0.4571
1022.5006145038932,530.0,261.6503094250251,29.906630367280368,7.941605029884989,real,0.4571
1022.5808322824716,529.0,261.42028256328564,29.88033829698355,7.942270844985367,real,0.4571
1022.9166276346602,531.0,271.3704692829587,31.01764463904218,7.945164061903597,real,0.4571
1023.0127024159808,529.0,264.36794986858695,30.217256669979488,7.9459704831054525,real,0.4571
1023.0155007105826,540.0,267.26584851343813,30.548486485085977,7.945994228567903,real,0.4571
1023.2934646410054,529.0,271.20956798714104,30.99925362093022,7.948387749228082,real,0.4571
1023.3923377169278,513.0,270.5695332562115,30.92609765118497,7.949237126561708,real,0.4571
1023.6749654716866,544.0,261.1022799343005,29.84399059649055,7.95158010991041,real,0.4571
1023.851258031586,532.0,269.07719853736165,30.755523792820437,7.953086212693877,real,0.4571
1024.0387437698914,522.0,267.1887024411588,30.53966868902445,7.954676699452701,real,0.4571
1024.1348185512118,515.0,266.9414478398604,30.511407488096044,7.955490970786644,real,0.4571
1024.2318260974,532.0,273.1042665283066,31.21581766418544,7.956332129084939,real,0.4571
1024.3213715246502,527.0,272.3144977091152,31.125547088151865,7.957106337532829,real,0.4564153125562952
1024.3773374166817,544.0,250.2581270271792,28.604503919206586,7.95755102547115,real,0.45546260133309274
1024.4967313196823,525.0,260.9807613661239,29.83010102414796,7.958540339967866,real,0.4551
1024.784022898777,520.0,259.9002547083616,29.706599113165723,7.9609110221258526,real,0.4551
1024.7868211933785,537.0,258.31785463606786,29.52573078490256,7.960933972596146,real,0.4551
1024.8884925639022,537.0,264.2238509841084,30.200786167483592,7.961786904629631,real,0.4551
1024.9771052262856,530.0,268.5352835001456,30.69358290406664,7.962542415768302,real,0.4551
1025.149666726716,535.0,247.4803160593837,28.28700012558756,7.963898317763951,real,0.4551
1025.1589943753877,528.0,260.1620637093814,29.736523881982297,7.963975365499365,real,0.4551
1025.3240937568803,530.0,254.4178809425674,29.07996379173545,7.965308999953769,real,0.45461087491743557
1025.350211173162,540.0,270.62339820786934,30.932254415159463,7.965533408444071,real,0.4542974659220543
1025.4434876598812,534.0,271.39196278251563,31.02010134604154,7.966337143463857,real,0.4536130246802378
1025.725182649773,526.0,260.7729806077246,29.806351683462925,7.968669449001686,real,0.4536
1025.8072659580855,542.0,249.3714153545139,28.50315277502094,7.969319347078661,real,0.4536
1025.9966172261254,549.0,261.23107312477146,29.85871165816138,7.970889842888248,real,0.4536
1025.9966172261254,504.0,254.5889975781356,29.0995224231809,7.970889842888248,real,0.4536
1026.0059448747977,511.0,266.8723625873642,30.503511043735724,7.97096887789777,real,0.4536
1026.082431593907,522.0,251.04679518627103,28.694648689790775,7.971578533323959,real,0.4536
1026.0917592425787,528.0,255.8981837533245,29.24916240300499,7.971654318299193,real,0.4536
1026.2615224484075,527.0,252.31771704623915,28.83991505838513,7.973014306198123,real,0.4536
1026.2773794511495,538.0,270.85212588348674,30.95839798848253,7.973150669365287,real,0.4536
1026.648619868292,531.0,250.2300401787568,28.601293592431905,7.976100101633082,real,0.4536
1026.648619868292,517.0,254.99247750768905,29.14564017912885,7.976100101633082,real,0.4536
1026.8342400768631,522.0,258.6778800877019,29.566881694024328,7.977624604618317,real,0.4536
1027.0235913449028,527.0,262.0466716443548,29.951934568949756,7.979200003726892,real,0.4536
1027.0235913449028,531.0,253.79543230181204,29.008817912097115,7.979200003726892,real,0.4536
1027.033851758442,529.0,271.44309250165344,31.025945472938982,7.979288431235501,real,0.4536
1027.1289937748952,523.0,258.2954524223687,29.523170211876742,7.980068679553849,real,0.4536
1027.1896234912626,523.0,258.9789731252699,29.601296628218343,7.98056721239237,real,0.4536
1027.2017494345362,531.0,254.62377610557215,29.1034976088669,7.980665242214888,real,0.4536
1027.3938989971775,537.0,258.3664555155108,29.53128586542288,7.982241471010243,real,0.4536
1027.7679377089212,522.0,253.18608010472076,28.939168955969578,7.985248240308916,real,0.4536
1027.7688704737884,519.0,251.50221471592647,28.746703142030395,7.985255688618566,real,0.4536
1027.7744670629916,534.0,258.9322084417101,29.59595142488746,7.985301698724733,real,0.4536
1027.8612141956403,528.0,252.765131722756,28.89105455591101,7.985997869875269,real,0.4536
1027.9535579174922,536.0,250.58524924750847,28.64189398899022,7.986732564067442,real,0.4536
1028.048699933946,519.0,258.75041210344165,29.57517210342338,7.9875141867093555,real,0.4536
1028.1242538881882,510.0,300.11862877941127,34.303559269486705,7.988234122694742,real,0.4536
1028.147573009868,523.0,265.8655042286126,30.388427133330424,7.988430964758625,real,0.4536
1028.3266638643688,520.0,299.3141488825704,34.211607217277795,7.9901329053059555,real,0.4536
1028.7007025761122,527.0,261.3482749737065,29.87210782949465,7.9932366066197345,real,0.4536
1028.7044336355814,522.0,252.86136482679112,28.902053999702225,7.993266560864805,real,0.4536
1028.7939790628316,535.0,251.34015713196771,28.728179960183912,7.993981137850542,real,0.4536
1028.7949118276986,525.0,256.1609311806847,29.279194433952263,7.993988724129404,real,0.4536
1028.8863227846832,530.0,245.41483345118607,28.050915463470567,7.994700991081296,real,0.4536
1028.9842630957385,530.0,247.11886668550704,28.24568646215345,7.995469433114094,real,0.4536
1028.9935907444103,530.0,252.46072693718077,28.85626108891976,7.995544200076712,real,0.4536
1029.055153225645,528.0,262.4306805234562,29.99582678383104,7.996057149388793,real,0.4536
1029.2650253207628,533.0,262.1134917557059,29.959572107677182,7.997803726657424,real,0.4536
1029.4590404131386,520.0,291.6818348689341,33.33923372551917,7.999600480688256,real,0.4536
1029.7267439300228,542.0,264.8390670763281,30.271105366824308,8.00185150329011,real,0.4536
1029.8209531816087,526.0,249.5687485666932,28.525707961173037,8.002597999289549,real,0.4536
1029.8293480654136,515.0,243.44043657822945,27.825241900891623,8.002662885309714,real,0.4536
1029.9170279629295,530.0,249.88028840559804,28.56131696475985,8.003358511238712,real,0.4536
1029.9170279629295,519.0,249.2881760853983,28.493638526561025,8.003358511238712,real,0.4536
1029.9179607277968,535.0,255.732766528508,29.230255214208466,8.003366084837358,real,0.4536
1029.9925819171722,550.0,281.5342988686337,32.17937036068483,8.00403310230671,real,0.4536
1030.4720230589085,520.0,267.2799775135724,30.550101429801323,8.00810170661495,real,0.4536
1030.5662323104943,531.0,278.6422293263862,31.84880681200594,8.0089351655743,real,0.4536
1030.5708961348305,510.0,290.7841102415327,33.236623800607184,8.008978223845116,real,0.4536
1030.7462559298624,533.0,286.30742570607765,32.72493875820467,8.010572290109858,real,0.4536
1030.7537180487998,519.0,255.80498138512377,29.238509372319648,8.010632896008326,real,0.4536
1030.9272123140977,522.0,283.5738158092406,32.4124871469962,8.012194946187225,real,0.4536
1030.9402710222382,517.0,252.28376438605287,28.83603426932585,8.012299546563742,real,0.4536
1031.03261474409,535.0,252.5533680256225,28.86684996532865,8.013040011109279,real,0.4536
1031.124958465942,538.0,286.056009522126,32.696201888379,8.013878702490613,real,0.4536
1031.1258912308094,528.0,248.51737275414197,28.405535705798425,8.013886062403321,real,0.4536
1031.3105786745132,519.0,285.1548011743689,32.593193774230365,8.015558160636738,real,0.4536
1031.4075862207008,544.0,273.14401674555245,31.220361114016647,8.016399441365282,real,0.4536
1031.5969374887409,520.0,283.37341588550834,32.3895814357136,8.01810305478643,real,0.4536
1031.7825576973116,506.0,285.43838006701094,32.62560684165935,8.019785269216069,real,0.4536
1031.8441201785463,533.0,288.5745376807515,32.984069656909895,8.020349319540875,real,0.4536
1031.8702375948276,517.0,256.2303441755407,29.287128339264303,8.02056179290824,real,0.4536
1031.872103124562,538.0,252.31232030919148,28.839298211340587,8.020576737510554,real,0.4536
1032.0567905682665,524.0,288.0794954176202,32.92748632623399,8.02226598564311,real,0.4536
1032.0586560980005,534.0,250.19103223083172,28.59683498398407,8.022280804600323,real,0.4536
1032.2759903120557,542.0,281.10385065192327,32.13017012951483,8.02422052273159,real,0.45344801937588863
1032.3403510878918,516.0,282.3040375491672,32.26735149186981,8.024797398224976,real,0.4533192978242162
1032.5278368261972,522.0,273.131927598246,31.218979324479523,8.026423263054918,real,0.4525886526952109
1032.6183150183151,527.0,274.168514534452,31.33746121128786,8.027210862176018,real,0.45212673992673946
1032.6220460777838,543.0,292.4242960034458,33.42409703319386,8.02724550309094,real,0.4521118156888647
1032.760095278128,521.0,306.7804131755554,35.06500122596598,8.028590140696306,real,0.4512394283312326
1032.8981444784722,522.0,254.6899098006429,29.111056690213484,8.029706462389987,real,0.450214844172223
1032.9876899057224,533.0,307.54440313149206,35.15232527792954,8.0305808318305,real,0.449498480754221
1032.9914209651915,522.0,247.1525590727313,28.249537502013187,8.030610109803943,real,0.4494686322784678
1033.1761084088953,530.0,282.47921632835374,32.287374426330835,8.032266518872472,real,0.4477389159110478
1033.185436057567,512.0,278.1594846976429,31.79362910094058,8.03234889659532,real,0.44764563942433155
1033.2833763686222,550.0,276.5141757001051,31.605570282522013,8.03320874642436,real,0.44679974178826687
1033.5510798855062,515.0,269.6961359183788,30.826268335470694,8.035501052103754,real,0.44499136091595026
1033.690994615585,525.0,292.35090211529854,33.41570811177862,8.036799760376212,real,0.44387204307532085
1033.7367000940772,528.0,264.0853601934416,30.18495667011037,8.037182987567288,real,0.4435063992473829
1033.8309093456633,515.0,251.5112702982804,28.747738195093447,8.037935293928442,real,0.4426909065433667
1033.8309093456633,547.0,293.0027767241602,33.49021737957151,8.037935293928442,real,0.4426909065433667
1033.921387537781,548.0,295.0703881072004,33.726545360653006,8.038782937498054,real,0.4418861246221917
1034.1172681598912,536.0,287.7984998073835,32.89536852798393,8.040572816734667,real,0.4400273184010879
1034.301022838728,532.0,279.23381579907755,31.91642514583457,8.042201925749191,real,0.43798977161272024
1034.3942993254468,518.0,277.92407938467625,31.766722273668496,8.043025005818153,real,0.43696840809463916
1034.4773153986268,534.0,304.0583721924925,34.75387194160189,8.043826430811595,real,0.4362814768109854
1034.4838447526972,521.0,276.3574124872135,31.5876522472885,8.04388372163542,real,0.43622924197842233
1034.5789867691506,541.0,261.5568361613738,29.895946373245025,8.044673821808123,real,0.4355260793850962
1034.6274905422447,518.0,294.33945257801224,33.6429994296668,8.045127103033273,real,0.4351800756620426
1034.8560179347064,527.0,293.56876474789726,33.554909810684656,8.047257163045307,real,0.43313982065293516
1035.0388398486757,522.0,293.46472769994904,33.54301837610417,8.048960607161925,real,0.4312339218158911
1035.0397726135432,518.0,302.4453327880788,34.569501537677404,8.048969564166514,real,0.43122272863748157
1035.1433095138011,535.0,292.1224788875769,33.38959933685004,8.049929857393236,real,0.4300802858343874
1035.2375187653877,533.0,279.7970499763561,31.980802812297505,8.050766770587146,real,0.428949774815348
1035.316803779099,540.0,291.5883203628147,33.32854501746972,8.051500785628448,real,0.42789835465081105
1035.5117516363416,510.0,276.521385920205,31.60639441067943,8.053212340868873,real,0.42508847054585075
1035.5201465201465,539.0,276.7812383063739,31.63609553841853,8.053286113465008,real,0.4249373626373635
1035.549994995897,553.0,287.3705853597111,32.84645790661497,8.05355845143787,real,0.42440009007385504
1035.699237374647,523.0,260.0492178381163,29.723625598896696,8.0547906804905,real,0.4214152525070598
1036.0630156728516,547.0,287.34637430318674,32.843690582854244,8.058109519897997,real,0.4113574671230425
1036.0667467323206,514.0,292.1524171569493,33.39302128103931,8.058144128605843,real,0.41123061110109915
1036.0667467323206,525.0,291.8406063269177,33.35738130316669,8.058144128605843,real,0.41123061110109915
1036.1590904541722,525.0,296.76686878692624,33.92045310234567,8.059014223296499,real,0.4080727436498037
1036.16655257311,538.0,292.63491774995765,33.44817109882016,8.05908355502733,real,0.40780410736804135
1036.255165235493,520.0,278.04755384655215,31.780835404660916,8.05986582848232,real,0.40459339058028
1036.444516503533,522.0,273.37627283102137,31.246907984585743,8.061509340051543,real,0.3968412738445548
1036.4995496306972,534.0,284.04727674502254,32.46660373195608,8.062005656365924,real,0.3944198162493243
1036.5396585199862,528.0,273.5666508166577,31.268668188343977,8.062354031796641,real,0.39257570808063164
1036.7196821393543,534.0,280.52494813976864,32.06400157237555,8.063957442245108,real,0.3838158930322868
1036.9995115995118,530.0,279.7010601503397,31.969831175183828,8.066442470189298,real,0.36842832722831365
1037.0927880862307,533.0,282.51786247936445,32.29179168139136,8.067279154877603,real,0.3628327148261522
1037.1869973378173,524.0,289.4135908022653,33.07997342869892,8.068144832527388,real,0.3568321703796981
1037.1972577513563,530.0,291.52811988849584,33.321664103255074,8.068239803097807,real,0.35617550391319686
1037.2802738245362,519.0,285.2617001850599,32.605412331152344,8.068991684568957,real,0.35074137993153975
1037.376348605857,541.0,276.06597191996804,31.554340590452348,8.06983378911672,real,0.3441555975900141
1037.470557857443,522.0,269.3661990546783,30.78855655194973,8.070639502136213,real,0.33747871854921596
1037.838999979983,539.0,282.63307350650894,32.30496030179397,8.073945754397927,real,0.30890200164137915
1038.0236874236875,526.0,278.5984277423921,31.84380029095542,8.07557940719614,real,0.3
1038.0236874236875,530.0,279.15573012294686,31.907499953052824,8.07557940719614,real,0.3
1038.2195680457978,523.0,283.69688085162863,32.42655348134115,8.077343777604144,real,0.3
1038.2232991052665,518.0,293.6711253495304,33.56660962745132,8.077378566219888,real,0.3
1038.310046237915,511.0,286.7990263455564,32.78112871129709,8.078168474253411,real,0.3
1038.3212394163215,517.0,275.8675626070028,31.531662405980423,8.078266513009735,real,0.3
1038.8697051582296,525.0,280.2076950215311,32.027739540961,8.083145990212227,real,0.3
1038.9564522908786,530.0,283.925824439436,32.45272173342753,8.083927984811401,real,0.3
1039.1458035589185,538.0,281.21519307451507,32.14289656841707,8.085618623206875,real,0.3
1039.1467363237853,524.0,286.9784992129655,32.80164246004196,8.08562712215678,real,0.3
1039.2390800456374,519.0,288.0729995688637,32.92674385072112,8.086471727177793,real,0.3
1039.3323565323565,514.0,297.9232583535066,34.0526284298058,8.087354035384315,real,0.3
1039.988090233992,533.0,282.82676927983425,32.327099728685056,8.093242360042156,real,0.3
1039.989955763726,542.0,283.5452658353713,32.40922388498294,8.093259154589607,real,0.3
1040.077635661242,541.0,290.794947992844,33.23786255558207,8.094068680251418,real,0.3
1040.0785684261095,535.0,281.7921132903547,32.20883854908754,8.094077025605035,real,0.3
1040.3565323565322,534.0,289.2490877200018,33.061170726396206,8.096629751427113,real,0.3
1041.0150643527693,545.0,283.51978152356,32.40631102814291,8.10255769384157,real,0.3
1041.1074080746214,531.0,280.695887810903,32.08353997678621,8.103380669811472,real,0.3
1041.115802958426,534.0,288.47945660196865,32.973201889605015,8.103457560422175,real,0.3
1041.1969535018718,525.0,281.0090894477519,32.11933892387804,8.104181588702396,real,0.3
1042.0401729418124,514.0,275.7398742510761,31.517067626898,8.111563756511542,real,0.3
1042.1297183690629,521.0,280.6487946356553,32.0781572268554,8.11236165992662,real,0.3
1042.2229948557815,528.0,280.6566778944608,32.07905828333686,8.11319283266382,real,0.3
1043.1538941932386,529.0,276.26058698551026,31.57658509244382,8.12135800548096,real,0.3
1043.249036209692,547.0,281.0573162198967,32.12485124393419,8.122207011904742,real,0.3
1043.995248103445,529.0,273.78624676911375,31.2937680057097,8.128693617984244,real,0.3
1056.096006725515,540.0,275.8718316590508,31.532150358629504,8.234683323629964,real,0.3
1056.30028223143,524.0,274.8545545695237,31.41587558729656,8.236465960818673,real,0.3
1057.0241077683702,525.0,295.21585690938576,33.74317244474279,8.24325045246114,real,0.3
1057.3281891150743,515.0,296.3417666908824,33.87186393276786,8.246111508572266,real,0.3
1057.9447466922877,521.0,295.9495475982888,33.82703329048441,8.251904929041682,real,0.3
1058.1676774955465,533.0,295.8848833233221,33.81964216385571,8.253999217928769,real,0.3
1058.2534918633278,528.0,277.07991190285225,31.67023393049601,8.254754151568276,real,0.3
1058.5407834424227,537.0,297.482747741851,34.00227806689357,8.25746764272346,real,0.3
1058.634992694009,530.0,282.13344134857334,32.24785234614193,8.258311544399792,real,0.3
1058.864452851338,524.0,287.97227744945144,32.9152313124723,8.260409526109648,real,0.3
1059.1004423627376,549.0,285.793538357008,32.666201434206016,8.262550881919575,real,0.3
1059.477279369083,527.0,297.28941620690694,33.98018027244946,8.266107823422058,real,0.3
1059.477279369083,540.0,285.7121948945809,32.65690387645059,8.266107823422058,real,0.3
1059.8037470725997,524.0,287.1120550756291,32.8169078951444,8.269083840243463,real,0.3
1060.03600552453,535.0,287.25695529138534,32.833469989805344,8.271202132163278,real,0.3
1060.1096939490385,537.0,297.2913369672393,33.980399815355455,8.271897677198432,real,0.3
1060.4044476470704,530.0,294.75125953109324,33.69006896440396,8.27465608620238,real,0.3
1060.5937989151105,504.0,298.8786496418927,34.161829654068335,8.276452915581148,real,0.3
1060.5937989151105,528.0,293.1009594714831,33.50143966759052,8.276452915581148,real,0.3
1060.7374447046575,540.0,293.1226432220352,33.50391812027863,8.277789775795403,real,0.3
1061.0331311675573,533.0,287.268487438218,32.83478811418832,8.280486665339165,real,0.3
1061.0583158189716,532.0,292.62474044395844,33.44700783274445,8.280720651792809,real,0.3
1061.24486879241,511.0,287.22224356022474,32.82950243893369,8.282421885486277,real,0.3
1061.250465381613,521.0,293.347470038431,33.52961582539267,8.28247401089903,real,0.3
1061.3446746331992,532.0,285.93165244627403,32.68198787460912,8.283329273570702,real,0.3
1061.5265637823013,532.0,296.9935164384507,33.94635892891491,8.285044405332005,real,0.3
1061.665545747513,540.0,285.9768896956743,32.68715849221557,8.286306329088793,real,0.3
1061.7131167557395,527.0,293.69818378231554,33.56970240631867,8.286749924808055,real,0.3
1061.8978041994435,532.0,284.3641172992613,32.50281860730557,8.28841738660854,real,0.3
1061.9910806861626,528.0,289.5056741819989,33.09049855900248,8.28927476590003,real,0.3
1062.1813647190695,518.0,281.54386478797056,32.18046374526504,8.29097571823955,real,0.3
1062.369783222242,505.0,279.75639457766613,31.97615590022724,8.292649301415084,real,0.3
1062.457463119758,532.0,289.5837873617015,33.099426895442484,8.293455455403427,real,0.3
1062.4593286494924,530.0,282.62271110948734,32.3037758798144,8.293472195307436,real,0.3
1062.553537901079,522.0,278.58474505960663,31.84223636031304,8.294305482323088,real,0.3
1062.5544706659462,512.0,289.0861219490794,33.04254373877978,8.294314043690845,real,0.3
1062.6039072039073,534.0,279.9385898667429,31.996980821768712,8.294753438123355,real,0.3
1062.8305690666346,525.0,280.952932352597,32.112920167901834,8.29677531987415,real,0.3
1063.110398526792,534.0,285.089588126603,32.58573992287072,8.299308222655108,real,0.3
1063.2997497948318,547.0,283.50758445282605,32.404916902958014,8.301012642684634,real,0.3
1063.3920935166834,507.0,281.91737104859504,32.22315551085441,8.301839199937323,real,0.3
1063.3920935166834,521.0,282.75085238878216,32.3184224280378,8.301839199937323,real,0.3
1063.48630276827,526.0,281.47873527197754,32.17301944158703,8.302681143293675,real,0.3
1063.6709902119735,543.0,292.6174725960358,33.44617711772689,8.304397001336325,real,0.3
1063.760535639224,512.0,281.2876612838176,32.15117968474036,8.305196721092289,real,0.3
1063.764266698693,547.0,293.53149595871906,33.55064998808159,8.305231493167382,real,0.3
1063.8566104205447,529.0,282.64733102791354,32.30658993649052,8.306060190599347,real,0.3
1063.9582817910684,527.0,283.2781234402894,32.37868950922508,8.30697463108217,real,0.3
1064.0534238075222,526.0,286.90715116743735,32.79348737843809,8.307841308447653,real,0.3
1064.3239256190077,524.0,289.03162739726827,33.03631501150776,8.310323637074157,real,0.3
1064.4638403490865,538.0,284.37813800857424,32.504421174380035,8.311586927994986,real,0.3
1064.5104785924457,531.0,285.69980102939013,32.65548725765929,8.312009982039912,real,0.3
1064.5104785924457,517.0,284.8319783246974,32.556295122512914,8.312009982039912,real,0.3
1064.6037550791648,524.0,297.3304099855617,33.984865861349704,8.312890534509124,real,0.3
1064.6933005064152,520.0,285.4739174358032,32.6296687629123,8.313702156073129,real,0.3
1064.7884425228688,554.0,284.80367281674376,32.55305980295381,8.314562479337402,real,0.3
1065.072003042495,532.0,286.89030771951406,32.791562172340456,8.317145366117664,real,0.3
1065.0748013370962,534.0,285.0411509725465,32.58020355616207,8.31717069084203,real,0.3
1065.2566904861987,539.0,289.0237558489597,33.0354152935361,8.31883979739147,real,0.3
1065.4087311595508,514.0,280.98257998915494,32.11630889276041,8.320196182177481,real,0.3
1065.4432434596367,546.0,286.2942274828173,32.723430201286014,8.320509893522745,real,0.3
1065.5337216517546,503.0,285.5528418953927,32.638689828643386,8.321330196202965,real,0.3
1065.627930903341,520.0,279.29717273218995,31.92366684328931,8.322165614192187,real,0.3
1065.6969555035128,523.0,284.99698895152795,32.57515583715964,8.322790193944185,real,0.3088276346603887
1066.0952461018037,534.0,283.63703863417817,32.41971351588656,8.326376990358812,real,0.4317072759663876
1066.195051942593,530.0,283.3847300979511,32.39087465019581,8.327274989936136,real,0.4634265177445436
1066.292992253648,526.0,289.08506780023623,33.042423249567,8.328173930272545,real,0.4944715366600703
1066.3284373186011,528.0,285.0499286868795,32.58120684891033,8.328494719992825,real,0.4985768630276785
1066.4720831081486,518.0,285.7308975050247,32.65904158482432,8.32979786827458,real,0.5
1066.6017374246885,513.0,283.93039490120816,32.453244137208095,8.330966674715722,real,0.5
1066.6203927220322,535.0,286.2045873257108,32.71318433132875,8.33113619532149,real,0.5
1066.6297203707038,535.0,285.89905068028685,32.67826149275679,8.331220865138825,real,0.5
1066.6511739626494,544.0,284.63850443463355,32.534181056878616,8.33141474709568,real,0.5
1066.840525230689,520.0,279.1025965400562,31.901426784528425,8.333092684766214,real,0.5
1066.840525230689,535.0,283.785924086572,32.43673112309518,8.333092684766214,real,0.5
1066.8498528793612,525.0,286.0986492996576,32.70107561495087,8.333177413695251,real,0.5
1066.9338017174082,540.0,286.1114229101351,32.70253563862844,8.333940008103044,real,0.5
1067.1222202205809,538.0,287.78154991900755,32.89343115574256,8.33566160006487,real,0.5
1067.1259512800495,530.0,286.3214183611356,32.7265381186778,8.335695518025961,real,0.5
1067.2677315398628,525.0,285.0099728861972,32.57663990089234,8.336978497045125,real,0.5
1067.3171680778237,538.0,288.7220483130746,33.00093012218443,8.33743167808255,real,0.5
1067.4925278728558,534.0,283.7417806894075,32.43168553279928,8.339011459673545,real,0.5
1067.7723573330131,521.0,283.91162108193487,32.451098289665154,8.34153389670574,real,0.5
1067.8665665845992,515.0,281.19704725245015,32.14082250095505,8.342374997492735,real,0.5
1067.8758942332713,525.0,285.73374346087667,32.6593668775782,8.34245961835387,real,0.5
1067.9598430713186,543.0,285.321460913254,32.61224298238493,8.343220107216226,real,0.5
1068.054052322905,539.0,282.1070472360076,32.24483549907566,8.344063929943971,real,0.5
1068.1501271042257,517.0,285.44336574152305,32.62617670425608,8.344934639052914,real,0.5
1068.194899817851,516.0,283.73799450011626,32.43125277136329,8.345337982162038,real,0.5
1068.2406052963431,541.0,286.50281607761434,32.74727187767132,8.345753740420506,real,0.5
1068.518569226766,517.0,287.03313885614523,32.8078877712574,8.348286909707664,real,0.5
1068.796533157189,533.0,287.24736928166834,32.83237430889469,8.350821969654337,real,0.5
1068.8916751736424,522.0,287.8749008462974,32.90410116673179,8.351691570358389,real,0.5
1068.89260793851,544.0,285.3823295632343,32.61920026907768,8.351700022037281,real,0.5
1068.9868171900955,520.0,284.166868771456,32.48027310057742,8.352550005987313,real,0.5
1068.993346544166,539.0,287.8112630116018,32.896827362226084,8.352609671274434,real,0.5
1069.0828919714163,530.0,288.4227653698658,32.96672208177566,8.353429676611617,real,0.5
1069.0959506795573,531.0,288.81623074404064,33.011695174043844,8.353549423859537,real,0.5
1069.1267319201745,508.0,287.99005818835184,32.91726365092862,8.353830877807564,real,0.5
1069.4485357993558,506.0,289.4376228381418,33.08272029039961,8.356788141064042,real,0.5
1069.6434836565984,526.0,289.73687257812253,33.1169245356794,8.358581494807568,real,0.5
1069.8235072759662,530.0,288.3372015226461,32.95694213403845,8.360229558142642,real,0.5
1069.91864929242,517.0,291.90126941020856,33.36431509358684,8.361111321535866,real,0.5
1070.0128585440063,517.0,286.5631905704269,32.754172682199794,8.361968473228844,real,0.5
1070.0147240737406,534.0,292.2469224726157,33.40382323861998,8.36198578318037,real,0.5
1070.0156568386076,534.0,293.0732349248442,33.49827075190969,8.361994462627608,real,0.5
1070.0632278468345,527.0,286.9733931271763,32.80105883443625,8.362427901360846,real,0.5
1070.202209812046,536.0,287.02853147308633,32.80736114737377,8.363694465673532,real,0.5
1070.3701074881403,516.0,292.51701187989096,33.43469445787154,8.36525380109031,real,0.5
1070.569719169719,524.0,290.4696506790801,33.20068107261885,8.367094702139884,real,0.5
1070.6639284213056,544.0,293.90596400202384,33.593451685431326,8.367973817123632,real,0.5
1070.7609359674932,529.0,291.3982960457644,33.30682523803087,8.368871320842421,real,0.5
1070.7628014972277,529.0,291.146175923387,33.27800790804313,8.368888565596103,real,0.5
1070.8504813947436,551.0,287.1264166762029,32.818549426089994,8.369687878665632,real,0.5
1070.851414159611,514.0,293.2144305322452,33.51440940983562,8.369696562294424,real,0.5
1070.9959927140253,536.0,286.8074314530372,32.782089415082154,8.371013114266177,real,0.5
1071.1293780900337,545.0,292.78733745128824,33.46559267068225,8.372253064449989,real,0.5
1071.226385636222,525.0,288.924290608481,33.024046416549375,8.373142948257788,real,0.5
1071.500618507176,537.0,292.1096637616472,33.38813456795627,8.375686316035113,real,0.5
1071.5034168017776,518.0,291.54449012923726,33.32353522177182,8.375712218554202,real,0.5
1071.596693288497,521.0,295.1461745980929,33.73520775656202,8.376586302348166,real,0.5
1071.880253808123,532.0,295.85394704365814,33.816106147090125,8.379249889190056,real,0.5
1071.890514221662,536.0,291.6835201538876,33.339426353589346,8.37934491038493,real,0.5
1071.9306231109508,539.0,297.9531918275091,34.05604982588429,8.37972434103273,real,0.5
1071.969799235373,544.0,297.74472762583247,34.03222236763265,8.380094688415465,real,0.5
1071.97073200024,527.0,297.4484469554786,33.9983574870112,8.380103497435854,real,0.5
1072.1582177385455,540.0,297.90152145473047,34.05014390227569,8.381876807538333,real,0.5
1072.252426990132,525.0,293.3732685733925,33.532564597938766,8.382754329153483,real,0.5
1072.4408454933043,537.0,293.9878544525725,33.60281176392904,8.38451304901319,real,0.5
1072.6255329370083,530.0,297.1929853044596,33.96915822029973,8.38625573706777,real,0.5
1072.7141455993917,532.0,299.36987608498674,34.217976836513984,8.38709799985356,real,0.5
1072.813018675314,532.0,299.1375258782786,34.19141920788724,8.38803705840557,real,0.5
1072.8652535078768,512.0,292.8182036460328,33.46912067674155,8.388522684492953,real,0.5
1072.906295162033,517.0,297.7847359809013,34.03679532261702,8.388910719599124,real,0.5
1072.9967733541505,529.0,298.82036740758736,34.15516799468723,8.389769135669018,real,0.5
1073.005168237955,511.0,293.5701145685385,33.55506409518395,8.389847383131281,real,0.5
1073.3717448307611,536.0,297.3014649447217,33.98155744318169,8.39330761744955,real,0.5
1073.4650213174805,537.0,296.42667811019555,33.88156930799535,8.394185493491099,real,0.5
1073.560163333934,531.0,297.5596516128081,34.011068179343965,8.395084349493413,real,0.5
1073.745783542505,517.0,301.9562954697764,34.51360457219544,8.396863911293199,real,0.5
1073.7914890209977,542.0,295.9452562101104,33.82654278481562,8.397293371938678,real,0.5
1073.92673992674,548.0,301.2466645453742,34.43249375753627,8.398586990263036,real,0.5
1074.0200164134592,529.0,297.0367184909403,33.95129692351448,8.399466672956532,real,0.5
1074.0218819431934,533.0,302.5133882106569,34.577280272478085,8.399484590996664,real,0.5
1074.0638563622172,530.0,300.6318948038955,34.36222557608525,8.399885239456363,real,0.5
1074.3101062871556,533.0,297.544048705432,34.00928476703088,8.402211568295556,real,0.5
1074.586204687844,527.0,294.9406326279761,33.71171430937766,8.404797054519246,real,0.5
1074.5871374527114,528.0,295.01598105172866,33.72032663421258,8.40480579150147,real,0.5
1074.6776156448288,537.0,301.593971804129,34.472190977211945,8.405672175256456,real,0.5
1074.6832122340318,551.0,294.8661255486229,33.7031981502076,8.405724570521699,real,0.5
1074.7251866530555,514.0,289.1794615896752,33.05321245969987,8.406109956463327,real,0.5
1074.767161072079,527.0,300.0474883442999,34.29542791775348,8.406509826091664,real,0.5
1074.9966212294082,516.0,296.032753701158,33.83654374804235,8.408666531272749,real,0.5
1075.0432594727674,544.0,286.60574395927654,32.75903653454531,8.409090926805558,real,0.5
1075.2335435056746,522.0,291.2725943080002,33.29245752940442,8.410850655440026,real,0.5
1075.2419383894794,514.0,292.6047844171578,33.44472685888114,8.410928645605544,real,0.5
1075.244736684081,534.0,293.87261335560163,33.58963970654526,8.410954754968728,real,0.5
1075.5180367901678,545.0,290.4925811360539,33.20330202385096,8.413475439959157,real,0.5
1075.7008587041375,535.0,289.9261312695347,33.13855680410782,8.415158343953914,real,0.5
1075.7941351908569,530.0,295.7231056071857,33.801150970901325,8.416034136345477,real,0.5
1075.9200584479272,532.0,291.04833265500247,33.26682442246678,8.417197766035386,real,0.5
1076.1747032566705,542.0,293.7926271921614,33.580497288064045,8.419573071399114,real,0.5
1076.2586520947175,519.0,286.4707912795866,32.743611443256746,8.420336623658596,real,0.5
1076.2595848595847,527.0,290.27570986137084,33.17851363715469,8.420345220256335,real,0.5
1076.27450909746,523.0,293.3103521326265,33.52537324875921,8.420484203768897,real,0.5
1076.4480033627576,516.0,296.6848714353183,33.91108080505688,8.422118475449375,real,0.5
1076.6317580415944,525.0,291.99025492989284,33.37448613848675,8.423822008222075,real,0.5
1076.6336235713286,539.0,292.11020762345345,33.38819673136073,8.423839310075902,real,0.5
1077.2828279188936,534.0,292.2646589934648,33.40585052295303,8.429863538796349,real,0.5
1077.2856262134949,534.0,288.4578230502322,32.97072917464154,8.429889167077862,real,0.5
1077.3798354650812,529.0,290.75967909287937,33.23383132031611,8.430758871071205,real,0.5
1077.3863648191516,533.0,295.6623703215395,33.79420892775197,8.430820163947766,real,0.5
1077.4880361896755,520.0,290.5409315321604,33.20882847412594,8.43175804925456,real,0.5
1077.7855881823093,525.0,285.7915626860814,32.66597561501911,8.434458000958886,real,0.5
1078.0486278748574,530.0,287.7341493852355,32.88801327473242,8.436861015653415,real,0.5
1078.1223162993656,531.0,286.15794236090903,32.7078528118519,8.43753051291529,real,0.5
1078.2267859644908,531.0,291.8079012140327,33.35364310876394,8.438498414005922,real,0.5
1078.4077423487263,527.0,292.7897544644247,33.46586893528374,8.440180598071986,real,0.5
1078.5038171300466,524.0,299.3391908178305,34.214469510478025,8.441093694648712,real,0.5
1079.154887007346,560.0,288.55835970640635,32.98222051444225,8.44705861972188,real,0.5
1079.242566904862,537.0,288.3329862538462,32.956460328814615,8.447861291684134,real,0.5
1079.250961788667,532.0,293.8883606751435,33.591439625168896,8.447939623970937,real,0.5
1079.2630877319402,526.0,292.7155388784008,33.45738609380121,8.448052319072561,real,0.5
1080.272339318241,523.0,287.1576292145841,32.822117019226965,8.45725392286906,real,0.5
1080.2732720831084,527.0,287.9171851697061,32.908934264897404,8.457262449618424,real,0.5
1080.2844652615145,531.0,293.932446067262,33.59647858548804,8.45736690833471,real,0.5
1081.388858864269,509.0,288.29633713548225,32.95227133458562,8.46747587435086,real,0.5
1081.388858864269,512.0,288.51843245781595,32.977656829928364,8.46747587435086,real,0.5
1082.32162373146,522.0,287.6772029132721,32.881504292987,8.475995516568885,real,0.5
1094.2703416801778,530.0,245.511576635146,28.061973209397188,8.569135684058763,real,0.5
1094.3067195099982,526.0,245.43219063591903,28.052899389685543,8.569419157280976,real,0.5
1094.5333813727254,543.0,245.15069131107217,28.02072401685555,8.571183387697817,real,0.5
1095.4661462399165,513.0,244.78169518869103,27.97854776006739,8.578432667249377,real,0.5
1095.4689445345184,520.0,244.71753687040535,27.971214464287332,8.578454409387835,real,0.5
1096.1806441281851,543.0,244.26065485769115,27.918992850234098,8.583973836017583,real,0.5
1096.4035749314437,529.0,244.93202954750936,27.99573097728032,8.585707477904965,real,0.5
1096.5052463019674,537.0,244.52879901110276,27.94964172696904,8.586496833010528,real,0.5
1097.132997057587,549.0,235.4329734446607,26.90998886472472,8.59118926796707,real,0.5
1097.2990292039472,521.0,247.64845676153016,28.306218607842897,8.592494751920068,real,0.5
1097.424019696151,527.0,236.01817376171036,26.97687726096349,8.593431377799782,real,0.5
1097.6133709641906,525.0,246.8100948530843,28.210393841707536,8.59491517609029,real,0.5
1097.7066474509097,508.0,245.0742755436868,28.0119896946434,8.595640970530491,real,0.5
1098.06856021938,525.0,267.2547733324049,30.54722059189388,8.598711923078682,real,0.5
1098.2663063712246,537.0,269.2974586552476,30.7806995242948,8.600402691101463,real,0.5
1098.362381152545,533.0,247.54207275927487,28.29405891638512,8.60115778708009,real,0.5
1098.5461358313817,534.0,240.40497015465004,27.4782880886765,8.602560360414179,real,0.5
1098.640345082968,524.0,248.46174527216888,28.3991774846089,8.603303545207648,real,0.5
1098.645008907304,521.0,244.2247540852013,27.91488939193851,8.603339709135561,real,0.5
1098.8278308212734,541.0,246.56871195673983,28.18280377665537,8.604770940837636,real,0.5
1099.000392321704,523.0,256.05925852778574,29.267573249725917,8.606173845380393,real,0.5
1099.2914149602673,531.0,255.15547577218376,29.164270880760604,8.608531474009142,real,0.5
1099.5693788906906,530.0,261.8968810638537,29.93481350559848,8.610842806903172,real,0.5
1099.6635881422765,538.0,244.17835511435143,27.90958598957037,8.611573179460992,real,0.5
1099.6635881422765,543.0,236.7224549541685,27.057376601261463,8.611573179460992,real,0.5
1099.664520907144,515.0,243.2570661742232,27.804282663713707,8.611580383588223,real,0.5
1099.7633939830664,516.0,242.8844054457624,27.761687542450645,8.612342851210478,real,0.5
1099.92476230509,534.0,263.670337249612,30.13751954763065,8.613693751476966,real,0.5
1100.222314297724,527.0,263.20223490309985,30.08401544942431,8.616180295572356,real,0.5
1100.410732800897,523.0,251.4433766155753,28.73997794716026,8.617684502135141,real,0.5
1100.410732800897,538.0,259.8254236336874,29.698045921330472,8.617684502135141,real,0.5
1100.689629496187,530.0,234.9220164906918,26.85158648488607,8.619764729561233,real,0.5
1100.6924277907883,529.0,246.6083134269517,28.187330224700577,8.61978663968734,real,0.5
1100.6933605556558,536.0,241.98756415682791,27.65917858312543,8.619793806217908,real,0.5
1100.856594407414,524.0,254.265888116026,29.06259101166177,8.621111583627048,real,0.5
1100.8789807642268,544.0,245.48588090162127,28.059036187055312,8.621286066848134,real,0.5
1101.0636682079305,520.0,259.1295121051242,29.618503233615694,8.622805557306064,real,0.5
1101.4367741548072,535.0,267.8581192265376,30.61618302759325,8.625978635072247,real,0.5
1101.530050641526,542.0,263.2345484506317,30.0877088879072,8.626758211677382,real,0.5
1101.5356472307292,514.0,261.8011393654917,29.923870229475696,8.626804731568782,real,0.5
1101.6242598931126,525.0,265.48508885318387,30.344945655918917,8.62755166113113,real,0.5
1101.6251926579794,539.0,240.0887797815995,27.442147529036824,8.627558771428655,real,0.5
1101.6317220120495,540.0,249.1437502858286,28.47713065767021,8.627610420670036,real,0.5
1101.7949558638084,526.0,292.4340788223732,33.42521520939725,8.62912601139906,real,0.5
1101.808947336816,521.0,248.20420030584444,28.36974009495802,8.629236270969276,real,0.5
1101.9992313697237,538.0,290.843909498447,33.243458855672486,8.630993409696734,real,0.5
1102.0971716807785,540.0,263.209136037598,30.08480424909745,8.631811886109563,real,0.5
1102.276262535279,516.0,267.439253736204,30.568306702048112,8.633332581711759,real,0.5
1102.373270081467,516.0,264.36745160393457,30.217199718329724,8.634146830711021,real,0.5
1102.6530995416242,530.0,263.78018351258925,30.150074975488952,8.636490408267713,real,0.5
1102.662427190296,534.0,251.03732065329905,28.69356575067208,8.636564753684508,real,0.5
1102.7379811445387,525.0,292.23208023533044,33.40212677089827,8.63726577111719,real,0.5
1102.7435777337416,535.0,268.1704803297176,30.65188590168672,8.63731342278766,real,0.5
1102.8349886907265,521.0,238.9507486634262,27.31207057222961,8.638006929039948,real,0.5
1102.9338617666488,507.0,292.724813987865,33.45844623881297,8.638925856677508,real,0.5
1103.3023038891893,524.0,271.2923615070812,31.00871692025938,8.642099444866219,real,0.5
1103.39837867051,529.0,265.7858401187632,30.379321525574632,8.642910191164065,real,0.5
1103.4879240977602,525.0,265.82491848582634,30.383788182929948,8.643665949301376,real,0.5
1103.5858644088155,516.0,258.4901698987366,29.5454264194256,8.644469751594093,real,0.5
1103.6539562441203,510.0,289.0203351835863,33.03502431148392,8.645094589214844,real,0.5
1103.676342600933,523.0,268.9358843384105,30.739371579880324,8.645285739920505,real,0.5
1103.767753557917,537.0,290.2545037029519,33.176089773247405,8.646128144952499,real,0.5
1103.8628955743711,541.0,235.2833589781958,26.892887931207778,8.646838879281955,real,0.5
1103.9403150583478,540.0,288.39199314586455,32.963204816572315,8.647547766589486,real,0.5
1104.1436577993957,520.0,286.87421868798884,32.78972319603712,8.649399864420843,real,0.5
1104.2397325807165,516.0,269.64518807699227,30.820444997200216,8.650222383174542,real,0.5
1104.336740126904,533.0,257.17684546639583,29.39531343680904,8.651014485181742,real,0.5
1104.5885866410458,534.0,295.6463891405969,33.792382278770226,8.653378511204368,real,0.5
1104.608174703257,532.0,262.47478298911955,30.000867695656364,8.653541749777371,real,0.5
1104.6995856602416,508.0,253.82558049803413,29.0122638509253,8.654278427222623,real,0.5
1104.761148141476,519.0,286.0753423948657,32.698411635733144,8.654837592598378,real,0.5
1104.794727676695,528.0,264.3497419693897,30.215175507101247,8.655119429140068,real,0.5
1104.7965932064292,533.0,297.30057389937184,33.981455596698204,8.655137038422243,real,0.5
1104.887071398547,536.0,288.45074493993906,32.96992014663503,8.655965665858115,real,0.5
1105.073624371985,529.0,287.72045385573495,32.8864478757105,8.657669850479511,real,0.5
1105.1706319181728,531.0,288.2965977789383,32.952301126132646,8.658557800999924,real,0.5
1105.36091595108,529.0,278.4315102411434,31.82472162056269,8.660239949993287,real,0.5
1105.4513941431976,535.0,257.5429830812448,29.43716296618628,8.660979789239468,real,0.5
1105.4560579675333,531.0,266.8470463388097,30.50061739652595,8.661019302995486,real,0.5
1105.464452851338,529.0,256.1285073760343,29.27548839308072,8.661087570863092,real,0.5
1105.5269480974398,525.0,326.8327089125573,37.3569786287053,8.661736080188932,real,0.5
1105.8170379711364,529.0,326.36629821120124,37.3036678855403,8.664742029162637,real,0.5
1106.005456474309,533.0,297.5622270816574,34.01136255543344,8.666522131946959,real,0.5
1106.006389239176,531.0,290.53474905794474,33.20812181732308,8.666530736216217,real,0.5
1106.0166496527152,532.0,288.6554594462879,32.99331901471071,8.666624770965417,real,0.5
1106.192942212614,541.0,289.8501058680608,33.129867100719345,8.668247145709943,real,0.5
1106.3888228347244,531.0,285.352033246385,32.61573740006181,8.670021809857863,real,0.5
1106.4438559618889,522.0,311.32503065061064,35.5844510033648,8.670565788640404,real,0.5
1106.4765027322403,537.0,257.39639846988825,29.42040834510823,8.67083258900565,real,0.5
1106.6555935867411,514.0,311.6132861908082,35.617398611609374,8.672604464103554,real,0.5
1106.660257411077,517.0,267.8055900264307,30.61017894002103,8.672644119797294,real,0.5
1106.9382213415004,531.0,328.2139757968433,37.51485743357919,8.675540724581046,real,0.5
1106.9382213415004,533.0,313.29787971068816,35.809947650931655,8.675540724581046,real,0.5
1107.0324305930862,516.0,293.55804137695253,33.55368412938567,8.676418798878206,real,0.5
1107.1303709041413,524.0,288.8181297410694,33.01191222940423,8.677316909142725,real,0.5
1107.2236473908604,522.0,290.1911241343421,33.1688454885553,8.678176318413753,real,0.48685205068164294
1107.3150583478457,523.0,290.0129649744859,33.14848189658374,8.67901802242841,real,0.42074483876737734
1107.3644948858064,537.0,307.481701816906,35.14515851767235,8.679500648807077,real,0.38195914249680135
1107.40646930483,535.0,259.04452509777485,29.608789218675668,8.679845874286368,real,0.34764933645602075
1107.5939550431356,528.0,308.1548596510593,35.22210045811608,8.681680219149996,real,0.18658657298961143
1107.973590344082,523.0,297.31503402690646,33.98310838927541,8.685263882366792,real,0.359342568906722
1108.0556736523952,515.0,328.72864190384524,37.57368376960951,8.686120596886047,real,0.29091356312154665
1108.1526811985827,542.0,293.803393096156,33.581727830890635,8.687025508278717,real,0.2101424307934068
1108.2534198042397,534.0,293.513045331036,33.54854108133741,8.687964295292705,real,0.12598892091497735
1108.303789107068,521.0,307.58253156513746,35.15668335789521,8.688456189078954,real,0.08463082327484665
1108.4325106587405,535.0,291.79512743131266,33.35218306539904,8.689648729288908,real,0.0021686783161841677
1108.464224664225,525.0,329.5978900689228,37.67303883487788,8.689980607888973,real,0.0
1108.464224664225,527.0,310.6917218016785,35.51206380193185,8.689980607888973,real,0.0
1108.6143998078423,532.0,307.2770327814041,35.12176484691449,8.691445723466746,real,0.0
1108.8093476650854,525.0,330.2009040226177,37.74196332978521,8.693489533155438,real,0.0
1108.8093476650854,521.0,309.53294778305514,35.379615931603205,8.693489533155438,real,0.0
1108.8970275626016,523.0,332.0181162260251,37.94967068463467,8.69441381738777,real,0.0
1108.8970275626016,529.0,308.2819770826187,35.23662998054332,8.69441381738777,real,0.0
1109.0826477711726,535.0,302.8539653988344,34.616208245086774,8.69619866955288,real,0.0
1109.1843191416965,547.0,291.7612489858556,33.34831075908329,8.697140494124971,real,0.0
1109.236553974259,520.0,298.1191886419644,34.07502326177653,8.697634911662375,real,0.0
1109.276662863548,511.0,292.4829738286681,33.43080390861676,8.698007376221488,real,0.0
1109.4538881883143,508.0,296.4256605396968,33.88145299968735,8.699675334974662,real,0.0
1109.7355831782063,526.0,307.45361592191205,35.14194829987455,8.702425143522195,real,0.0
1109.8344562541283,521.0,310.6673125806764,35.50927382797131,8.703400396613064,real,0.0
1109.9230689165115,530.0,333.36593251802094,38.10372608680979,8.704338305672863,real,0.0
1110.017278168098,529.0,314.9719275298555,36.00129131666249,8.7052804319815,real,0.0
1110.018210932965,512.0,307.560507282357,35.1541659823734,8.705289540473432,real,0.0
1110.110554654817,510.0,333.97444111916155,38.17327861992017,8.706268724535391,real,0.0
1110.1581256630438,531.0,301.16886124462565,34.42360084026071,8.706723603812828,real,0.0
1110.203831141536,529.0,297.4784486932233,34.00178668563542,8.707155289348954,real,0.0
1110.3885185852398,524.0,302.0430281141669,34.52351811344927,8.708926417212297,real,0.0
1110.7616245321162,511.0,302.79307966514216,34.60924900572575,8.712513338495897,real,0.0
1110.853035489101,533.0,309.7272449216423,35.40182409454371,8.713412259223535,real,0.0
1110.853035489101,541.0,312.4739285449592,35.71577003268884,8.713412259223535,real,0.0
1110.9528413298904,531.0,314.5969724658095,35.95843395284202,8.714409165260793,real,0.0
1111.04611781661,520.0,335.877910954185,38.39084522206334,8.715403877250935,real,0.0
1111.057310995016,528.0,307.3638722897825,35.13169060272214,8.715513109273331,real,0.0
1111.0843611761643,514.0,303.15904376318576,34.65107870213213,8.715773475372188,real,0.0
1111.13566324386,539.0,326.2301868731978,37.288110359606506,8.716304852361608,real,0.0
1111.4145599391504,529.0,305.4462069581424,34.91250145531568,8.719009569383887,real,0.0
1111.6011129125884,510.0,304.778273346504,34.836156643505404,8.720814788440832,real,0.0
1111.606709501791,525.0,304.257399305328,34.77662074059899,8.72086885245754,real,0.0
1111.7876658860264,533.0,309.6993289528921,35.39863329931556,8.722648188204403,real,0.0
1111.902395964691,525.0,338.1278162273392,38.648009394784864,8.723879879637208,real,0.0
1111.978882683801,525.0,314.3793924008619,35.93356455141851,8.724643335320113,real,0.0
1112.0264536920276,516.0,293.6753357742498,33.56709087899675,8.725086896530211,real,0.0
1112.0684281110514,534.0,315.2041992101407,36.02783996971908,8.72550696532227,real,0.0
1112.07215917052,522.0,318.81440511422846,36.44048650455631,8.725544732439552,real,0.0
1112.1691667167077,506.0,291.0647643784879,33.268702568461165,8.726441208884276,real,0.0
1112.532945014912,524.0,301.27131588742515,34.435311405932694,8.729920880823551,real,0.0
1112.6271542664986,538.0,301.19699342928044,34.42681634896675,8.730821804324313,real,0.0
1112.7241618126866,524.0,306.3404999147483,35.01471914025573,8.731765329875495,real,0.0
1112.814640004804,545.0,303.3672149069247,34.67487266386149,8.732636807595085,real,0.0
1112.8155727696712,532.0,313.2303551473024,35.80222959333667,8.732646084001178,real,0.0
1112.9573530294845,531.0,286.65338300275414,32.7644816772148,8.73393646086919,real,0.0
1113.092603935227,527.0,313.09625532461706,35.78690198360373,8.735280963898914,real,0.0
1113.1877459516804,527.0,318.787950399961,36.437462730715545,8.736243945476314,real,0.0
1113.1914770111491,525.0,287.2177437732564,32.82898811328321,8.736277969617133,real,0.0
1113.4703737064392,525.0,304.5325086055005,34.80806573360871,8.73897459586784,real,0.0
1113.5599191336896,533.0,302.36357075121674,34.56015613686407,8.739834235853149,real,0.0
1113.6569266798776,519.0,306.17964489357666,34.99633341133581,8.740777265972541,real,0.0
1113.933025080566,517.0,308.1780044664554,35.22474591051585,8.743478792642138,real,0.0
1113.9339578454335,517.0,317.105076090461,36.245110197139695,8.743488183799196,real,0.0
1114.0272343321526,548.0,319.3593598570209,36.50277483165748,8.74443397563025,real,0.0
1114.098124462059,533.0,298.2512975387156,34.09012330867519,8.745105268205217,real,0.0
1114.2119217758564,531.0,292.0389755270716,33.380054902744284,8.746160423922532,real,0.0
1114.4040713384975,517.0,298.0134457920658,34.06293685403312,8.74797852903886,real,0.0
1114.5859604875998,534.0,307.6375669263144,35.16297389967773,8.749755129984003,real,0.0
1114.680169739186,527.0,311.8922038855774,35.649278904121495,8.750688044396544,real,0.0
1114.7734462259052,530.0,311.3784279754192,35.5905543175904,8.751610200470747,real,0.0
1114.869521007226,518.0,311.202587501142,35.57045575138053,8.752559484847913,real,0.0
1114.9646630236791,530.0,322.6525040219421,36.87918120970798,8.753534140310535,real,0.0
1115.5177925899238,524.0,300.37025738797286,34.332320419445296,8.758809201838806,real,0.0
1115.5177925899238,520.0,307.3847033666305,35.13407159480587,8.758809201838806,real,0.0
1115.5187253547908,535.0,313.9209609423837,35.881165835714455,8.758818498697384,real,0.0
1115.8918313016677,513.0,315.44908952935594,36.055830933205385,8.762555344514261,real,0.0
1115.9543265477691,534.0,295.832495816122,33.813654271782745,8.763142342471292,real,0.0
1115.9851077883864,535.0,316.1816091103472,36.13955792131269,8.763451348145786,real,0.0
1116.2640044836764,519.0,294.4461240446733,33.65519197830616,8.766058659763036,real,0.0
1116.4589523409195,520.0,302.3903833304247,34.563220814667545,8.767930333606715,real,0.0
1116.6408414900218,526.0,307.6349453694134,35.16267425572395,8.769706919412418,real,0.0
1116.651101903561,531.0,316.1546226656142,36.1364733706797,8.769809912512594,real,0.0
1116.7313196821394,526.0,315.7696489710786,36.09247087739429,8.770614150800702,real,0.0
1117.2937768970555,532.0,293.555746663754,33.55342184366708,8.775856474189897,real,0.0
1117.4775315758925,546.0,301.3847378555304,34.448275536887124,8.777614816358719,real,0.0
1117.5764046518143,523.0,304.9179497646306,34.852121658097275,8.778572020933925,real,0.0
1117.7573610360496,511.0,317.8024003515279,36.32481436017965,8.780397911785212,real,0.0
1118.3216837807,536.0,293.0699499964793,33.49789528459758,8.785648918509384,real,0.0
1118.5091695190056,545.0,300.2856186228645,34.32264620859341,8.787436420360777,real,0.0
1118.6929241978423,532.0,305.0694033499254,34.86943280289647,8.789216259645753,real,0.0
1119.3486578994778,517.0,287.13976164954795,32.82007475654333,8.795194378842437,real,0.0
1119.4475309753998,527.0,296.89077322095983,33.93461537915571,8.796126384343205,real,0.0
1120.4614463860364,517.0,282.96834475419854,32.34328180540489,8.805235648746834,real,0.0
1132.537020356693,534.0,186.3412620101766,21.298806247763185,8.876678790505595,real,-0.3
1132.7720771032248,514.0,185.1763619919579,21.165658175680782,8.878060771269203,real,-0.3
1133.476314577954,525.0,190.5978793408723,21.785337608661703,8.882322452142438,real,-0.3
1133.7067075001503,518.0,188.9400857892969,21.59585180571664,8.883704544199338,real,-0.3
1134.4044156208092,529.0,178.30384909533765,20.38012995159709,8.887654372579147,real,-0.3
1134.535002702216,524.0,183.2409988474148,20.94444616825951,8.888414115383812,real,-0.3
1134.5489941752237,530.0,179.41274013980455,20.50687619797966,8.888493815774034,real,-0.3
1135.0079144898818,528.0,187.28496093273728,21.406671034611872,8.891222692498197,real,-0.3
1135.331583898797,518.0,187.01401399182168,21.37570179926521,8.893144542711116,real,-0.3
1135.467767569407,534.0,192.0412415212189,21.95031390587532,8.893974896688546,real,-0.3
1135.5666406453297,528.0,188.70612932304425,21.56911058162396,8.894567286774134,real,-0.3
1135.5787665886028,518.0,181.7614632816738,20.775335253095317,8.894637264701013,real,-0.3
1135.9434776516746,550.0,187.83425758652203,21.46945564213947,8.896812305809574,real,-0.3
1136.2783402389962,533.0,174.88381152634568,19.989219657461312,8.89867165075764,real,-0.3
1136.400532436598,526.0,191.120226088995,21.84504184197213,8.899413121221356,real,-0.30287783382371564
1136.5926819992396,542.0,176.97675916846282,20.2284435729553,8.90049281193954,real,-0.3667996957506264
1136.7885626213497,546.0,188.58272686219496,21.555005680348884,8.901665647473498,real,-0.4311485398027077
1136.966720710983,527.0,189.2559906718875,21.63195973379674,8.902736177646053,real,-0.48875062751456766
1137.207374046718,531.0,154.8422467360274,17.69846880192793,8.903919287522328,real,-0.3653744430432115
1137.323969655117,518.0,186.90495095406447,21.36323589404957,8.904611192935228,real,-0.40271822894770387
1137.379935547149,527.0,184.4936455032177,21.087623681017785,8.904939022843601,real,-0.4206793750876707
1137.42937208511,526.0,155.9776544752845,17.82824590652502,8.90518384694236,real,-0.4364403230649245
1137.711999839869,530.0,184.20294141901115,21.054396204192976,8.906836779366525,real,-0.5
1137.8052763265878,534.0,182.96938027728768,20.913400165693982,8.907378648392305,real,-0.5
1137.8052763265878,531.0,173.2350876530504,19.800770518743654,8.907378648392305,real,-0.5
1137.9041494025105,530.0,184.01141496083568,21.03250473002352,8.907956300735918,real,-0.5
1137.9974258892294,516.0,188.1707347801001,21.50791498536544,8.908513573721054,real,-0.5
1138.1289457355033,519.0,86.96286072608036,9.939854980990985,8.908876709331912,real,-0.5
1138.4572789687545,523.0,86.46387029782686,9.882820375041607,8.909778058878405,real,-0.5
1138.4628755579574,525.0,143.80747939913113,16.437194895320687,8.909803612274928,real,-0.5
1138.7380411937788,539.0,180.7340741757109,20.65790467828376,8.911382597129244,real,-0.5
1138.8285193858965,516.0,177.598466561266,20.299504727952705,8.911892781153874,real,-0.5
1138.9264596969515,524.0,179.44868038046013,20.510984167486598,8.912450795645377,real,-0.5
1139.0225344782723,538.0,188.2120250574724,21.51263446406909,8.913024912770869,real,-0.5
1139.064508897296,525.0,31.748739800800355,3.628880959231481,8.913067223929193,real,-0.5
1139.117676494726,533.0,181.94755131056027,20.79660511479704,8.91337436435382,real,-0.5
1139.1894993894994,527.0,164.9478768741163,18.85354232671149,8.91375050768344,real,-0.5
1139.3900438359456,531.0,30.476500382029258,3.483463993665944,8.913944560282975,real,-0.5
1139.582193398587,526.0,79.73588161532479,9.113811268631624,8.914431008852214,real,-0.5
1139.6680077663686,535.0,159.24284298303294,18.201456952960665,8.91486488288586,real,-0.5
1139.669873296103,513.0,129.31668515614805,14.780897113347724,8.914872542386712,real,-0.5
1139.67080606097,524.0,174.4598501904999,19.94076087677414,8.914877709064813,real,-0.5
1139.7640825476894,531.0,181.83662651109464,20.78392641021812,8.915416223408085,real,-0.5
1139.953433815729,533.0,177.58332397591104,20.29777393044663,8.916483837083673,real,-0.5
1140.0233911807684,15.0,11.040897617402,1.2619745976690484,8.916508360533006,real,-0.5
1140.1381212594329,524.0,188.90091373945373,21.59137444041956,8.917196466113014,real,-0.5
1140.2267339218158,15.0,12.695718204401215,1.451120590763059,8.917232184907176,real,-0.5
1140.6026381632942,521.0,33.506552149987215,3.8297989107435386,8.917632084255665,real,-0.5
1140.6063692227629,541.0,118.462201148098,13.540229591227602,8.917646117422839,real,-0.5
1140.695914650013,536.0,68.104512719758,7.78434580386834,8.91783974313697,real,-0.5
1140.6996457094815,519.0,155.10024644883063,17.727958169101342,8.917858116488688,real,-0.5
1140.7089733581538,531.0,180.7458431863878,20.659249876204125,8.91791164488443,real,-0.5
1140.7882583718651,527.0,172.25614324454668,19.688877172851686,8.918345265133489,real,-0.5
1140.8973918613262,534.0,176.91074315076685,20.22089794213265,8.918958258786951,real,-0.5
1140.965483696631,0.0,22.81997235620348,2.6083228403140573,8.91900759364508,real,-0.5
1141.1650953782105,0.0,22.108587950996853,2.5270116027989404,8.91914771059936,real,-0.5
1141.5354030304852,436.0,29.70210952533497,3.394951118745787,8.919496926260019,real,-0.5
1141.7228887687909,527.0,60.25292433997223,6.886909252058826,8.919855592167176,real,-0.5
1141.7238215336577,536.0,107.14566003981784,12.246748942551177,8.919858765316384,real,-0.5
1141.7266198282591,526.0,152.8291619840081,17.468373214772125,8.919872343553736,real,-0.5
1141.7331491823295,545.0,172.36649237828578,19.701490078838063,8.919908076332748,real,-0.5
1141.8245601393144,521.0,181.06271867705243,20.69546874478709,8.920433574278082,real,-0.5
1141.900114093557,0.0,30.698794209551384,3.508872178151723,8.920507215713636,real,-0.5
1141.9691386937288,15.0,9.706370410485404,1.109438137918482,8.920528487525827,real,-0.5
1142.187405672652,0.0,30.61655893472942,3.4994726862395726,8.92074065956223,real,-0.5
1142.3795552352929,16.0,19.89626884971686,2.2741435295226373,8.920862041696834,real,-0.5
1142.466302367942,325.0,21.831479674889334,2.495338126839851,8.920922170426694,real,-0.5
1142.560511619528,0.0,11.005121364044372,1.2578853719102718,8.920955088326547,real,-0.5
1142.6556536359817,510.0,45.8843991183088,5.244586819222696,8.921093694039172,real,-0.5
1142.7489301227008,528.0,89.882480684741,10.273567542265896,8.921359883563175,real,-0.5
1142.8459376688884,1.0,43.25640773718973,4.944207404360786,8.92149311284877,real,-0.5
1142.9354830961388,540.0,151.6412557215077,17.33259552896833,8.921924239146549,real,-0.5
1142.9354830961388,544.0,174.2688332835868,19.91892764431397,8.921924239146549,real,-0.5
1143.0268940531234,0.0,46.06335064717261,5.26504097897183,8.922057928711673,real,-0.5
1143.4,0.0,0.0,0.0,8.922057928711673,real,-0.5
1143.4,8.0,28.00779676115578,3.201291169800106,8.922057928711673,real,-0.5
1143.6083333333331,0.0,0.0,0.0,8.922057928711673,real,-0.5
1143.8166666666668,0.0,0.0,0.0,8.922057928711673,real,-0.5
1144.025,0.0,0.0,0.0,8.922057928711673,real,-0.5
1144.2333333333331,0.0,0.0,0.0,8.922057928711673,real,-0.5
1144.4416666666668,0.0,0.0,0.0,8.922057928711673,real,-0.5
1144.65,0.0,0.0,0.0,8.922057928711673,real,-0.5
1144.8583333333331,0.0,0.0,0.0,8.922057928711673,real,-0.5
1145.0666666666668,0.0,0.0,0.0,8.922057928711673,real,-0.4039333333331428
1145.275,0.0,0.0,0.0,8.922057928711673,real,-0.22869999999990404
1145.4833333333331,0.0,0.0,0.0,8.922057928711673,real,-0.05343333333352342
1145.6916666666668,0.0,0.0,0.0,8.922057928711673,real,-0.3782666666665703
1145.9,0.0,0.0,0.0,8.922057928711673,real,-0.2013
1146.1083333333331,0.0,0.0,0.0,8.922057928711673,real,-0.025750000000093677
1146.3166666666668,0.0,0.0,0.0,8.922057928711673,real,0.0
1146.525,0.0,0.0,0.0,8.922057928711673,real,0.0
1146.7333333333331,0.0,0.0,0.0,8.922057928711673,real,0.0
1146.9416666666668,0.0,0.0,0.0,8.922057928711673,real,0.0
1147.15,0.0,0.0,0.0,8.922057928711673,real,0.0
1147.3583333333331,0.0,0.0,0.0,8.922057928711673,real,0.0
1147.5666666666668,0.0,0.0,0.0,8.922057928711673,real,0.0
1147.775,0.0,0.0,0.0,8.922057928711673,real,0.0
1147.9833333333331,0.0,0.0,0.0,8.922057928711673,real,0.0
1148.1916666666668,0.0,0.0,0.0,8.922057928711673,real,0.0
1148.4,0.0,0.0,0.0,8.922057928711673,real,0.0
1148.4,537.0,24.357838356012927,2.7841009240922774,8.922057928711673,real,0.0
1148.4848816029144,162.0,5.31863919179692,0.6079204596223879,8.922072262395856,real,0.0
1148.5884185031723,517.0,42.387470573924574,4.844887886599579,8.922211602583044,real,0.0
1148.6033427410475,0.0,2.457152740800625,0.2808525582735114,8.922212766891485,real,0.0
1148.6705018114856,538.0,8.697016879686938,0.9940690293482172,8.922231311544808,real,0.0
1148.8561220200563,0.0,0.8321840281764273,0.0951186344205656,8.922236215972797,real,0.0
1149.1406153045498,6.0,0.5810815134604675,0.0664176169885314,8.922241464685577,real,0.0
1149.2292279669327,23.0,1.7956645166062877,0.2052444542480986,8.922246516701557,real,0.0
1149.2292279669327,11.0,2.173857798822716,0.2484719464054364,8.922246516701557,real,0.0
1149.4148481755035,14.0,3.596761497580567,0.4111098391734588,8.922267714005471,real,0.0
1149.5109229568243,530.0,25.461950265306136,2.910300915324491,8.922345382484366,real,0.0
1149.5417041974415,10.0,2.411219565546175,0.2756023963419278,8.922347738979832,real,0.0
1149.6041994435436,45.0,0.0,0.0,8.922347738979832,real,0.0
1149.6069977381453,536.0,4.831805983130945,0.552275423871867,8.92234816826576,real,0.0
1149.7012069897316,7.0,0.0,0.0,8.92234816826576,real,0.0
1150.0687163474047,3.0,0.0,0.0,8.92234816826576,real,0.0
1150.1619928341238,13.0,0.0,0.0,8.92234816826576,real,0.0
1150.1675894233272,0.0,0.0,0.0,8.92234816826576,real,0.0
1150.25620208571,0.0,0.0,0.0,8.92234816826576,real,0.0
1150.3494785724292,1.0,0.0,0.0,8.92234816826576,real,0.0
1150.4875277727735,0.0,0.0,0.0,8.92234816826576,real,0.0
1150.6293080325868,2.0,0.0,0.0,8.92234816826576,real,0.0
1150.7225845193057,511.0,1.8650609414296544,0.2131764656054094,8.922353691696806,real,0.0
1150.7263155787743,10.0,0.0,0.0,8.922353691696806,real,0.0
1150.9082047278769,0.0,0.0,0.0,8.922353691696806,real,0.0
1151.088228347245,0.0,0.0,0.0,8.922353691696806,real,0.0
1151.1880341880344,0.0,0.0,0.0,8.922353691696806,real,0.0
1151.2822434396203,0.0,0.0,0.0,8.922353691696806,real,0.0
1151.2822434396203,7.0,0.0,0.0,8.922353691696806,real,0.0
1151.3876458696132,5.0,0.0,0.0,8.922353691696806,real,0.0
1151.4482755859806,0.0,0.0,0.0,8.922353691696806,real,0.0
1151.4687964130587,0.0,0.0,0.0,8.922353691696806,real,0.0
1151.6534838567625,7.0,0.0,0.0,8.922353691696806,real,0.0
1151.934246081787,0.0,0.0,0.0,8.922353691696806,real,0.0
1152.020993214436,1.0,0.0,0.0,8.922353691696806,real,0.0
1152.0331191577095,1.0,0.0,0.0,8.922353691696806,real,0.0
1152.2150083068111,3.0,0.0,0.0,8.922353691696806,real,0.0
1152.3073520286634,9.0,0.0,0.0,8.922353691696806,real,0.0
1152.4006285153826,0.0,0.782614974992006,0.0894528916415862,8.922356009433322,real,0.0
1152.4015612802498,0.0,0.7733435369346118,0.0883931662716261,8.922356032336111,real,0.0
1152.7700034027905,46.0,1.0419004319802398,0.1190892193753414,8.922368220526321,real,0.0
1152.776532756861,18.0,1.4083379841917063,0.160973031593112,8.922368512484631,real,0.0
1152.8698092435798,20.0,1.908173419933166,0.2181042218983608,8.922374163594508,real,0.0
1153.0582277467522,18.0,0.0,0.0,8.922374163594508,real,0.0
1153.1477731740024,0.0,0.0,0.0,8.922374163594508,real,0.0
1153.2466462499249,0.0,0.0,0.0,8.922374163594508,real,0.0
1153.4266698692927,0.0,0.0,0.0,8.922374163594508,real,0.0
1153.7055665645833,205.0,1.085058696493133,0.1240222090091651,8.922383771756795,real,0.0
1153.8025741107708,0.0,0.0,0.0,8.922383771756795,real,0.0
1153.9891270842088,13.0,0.0,0.0,8.922383771756795,real,0.0
1154.0805380411937,9.0,0.3361494591895092,0.0384218831853609,8.92238474736266,real,0.0
1154.184074941452,2.0,0.0,0.0,8.92238474736266,real,0.0
1154.3594347364838,0.0,0.0,0.0,8.92238474736266,real,0.0
1154.7418683320325,306.0,1.6503320560219412,0.1886329540033078,8.922404786134559,real,0.0
1154.8258171700793,3.0,0.0,0.0,8.922404786134559,real,0.015224928441266659
1154.828615464681,7.0,0.0,0.0,8.922404786134559,real,0.016680041634146325
1155.1989231169557,4.0,0.0,0.0,8.922404786134559,real,0.20754863588130051
1155.2921996036748,0.0,0.0,0.0,8.922404786134559,real,0.255759394703575
1155.8499929942554,429.0,0.0,0.0,8.922404786134559,real,0.24299641305883413
1155.8565223483254,4.0,0.0,0.0,8.922404786134559,real,0.24633944234262403
1156.0412097920296,0.0,0.0,0.0,8.922404786134559,real,0.3
1156.0412097920296,0.0,0.0,0.0,8.922404786134559,real,0.3
1156.7939510398526,535.0,0.4137866811497571,0.0472958176554172,8.922414675443669,real,0.3
1156.883496467103,0.0,0.0,0.0,8.922414675443669,real,0.3
1156.9833023078922,16.0,0.0,0.0,8.922414675443669,real,0.3
1157.9020757020758,533.0,0.0,0.0,8.922414675443669,real,0.3
1157.996284953662,0.0,0.0,0.0,8.922414675443669,real,0.3
1158.84696651254,528.0,0.0,0.0,8.922414675443669,real,0.3
1171.0456654456657,529.0,311.8996151868296,35.65012601585462,9.04321610716461,real,0.0
1171.2415460677755,521.0,312.7979433825216,35.75280492862222,9.0451614631845,real,0.0
1171.956043956044,519.0,325.96173141224955,37.25742590042013,9.052556005442325,real,0.0
1172.1677815808962,535.0,325.31648003237524,37.18367366770049,9.054743000649458,real,0.0
1172.3552673192016,536.0,314.5328087157137,35.95110003620608,9.056615311353118,real,0.0
1172.8701535258913,534.0,323.88420390187554,37.019964505984376,9.061910052768749,real,0.0
1173.288032186393,543.0,325.3584163138917,37.188466984677824,9.066226793538098,real,0.0
1173.3533257270965,523.0,328.3425986596131,37.52955902679378,9.06690747070196,real,0.0
1173.4092916191278,545.0,329.2255037402995,37.63047507751623,9.067492477120094,real,0.0
1173.805716687684,519.0,326.4954238514816,37.31842694622434,9.071601910442476,real,0.058204581757166765
1174.286090594287,518.0,325.17465395703243,37.1674629472888,9.076561432490951,real,0.39913559718955927
1174.3131407754358,510.0,323.0878946522617,36.92894635875352,9.076838914348906,real,0.41809854280512865
1174.3131407754358,524.0,324.2538797841656,37.062218459330126,9.076838914348906,real,0.41809854280512865
1174.3224684241077,523.0,326.24390093357044,37.2896778767071,9.07693553240844,real,0.4246278968754242
1174.7384815548753,533.0,314.04844732839075,35.89573752963506,9.081083615228138,real,0.2208910146322086
1174.9632778878683,530.0,314.4231357661401,35.93856441806982,9.083327742309866,real,0.38236630236813
1175.1554274505093,516.0,326.84881802288464,37.35881990001572,9.085321764783355,real,0.5
1175.25150223183,524.0,327.6470628539892,37.450059284210965,9.086321210965629,real,0.5
1175.339182129346,524.0,327.7986814238083,37.46738928674129,9.08723374898031,real,0.5
1175.4380552052685,510.0,332.6387616011364,38.02061045100989,9.088277975286903,real,0.5
1175.6675153625972,518.0,320.45638490001426,36.62816479407163,9.090612615413658,real,0.5
1176.1516203286697,520.0,319.7406091156367,36.54635162191728,9.095527134944769,real,0.5
1176.1516203286697,542.0,320.60474158473005,36.64512196313464,9.095527134944769,real,0.5
1176.1824015692869,530.0,327.6786021309906,37.45366422357223,9.095847376681007,real,0.5
1176.363357953522,513.0,332.3484414992734,37.98742686336695,9.097756839850897,real,0.5
1176.363357953522,535.0,329.4614526469999,37.65744403755208,9.097756839850897,real,0.5
1176.46036549971,540.0,333.85606388123017,38.15974810162461,9.0987851130527,real,0.5
1176.608675113593,541.0,305.9476944627142,34.96982147708823,9.100225768808484,real,0.5
1177.0750575471886,508.0,304.38254401887406,34.790924781357305,9.104732956632532,real,0.5
1177.1291579094857,521.0,329.6607507766116,37.6802238137667,9.105299210454689,real,0.5
1177.202846333994,533.0,324.4332392841337,37.08271925017648,9.106058256887472,real,0.5
1177.2047118637283,534.0,316.30914577695484,36.15413536230594,9.106076992058178,real,0.5
1177.2047118637283,521.0,318.0305702067828,36.35089417463527,9.106076992058178,real,0.5
1177.390332072299,525.0,331.3170375175177,37.86953738825227,9.108029589677203,real,0.5
1177.4882723833543,522.0,332.2257143419287,37.97339914928245,9.109062680378452,real,0.5
1177.5405072159172,529.0,305.832631153988,34.95666974090082,9.10956989032036,real,0.5
1177.7615724894415,540.0,304.60488734914264,34.816338624007,9.111707857937311,real,0.5
1178.1365439660524,520.0,304.17954771204654,34.76772230348692,9.115329220206906,real,0.5
1178.1374767309194,538.0,321.20142627807587,36.71332302358408,9.115338732678536,real,0.5
1178.140275025521,520.0,316.3963511901097,36.16410294102954,9.115366843182434,real,0.5
1178.2335515122402,520.0,326.87218224641026,37.36149043076469,9.11633488445076,real,0.5
1178.3230969394904,536.0,334.8979515591296,38.27883586320851,9.117287021870762,real,0.5
1178.325895234092,537.0,337.1884333989438,38.54063793749928,9.117316979664952,real,0.5
1178.4303648992172,537.0,339.1567790301178,38.76561984314246,9.118441932810336,real,0.5
1178.4658099641704,515.0,301.651271729901,34.478740358727684,9.118781405363537,real,0.5
1178.882755859805,523.0,310.8990525159529,35.53576170257342,9.122897097027462,real,0.5
1178.9405872815707,536.0,301.2680256815033,34.43493533539582,9.123450269602143,real,0.5
1179.0749054224466,528.0,313.1178337925043,35.78936840248324,9.12478559222074,real,0.5
1179.257727336416,517.0,322.621473385633,36.875634407977856,9.12665827945999,real,0.5
1179.257727336416,533.0,332.1019165372909,37.95924906021235,9.12665827945999,real,0.5
1179.2614583958846,521.0,333.07091789473094,38.070005915367744,9.126697735420002,real,0.5
1179.3528693528692,546.0,344.4266727037117,39.367968690034246,9.127697364223474,real,0.5
1179.3649952961428,543.0,341.7100109577596,39.05745425247192,9.127828922133103,real,0.5
1179.4032386556976,534.0,302.4244891405868,34.56711910876907,9.12819613401223,real,0.5
1179.628967753558,542.0,303.26928277708794,34.66367902142115,9.13036963428835,real,0.5
1179.9143938029183,529.0,303.2867681807991,34.66567760306533,9.133118103012418,real,0.5
1180.0953501871536,536.0,311.54179145524057,35.609226763334,9.134908024379223,real,0.5
1180.0953501871536,543.0,314.83786052295784,35.98596745777408,9.134908024379223,real,0.5
1180.1876939090052,530.0,331.626693840611,37.90493110598184,9.135880325050016,real,0.5
1180.190492203607,525.0,318.82445444859394,36.44163514347429,9.135908651280822,real,0.5
1180.3257431093496,511.0,293.801537885993,33.581515780369,9.13717029862124,real,0.5
1180.377045177045,527.0,343.2776500294514,39.236635398366296,9.137729443211612,real,0.5
1180.469388898897,536.0,334.06954234409505,38.18414868993006,9.138708906102108,real,0.5
1180.5607998558817,537.0,299.0422170941861,34.180525413865475,9.139576815696088,real,0.5
1180.8406293160392,533.0,308.99347808040545,35.31795454459034,9.142322094627776,real,0.5
1180.9385696270945,523.0,315.76544317976385,36.09199015544701,9.14330400038956,real,0.5
1180.9404351568287,508.0,308.5172687309596,35.26352381594868,9.143322274042951,real,0.5
1181.1213915410638,523.0,334.6606946376415,38.25171739708242,9.145245021951553,real,0.5
1181.218399087251,525.0,318.34017228657666,36.38628169235571,9.146225506368737,real,0.5
1181.2585079765408,525.0,287.4794552833869,32.85890173889113,9.146591599160963,real,0.5
1181.3088772793692,534.0,319.95672973916294,36.57105420918632,9.147103282078804,real,0.5
1181.4021537660883,548.0,335.9528273617316,38.39940816744592,9.148098215936011,real,0.5
1181.499161312276,529.0,287.7071479345026,32.88492700891364,9.148984350957036,real,0.5
1181.7295542344723,526.0,298.20838741457027,34.08521868148538,9.151165737939184,real,0.5
1181.777125242699,525.0,306.0214287175438,34.97824930241526,9.151627946435106,real,0.5
1182.0550891731218,529.0,308.7528878142736,35.29045507717147,9.15435280021279,real,0.5
1182.1511639544426,520.0,311.43739867726845,35.597294668811784,9.155302800851931,real,0.5
1182.1548950139115,529.0,332.9103405923062,38.05165192970061,9.155342237789778,real,0.5
1182.156760543646,533.0,316.5218116367584,36.178443070081485,9.155360985556804,real,0.5
1182.1978021978025,530.0,283.7645095374036,32.43428344012523,9.15573075129118,real,0.5
1182.3339858684124,533.0,315.28746708254965,36.037357487535424,9.157094001186108,real,0.5
1182.426329590264,532.0,283.6416786363929,32.420243868139714,9.15792561395892,real,0.5
1182.6184791529054,510.0,284.45796406220285,32.513545292309786,9.159661020488874,real,0.5
1182.7061590504215,534.0,292.250308632464,33.404210276690634,9.160474597637116,real,0.5
1182.7117556396245,521.0,302.0606437943542,34.52553158569468,9.160528271308587,real,0.5
1182.893644788727,517.0,308.1343828570274,35.21975996055823,9.162307741356038,real,0.5
1183.129634300126,517.0,275.6062541744516,31.501794852139817,9.164372767238078,real,0.5
1183.1744070137513,532.0,308.26713416585693,35.234933435157444,9.164810979344828,real,0.5
1183.2667507356034,511.0,319.01467592504537,36.463377458232685,9.165746302674217,real,0.5
1183.2667507356034,526.0,318.3035690198342,36.38209793896705,9.165746302674217,real,0.5
1183.268616265338,533.0,277.86385350769416,31.75983845592944,9.165762760708382,real,0.5
1183.5428491362918,514.0,288.98888565857214,33.031429630774795,9.168278956202649,real,0.5
1183.6389239176126,529.0,289.38988448162667,33.07726379624993,9.16916170367096,real,0.5
1183.733133169199,530.0,294.62386918805896,33.675508248195136,9.170042966012309,real,0.5
1183.8310734802535,537.0,304.03215756667583,34.750875609871045,9.170988385891937,real,0.5
1184.018559218559,546.0,312.86036750612175,35.75994000594972,9.172850741101314,real,0.5
1184.0194919834264,514.0,314.0240934525123,35.892953881622155,9.172860041014196,real,0.5
1184.0698612862548,527.0,271.0616636961937,30.982348160474945,9.173293529702203,real,0.5
1184.1995156027945,525.0,323.1115490969281,36.93165006177888,9.174623626326492,real,0.5
1184.4830761224202,532.0,286.49481127380386,32.74635692859578,9.17720295243386,real,0.5
1184.5185211873736,524.0,278.6801937872777,31.85314614988584,9.177516573776709,real,0.5
1184.5185211873736,530.0,268.60731745793663,30.70181638544216,9.177516573776709,real,0.5
1184.6649652715228,524.0,289.11142596187784,33.04543598744264,9.178860826167956,real,0.5
1184.7582417582416,517.0,292.38290861528253,33.41936645472679,9.179726726471085,real,0.5
1184.853383774695,538.0,301.74187838513257,34.48909669942065,9.180638215972651,real,0.5
1184.9475930262815,533.0,267.08056039946064,30.527308053658352,9.181437092318395,real,0.5
1184.99796232911,537.0,279.170870766912,31.909230528658043,9.18188354945604,real,0.5
1185.0446005724696,525.0,310.8654182064796,35.53191730100062,9.18234386784663,real,0.5
1185.2255569567046,521.0,312.4240599497998,35.71007005226212,9.18413885816814,real,0.5
1185.451286054565,517.0,279.6004712785434,31.95833386713751,9.186142726466178,real,0.5
1185.5044536519947,518.0,283.1207162815124,32.36069787097686,9.186620654398666,real,0.5
1185.5044536519947,532.0,275.1118628962031,31.44528592903601,9.186620654398666,real,0.5
1185.5967973738464,546.0,267.9936513919047,30.631674354094702,9.187406388514336,real,0.5
1185.6014611981825,515.0,287.88173232745066,32.90488200502761,9.18744901701141,real,0.5
1185.7852158770193,531.0,288.68610925897883,32.99682228830128,9.189133272700916,real,0.5
1185.9717688504572,544.0,298.7487479003582,34.14698188501094,9.190902778535522,real,0.5
1185.974567145059,534.0,309.2574096220913,35.34812191980504,9.190930254774065,real,0.5
1186.1536579995598,530.0,266.2922104288085,30.43719965201281,9.192444428133587,real,0.5
1186.3411437378652,518.0,273.82258886565097,31.297921907343905,9.19407440424365,real,0.5
1186.5332933005066,514.0,267.87555642807297,30.618176099728743,9.195708645673218,real,0.5
1186.5360915951078,536.0,269.9091640683312,30.85061745301025,9.195732625983291,real,0.5
1186.623771492624,543.0,280.48155727573806,32.05904199661686,9.19651344084905,real,0.5
1186.7179807442103,524.0,286.8216638568335,32.783716178836066,9.19737136567278,real,0.5
1186.7189135090773,517.0,284.58052581917764,32.527554101132004,9.197379793606023,real,0.5
1186.8690886526952,503.0,258.5444996849927,29.551636313994663,9.198612549502576,real,0.5
1186.997810204368,518.0,296.4968272390485,33.889587353423245,9.199824305133044,real,0.5
1187.0892211613525,527.0,257.7241565167367,29.457871089863005,9.200572297407223,real,0.5
1187.2739086050562,544.0,268.6932176611132,30.71163477866524,9.20214786777368,real,0.5
1187.363454032307,535.0,263.0940426279783,30.07164907237792,9.202895861847098,real,0.5
1187.5649312436196,531.0,276.6395386244607,31.619899264775864,9.204665497715396,real,0.5
1187.649812846534,524.0,267.1241823737201,30.532294045316203,9.205385394954067,real,0.5
1187.6507456114014,522.0,264.4121136741416,30.222304592954384,9.205393225594047,real,0.5
1187.7514842170583,542.0,284.70004141626555,32.54121473387915,9.206303824649234,real,0.5
1187.755215276527,530.0,284.11002611858464,32.47377598535422,9.206337480646283,real,0.5
1187.825172641566,507.0,256.6999398340029,29.34080312302653,9.20690764877812,real,0.5
1188.2962188994975,521.0,256.34949780461494,29.30074759906749,9.210741539753435,real,0.5
1188.3018154887006,519.0,265.6811127167108,30.367351183520046,9.210788749083925,real,0.5
1188.3950919754195,523.0,252.8474577835735,28.90046442466245,9.211537564024503,real,0.5
1188.3950919754195,527.0,264.73285508053374,30.258965335705007,9.211537564024503,real,0.5
1188.3950919754195,534.0,257.3681927734906,29.41718443400997,9.211537564024503,real,0.5
1188.6758542004443,541.0,269.3543549533659,30.78720277116972,9.213938642789037,real,0.5
1188.6758542004443,527.0,258.6068254067705,29.558760143993872,9.213938642789037,real,0.5
1188.687980143718,521.0,278.27657124354363,31.80701209313704,9.21404577890691,real,0.5
1188.75700474389,547.0,277.1310652847476,31.67608076204665,9.214653120242914,real,0.5
1188.858676114414,521.0,278.6346371752158,31.847939029127165,9.21555257124554,real,0.5
1189.2317820612905,529.0,254.63720901441008,29.10503299034707,9.218569032604632,real,0.5
1189.3306551372125,525.0,251.72800359077291,28.77251081042535,9.219359262228473,real,0.5
1189.3334534318142,529.0,255.3621920820082,29.187898554973536,9.219381950100406,real,0.5
1189.4388558618066,532.0,260.07377492938804,29.72643247442905,9.220252294049798,real,0.5
1189.5134770511818,532.0,270.0559633404057,30.86739660980837,9.220892116785336,real,0.5
1189.5153425809162,520.0,262.5078469404916,30.004646905298188,9.220907665274495,real,0.5
1189.620745010909,517.0,269.50000388119145,30.80385044362018,9.22180955435502,real,0.5
1189.6869713164797,553.0,275.21534932893246,31.457114428296983,9.22238824559738,real,0.5
1189.8921795872614,523.0,274.9816114883009,31.430398193112797,9.22417985050382,real,0.5
1190.1710762825514,535.0,280.4336483825701,32.05356601012776,9.226663082068402,real,0.5
1190.352965431654,512.0,260.3123135809022,29.75369744229712,9.228166380599076,real,0.5
1190.4471746832403,525.0,252.0278863109576,28.80678740534245,9.228920232232984,real,0.5
1190.4481074481073,527.0,251.1799701007629,28.7098705825172,9.228927670999266,real,0.5
1190.4481074481073,533.0,257.003256402133,29.375472206763803,9.228927670999266,real,0.5
1190.5469805240298,501.0,265.8748481674268,30.389495145536888,9.229762310682814,real,0.5
1190.624400008007,530.0,295.846026807926,33.815200864145936,9.230489520516556,real,0.5
1190.631862126944,517.0,252.98698944234684,28.916412893260244,9.23054945876996,real,0.5
1191.099177325407,531.0,271.1469928711592,30.992101285173497,9.234572536537422,real,0.5
1191.1038411497427,518.0,273.0289734300511,31.20721166305484,9.23461296569109,real,0.5
1191.192453812126,519.0,261.3214762877471,29.86904473968949,9.23534818112921,real,0.4856506115014619
1191.3799395504316,525.0,248.2921528863706,28.37979307491216,9.23682618292299,real,0.4179211573489559
1191.4732160371505,517.0,249.7508863442758,28.546526309150725,9.23756582727914,real,0.384702930402944
1191.5664925238696,523.0,253.48466795903929,28.973297547718182,9.238316529335783,real,0.3498328409295458
1191.5702235833382,516.0,264.870265462925,30.27467134241233,9.238347906168888,real,0.3484150383314417
1192.13081526852,510.0,275.6640826073723,31.50840464202265,9.243254392184353,real,0.34499835064756734
1192.2240917552392,538.0,269.2646384652779,30.776948176581268,9.244051827072642,real,0.31033786705102084
1192.3108388878882,515.0,244.175919601069,27.909307610402188,9.244724341630814,real,0.3
1192.3136371824896,526.0,245.14503185383165,28.020077140892955,9.244746121750424,real,0.3
1192.4087791989434,536.0,263.2893509622266,30.093972814982497,9.245541455432846,real,0.3
1192.4973918613264,522.0,250.40763697198844,28.62159290589828,9.246245965307578,real,0.3
1193.06078184111,520.0,277.98219249950205,31.77336460269308,9.251218408430123,real,0.3
1193.2454692848137,530.0,265.81786585799006,30.382982067568264,9.252777118232949,real,0.3
1193.3471406553374,539.0,265.9437351861063,30.397368931771958,9.253635602166172,real,0.3
1193.5225004503695,516.0,242.8331819399243,27.755832695733343,9.254987618036305,real,0.3
1193.5252987449708,526.0,241.6048582213544,27.6154352947008,9.255009083626163,real,0.3
1194.1782341520047,511.0,282.9199760541261,32.33775326298662,9.260874212539866,real,0.3
1194.28270381713,524.0,267.97834165873667,30.6299244515936,9.261763073081609,real,0.3
1194.363854360576,528.0,261.6183614376201,29.90297871231997,9.262437140574152,real,0.3
1194.4580636121618,519.0,242.2553942371229,27.689791561303156,9.263161761279584,real,0.3
1195.1109990191958,523.0,286.74352337191266,32.77478472140962,9.26910615500251,real,0.3
1195.389895714486,514.0,261.5281147134364,29.89266351174578,9.271421978632189,real,0.3
1195.483172201205,529.0,267.1600320777171,30.536391666483063,9.27221318066878,real,0.3
1196.147300786645,539.0,288.0124784470081,32.91982628649303,9.278286235575608,real,0.3
1196.1482335515125,517.0,260.17449143581393,29.73794437111353,9.278293940717203,real,0.3
1197.2554254488682,522.0,285.6183460756983,32.646176956452315,9.288334380329932,real,0.3
1209.2377229328051,533.0,267.6077406779489,30.58756475948956,9.390142519290318,real,0.3
1210.1714205648632,540.0,267.2959760435653,30.55193006177951,9.398066481721845,real,0.3
1210.3934186032548,513.0,264.9094951478305,30.27915529539703,9.399933679799544,real,0.3
1210.5883664604976,526.0,266.76074682412764,30.49075336199779,9.401584820642224,real,0.3
1211.1079164915232,531.0,267.5180867495061,30.577317315468548,9.405997722353316,real,0.3
1211.3261834704458,527.0,266.5681550397504,30.468740121043474,9.407845033424929,real,0.3
1211.337376648852,503.0,265.41167984990824,30.336555006844517,9.407939356333932,real,0.3
1211.6172061090094,533.0,266.24635849836164,30.431958776362737,9.4103048448328,real,0.3
1211.7104825957283,543.0,265.9403365520515,30.39698046789949,9.411092434706388,real,0.3
1212.0360175343783,529.0,252.83253149823253,28.898758350247977,9.41370564457489,real,0.3
1212.2720070457774,518.0,255.04757425367544,29.151937737195105,9.415616631114595,real,0.3
1212.5471726815988,523.0,265.230517091631,30.31584810357342,9.417933819897618,real,0.3
1212.827934906623,546.0,267.0840764377445,30.5277099368342,9.420314660943944,real,0.3
1212.9743789907725,537.0,268.668524048602,30.708812298755213,9.421563862025163,real,0.3
1213.191713204828,534.0,267.4279078003377,30.5670098615786,9.423409211209693,real,0.3
1213.1991753237655,532.0,268.70840721249186,30.71337094438782,9.42347287421718,real,0.3
1213.386661062071,521.0,258.25229817585,29.51823768149965,9.425010165490844,real,0.3
1213.4799375487898,526.0,263.4433455175259,30.11157439265321,9.425790360454434,real,0.3
1213.665557757361,527.0,265.0612764786469,30.29650390150934,9.42735248361365,real,0.3
1213.6664905222283,533.0,265.5540945025527,30.352833001641773,9.427360348073718,real,0.3
1213.8642366740728,543.0,254.25977942112547,29.06189278783464,9.42895670292486,real,0.3
1213.9006145038932,539.0,253.8792344374599,29.018396496201667,9.429249932449691,real,0.3
1213.9808322824715,514.0,255.29653023061323,29.18039340535909,9.429900150876644,real,0.3
1214.3166276346603,530.0,265.0772490538374,30.298329566853617,9.432726272612095,real,0.3
1214.4127024159811,535.0,257.59960532625314,29.443634888790733,9.43351204782966,real,0.3
1214.4155007105828,534.0,261.6859218115263,29.910700863057457,9.43353529753876,real,0.3
1214.6934646410054,522.0,266.2192401815186,30.428859152747577,9.43588477678553,real,0.3
1214.792337716928,557.0,263.0940513103062,30.071650064768,9.436710686935522,real,0.3
1215.0749654716867,515.0,252.9041214918177,28.906941086514763,9.438980104673362,real,0.3
1215.251258031586,517.0,260.89431111480945,29.82021976042272,9.440440405472897,real,0.3
1215.4387437698915,530.0,258.77508544953247,29.57799226688156,9.441980808727829,real,0.3
1215.534818551212,549.0,258.8081464433768,29.58177113847797,9.44277027044816,real,0.3
1215.6318260974,520.0,264.4072946027399,30.22175377309317,9.443584642163446,real,0.3
1215.7213715246503,525.0,264.8243406817205,30.269422139920653,9.444337555590703,real,0.3
1215.7773374166818,539.0,241.4406750945953,27.59666916331224,9.444766575648156,real,0.3
1215.8967313196824,528.0,252.6660241402885,28.87972655923497,9.44572437100135,real,0.3
1216.1840228987771,525.0,255.08657807553476,29.15639587403362,9.448051145171174,real,0.3
1216.1868211933786,534.0,252.78150633336105,28.892926173903167,9.448073603759878,real,0.3
1216.2884925639023,531.0,258.27232339332204,29.52052656385671,9.448907323869417,real,0.3
1216.3771052262855,538.0,259.5365181556513,29.66502402519095,9.449637517413452,real,0.3
1216.549666726716,541.0,241.472247147712,27.60027784898348,9.450960502235096,real,0.3
1216.5589943753876,531.0,253.0197356806564,28.920155788299024,9.45103543474974,real,0.3
1216.7240937568806,531.0,246.03724414549157,28.12205700582968,9.452325138699178,real,0.3
1216.750211173162,530.0,263.16801115629755,30.08010367516481,9.452543364974034,real,0.3
1216.8434876598812,533.0,263.83026241941417,30.15579899453904,9.45332470580304,real,0.3
1217.125182649773,529.0,250.9177346890824,28.67989707496212,9.455568867835437,real,0.3
1217.2072659580856,528.0,241.43029526561824,27.595482748860164,9.456198070201689,real,0.3
1217.3966172261255,540.0,250.09660649715795,28.58604212262515,9.457701626680622,real,0.3
1217.3966172261255,543.0,257.55796876170365,29.438875829462727,9.457701626680622,real,0.3
1217.4059448747976,513.0,264.4525456857704,30.22692597188356,9.457779945054485,real,0.3
1217.482431593907,528.0,249.7162989961838,28.54257297526381,9.458386369432768,real,0.3
1217.4917592425788,521.0,256.35621406377896,29.301515267489936,9.458462290054982,real,0.3
1217.6615224484078,525.0,253.37974173610544,28.96130448043685,9.459828002247646,real,0.3
1217.6773794511498,532.0,268.2797998666222,30.66438112475492,9.459963070351971,real,0.3
1218.048619868292,527.0,249.1395869915601,28.47665479313532,9.462899649575368,real,0.3
1218.048619868292,535.0,253.534767630155,28.97902394012672,9.462899649575368,real,0.3
1218.2342400768632,509.0,258.62760864799526,29.56113566846585,9.464423856288809,real,0.3
1218.423591344903,518.0,251.3628784804437,28.730777010314718,9.46593502547177,real,0.3
1218.423591344903,537.0,257.44240970889547,29.42566742972675,9.46593502547177,real,0.3
1218.433851758442,501.0,265.8551682758785,30.38724573393292,9.466021632612756,real,0.3
1218.5289937748953,540.0,254.55946785511017,29.096147175839093,9.466790595422014,real,0.3
1218.5896234912627,533.0,253.1984140281542,28.940578723418025,9.467278000721878,real,0.3
1218.6017494345365,541.0,247.2816449350989,28.264292016081807,9.467373203833448,real,0.3
1218.7938989971776,526.0,252.13873367581317,28.81945725914544,9.468911438863422,real,0.3
1219.1679377089213,507.0,246.89824061521776,28.22046890231939,9.471843535483709,real,0.3
1219.1688704737885,532.0,242.7528129746334,27.7466465230006,9.471850724677337,real,0.3
1219.1744670629917,541.0,248.4658591126841,28.399647696579795,9.471894875000022,real,0.3
1219.2612141956406,537.0,243.55399528709,27.838221661314385,9.4725656766409,real,0.3
1219.3535579174925,521.0,239.34943371678352,27.35764027382836,9.473267428397556,real,0.3
1219.448699933946,529.0,249.25782074891157,28.490168911600588,9.47402037620849,real,0.3
1219.5242538881882,523.0,292.4202739727016,33.42363731507979,9.474721845087466,real,0.3
1219.547573009868,520.0,261.0098274258937,29.83342327477965,9.474915092095095,real,0.3
1219.726663864369,538.0,294.92063654185847,33.709428756734425,9.476592050539756,real,0.3
1220.1007025761123,516.0,255.9418561625073,29.254154159374583,9.479631546688346,real,0.3
1220.1044336355817,519.0,246.65320505524755,28.192461337814795,9.479660765507743,real,0.3
1220.1939790628317,517.0,246.6614812323532,28.19340730485797,9.480362040702952,real,0.3
1220.194911827699,513.0,252.65336226340543,28.87827930670724,9.480369523104162,real,0.3
1220.2863227846833,529.0,242.77245771825764,27.748891917196847,9.481074121094554,real,0.3
1220.3842630957386,540.0,246.64114518689695,28.191082894862323,9.481841077602253,real,0.3
1220.3935907444106,526.0,253.8826678217979,29.018788932031494,9.481916265676707,real,0.3
1220.455153225645,513.0,264.6441017735244,30.24882083271384,9.482433541361395,real,0.3
1220.6650253207629,536.0,264.67040438532405,30.251827221242536,9.484197156461414,real,0.3
1220.8590404131387,545.0,292.45830308893886,33.42798404306571,9.48599869352032,real,0.3
1221.126743930023,522.0,265.75242108276854,30.375501729760444,9.488257479253702,real,0.3
1221.2209531816088,523.0,251.4022936596455,28.73528216529748,9.489009459650063,real,0.3
1221.2293480654137,533.0,244.4492010244591,27.940543677095672,9.489074614543846,real,0.3
1221.3170279629296,544.0,249.84810767492075,28.55763870724344,9.489770150886942,real,0.3
1221.3170279629296,523.0,248.57553741468092,28.41218392649803,9.489770150886942,real,0.3
1221.3179607277968,515.0,255.41809171763185,29.19428788332532,9.489777715166404,real,0.3
1221.3925819171725,534.0,283.14936490233,32.36397240833632,9.490448559086966,real,0.3
1221.8720230589086,536.0,268.89529258804134,30.734731942813124,9.494541752135191,real,0.3
1221.9662323104944,528.0,278.132724781191,31.790570442490125,9.495373687093212,real,0.3
1221.9708961348306,522.0,290.32814473485786,33.18450694319425,9.495416677846286,real,0.3
1222.1462559298625,538.0,284.4904760077302,32.51726140768356,9.497000627928356,real,0.3
1222.1537180488,533.0,254.29599202077452,29.06603188797453,9.49706087631363,real,0.3
1222.3272123140976,520.0,283.4506927912901,32.39841418604446,9.498622248276414,real,0.3
1222.3402710222383,528.0,248.60960193135975,28.416077500754422,9.4987253252938,real,0.3
1222.43261474409,514.0,249.20763734874305,28.48443294896133,9.499455980447506,real,0.3
1222.524958465942,535.0,282.1884898062248,32.25414438485149,9.500283332596853,real,0.3
1222.5258912308095,525.0,245.59211827360795,28.07117911867339,9.500290605877316,real,0.3
1222.7105786745133,524.0,282.6253650875453,32.30407922950643,9.501947871936787,real,0.3
1222.8075862207008,528.0,271.2154899392498,30.99993050005625,9.502783212822845,real,0.3
1222.9969374887407,528.0,284.7731855697897,32.54957511062696,9.50449524152322,real,0.3
1223.1825576973115,537.0,289.7416069016389,33.11746566885732,9.506202816768996,real,0.3
1223.2441201785466,534.0,291.8496143678121,33.35841092224092,9.506773268587446,real,0.3
1223.2702375948277,526.0,258.7877543524944,29.579440322490107,9.506987862630853,real,0.3
1223.272103124562,536.0,255.876252623244,29.246655674836788,9.507003018326907,real,0.3
1223.4567905682663,532.0,291.5390651296408,33.32291514431794,9.508712552775457,real,0.3
1223.4586560980006,524.0,253.61580226708247,28.98828619912753,9.508727574583748,real,0.3
1223.6759903120558,527.0,287.4335079689102,32.85364996084643,9.510710969637383,real,0.3
1223.740351087892,527.0,288.6421374410251,32.99179630950917,9.511300796750357,real,0.3
1223.927836826197,533.0,280.52313770227863,32.06379463937045,9.512970659031144,real,0.3
1224.0183150183152,524.0,280.80102473189163,32.09555712685521,9.513777311248882,real,0.3
1224.022046077784,524.0,298.9645539993122,34.17164852212139,9.51381272693021,real,0.3
1224.1600952781282,548.0,313.2425751032188,35.80362633429791,9.515185688592677,real,0.3
1224.2981444784723,537.0,260.04877589770314,29.723575085107463,9.516325498529303,real,0.3
1224.3876899057225,520.0,312.649777153126,35.7358695286023,9.517214382891831,real,0.3
1224.3914209651916,534.0,252.4140464436689,28.85092550851136,9.517244284147056,real,0.3
1224.5761084088954,529.0,287.37777865431224,32.84728010018789,9.518929417534368,real,0.3
1224.585436057567,532.0,284.6037145035649,32.530204567757465,9.519013703734208,real,0.3
1224.6833763686222,529.0,283.0361713569536,32.3510343860998,9.519893834392745,real,0.3
1224.9510798855065,540.0,277.87052462435366,31.760600964563626,9.522255618997344,real,0.3
1225.090994615585,531.0,299.309381682296,34.21106232628644,9.523585238872649,real,0.3
1225.1367000940772,527.0,269.04023965147354,30.75129939216343,9.523975656331809,real,0.3
1225.2309093456631,538.0,296.42600031610453,33.88149183613075,9.524862309106393,real,0.3
1225.2309093456631,530.0,252.29678607799855,28.83752264871524,9.524862309106393,real,0.3
1225.321387537781,529.0,294.283778189252,33.6366358470315,9.52570769299538,real,0.3
1225.5172681598913,531.0,288.30564789003364,32.95333555383085,9.527500726292295,real,0.3
1225.701022838728,527.0,279.8148924094761,31.98284220240312,9.529133225430405,real,0.3
1225.794299325447,528.0,279.83526877547934,31.985171221037287,9.529961965541125,real,0.3
1225.877315398627,522.0,306.83824095620497,35.071610941294225,9.530770717602358,real,0.3
1225.883844752697,520.0,279.96597336154434,32.00011075522452,9.530828756506084,real,0.3
1225.9789867691509,518.0,265.8806122135689,30.39015397601092,9.531631917764308,real,0.3
1226.0274905422448,514.0,299.9198051914668,34.280833733384654,9.532093792703442,real,0.3
1226.2560179347065,519.0,299.6496166306557,34.24995118088395,9.53426797382436,real,0.3
1226.4388398486758,526.0,299.6108723264108,34.24552270690875,9.536007093826072,real,0.3
1226.4397726135433,529.0,307.32610364651543,35.12737364679671,9.536016195376078,real,0.3
1226.5433095138014,525.0,298.5471846915559,34.12394321024484,9.536997608516238,real,0.3
1226.6375187653878,504.0,288.61573085670983,32.988778036921936,9.53786089965224,real,0.3
1226.716803779099,544.0,300.89185573105306,34.39193911005936,9.538618334475546,real,0.3
1226.9117516363417,539.0,284.15005876516983,32.47835171685891,9.540377108107204,real,0.3
1226.9201465201463,532.0,284.94313212828683,32.56900000226319,9.54045305615461,real,0.3
1226.9499949958968,547.0,296.5503868064277,33.89570921197468,9.54073409372529,real,0.3
1227.0992373746471,518.0,269.26084254171724,30.77651430251828,9.542009971559777,real,0.3
1227.4630156728515,547.0,294.09577574046415,33.61514716713505,9.545406766290432,real,0.3
1227.4667467323206,518.0,299.1992431412385,34.198473491043565,9.545442209773304,real,0.3
1227.4667467323206,530.0,299.9720192266404,34.286801797604994,9.545442209773304,real,0.3
1227.5590904541723,515.0,307.5699974995196,35.155250714195084,9.546343978299298,real,0.3
1227.56655257311,528.0,302.8690456295065,34.617931915452594,9.546415734723002,real,0.3
1227.655165235493,532.0,288.4033080398228,32.964498108951744,9.547227143595656,real,0.3
1227.844516503533,526.0,283.63236869346406,32.419179741662944,9.548932313815904,real,0.3
1227.8995496306973,535.0,296.0335219019773,33.836631553396,9.549449573717874,real,0.3
1227.9396585199863,529.0,285.26940117672694,32.60629255449989,9.549812852100706,real,0.3
1228.1196821393544,523.0,294.8657077970172,33.70315040119907,9.551498230744963,real,0.3
1228.399511599512,522.0,295.5581352065676,33.782294854110674,9.55412414222605,real,0.3
1228.4927880862308,536.0,298.27288500047456,34.09259075555424,9.555007485861834,real,0.3
1228.5869973378174,521.0,302.1158299264973,34.531839360598646,9.55591115773463,real,0.3
1228.5972577513564,537.0,304.2256025234086,34.772986368425606,9.55601026474022,real,0.3
1228.6802738245362,540.0,299.9422242536974,34.28339623219762,9.55680084055424,real,0.3
1228.776348605857,511.0,289.69758428583344,33.112433883870764,9.557684526622126,real,0.3
1228.8705578574431,539.0,284.4707306074686,32.51500450843366,9.558535419466589,real,0.3
1229.2389999799834,549.0,297.02599958483427,33.95007175254656,9.562010040715728,real,0.3
1229.4236874236876,534.0,295.5912301986082,33.78607761170091,9.56374333635653,real,0.3
1229.4236874236876,531.0,294.17183401516235,33.623840627933056,9.56374333635653,real,0.3
1229.619568045798,538.0,301.31374175951106,34.44016068311211,9.565617269717691,real,0.3
1229.6232991052666,525.0,312.1768922016813,35.68181877865217,9.565654250547642,real,0.3
1229.710046237915,530.0,303.60491659566816,34.70204196688487,9.566490445724774,real,0.3
1229.7212394163216,515.0,291.8406543189914,33.35738678866072,9.566594161052969,real,0.3
1230.2697051582295,529.0,293.844875736342,33.586469296663886,9.571711113219877,real,0.3
1230.356452290879,533.0,296.3021048422145,33.86733058346511,9.572527194836152,real,0.3
1230.5458035589186,533.0,292.777296687005,33.46444501132467,9.574287343474248,real,0.3
1230.5467363237854,539.0,300.6496707170254,34.364257362956,9.574296247299788,real,0.3
1230.6390800456377,520.0,301.718938608566,34.48647468295909,9.575180861029173,real,0.3
1230.7323565323566,523.0,311.4109936950973,35.594276579349625,9.57610311354768,real,0.3
1231.388090233992,547.0,294.9804618621076,33.716266790838894,9.582244472555482,real,0.3
1231.3899557637262,526.0,294.1911394161902,33.62604723527054,9.582261897664084,real,0.3
1231.4776356612422,530.0,301.46332624960667,34.457258190330045,9.583101122349309,real,0.3
1231.4785684261096,527.0,291.126927750563,33.27580784188935,9.58310974415611,real,0.3
1231.7565323565325,520.0,299.84545773791046,34.272335819443164,9.585755986703091,real,0.3
1232.4150643527694,544.0,294.3505443971156,33.64426722459031,9.591910382941244,real,0.3
1232.5074080746217,523.0,291.0869731211485,33.27124102774727,9.592763824671003,real,0.3
1232.515802958426,517.0,300.6068016245808,34.35935742568958,9.59284394767467,real,0.3
1232.596953501872,523.0,293.06733125970305,33.49759596298406,9.593599044373704,real,0.3
1233.4401729418123,508.0,287.3956968656611,32.84932815174506,9.601293264397745,real,0.3
1233.529718369063,521.0,291.5512407111363,33.32430681328288,9.602122164200916,real,0.3
1233.6229948557818,518.0,291.6498688201606,33.335580006144355,9.602985893585837,real,0.3
1234.5538941932386,534.0,288.0669299953115,32.9260500984641,9.611500015314093,real,0.3
1234.649036209692,521.0,291.2715548586921,33.29233872034851,9.6123798764914,real,0.3
1235.395248103445,537.0,284.9193790396099,32.56628502422741,9.619130251274852,real,0.3
1247.4960067255151,542.0,284.2343907070368,32.48799085781431,9.728332844465529,real,0.5
1247.70028223143,536.0,283.76141046381935,32.43392921601455,9.730173249270916,real,0.5
1248.4241077683705,526.0,306.1203272488501,34.98955340454357,9.737208341571012,real,0.5
1248.7281891150744,529.0,305.9052423623884,34.96496920202099,9.74016172904946,real,0.5
1249.3447466922878,513.0,306.4205737300507,35.02387157734479,9.74616012721734,real,0.5
1249.5676774955466,527.0,305.6450124878444,34.935224927360615,9.748323498815973,real,0.5
1249.653491863328,519.0,286.6325048754862,32.76209530726807,9.7491044595093,real,0.5
1249.9407834424228,535.0,306.8939478895256,35.077978243772776,9.751903794998498,real,0.5
1250.0349926940091,554.0,290.97721978753844,33.258696221715645,9.752774149687326,real,0.5
1250.264452851338,533.0,296.2339339162306,33.85953864662516,9.754932320538698,real,0.5
1250.5004423627377,508.0,296.2988428955787,33.866957742964644,9.75715238909713,real,0.5
1250.8772793690828,529.0,297.3449169977375,33.9865240128414,9.760709994642983,real,0.5
1250.8772793690828,524.0,308.3153652337393,35.24044624621641,9.760709994642983,real,0.5
1251.2037470725998,529.0,297.8174183004123,34.04053091173713,9.763796976296664,real,0.5
1251.4360055245302,521.0,297.76709235589084,34.03477865627832,9.765992772130693,real,0.5
1251.5096939490384,530.0,308.3686656911844,35.246538488502374,9.766714233766969,real,0.5
1251.8044476470704,516.0,305.4733303801804,34.91560166245462,9.769572984519474,real,0.5
1251.9937989151103,534.0,301.37371907844795,34.4470160906666,9.771384814013071,real,0.5
1251.9937989151103,519.0,309.35487543351707,35.359262262051,9.771384814013071,real,0.5
1252.1374447046578,518.0,304.22259601868126,34.77264272493527,9.772772298379428,real,0.5
1252.4331311675571,533.0,296.5573869084788,33.89650932363913,9.775556392531248,real,0.5
1252.4583158189716,514.0,301.06906243635774,34.41219383647569,9.77579713117185,real,0.5
1252.64486879241,546.0,295.5918209190463,33.78614513104699,9.7775479383483,real,0.5
1252.650465381613,520.0,301.46328822230765,34.45725384380977,9.77760150587464,real,0.5
1252.744674633199,526.0,298.05633364711946,34.06783893586575,9.77849303521056,real,0.5
1252.9265637823014,531.0,306.4740475669037,35.02998363689709,9.780262916854108,real,0.5
1253.0655457475132,522.0,295.124013755356,33.73267477223719,9.781565203918468,real,0.5
1253.1131167557398,529.0,301.064743015178,34.41170012663485,9.78201992593786,real,0.5
1253.2978041994436,534.0,292.5272818240694,33.43586831249113,9.783735255117485,real,0.5
1253.3910806861627,538.0,298.2244046897964,34.08704945604373,9.784618455177451,real,0.5
1253.5813647190698,536.0,295.90765516061566,33.82224498485837,9.786406186615698,real,0.5
1253.769783222242,526.0,294.98508412251385,33.71679511520333,9.788170872189967,real,0.5
1253.8574631197582,527.0,306.99982783420296,35.0900803214494,9.78902550959175,real,0.5
1253.8593286494925,551.0,300.2188442949064,34.3150139029078,9.789043291724742,real,0.5
1253.953537901079,537.0,296.46316825448,33.88574013148706,9.789930055673976,real,0.5
1253.9544706659462,519.0,305.4377669929345,34.91153676729241,9.789939101300352,real,0.5
1254.0039072039074,529.0,295.057779780594,33.72510422892189,9.790402226965758,real,0.5
1254.2305690666346,525.0,293.2085206833744,33.51373391410969,9.792512306231291,real,0.5
1254.5103985267922,527.0,298.0299997022726,34.06482896596976,9.795160179203489,real,0.5
1254.699749794832,516.0,296.7570640513479,33.919332421069065,9.796944253815983,real,0.5
1254.7920935166835,524.0,296.0941620785102,33.84356272557371,9.797812376188984,real,0.5
1254.7920935166835,546.0,296.57108263543074,33.898074745229735,9.797812376188984,real,0.5
1254.88630276827,534.0,295.8322053598023,33.8136210726254,9.798697252837506,real,0.5
1255.0709902119738,503.0,306.81248046834486,35.06866651753182,9.80049634794118,real,0.5
1255.160535639224,540.0,296.03583891194506,33.83689638763532,9.801337997758916,real,0.5
1255.1642666986932,539.0,306.22043128135607,35.000995295459,9.801374272979729,real,0.5
1255.2566104205448,524.0,295.98601210528057,33.83120118363357,9.802242078266396,real,0.5
1255.3582817910683,535.0,294.8381577221174,33.700001427638014,9.80319383530301,real,0.5
1255.4534238075223,519.0,295.48338893032616,33.77375135473628,9.804086419416093,real,0.5
1255.7239256190078,523.0,298.09578669529003,34.07234841927165,9.80664659496303,real,0.5
1255.8638403490866,543.0,295.7807686539985,33.80774185715203,9.807960539706508,real,0.5
1255.9104785924458,509.0,297.92615169010446,34.05295913817894,9.808401698094114,real,0.5
1255.9104785924458,525.0,295.86243241105933,33.81707602458408,9.808401698094114,real,0.5
1256.0037550791649,527.0,308.3151079141445,35.24041683458672,9.809314782058792,real,0.5
1256.0933005064153,527.0,299.2336046113162,34.20240100707344,9.810165523339672,real,0.5
1256.1884425228689,540.0,299.4512049965809,34.2272727311092,9.811070093268937,real,0.5
1256.472003042495,528.0,299.2532462728258,34.20464604898399,9.813764284159848,real,0.5
1256.4748013370963,524.0,300.47156116003623,34.34389944059214,9.813790979812175,real,0.5
1256.6566904861988,538.0,305.98773974232904,34.97439865254821,9.815558053037536,real,0.5
1256.808731159551,529.0,296.1890166001038,33.85440459739186,9.816987843723902,real,0.5
1256.8432434596368,520.0,302.4506549728465,34.570109863396354,9.81731925872546,real,0.5
1256.9337216517547,540.0,301.9503190445246,34.51292146678916,9.818186666152966,real,0.5
1257.027930903341,530.0,297.61752965790595,34.01768363989865,9.81907688296308,real,0.5
1257.0969555035128,528.0,300.0145181677793,34.29165942657717,9.819734374096733,real,0.5
1257.4952461018036,530.0,298.75061203266165,34.14719495533323,9.82351229262693,real,0.5
1257.595051942593,517.0,299.9642723386293,34.28591632830533,9.82446283004537,real,0.5
1257.692992253648,523.0,305.01526571431714,34.86324487114645,9.825411307002888,real,0.5
1257.7284373186012,528.0,299.9120786565306,34.279950590441445,9.825748822301572,real,0.5
1257.872083108149,526.0,298.242919571526,34.08916570702542,9.82710903483574,real,0.5
1258.0017374246884,541.0,299.4610198055812,34.22839456377793,9.82834177347558,real,0.5
1258.0203927220325,530.0,302.0086021869534,34.519583229968774,9.828520654889283,real,0.5
1258.029720370704,537.0,301.75987994042225,34.49115427719026,9.828610021936337,real,0.5
1258.0511739626495,528.0,301.25831403788203,34.43382529452992,9.828815224502168,real,0.5
1258.2405252306892,539.0,297.1739619776648,33.96698385404708,9.830601805464456,real,0.5
1258.2405252306892,532.0,302.8472112096064,34.61543624125802,9.830601805464456,real,0.5
1258.2498528793612,528.0,306.1734314307884,34.995623212539115,9.830692479597342,real,0.5
1258.3338017174085,528.0,308.8650877611865,35.30327953110361,9.831515721068422,real,0.5
1258.522220220581,518.0,307.7219577563336,35.17261977154893,9.833356602282317,real,0.5
1258.5259512800496,533.0,306.706438352814,35.056545903726644,9.833392935076075,real,0.5
1258.6677315398629,528.0,305.2329062797021,34.888121187769954,9.834766948100077,real,0.5
1258.7171680778238,523.0,311.14081671648125,35.56339535069381,9.835255317862377,real,0.5
1258.892527872856,539.0,305.99804589416493,34.97557664570305,9.836959015071184,real,0.5
1259.1723573330132,515.0,305.80972298180075,34.95405133681982,9.839676007658934,real,0.5
1259.266566584599,524.0,302.5243636649776,34.57853476690694,9.84058090151486,real,0.5
1259.2758942332714,538.0,308.3399948537205,35.24326141178025,9.840672217281668,real,0.5
1259.359843071319,531.0,306.44914217927845,35.02713695109153,9.841489019350323,real,0.5
1259.4540523229048,528.0,302.49303127442244,34.574953474666486,9.842393819486569,real,0.5
1259.5501271042256,531.0,306.7257332195253,35.05875130699174,9.843329447782455,real,0.5
1259.594899817851,530.0,306.1460342402948,34.99249171366569,9.843764644674271,real,0.5
1259.6406052963432,513.0,305.1567655232768,34.87941829931054,9.844207472591744,real,0.5
1259.918569226766,525.0,306.4191052174116,35.02370372635014,9.846911729910008,real,0.5
1260.1965331571892,544.0,304.820943893721,34.84103388705231,9.849601882887576,real,0.5
1260.2916751736425,521.0,304.44717641891896,34.79831226468244,9.850521544442586,real,0.5
1260.29260793851,525.0,301.638241704551,34.477251026830174,9.850530477544943,real,0.5
1260.3868171900958,523.0,299.85498781083294,34.273425106778205,9.851427386913995,real,0.5
1260.3933465441662,527.0,305.11392974308313,34.8745221696344,9.851490639164908,real,0.5
1260.4828919714166,522.0,304.40888349993475,34.79393538404254,9.852356094112045,real,0.5
1260.4959506795574,533.0,306.15467727465216,34.99347961249274,9.852483030122343,real,0.5
1260.5267319201746,530.0,305.99883170785193,34.97566646420748,9.852782084123785,real,0.5
1260.848535799356,536.0,306.8307804571534,35.070758206252634,9.85591705802284,real,0.5
1261.0434836565985,517.0,307.75537647401063,35.176439530979415,9.857821938998391,real,0.5
1261.2235072759663,525.0,304.8334622344237,34.84246473339463,9.859564290834228,real,0.5
1261.31864929242,526.0,304.4326058570598,34.796646849461936,9.860483908375084,real,0.5
1261.4128585440064,533.0,299.519306207138,34.23505669947587,9.861379813672215,real,0.5
1261.414724073741,520.0,304.9693055837059,34.85799162821758,9.861397877177732,real,0.5
1261.4156568386077,537.0,305.6581769384483,34.93672962406464,9.86140692933161,real,0.5
1261.4632278468343,540.0,300.0170189800588,34.29194526942072,9.861860068890088,real,0.5
1261.602209812046,518.0,299.48356193184344,34.230971128809706,9.86318159323414,real,0.5
1261.7701074881404,523.0,307.33320091910264,35.128184865053434,9.864819910068654,real,0.5
1261.9697191697192,523.0,304.43633520292235,34.797073113694026,9.866749327368169,real,0.5
1262.0639284213055,554.0,306.41804932232,35.02358303754117,9.86766586779757,real,0.5
1262.1609359674933,524.0,304.6338263141954,34.819646347712535,9.868604136811822,real,0.5
1262.1628014972275,545.0,305.2897555745144,34.894619062167,9.868622219297777,real,0.5
1262.2504813947437,515.0,299.53634167994045,34.2370038540172,9.869456079572544,real,0.5
1262.2514141596112,518.0,303.90100104257886,34.735884419166766,9.869465079687163,real,0.5
1262.3959927140254,521.0,299.2485486414864,34.20410910972189,9.87083874097886,real,0.5
1262.5293780900338,520.0,306.3324714423529,35.01380148586094,9.872136054611271,real,0.5
1262.626385636222,525.0,301.5545822237353,34.46768874817294,9.873064839585783,real,0.5
1262.900618507176,521.0,304.898954892258,34.84995054418509,9.875719562360876,real,0.5
1262.9034168017777,520.0,300.46015037452065,34.34259518780771,9.87574625699941,real,0.5
1262.9966932884968,540.0,306.4610932733874,35.02850296114818,9.876653850246978,real,0.5
1263.280253808123,540.0,309.13359765139944,35.33397021155496,9.879436994400768,real,0.5
1263.290514221662,537.0,303.30137031305765,34.66734662678249,9.87953580032096,real,0.5
1263.330623110951,533.0,308.19579712921103,35.22677961186882,9.879928274488586,real,0.5
1263.3697992353732,529.0,307.50040286803124,35.14729604781597,9.88031075638944,real,0.5
1263.3707320002402,523.0,306.893839968814,35.07796590843544,9.880319845137832,real,0.5
1263.5582177385456,518.0,303.4914116389239,34.689068350329,9.882126430024162,real,0.5
1263.652426990132,532.0,298.6329906165102,34.13375082746712,9.883019684223964,real,0.5
1263.8408454933044,516.0,297.5850427977082,34.013970391778045,9.884799923498456,real,0.5
1264.0255329370086,518.0,297.73350205048143,34.03093928437003,9.886545781049367,real,0.5
1264.1141455993916,540.0,301.88322398848123,34.505252501883405,9.88739511501892,real,0.5
1264.213018675314,547.0,300.5422089577729,34.35197448387344,9.888338583180374,real,0.5
1264.2652535078769,532.0,294.76206664215835,33.6913042171987,9.888827433078877,real,0.5
1264.3062951620332,539.0,301.93993182098745,34.511734207138865,9.88922088270656,real,0.5
1264.3967733541504,526.0,300.1933990072137,34.312105506524524,9.89008324306044,real,0.5
1264.4051682379552,515.0,292.93354258793795,33.48230391780131,9.89016132085236,real,0.5
1264.7717448307612,534.0,294.3393928132019,33.64299259854898,9.893587080185297,real,0.5
1264.8650213174803,534.0,294.691945737235,33.68328939776596,9.894459818767563,real,0.5
1264.960163333934,529.0,293.8128431741122,33.58280797480102,9.895347356564482,real,0.5
1265.1457835425051,526.0,298.60644576712565,34.13071675118246,9.897107176220604,real,0.5
1265.1914890209976,538.0,293.96610856808724,33.60032620933237,9.897533764828074,real,0.5
1265.3267399267402,518.0,296.77446474911306,33.92132132082362,9.89880817855936,real,0.5
1265.4200164134593,520.0,292.4036916776549,33.42174195875595,9.899674140412122,real,0.5
1265.4218819431935,518.0,298.85053409668205,34.15861604725076,9.89969184149932,real,0.5
1265.4638563622173,529.0,297.3920364077479,33.99190976140559,9.900088172239249,real,0.5
1265.7101062871557,517.0,296.79998763469536,33.92423858664568,9.902408683685236,real,0.5
1265.986204687844,521.0,296.06430786893526,33.8401503894193,9.905004020185672,real,0.5
1265.9871374527115,521.0,296.19210862252163,33.854758015554225,9.90501279199925,real,0.5
1266.077615644829,525.0,300.993010707235,34.40350112383696,9.905877449383748,real,0.5
1266.083212234032,513.0,294.4269140881806,33.65299628027904,9.905929766604755,real,0.5
1266.1251866530556,529.0,289.0199514620404,33.03498045211122,9.906314939969182,real,0.5
1266.1671610720791,540.0,300.4469062070341,34.34108137946399,9.906715341896833,real,0.5
1266.3966212294083,529.0,297.9009696439799,34.050080830306904,9.908885657703609,real,0.5
1266.4432594727675,543.0,286.6008113311677,32.758472735152466,9.909310045932358,real,0.5
1266.6335435056749,541.0,293.5336187210938,33.55089261982102,9.911083434586615,real,0.5
1266.6419383894795,536.0,295.91353782485766,33.82291737338123,9.9111623066592,real,0.5
1266.6447366840812,529.0,296.515126035056,33.891678905806906,9.911188650798678,real,0.5
1266.918036790168,528.0,294.3612135523134,33.64548670902942,9.913742904989489,real,0.5
1267.1008587041376,536.0,296.2507973489441,33.86146613698431,9.915462521114208,real,0.5
1267.1941351908567,524.0,298.1386137903313,34.07724355623487,9.916345467101984,real,0.5
1267.3200584479273,509.0,292.24433571192947,33.40352757187354,9.917513878487956,real,0.5
1267.5747032566703,533.0,291.5482780806394,33.32396818461709,9.919871038350438,real,0.5
1267.6586520947178,517.0,286.80645047558414,32.78197728935927,9.920635485267752,real,0.5
1267.6595848595848,518.0,290.18124361487065,33.16771614517972,9.920644079067849,real,0.5
1267.67450909746,528.0,294.18538549090607,33.62538956161056,9.9207834772102,real,0.5
1267.8480033627577,527.0,296.78288007934583,33.92228319306923,9.9224182887657,real,0.5
1268.0317580415945,514.0,290.1729255665393,33.16676539225544,9.92411121885534,real,0.5
1268.0336235713287,530.0,289.61475496881224,33.10296649293524,9.924128372902086,real,0.5
1268.6828279188935,538.0,290.11898771015245,33.16060029527043,9.930108374535296,real,0.5
1268.685626213495,517.0,288.16118484333265,32.93682342759292,9.930133976461734,real,0.5
1268.7798354650813,541.0,289.9251027154058,33.13843924037088,9.931001184117171,real,0.5
1268.7863648191517,512.0,296.55841324225514,33.89662663358976,9.931062662749694,real,0.5
1268.8880361896756,549.0,290.395055241618,33.19215481411694,9.932000077158191,real,0.5
1269.1855881823094,524.0,285.4838552334113,32.63080465317891,9.93469712186536,real,0.5
1269.4486278748575,529.0,285.9239920319911,32.68111228925658,9.93708501901222,real,0.5
1269.5223162993657,509.0,285.0776863967987,32.584379555154094,9.937751988899162,real,0.5
1269.6267859644909,527.0,291.54345609495084,33.32341703165288,9.93871901284864,real,0.5
1269.8077423487264,530.0,290.02273772665626,33.14959892215681,9.940385299393032,real,0.5
1269.9038171300467,527.0,294.54049384346564,33.665978446308124,9.9412837581478,real,0.5
1270.5548870073462,522.0,284.0489145598917,32.46679093419562,9.9471554663672,real,0.5
1270.6425669048622,519.0,287.0253534238985,32.8069978963516,9.947954498093132,real,0.5
1270.650961788667,539.0,291.315953984892,33.29741354047316,9.948032144736931,real,0.5
1270.6630877319403,528.0,293.8444246289058,33.586417735083934,9.9481452744581,real,0.5
1271.672339318241,543.0,290.96822909980614,33.25766858610784,9.957468984118432,real,0.5
1271.6732720831085,523.0,290.8476250602511,33.243883544386705,9.957477597653606,real,0.5
1271.6844652615146,524.0,295.8385129638058,33.814342031763,9.957582733754451,real,0.5
1272.788858864269,536.0,289.620383816092,33.10360987017931,9.967738126801317,real,0.5
1272.788858864269,512.0,289.53585598339566,33.09394833890212,9.967738126801317,real,0.5
1273.72162373146,516.0,287.79241707774145,32.894673271985845,9.976261181119604,real,0.5
1285.670341680178,539.0,244.81466730133943,27.982316472543097,10.069136960864652,real,0.5
1285.7067195099985,516.0,246.6698484029394,28.19436367245597,10.069421863576755,real,0.5
1285.9333813727255,510.0,245.91249093141604,28.10779771346085,10.071191576295336,real,0.5
1286.8661462399166,547.0,245.61414564137667,28.07369684680935,10.078465509103914,real,0.3721923757482043
1286.8689445345185,514.0,243.5058115854348,27.832714264215195,10.078487143585605,real,0.36990337076384494
1287.5806441281852,530.0,243.96941106553243,27.88570368479036,10.08399998913604,real,0.0
1287.8035749314438,529.0,244.2972004233138,27.92317000838477,10.085729137669237,real,0.0
1287.9052463019675,500.0,244.37615090187197,27.93219404808396,10.086518000016625,real,0.0
1288.5329970575874,525.0,233.3866075823967,26.676089246667942,10.091169648678177,real,0.0
1288.6990292039472,532.0,243.7445890991994,27.86000653403849,10.092454553312187,real,0.0
1288.824019696151,532.0,233.6458112588548,26.7057162268871,10.093381764594367,real,0.0
1289.0133709641907,537.0,244.3309124205113,27.927023289664444,10.094850658281167,real,0.0
1289.1066474509098,524.0,243.64919600608084,27.84910310349504,10.09557223230777,real,0.0
1289.4685602193802,535.0,266.42935064362035,30.452874778565803,10.09863370014638,real,0.0
1289.666306371225,521.0,267.8216871640824,30.612018842854617,10.100315202625923,real,0.0
1289.762381152545,514.0,247.21909908892144,28.25714302586372,10.101069313413966,real,0.0
1289.9461358313818,515.0,239.95355450214277,27.42669127959492,10.102469253093863,real,0.0
1290.040345082968,513.0,249.3400045197771,28.49956251661052,10.103215064886983,real,0.0
1290.0450089073042,538.0,246.6446260128396,28.19148075326757,10.103251587140877,real,0.0
1290.2278308212735,513.0,251.47819580143928,28.74395778010451,10.1047113164121,real,0.0
1290.400392321704,531.0,262.9512347107688,30.055326127440875,10.106151980904457,real,0.0
1290.6914149602674,525.0,260.6684245718394,29.79440092856124,10.108560549007969,real,0.0
1290.969378890691,527.0,271.93432508446693,31.08209335715457,10.110960465906672,real,0.0
1291.0635881422766,542.0,246.3719007125882,28.160308251448832,10.111697399674672,real,0.0
1291.0635881422766,524.0,251.66791751046125,28.76564297144572,10.111697399674672,real,0.0
1291.064520907144,534.0,250.9445292753076,28.682959696167654,10.11170483146831,real,0.0
1291.1633939830665,528.0,251.58905074518535,28.75662850017469,10.112494624888582,real,0.0
1291.3247623050902,526.0,273.31205328231374,31.23956769016846,10.11389492394939,real,0.0
1291.6223142977242,551.0,272.578502769323,31.15572286653362,10.116470048232973,real,0.0
1291.810732800897,514.0,263.43697582557866,30.11084633686364,10.1180460039541,real,0.0
1291.810732800897,541.0,270.8007695024449,30.95252795412945,10.1180460039541,real,0.0
1292.0896294961872,535.0,244.59665137596195,27.957397252272447,10.120211899982593,real,0.0
1292.0924277907884,523.0,256.31530918308613,29.296839839626745,10.120234672535023,real,0.0
1292.093360555656,544.0,251.2880127782264,28.72221986055128,10.120242114501025,real,0.0
1292.256594407414,510.0,262.24072223014133,29.97411455090516,10.121601222881909,real,0.0
1292.2789807642268,523.0,252.0013066718464,28.80374935259204,10.121780337051506,real,0.0
1292.4636682079306,516.0,261.4489820313459,29.88361864618284,10.123313428478278,real,0.0
1292.8367741548072,532.0,269.11326791381754,30.759646522549343,10.126501374878664,real,0.0
1292.930050641526,517.0,262.38403309684975,29.990494982969928,10.127278432658375,real,0.0
1292.9356472307293,532.0,263.15196479326653,30.078269575870365,10.127325192580257,real,0.0
1293.024259893113,526.0,266.168264160773,30.423032593576355,10.128074044223558,real,0.0
1293.0251926579797,523.0,242.4082050616369,27.707257838545093,10.12808122321152,real,0.0
1293.0317220120498,532.0,252.40880841189,28.850326801479024,10.12813354932228,real,0.0
1293.1949558638084,525.0,295.2833166973842,33.75088309851101,10.12966390672462,real,0.0
1293.2089473368162,517.0,251.90734693300263,28.793009754442203,10.12977581134095,real,0.0
1293.3992313697236,556.0,293.07468548551435,33.49843655099429,10.131546427341789,real,0.0
1293.4971716807786,523.0,265.35263997436283,30.329806749069668,10.13237156920491,real,0.0
1293.6762625352792,506.0,268.67970673450776,30.71009047975424,10.133899318189856,real,0.0
1293.773270081467,520.0,264.4969969564424,30.232006752121364,10.134713966187457,real,0.0
1294.0530995416243,515.0,264.65427421610593,30.24998354290091,10.137065309677617,real,0.0
1294.062427190296,536.0,248.38351024899325,28.39023522145993,10.137138869160909,real,0.0
1294.1379811445388,531.0,289.378478168505,33.07596005466012,10.13783304126438,real,0.0
1294.1435777337415,532.0,264.6981276843377,30.254995994319795,10.13788007592658,real,0.0
1294.2349886907264,524.0,236.11541243982325,26.9879916418718,10.138565353188543,real,0.0
1294.3338617666489,525.0,290.3202528762519,33.183604903755594,10.139476732379388,real,0.0
1294.7023038891894,524.0,267.4325019238011,30.567534969890467,10.14260516778637,real,0.0
1294.79837867051,527.0,266.28022748484244,30.435830001517488,10.143417422150732,real,0.0
1294.8879240977603,536.0,267.0698669564803,30.5260857931257,10.14417671976035,real,0.0
1294.9858644088156,531.0,261.4234309392694,29.88069815635849,10.1449896433359,real,0.0
1295.0539562441204,533.0,291.5260383202155,33.32142618000063,10.14561989807578,real,0.0
1295.0763426009328,533.0,270.2379731972904,30.88820033645029,10.14581197426301,real,0.0
1295.1677535579174,537.0,292.4417655592102,33.42609380341772,10.146660727380462,real,0.0
1295.2628955743712,531.0,240.32936088667597,27.46964594934706,10.14738670446571,real,0.0
1295.340315058348,532.0,292.08767126690907,33.385620825807706,10.148104676003648,real,0.0
1295.5436577993958,540.0,291.7827932410766,33.350773267455054,10.149988464240389,real,0.0
1295.6397325807166,521.0,276.2551989098933,31.57596923540081,10.1508311460013,real,0.0
1295.736740126904,519.0,264.1177989622503,30.188664421385205,10.151644626073022,real,0.0
1295.988586641046,516.0,303.7929323072665,34.72353216272056,10.154073792887989,real,0.0
1296.008174703257,530.0,270.1585841775571,30.87912617149477,10.154241810178116,real,0.0
1296.0995856602417,509.0,260.57933023811165,29.78421744621616,10.15499808901695,real,0.0
1296.161148141476,533.0,294.67259014046914,33.681077053055624,10.155574058648623,real,0.0
1296.194727676695,527.0,274.4611878217436,31.37091376802529,10.15586667551077,real,0.0
1296.1965932064293,539.0,304.9567776740825,34.85655968814763,10.155884738274253,real,0.0
1296.2870713985471,521.0,293.97559862109813,33.60141092239152,10.15672923686116,real,0.0
1296.4736243719851,526.0,291.6059988445617,33.330565667933406,10.158456435786638,real,0.0
1296.570631918173,539.0,292.446251134228,33.426606504642265,10.159357167196193,real,0.0
1296.76091595108,542.0,281.2052705309038,32.14176242168231,10.161056073912398,real,0.0
1296.8513941431977,521.0,259.3533796377382,29.64409129259348,10.161801113853269,real,0.0
1296.8560579675334,530.0,269.5656582821875,30.811354741654032,10.161841030171615,real,0.0
1296.864452851338,531.0,258.76283908449426,29.57659250735769,10.161910000187572,real,0.0
1296.92694809744,532.0,330.0680620927189,37.72677949719777,10.162564929179046,real,0.0
1297.2170379711365,525.0,328.74714345769564,37.57579849721461,10.165592806579076,real,0.0
1297.4054564743092,541.0,301.3832801146404,34.4481089171034,10.1673957680011,real,0.0
1297.4063892391762,509.0,293.11871590888927,33.503469228386045,10.167404448795272,real,0.0
1297.4166496527153,524.0,289.5001489933702,33.08986702994221,10.167498758717404,real,0.0
1297.5929422126142,532.0,289.79478538919045,33.12354396998447,10.169120823817236,real,0.0
1297.7888228347244,533.0,286.70629229960264,32.77052920984458,10.170903910386269,real,0.0
1297.843855961889,542.0,311.3938878336482,35.592321379385986,10.171448009483086,real,0.0
1297.8765027322404,540.0,256.8595099285924,29.359041984838107,10.171714253344591,real,0.0
1298.0555935867412,525.0,310.0923361095912,35.44355401732627,10.173477480115563,real,0.0
1298.0602574110771,541.0,267.211780573192,30.542306519515847,10.173517047880129,real,0.0
1298.3382213415005,537.0,309.9617256866601,35.428625245985245,10.176252570080925,real,0.0
1298.3382213415005,521.0,325.7710994064403,37.23563666215613,10.176252570080925,real,0.0
1298.4324305930863,546.0,292.2168163148212,33.400382104784065,10.17712663258114,real,0.0
1298.5303709041414,540.0,285.2731983038502,32.60672656613008,10.178013719509575,real,0.0
1298.6236473908605,529.0,286.70662518506293,32.77056725865269,10.17886280933782,real,0.0
1298.7150583478456,525.0,288.280139494966,32.950419944274614,10.179699484176757,real,0.0
1298.7644948858065,513.0,302.8181665599796,34.61211643780567,10.180174790623472,real,0.0
1298.8064693048302,531.0,256.257083362061,29.29018462828357,10.18051630131316,real,0.0
1298.9939550431357,517.0,304.3228028864943,34.784096369926296,10.18232783519905,real,0.0
1299.3735903440822,520.0,296.26484284523553,33.86307153721042,10.185898840019608,real,0.0
1299.4556736523953,516.0,324.5955126038781,37.10126709062327,10.186744783004444,real,0.0
1299.5526811985828,523.0,289.2887295739327,33.06570179030051,10.187635789280456,real,0.0
1299.6534198042398,528.0,289.7920283095776,33.123228835784715,10.188562674804835,real,0.0
1299.703789107068,531.0,304.86421839062484,34.84598016204842,10.189050221395709,real,0.0
1299.8325106587404,522.0,287.3388845749211,32.84283450691348,10.19022454934544,real,0.0
1299.864224664225,539.0,305.8985861245117,34.96420839403169,10.1905325646501,real,0.0
1299.864224664225,526.0,324.5838857545802,37.09993814174852,10.1905325646501,real,0.0
1300.0143998078424,520.0,302.5526894764105,34.581772407153714,10.191975154271708,real,0.0
1300.2093476650855,548.0,325.95394928482114,37.256536403255055,10.193992677032847,real,0.0
1300.2093476650855,530.0,306.575718225309,35.04160459315282,10.193992677032847,real,0.0
1300.2970275626017,524.0,323.6746686409786,36.996014625663854,10.194893734469206,real,0.0
1300.2970275626017,531.0,301.77931096953205,34.49337524381751,10.194893734469206,real,0.0
1300.4826477711729,513.0,295.9296626634674,33.824760442434325,10.196637778660367,real,0.0
1300.5843191416964,526.0,285.6802970506984,32.65325795289482,10.197559973518183,real,0.0
1300.6365539742592,530.0,291.2184515756304,33.286269015094554,10.198042946487254,real,0.0
1300.676662863548,524.0,284.52492023052736,32.52119838234928,10.198405276805437,real,0.0
1300.8538881883144,511.0,290.3024772201977,33.1815731462686,10.200038780993522,real,0.0
1301.1355831782064,519.0,299.3839728742256,34.21958809952399,10.202716416139022,real,0.0
1301.2344562541284,543.0,301.7533135784381,34.490403742015474,10.203663686224512,real,0.0
1301.3230689165116,542.0,325.4527313072572,37.1992471884195,10.204579331872294,real,0.0
1301.4172781680982,519.0,304.24183642967813,34.77484190391221,10.20548936293613,real,0.0
1301.4182109329652,535.0,296.5802826451198,33.89912630633719,10.205498146245583,real,0.0
1301.510554654817,516.0,322.69928706306933,36.88452851130882,10.206444272534888,real,0.0
1301.558125663044,542.0,288.777644810694,33.007284801862326,10.206880436372902,real,0.0
1301.603831141536,530.0,282.35455290227867,32.27312539673045,10.207290174883653,real,0.0
1301.78851858524,537.0,287.96062425669714,32.91389935254048,10.208978725976358,real,0.0
1302.1616245321163,511.0,288.3637395123208,32.95997542625827,10.212394715654256,real,0.0
1302.2530354891012,528.0,298.89470264079205,34.16366451184253,10.213262197117352,real,0.0
1302.2530354891012,535.0,296.0524154083457,33.83879108117392,10.213262197117352,real,0.0
1302.3528413298905,537.0,301.1231943301457,34.41838111193565,10.214216406968877,real,0.0
1302.44611781661,537.0,322.8705617414733,36.90410520705041,10.21517259732422,real,0.0
1302.457310995016,529.0,295.6410448944564,33.791771431436366,10.21527766324819,real,0.0
1302.4843611761646,522.0,288.0822822564303,32.92780486190998,10.215525080772172,real,0.0
1302.5356632438602,536.0,304.66262735762297,34.822938306976305,10.216021327643944,real,0.0
1302.8145599391505,527.0,283.5727134208132,32.41236114399895,10.218532355535508,real,0.0
1303.0011129125885,519.0,281.80690865929216,32.21052965975709,10.220201513892183,real,0.0
1303.0067095017914,519.0,281.54360344326307,32.180433873564965,10.22025154185573,real,0.0
1303.1876658860265,513.0,286.52960265298844,32.75033358323658,10.221897759063427,real,0.0
1303.3023959646912,523.0,316.5980765522276,36.18716014991961,10.223051024544164,real,0.0
1303.378882683801,539.0,294.3531209613035,33.64456172587699,10.22376584736147,real,0.0
1303.4264536920275,530.0,273.1170499417393,31.217278808340804,10.22417835775786,real,0.0
1303.4684281110517,523.0,295.59601843068043,33.78662490662677,10.224572294966537,real,0.0
1303.4721591705202,536.0,301.4131291876551,34.45152066614898,10.224608000708866,real,0.0
1303.5691667167075,520.0,274.0438616898649,31.32321339115156,10.225452052950471,real,0.0
1303.932945014912,529.0,286.09262696478805,32.700387262075274,10.228756411625143,real,0.0
1304.0271542664989,526.0,284.71724143748725,32.543180696304795,10.229608041818937,real,0.0
1304.124161812687,536.0,288.3341073407494,32.95658846904766,10.23049610786841,real,0.0
1304.214640004804,512.0,283.19985878390486,32.36974385900032,10.231309651174984,real,0.0
1304.215572769671,519.0,294.17343512455466,33.624023634736595,10.231318363204968,real,0.0
1304.3573530294846,512.0,267.61058111576415,30.587889421531845,10.232523018457558,real,0.0
1304.4926039352272,525.0,296.4903594369628,33.888848083644845,10.233796212179191,real,0.0
1304.5877459516803,540.0,299.91119320815574,34.2798493836922,10.234702171621992,real,0.0
1304.5914770111492,523.0,267.0040282890074,30.518560433433542,10.23473380122307,real,0.0
1304.8703737064393,523.0,284.10485531510085,32.47318496251603,10.237249541215178,real,0.0
1304.9599191336897,537.0,282.3762727145916,32.27560797127782,10.23805235596672,real,0.0
1305.0569266798775,539.0,284.7438995844278,32.5462277225001,10.238929364213677,real,0.0
1305.333025080566,527.0,284.63097995225684,32.53332100854296,10.241424474741326,real,0.0
1305.3339578454336,535.0,293.54747424388364,33.5524763060759,10.241433168233302,real,0.0
1305.4272343321527,517.0,295.09053456041164,33.72884810025505,10.242307087247712,real,0.0
1305.4981244620592,542.0,273.58506496442004,31.27077292543321,10.242922862012978,real,0.0
1305.6119217758564,549.0,268.68986492922164,30.71125156141003,10.243893655882712,real,0.0
1305.8040713384978,533.0,272.83543072015203,31.185089731313376,10.24555815625849,real,0.0
1305.9859604876,507.0,278.8737266919763,31.87526696089289,10.247168646587632,real,0.0
1306.0801697391862,522.0,284.3193848814764,32.497705691952746,10.248019086735276,real,0.0
1306.1734462259053,534.0,284.9430735129633,32.5689933025317,10.248862953755063,real,0.0
1306.269521007226,524.0,287.80059923666886,32.89560849275125,10.249740853308497,real,0.0
1306.3646630236794,541.0,297.2627386157671,33.97713102378218,10.250638812408193,real,0.0
1306.917792589924,534.0,274.69641275734534,31.39779997816457,10.25546299337568,real,0.0
1306.917792589924,521.0,279.5034202692943,31.947240936780336,10.25546299337568,real,0.0
1306.918725354791,528.0,286.13091937703894,32.70476408479555,10.25547146722427,real,0.0
1307.2918313016676,519.0,287.3411675186337,32.84309544737983,10.258875343397952,real,0.0
1307.3543265477692,526.0,265.4755678571871,30.343857406076488,10.259402106408023,real,0.0
1307.3851077883864,522.0,284.5190495213182,32.52052736028667,10.259680168124046,real,0.0
1307.6640044836763,540.0,262.3793961575227,29.98996498080484,10.26200352982544,real,0.0
1307.8589523409198,549.0,269.0139856279876,30.748298557278986,10.263668617302557,real,-0.03139407514177576
1308.040841490022,514.0,274.8518124529215,31.415562163368925,10.26525588115546,real,-0.1240291599112916
1308.0511019035612,509.0,284.8174035146192,32.55462922172097,10.265348665588355,real,-0.12922891370938644
1308.1313196821395,526.0,284.65222253250727,32.53574903546558,10.266073650452803,real,-0.1671696931484474
1308.6937768970558,513.0,261.3211012385032,29.869001871560908,10.27074032700975,real,-0.12913823335144858
1308.8775315758926,528.0,270.03942387293887,30.86550614867691,10.272315794001274,real,-0.2189455353391497
1308.9764046518146,535.0,274.3299852559494,31.35591731475502,10.273176976221626,real,-0.26820794451455704
1309.1573610360497,543.0,283.7007075094588,32.426990868331146,10.274806940393614,real,-0.3
1309.7216837807002,530.0,259.344517931708,29.64307839959422,10.27945368021649,real,-0.3
1309.9091695190057,526.0,269.3591066607191,30.787745891320192,10.281057086680155,real,-0.3
1310.0929241978424,508.0,275.2089167052658,31.45637917941188,10.2826627135839,real,-0.3
1310.7486578994778,528.0,258.1281336792811,29.504045679541832,10.28803682388575,real,-0.3
1310.8475309754,529.0,268.2798074165217,30.66438198770844,10.288879013265854,real,-0.3
1311.8614463860365,534.0,257.34069739640125,29.41404171240866,10.29716327720511,real,-0.3
1323.9370203566928,521.0,158.95201780689698,18.168215635328323,10.3581053971549,real,-0.2135509818049041
1324.1720771032249,524.0,156.85992705410587,17.9290896622843,10.359276050900538,real,-0.23801457395201261
1324.876314577954,513.0,161.47578878786436,18.45668265845289,10.362886575230334,real,0.0
1325.1067075001504,505.0,162.12338276584072,18.530702650135595,10.364072503767533,real,0.0
1325.804415620809,517.0,150.59309165858403,17.212790376576155,10.36740847699668,real,0.0
1325.935002702216,512.0,154.69082782506462,17.681161620404886,10.368049846799984,real,0.0
1325.9489941752238,531.0,148.32072717103375,16.953059115649157,10.368115735208043,real,0.0
1326.407914489882,523.0,154.18888095451916,17.62378909310154,10.370362378218063,real,0.0
1326.731583898797,523.0,152.6782389768513,17.451122715054105,10.371931376710869,real,0.0
1326.867767569407,518.0,160.7225183139673,18.37058384328646,10.37262631380504,real,0.0
1326.9666406453296,496.0,156.66917054093798,17.90728619282921,10.373118132823738,real,0.0
1326.9787665886029,543.0,152.57883203873644,17.439760502027575,10.373176875475556,real,0.0
1327.343477651675,518.0,161.53170052058869,18.463073369503288,10.375047344118936,real,0.0
1327.6783402389965,524.0,147.42881829904604,16.85111393158096,10.376614790677374,real,0.0
1327.800532436598,513.0,159.85092239768497,18.270960430055396,10.377234948679387,real,0.0
1327.9926819992395,538.0,144.5420459530863,16.521155852437765,10.37811676336588,real,0.0
1328.1885626213498,529.0,157.98888321495113,18.058129351468917,10.379099329369078,real,0.0
1328.3667207109831,520.0,159.45487592404206,18.225692318118007,10.380001288959534,real,0.0
1328.6073740467182,524.0,122.52529781440356,14.004641540186327,10.380937473321318,real,0.0
1328.7239696551171,545.0,153.0815009922631,17.497215563415672,10.3815041673474,real,0.0
1328.779935547149,527.0,149.56953699934513,17.095798079025148,10.381769940011148,real,0.0
1328.82937208511,526.0,122.02807885914812,13.947809413600629,10.3819614765138,real,0.0
1329.1119998398688,519.0,151.28530050125042,17.291909847292924,10.383319024751476,real,0.0
1329.205276326588,509.0,140.61014854631168,16.071739978843425,10.383735445707222,real,0.0
1329.205276326588,526.0,151.10866102390088,17.27171995503187,10.383735445707222,real,0.0
1329.3041494025103,531.0,152.46062998548547,17.42625000734099,10.38421405319056,real,0.0
1329.3974258892297,539.0,157.62735428031053,18.01680659423949,10.384680871085283,real,0.0
1329.5289457355034,506.0,57.70285282731108,6.595436078161656,10.384921824068371,real,0.0
1329.8572789687546,517.0,56.90740180828151,6.504516026686577,10.385515059839976,real,0.0
1329.8628755579575,522.0,114.0941709838626,13.040963743455496,10.385535333428,real,0.0
1330.138041193779,528.0,151.27823622047555,17.291102400000355,10.386856977090762,real,0.0
1330.2285193858966,527.0,146.9989470604459,16.801979649008963,10.387279258408162,real,0.0
1330.3264596969518,527.0,148.66621236341882,16.99254807313877,10.387741551587023,real,0.0
1330.4225344782726,532.0,157.93163215849614,18.05158555571611,10.388223302180014,real,0.0
1330.464508897296,519.0,5.025578513992347,0.5744236241493252,10.388229999707209,real,0.0
1330.517676494726,537.0,155.86731200980984,17.815633762721266,10.3884931148305,real,0.0
1330.5894993894997,532.0,139.2997804942133,15.92196491048858,10.388810770833375,real,0.0
1330.7900438359457,525.0,7.019525839701749,0.8023318034779099,10.388855466163209,real,0.0
1330.982193398587,544.0,53.9331208455074,6.164555712641495,10.389184498575448,real,0.0
1331.0680077663687,544.0,134.4825032836248,15.371350125318315,10.389550910434602,real,0.0
1331.0698732961032,537.0,104.4273284763945,11.93604364485189,10.389557095724694,real,0.0
1331.07080606097,498.0,148.7812324653145,17.005694870785447,10.389561501923223,real,0.0
1331.1640825476895,544.0,155.358117744462,17.757432858192004,10.390021599409383,real,0.0
1331.3534338157292,536.0,151.54037807545274,17.321065214024248,10.390932645426624,real,0.0
1331.4233911807685,20.0,0.0,0.0,10.390932645426624,real,0.0
1331.538121259433,540.0,161.94780981328614,18.510634661658607,10.391522569474088,real,0.0
1331.626733921816,16.0,0.0,0.0,10.391522569474088,real,0.0
1332.0026381632945,537.0,4.577776060827565,0.5232398037525907,10.39157720504674,real,0.0
1332.006369222763,541.0,92.06805016167408,10.523378133479346,10.391588111532746,real,0.0
1332.0959146500131,548.0,44.21950054887176,5.054288912736043,10.39171383054945,real,0.0
1332.0996457094818,530.0,131.0321768964579,14.97697781926514,10.391729352770255,real,0.0
1332.108973358154,512.0,159.1121229048805,18.18651564802784,10.391776474278185,real,0.0
1332.1882583718652,525.0,147.7768176827818,16.89089026114196,10.392148472740947,real,0.0
1332.2973918613263,532.0,150.6901234185291,17.223881106737878,10.39267061225407,real,0.0
1332.3654836966311,1.0,0.0,0.0,10.39267061225407,real,0.0
1332.5650953782106,0.0,0.0,0.0,10.39267061225407,real,0.0
1332.9354030304853,406.0,3.5497767655904164,0.4057394843069846,10.3927123479307,real,0.0
1333.1228887687907,521.0,33.153889639194134,3.7894895857598896,10.392909702167586,real,0.0
1333.1238215336575,536.0,79.80825518438861,9.122083567575618,10.392912065711773,real,0.0
1333.1266198282594,544.0,127.65462770287976,14.590923946439156,10.392923407296136,real,0.0
1333.1331491823298,537.0,145.5956174512974,16.641579074683293,10.3929535902856,real,0.0
1333.2245601393145,539.0,156.14258024326492,17.84709692180518,10.393406762565885,real,0.0
1333.300114093557,0.0,5.635337336929172,0.6441190576110043,10.393420280827495,real,0.0
1333.369138693729,0.0,0.0,0.0,10.393420280827495,real,0.0
1333.587405672652,0.0,4.565426829837473,0.5218282866504231,10.393451919128507,real,0.0
1333.779555235293,0.0,0.0,0.0,10.393451919128507,real,0.0041968434116021825
1333.866302367942,311.0,0.0,0.0,10.393451919128507,real,0.040151183970965024
1333.960511619528,1.0,0.0,0.0,10.393451919128507,real,0.0872558097639851
1334.0556536359818,532.0,22.61498103688597,2.584892332516066,10.393520233536517,real,0.13481551071896075
1334.148930122701,537.0,66.40124753886455,7.589662593692219,10.39371688272044,real,0.1813650613504083
1334.2459376688885,0.0,16.120888043990693,1.842617503428136,10.39376653488782,real,0.22986883444423473
1334.335483096139,509.0,122.77947162550277,14.033693606794964,10.394115605190576,real,0.27457058187720446
1334.335483096139,523.0,143.88613887793244,16.446185673747678,10.394115605190576,real,0.27457058187720446
1334.4268940531235,0.0,17.2352861657438,1.9699932087445164,10.39416562712515,real,0.020247026561733262
1334.8000000000002,12.0,0.1831055505765206,0.0209289644308963,10.394167796214342,real,0.2066000000001137
1334.8000000000002,0.0,0.0,0.0,10.394167796214342,real,0.2066000000001137
1335.0083333333334,0.0,0.0,0.0,10.394167796214342,real,0.3
1335.216666666667,0.0,0.0,0.0,10.394167796214342,real,0.3
1335.4250000000002,0.0,0.0,0.0,10.394167796214342,real,0.3
1335.6333333333334,0.0,0.0,0.0,10.394167796214342,real,0.3
1335.841666666667,0.0,0.0,0.0,10.394167796214342,real,0.3
1336.0500000000002,0.0,0.0,0.0,10.394167796214342,real,0.3
1336.2583333333334,0.0,0.0,0.0,10.394167796214342,real,0.3
1336.466666666667,0.0,0.0,0.0,10.394167796214342,real,0.3
1336.6750000000002,0.0,0.0,0.0,10.394167796214342,real,0.3
1336.8833333333334,0.0,0.0,0.0,10.394167796214342,real,0.3
1337.091666666667,0.0,0.0,0.0,10.394167796214342,real,0.3
1337.3000000000002,0.0,0.0,0.0,10.394167796214342,real,0.3
1337.5083333333334,0.0,0.0,0.0,10.394167796214342,real,0.3
1337.716666666667,0.0,0.0,0.0,10.394167796214342,real,0.3
1337.9250000000002,0.0,0.0,0.0,10.394167796214342,real,0.3
1338.1333333333334,0.0,0.0,0.0,10.394167796214342,real,0.3
1338.341666666667,0.0,0.0,0.0,10.394167796214342,real,0.3
1338.5500000000002,0.0,0.0,0.0,10.394167796214342,real,0.3
1338.7583333333334,0.0,0.0,0.0,10.394167796214342,real,0.3
1338.966666666667,0.0,0.0,0.0,10.394167796214342,real,0.3
1339.1750000000002,0.0,0.0,0.0,10.394167796214342,real,0.3
1339.3833333333334,0.0,0.0,0.0,10.394167796214342,real,0.3
1339.591666666667,0.0,0.0,0.0,10.394167796214342,real,0.3
1339.8000000000002,534.0,43.541279320587,4.976768226343094,10.394455803634848,real,0.3
1339.8000000000002,0.0,0.0,0.0,10.394455803634848,real,0.3
1339.8848816029144,164.0,23.769847270452043,2.7168935430126684,10.39451986315676,real,0.3
1339.9884185031726,511.0,60.5591404347294,6.9219097516895705,10.394718939012192,real,0.3
1340.0033427410476,15.0,23.08751647166103,2.638903132710856,10.394729878906103,real,0.3
1340.0705018114857,533.0,30.60589980323739,3.4982543475100334,10.394795139881142,real,0.3
1340.2561220200566,7.0,23.402236071882616,2.674875583016183,10.394933059593258,real,0.3
1340.54061530455,0.0,22.731017173242577,2.5981552629016265,10.39513838118336,real,0.3
1340.6292279669328,6.0,22.717129402807146,2.596567890740857,10.395202294737208,real,0.3
1340.6292279669328,11.0,21.97010479472821,2.511182978037435,10.395202294737208,real,0.3
1340.8148481755038,0.0,22.562934216750595,2.578943380974593,10.395335268072838,real,0.3
1340.9109229568246,548.0,43.17229907047759,4.934593783755588,10.395466959744692,real,0.3
1340.9417041974418,0.0,21.99475585966753,2.5140005947599997,10.395488455316142,real,0.3
1341.0041994435437,63.0,21.877858363941684,2.5006392109985343,10.395531865889172,real,0.3
1341.0069977381454,531.0,27.48907583879084,3.1420013683737924,10.39553430817958,real,0.3
1341.1012069897315,6.0,21.59216883911244,2.4679848983105512,10.395598893460187,real,0.3
1341.4687163474048,0.0,21.196466764185104,2.4227561511463573,10.395846222781552,real,0.3
1341.561992834124,4.0,21.308505625956197,2.435562193046793,10.395909328527262,real,0.3
1341.5675894233273,0.0,21.54431825254517,2.462515576265913,10.395913156773952,real,0.3
1341.6562020857102,0.0,21.539414790332568,2.4619551105350124,10.395973756884231,real,0.3
1341.749478572429,17.0,23.52950242788092,2.689422127506789,10.396043440175166,real,0.3
1341.8875277727736,0.0,22.373353245556302,2.5572742759670857,10.396141503972071,real,0.3
1342.0293080325869,0.0,22.298430060972628,2.5487105559691714,10.396241880873408,real,0.3
1342.1225845193055,524.0,25.82247752476889,2.951509181081084,10.396318354875334,real,0.3
1342.1263155787744,0.0,20.89627356149715,2.3884440680791243,10.396320830271682,real,0.3
1342.308204727877,14.0,19.59482678311267,2.239688701309778,10.39643399001394,real,0.3
1342.488228347245,0.0,19.27005017624809,2.202566735145157,10.396544132801596,real,0.3
1342.5880341880345,5.0,18.835866431434702,2.1529395331129866,10.396603820562785,real,0.3
1342.6822434396204,0.0,18.51857057314213,2.116672616510146,10.396659212269189,real,0.3
1342.6822434396204,14.0,19.163654808146024,2.1904057445710907,10.396659212269189,real,0.3
1342.7876458696132,5.0,17.82387334060486,2.0372687228311355,10.39671886034528,real,0.3
1342.848275585981,0.0,19.499458700841064,2.2287881295061336,10.396756396676428,real,0.3
1342.8687964130588,24.0,19.831536425916507,2.2667446134822566,10.396769317641496,real,0.3
1343.0534838567626,9.0,19.176813187549477,2.1919097473369047,10.396881767143736,real,0.25498142676991387
1343.3342460817871,0.0,18.8841006227119,2.15845270117597,10.39705010380568,real,0.1073441001620657
1343.420993214436,0.0,20.804162090814238,2.377915726980067,10.3971074030754,real,0.06087359634892288
1343.4331191577096,0.0,20.52973436276823,2.3465486376644087,10.39711530699642,real,0.05444684641394537
1343.6150083068114,0.0,19.72537693025672,2.254610583128343,10.397229220663233,real,0.25849568045803606
1343.7073520286635,20.0,18.926014633482406,2.163243472607039,10.39728471009477,real,0.21059164915230857
1343.8006285153826,0.0,18.2852066450252,2.0899991195263805,10.397338862254523,real,0.16227442903176803
1343.80156128025,1.0,17.591452286349703,2.010702996329771,10.397339383230388,real,0.16179125683042483
1344.1700034027904,52.0,16.098155947487047,1.8400192247977691,10.397527700060582,real,0.0
1344.1765327568608,0.0,14.786260732654634,1.6900696017424246,10.397530765355814,real,0.0
1344.26980924358,0.0,13.818478009950402,1.579452036537331,10.397571689171622,real,0.0
1344.4582277467523,0.0,14.508817025620102,1.6583577860283776,10.397658485086,real,0.0
1344.5477731740025,9.0,14.063928811994051,1.60750706321092,10.39769846978233,real,0.0
1344.646646249925,6.0,13.82217965242972,1.579875134272717,10.397741860647358,real,0.0
1344.8266698692928,4.0,15.304320071446634,1.7492837841663502,10.397829336313505,real,0.0
1345.1055665645831,181.0,18.95970317284541,2.16709407265623,10.39799722391774,real,0.0
1345.202574110771,3.0,16.486311892919836,1.8843854493607373,10.398048001586773,real,0.0
1345.389127084209,0.0,15.75012015701308,1.800238733946595,10.398141290444748,real,0.0
1345.4805380411938,6.0,14.7413655810758,1.684938085916964,10.398184074278886,real,0.0
1345.5840749414522,15.0,15.549806373511478,1.777342868492362,10.398235191104249,real,0.0
1345.759434736484,0.0,15.310921462516724,1.7500383231656615,10.398320437315816,real,0.0
1346.1418683320323,313.0,18.07614247785016,2.066103085218273,10.398539922657942,real,0.0
1346.2258171700794,0.0,13.910384792889031,1.5899569818272163,10.398576999058267,real,0.0
1346.228615464681,12.0,13.012215790999228,1.4872962649112118,10.398578155139688,real,0.0
1346.5989231169558,1.0,13.385710519409402,1.5299867123684947,10.398735534525096,real,0.0
1346.692199603675,17.0,11.85064823724849,1.3545290935175025,10.39877063055704,real,0.0
1347.2499929942555,426.0,17.299945211149797,1.9773837376344217,10.399077011551343,real,0.0
1347.2565223483257,2.0,12.388644317060953,1.4160220454400667,10.39907957980393,real,0.0
1347.4412097920297,1.0,12.21402533262573,1.3960630955191211,10.399151200727363,real,0.0
1347.4412097920297,8.0,10.653827116681503,1.2177324394366955,10.399151200727363,real,0.0
1348.193951039853,511.0,15.999804301345074,1.828777631643742,10.39953358860415,real,0.0
1348.283496467103,1.0,10.256259557253369,1.17229046739406,10.399562747840474,real,0.0
1348.3833023078923,0.0,10.197817560873752,1.1656105472078695,10.399595063046222,real,0.0
1349.302075702076,535.0,17.275648960709255,1.974606676209068,10.4000990119568,real,0.0
1349.3962849536622,0.0,12.122607536627145,1.3856140414364824,10.40013527241842,real,0.0
1350.2469665125402,518.0,16.555680720763092,1.8923143063832213,10.40058242710843,real,0.0
1362.4456654456656,528.0,326.6292477483478,37.33372301763615,10.527088773537551,real,0.5
1362.6415460677756,517.0,327.3237413328245,37.41310363434184,10.529124468541708,real,0.5
1363.356043956044,509.0,340.8591448086619,38.960200251630056,10.536856963210123,real,0.5
1363.5677815808965,535.0,341.18813152855523,38.99780343371386,10.5391506582861,real,0.5
1363.7552673192015,534.0,333.1881936833951,38.08341053801206,10.541134018381076,real,0.5
1364.2701535258914,533.0,341.4043033109492,39.02251186844149,10.546715172023143,real,0.5
1364.6880321863928,541.0,341.98821149447355,39.08925257381833,10.551252551052462,real,0.5
1364.7533257270964,521.0,340.7852015985841,38.95174854271816,10.551959022602173,real,0.5
1364.809291619128,514.0,342.86288506157405,39.18922776253791,10.552568261515992,real,0.5
1365.205716687684,527.0,342.7117980721624,39.17195851964816,10.556881802166446,real,0.5
1365.6860905942874,525.0,341.14956264020367,38.99339500977528,10.562084971469938,real,0.5
1365.713140775436,527.0,340.4222623537727,38.91026458703622,10.56237734083261,real,0.5
1365.713140775436,520.0,340.1160243442341,38.87526158254596,10.56237734083261,real,0.5
1365.7224684241078,522.0,339.5717942086082,38.81305607804392,10.56247790598566,real,0.5
1366.1384815548754,510.0,326.98976835911543,37.37493052344689,10.566796923168791,real,0.5
1366.3632778878684,524.0,327.27287585075857,37.4072897097417,10.569132762489335,real,0.5
1366.5554274505091,517.0,339.00389796794894,38.74814553773656,10.571200940049955,real,0.5
1366.65150223183,530.0,341.5648167645506,39.04085855618813,10.572242840591167,real,0.5
1366.739182129346,521.0,338.2159637723279,38.65808465917708,10.573184378619246,real,0.5
1366.8380552052686,539.0,339.6013781447091,38.81643752194025,10.574250462112063,real,0.5
1367.0675153625973,544.0,329.11700615231786,37.61807380320993,10.576648197982422,real,0.5
1367.5516203286695,512.0,329.9684295476928,37.71539149730128,10.581719922516092,real,0.49999351868532177
1367.5516203286695,535.0,329.8717296898819,37.704338703553496,10.581719922516092,real,0.49999351868532177
1367.582401569287,543.0,338.02536476993504,38.63629919320358,10.582050276188877,real,0.49987039372285186
1367.763357953522,528.0,343.1180647792185,39.21839480426468,10.584021614777566,real,0.44709873896590635
1367.763357953522,544.0,341.2068296191265,38.99994062546617,10.584021614777566,real,0.44709873896590635
1367.86036549971,541.0,342.7258887847423,39.173569088096045,10.58507720694775,real,0.4158623090933493
1368.0086751135932,522.0,314.93846800722093,35.99746689322535,10.58656019872989,real,0.3682066134229874
1368.4750575471887,509.0,313.1757229757577,35.795985136129104,10.591197592802317,real,0.418781584899615
1368.5291579094858,520.0,339.17514565555405,38.76771914842983,10.59178018937214,real,0.40146946896454344
1368.602846333994,545.0,333.0246937684933,38.06472249773879,10.592559336436084,real,0.3779948657898931
1368.6047118637284,513.0,325.08322520291875,37.157012640693615,10.592578591300509,real,0.3774016273343372
1368.6047118637284,528.0,326.14618548162167,37.27850900054936,10.592578591300509,real,0.3774016273343372
1368.7903320722994,528.0,337.54344393315364,38.58121564155946,10.59456788388226,real,0.31827440100877696
1368.8882723833544,523.0,335.7761850909506,38.379217955895655,10.595612015144662,real,0.3
1368.9405072159173,524.0,308.3153908838608,35.24044917802529,10.596123342634176,real,0.3
1369.1615724894416,529.0,308.21910100547274,35.229443244925534,10.598286677775024,real,0.3
1369.5365439660525,522.0,306.22919395332747,35.00199686886533,10.601932441788982,real,0.3
1369.5374767309197,514.0,321.3362050047616,36.728728232044254,10.60194195825212,real,0.3
1369.5402750255212,530.0,316.3685972830368,36.16093066945111,10.6019700662902,real,0.3
1369.6335515122405,539.0,324.3115653955722,37.0688119247139,10.602930524218865,real,0.3
1369.7230969394905,537.0,331.0028342294125,37.833623952421846,10.603871587558096,real,0.3
1369.725895234092,520.0,330.9157876473189,37.82367452808855,10.60390098805372,real,0.3
1369.830364899217,515.0,332.61581825950094,38.01798802706096,10.605004245408695,real,0.3
1369.8658099641705,525.0,292.11773357954166,33.389056948141615,10.605332989100988,real,0.3
1370.282755859805,544.0,302.408444766579,34.56528523681998,10.609336281826248,real,0.3
1370.3405872815708,534.0,291.8258015601069,33.35568911832022,10.609872117083382,real,0.3
1370.474905422447,535.0,302.5256958101367,34.578687031098625,10.611162268460031,real,0.3
1370.657727336416,537.0,309.9889327801197,35.43173501676768,10.612961628907538,real,0.3
1370.657727336416,532.0,317.95052068698726,36.341744514522645,10.612961628907538,real,0.3
1370.661458395885,529.0,317.8280334660353,36.32774422516784,10.612999279178112,real,0.3
1370.7528693528693,535.0,327.1433829355147,37.39248866952933,10.613948746726257,real,0.3
1370.7649952961428,523.0,329.0400764696893,37.60928074048549,10.614075426727595,real,0.3
1370.8032386556977,514.0,289.9282037101986,33.1387936840757,10.614427465283727,real,0.3
1371.0289677535582,535.0,291.9030633084068,33.36452013615089,10.616519505014528,real,0.3
1371.3143938029186,540.0,291.5999793979434,33.32987764518493,10.61916206482062,real,0.3
1371.4953501871537,517.0,299.1458272004237,34.19236804900843,10.620880766845785,real,0.3
1371.4953501871537,536.0,301.093925073102,34.41503563585555,10.620880766845785,real,0.3
1371.587693909005,545.0,316.2751086032486,36.15024491335132,10.621808058001657,real,0.3
1371.590492203607,528.0,303.8953367574407,34.73523699137547,10.621835057842256,real,0.3
1371.7257431093497,520.0,276.94509671008325,31.65482455396252,10.623024319978937,real,0.3
1371.777045177045,529.0,324.9449675856658,37.1412097950416,10.623553603550937,real,0.3
1371.8693888988971,522.0,313.74918135155366,35.861531428482586,10.62447348890744,real,0.3
1371.9607998558818,522.0,278.3861126461906,31.819532675459588,10.62528144833318,real,0.3
1372.2406293160393,532.0,286.6742026957818,32.766861368127856,10.627828429757542,real,0.3
1372.3385696270946,512.0,293.22652757007603,33.51579210125969,10.628740248397447,real,0.3
1372.3404351568288,514.0,288.1553462485981,32.936156076214765,10.628757316002586,real,0.3
1372.5213915410638,528.0,313.70836487429625,35.85686610513206,10.630559685124917,real,0.3
1372.6183990872514,528.0,298.4286410996801,34.11039367769343,10.631478842233294,real,0.3
1372.658507976541,531.0,265.80136352814907,30.38109585126744,10.631817328902736,real,0.3
1372.7088772793693,547.0,296.1273753466553,33.8473590021227,10.632290903312605,real,0.3
1372.8021537660884,529.0,311.9065343000776,35.650916870498875,10.633214623388712,real,0.3
1372.899161312276,534.0,262.3594407597794,29.987684078842783,10.634022687735472,real,0.3
1373.1295542344724,518.0,271.8575459991413,31.073317507701848,10.636011318964066,real,0.3
1373.177125242699,536.0,280.1648702152281,32.02284466560057,10.636434474243796,real,0.3
1373.455089173122,523.0,282.9759916977052,32.3441558510477,10.638931837767842,real,0.3
1373.5511639544427,529.0,287.2632386356777,32.83418817605796,10.639808098170304,real,0.3
1373.5548950139116,527.0,312.2612466217144,35.69146048886196,10.639845088992976,real,0.3
1373.556760543646,538.0,295.4274184928549,33.76735393373331,10.639862587327093,real,0.3
1373.5978021978024,515.0,264.1906768045111,30.19699435875562,10.640206846937934,real,0.3
1373.7339858684124,505.0,295.4715315136092,33.77239605200553,10.641484416065618,real,0.3
1373.826329590264,526.0,265.91503946981913,30.39408901140033,10.64226405587162,real,0.3
1374.0184791529057,533.0,265.1063871838089,30.30166005510936,10.643881403295758,real,0.3
1374.1061590504216,530.0,273.80835978516114,31.29629552344392,10.644643641069129,real,0.3
1374.1117556396246,540.0,283.3696803557961,32.38915446466749,10.644693993511398,real,0.3
1374.293644788727,532.0,289.0989495519696,33.04400993379013,10.646363534303006,real,0.3
1374.529634300126,522.0,256.154006945866,29.278402993912486,10.648282810974417,real,0.3
1374.5744070137514,505.0,289.2118602048191,33.05691562141082,10.648693935367875,real,0.3
1374.6667507356035,526.0,296.3474454745243,33.87251301773813,10.649562800345803,real,0.3
1374.6667507356035,538.0,296.6093344169517,33.90244692385758,10.649562800345803,real,0.3
1374.668616265338,524.0,254.1340593073628,29.04752297883157,10.649577852850756,real,0.3
1374.942849136292,528.0,263.9385815370361,30.168179869683225,10.651875938011068,real,0.3
1375.0389239176127,532.0,261.5409372308543,29.894129125486643,10.652673735766207,real,0.3
1375.133133169199,518.0,265.424399347881,30.3380088454628,10.653467658296194,real,0.3
1375.2310734802538,534.0,273.12806034029023,31.21853729689517,10.654316978644395,real,0.3
1375.418559218559,544.0,280.9729851192861,32.1152121991344,10.655989518719393,real,0.3
1375.4194919834265,526.0,281.3106317062315,32.15380520402226,10.655997849813795,real,0.3
1375.4698612862549,517.0,238.22872574880887,27.229543353088854,10.656378831234637,real,0.3
1375.5995156027946,527.0,292.57410838171734,33.44122058803029,10.657583219734525,real,0.3
1375.8830761224203,506.0,255.99783480669385,29.260552518405103,10.659887980144706,real,0.3
1375.9185211873737,533.0,248.6873060512004,28.424959081652204,10.660167848067193,real,0.3
1375.9185211873737,531.0,238.4845676607341,27.258786083621903,10.660167848067193,real,0.3
1376.0649652715229,545.0,260.9207938711688,29.823246739474595,10.661381025304724,real,0.3
1376.1582417582415,526.0,263.92460482031635,30.16658233096216,10.662162645531431,real,0.3
1376.253383774695,532.0,274.6376598282805,31.39108451837246,10.662992259720246,real,0.3
1376.3475930262816,519.0,241.9786709883112,27.658162093963973,10.663716052706672,real,0.3
1376.39796232911,524.0,251.56947836583444,28.75439137721488,10.664118368997483,real,0.3
1376.4446005724697,513.0,284.02168698190303,32.46367882203152,10.664538938151164,real,0.3
1376.6255569567047,526.0,284.89980409317667,32.56404760785009,10.666175791570934,real,0.3
1376.8512860545648,525.0,252.0510592265718,28.809436069597155,10.667982216019224,real,0.3
1376.9044536519948,522.0,259.1284204053528,29.618378452331825,10.668419643247582,real,0.3
1376.9044536519948,531.0,250.1059504436878,28.587110135713512,10.668419643247582,real,0.3
1376.9967973738464,529.0,241.3857030254568,27.590385855809718,10.66912736516904,real,0.3
1377.0014611981826,525.0,262.1049572377431,29.95859661227404,10.669166176733471,real,0.3
1377.1852158770191,525.0,262.7032194812409,30.02697798670584,10.670698842760247,real,0.3
1377.371768850457,529.0,272.9788201075364,31.20147913829141,10.672315711846055,real,0.3
1377.374567145059,528.0,284.8014953908417,32.552810923173205,10.67234101527802,real,0.3
1377.5536579995598,536.0,242.145979659858,27.677285475121767,10.673717889918576,real,0.3
1377.7411437378653,527.0,253.7379943418169,29.002252753269666,10.675228309021344,real,0.3
1377.9332933005066,525.0,247.09696149688975,28.2431826990945,10.676735785466686,real,0.3
1377.936091595108,526.0,249.9702612544432,28.57160086138285,10.67675799428792,real,0.3
1378.023771492624,521.0,259.4862484481765,29.659278197626577,10.677480361641468,real,0.3
1378.1179807442104,524.0,266.8772205269606,30.5040663062316,10.678278629768426,real,0.3
1378.1189135090774,548.0,267.7860180718505,30.60794186561252,10.678286560327544,real,0.3
1378.2690886526952,519.0,240.2900205598374,27.465149349989414,10.679432277757575,real,0.3
1378.397810204368,525.0,277.31975469486787,31.6976479616234,10.680565658432576,real,0.3
1378.4892211613526,524.0,238.26528036864843,27.233721546136515,10.681257175251682,real,0.3
1378.6739086050563,526.0,251.4119734061932,28.73638856032788,10.682731411402928,real,0.3
1378.7634540323068,525.0,244.2869579015172,27.92199928814341,10.683425935668469,real,0.3
1378.9649312436195,531.0,257.4560064373023,29.427221535783648,10.685072856371722,real,0.3
1379.0498128465342,511.0,251.94674497021865,28.797512950095992,10.68575185055482,real,0.3
1379.0507456114017,538.0,249.47023719431203,28.514448111309864,10.68575923868688,real,0.3
1379.1514842170584,534.0,266.32073628665137,30.44046015756425,10.686611052440163,real,0.3
1379.155215276527,516.0,266.8258548801708,30.49819521280352,10.686642660934616,real,0.3
1379.225172641566,505.0,241.32001946125368,27.582878224421297,10.687178668012608,real,0.3
1379.6962188994978,518.0,242.20128922465017,27.683607358377515,10.690800962360443,real,0.3
1379.7018154887007,526.0,254.18764528440545,29.053647856007544,10.690846129397082,real,0.3
1379.7950919754198,554.0,243.21956347717008,27.799996105440545,10.691566431054726,real,0.3
1379.7950919754198,510.0,254.68008336900283,29.109933529077026,10.691566431054726,real,0.3
1379.7950919754198,533.0,245.89128299342565,28.10537364614855,10.691566431054726,real,0.3
1380.0758542004446,521.0,248.1823652240812,28.36724434511248,10.693778778454767,real,0.3
1380.0758542004446,527.0,257.7393869073957,29.45961192351533,10.693778778454767,real,0.3
1380.087980143718,531.0,268.70138663887144,30.712568492823003,10.693882228139026,real,0.3
1380.1570047438902,515.0,268.55050183141094,30.695322359330277,10.69447076490375,real,0.3
1380.258676114414,527.0,268.39456377405486,30.67749863937447,10.695337160273448,real,0.3
1380.6317820612906,521.0,242.830318264604,27.75550537764424,10.698213755860936,real,0.3
1380.7306551372126,517.0,241.7849857842824,27.636023875143472,10.698972772162824,real,0.3
1380.7334534318145,531.0,244.0184423017808,27.891307955093545,10.698994452189623,real,0.3
1380.838855861807,536.0,247.0311180498453,28.23565679309732,10.699821148533632,real,0.3
1380.913477051182,536.0,255.8076327985092,29.2388124288696,10.70042721380012,real,0.3
1380.9153425809163,534.0,247.82085578091505,28.325923815758586,10.700441892370437,real,0.3
1381.0207450109092,523.0,256.85176694274844,29.358156961556148,10.701301453782618,real,0.3
1381.0869713164798,535.0,262.8594151985906,30.04483115719891,10.701854164385129,real,0.3
1381.2921795872614,531.0,260.9643699546576,29.82822748581736,10.703554441880362,real,0.3
1381.5710762825515,529.0,266.14325177110123,30.42017367743687,10.70591113241058,real,0.3
1381.752965431654,522.0,248.99436303982148,28.460055695451597,10.707349069997765,real,0.3
1381.8471746832404,523.0,242.70701558193744,27.74141188101545,10.708075041567556,real,0.3
1381.8481074481074,529.0,243.49986363668532,27.83203441367313,10.7080822528853,real,0.3
1381.8481074481074,552.0,250.18525580419225,28.59617473841917,10.7080822528853,real,0.3
1381.94698052403,531.0,258.18061500216726,29.510044294747715,10.708892738676976,real,0.3
1382.0244000080068,522.0,290.7691985394461,33.23491939305869,10.709607469318485,real,0.3
1382.031862126944,520.0,248.17172180228317,28.366027802000964,10.709666266727716,real,0.3
1382.4991773254071,523.0,265.69308549162724,30.368719671693,10.713608423466727,real,0.3
1382.5038411497428,550.0,267.43448657826417,30.567761815895597,10.713648024208796,real,0.3
1382.5924538121262,524.0,253.695492896922,28.99739483811818,10.71436178430846,real,0.3
1382.7799395504317,537.0,241.98646504893367,27.65905295509312,10.715802250409602,real,0.3
1382.8732160371503,524.0,240.96173318480288,27.54192610302297,10.716515865438591,real,0.3
1382.9664925238696,531.0,245.17274934547547,28.023245250187845,10.71724195151176,real,0.3
1382.9702235833383,536.0,255.76073597451963,29.233452121887595,10.717272249219633,real,0.3
1383.5308152685202,522.0,269.1309760910517,30.76167056720721,10.722062453870269,real,0.3
1383.6240917552393,522.0,263.96186099700435,30.1708407119576,10.722844184432205,real,0.3
1383.7108388878885,545.0,239.50941434431,27.375926059554637,10.723503846401446,real,0.3
1383.7136371824895,538.0,238.91882898393183,27.30842215286341,10.723525073348748,real,0.3
1383.8087791989435,536.0,255.8220014930948,29.240454770660733,10.724297849967888,real,0.3
1383.8973918613265,536.0,242.694830760187,27.74001915588937,10.72498066023232,real,0.3
1384.46078184111,533.0,272.89553796130485,31.191959988977143,10.729862115151098,real,0.3
1384.6454692848138,548.0,261.09766629292824,29.843463257281694,10.731393146523391,real,0.3
1384.7471406553375,528.0,263.17264887975523,30.08063376695602,10.732242685207089,real,0.3
1384.9225004503696,534.0,241.2852483111904,27.578903881969055,10.733586082688186,real,0.3
1384.9252987449709,513.0,240.59905491603556,27.500471976902865,10.733607458916593,real,0.3
1385.5782341520048,520.0,280.0483487808098,32.009526265646564,10.739413056989155,real,0.3
1385.6827038171302,516.0,269.717062891943,30.828660288549084,10.740307684715992,real,0.3
1385.763854360576,541.0,266.0421444455289,30.408617110123952,10.74099315021708,real,0.3
1385.858063612162,502.0,242.64888633780757,27.7347677084114,10.741718947913949,real,0.3
1386.510999019196,524.0,288.1280973712972,32.93304152953927,10.747692044823935,real,0.3
1386.789895714486,498.0,264.54295686787896,30.23725996999856,10.750034564790674,real,0.3
1386.883172201205,520.0,270.86780133748096,30.960189692874074,10.750836747491428,real,0.3
1387.547300786645,523.0,291.44007269782065,33.3116003093609,10.756982076933705,real,0.3
1387.5482335515126,542.0,263.6582456789092,30.136137481099325,10.756989885247672,real,0.3
1388.6554254488683,532.0,289.67133762361505,33.1094338903792,10.767172801061411,real,0.3
1400.6377229328052,520.0,267.5622896628366,30.58236970846222,10.868963648731004,real,0.5
1401.5714205648633,539.0,268.51373938773764,30.69112041201841,10.876923711634868,real,0.5
1401.7934186032548,528.0,267.1353262644718,30.533567792029128,10.87880659834457,real,0.5
1401.9883664604977,528.0,266.4087614845336,30.45052143768219,10.880455560540735,real,0.5
1402.5079164915232,516.0,264.3210577023079,30.21189689537379,10.884815724976663,real,0.5
1402.726183470446,518.0,265.49632272576343,30.34622968755476,10.88665560827544,real,0.5
1402.737376648852,520.0,266.9795625065463,30.51576399449824,10.886750488383935,real,0.5
1403.0172061090095,528.0,266.5978812827016,30.472137830612795,10.88911910001699,real,0.5
1403.1104825957286,529.0,266.25018664451187,30.432396333467707,10.889907607520442,real,0.5
1403.4360175343784,543.0,256.05826248864463,29.267459402452083,10.892554157687387,real,0.5
1403.6720070457775,532.0,257.7789222671745,29.464130815138045,10.894485609308184,real,0.5
1403.9471726815989,501.0,268.9765696322737,30.74402190896888,10.896835525512708,real,0.5
1404.2279349066234,531.0,268.16256691250595,30.65098139809943,10.899225980439518,real,0.5
1404.3743789907726,513.0,266.2734676395036,30.43505735119526,10.900464045467244,real,0.5
1404.5917132048282,518.0,264.97216121558927,30.286318026941853,10.902292449113084,real,0.5
1404.5991753237656,520.0,265.0576052986831,30.296084285639477,10.902355247164271,real,0.5
1404.786661062071,521.0,254.6441311620987,29.10582419182788,10.903871060202494,real,0.5
1404.87993754879,514.0,262.37622126102093,29.98960209013469,10.904648094847234,real,0.5
1405.0655577573611,530.0,263.8751447954548,30.160929050120483,10.906203227608618,real,0.5
1405.0664905222284,514.0,262.64033148812894,30.01978988909314,10.906211005776765,real,0.5
1405.264236674073,532.0,250.54596859766272,28.637404210712848,10.907784043688288,real,0.5
1405.3006145038933,550.0,252.3691719671384,28.84579635584392,10.908075529096864,real,0.5
1405.3808322824718,515.0,253.4065840589589,28.964372557939008,10.908720933992562,real,0.5
1405.7166276346604,525.0,265.07476114582795,30.298045198968136,10.911547029203176,real,0.5
1405.8127024159812,503.0,259.2723723396462,29.634832158421563,10.91233790698626,real,0.5
1405.815500710583,525.0,261.98683470946435,29.94509520729177,10.912361183430225,real,0.5
1406.0934646410055,534.0,267.81944524668035,30.61176259169557,10.914724785054434,real,0.5
1406.192337716928,535.0,267.7808562509416,30.607351869482628,10.915565408116985,real,0.5
1406.4749654716868,529.0,257.317754051227,29.41141928805524,10.917874431282998,real,0.5
1406.6512580315862,537.0,264.77235057994704,30.26347967128795,10.919356438589308,real,0.5
1406.8387437698916,553.0,259.1892716292458,29.625333747222797,10.920899307358791,real,0.5
1406.934818551212,545.0,259.9898497551963,29.716839827018937,10.921692373716544,real,0.5
1407.0318260974002,523.0,266.9953204093372,30.517565122787243,10.922514716524375,real,0.5
1407.1213715246504,513.0,267.38021033815846,30.561558041651512,10.92327489646112,real,0.5
1407.177337416682,524.0,245.86648931634525,28.10253972885826,10.92371178082342,real,0.5
1407.2967313196823,519.0,256.7780183028776,29.349727492018907,10.924685163744885,real,0.5
1407.5840228987772,533.0,256.0810183826811,29.27006040114045,10.927021008709564,real,0.5
1407.586821193379,516.0,255.7284595489678,29.22976292644702,10.92704372912284,real,0.5
1407.6884925639024,527.0,260.63561888210404,29.79065123822449,10.927885078106224,real,0.5
1407.7771052262858,536.0,262.99691617000803,30.06054751823192,10.928625007314082,real,0.5
1407.949666726716,527.0,245.426863016604,28.05229044279784,10.929969658794446,real,0.5
1407.9589943753876,519.0,258.0600028600619,29.496258326905075,10.930046083998558,real,0.5
1408.1240937568807,540.0,250.98821948485391,28.6879534871188,10.931361740492177,real,0.5
1408.1502111731622,509.0,265.9125962515346,30.393809751550403,10.93158224265375,real,0.5
1408.243487659881,525.0,264.7855161858626,30.264984500044093,10.932366412493964,real,0.5
1408.5251826497731,528.0,254.34093986665707,29.071169426758903,10.934641191043356,real,0.5
1408.6072659580857,528.0,244.41196391802103,27.936287475829808,10.935278164070574,real,0.5
1408.7966172261256,530.0,249.7286437267141,28.54398397796342,10.936779508393112,real,0.5
1408.7966172261256,534.0,256.770309579726,29.348846384962684,10.936779508393112,real,0.5
1408.8059448747977,528.0,262.56890507002026,30.01162584950332,10.936857268921448,real,0.5
1408.882431593907,524.0,247.33476667562812,28.270363831024294,10.937457909859631,real,0.5
1408.891759242579,524.0,251.13201214995968,28.70438898874039,10.937532283319584,real,0.5
1409.061522448408,522.0,244.7778021777746,27.978102788919635,10.938851631214712,real,0.5
1409.07737945115,536.0,261.98645382037506,29.945051671668867,10.938983530872065,real,0.5
1409.448619868292,522.0,245.9435808484211,28.11135129097453,10.941882439144202,real,0.5
1409.448619868292,536.0,241.20856803745812,27.570139326681467,10.941882439144202,real,0.5
1409.6342400768633,528.0,250.72136483289552,28.65745200039996,10.943360050871268,real,0.5
1409.823591344903,534.0,252.87837536596265,28.903998304329527,10.944880331074138,real,0.5
1409.823591344903,523.0,245.93184715958435,28.11001013034049,10.944880331074138,real,0.5
1409.833851758442,521.0,262.4395558519407,29.99684123387682,10.944965825517452,real,0.5
1409.9289937748954,534.0,252.9941786720165,28.917234622211485,10.945730059965287,real,0.5
1409.9896234912628,530.0,254.1266686024026,29.046678221254616,10.94621925214917,real,0.5
1410.0017494345364,522.0,249.2486490110388,28.48912058196173,10.946315212554753,real,0.5
1410.1938989971777,533.0,254.6727864379216,29.109099489854437,10.9478689072036,real,0.5
1410.5679377089214,533.0,250.079445359932,28.584080604640224,10.95083878294964,real,0.5
1410.5688704737886,540.0,248.30201940846592,28.38092081838765,10.950846136484596,real,0.5
1410.5744670629915,538.0,257.0445002204336,29.38018637519556,10.950891811160664,real,0.5
1410.6612141956407,533.0,252.7338435748314,28.88747832060323,10.951587896136711,real,0.5
1410.7535579174923,517.0,248.32933857177125,28.38404339875345,10.952315976194669,real,0.5
1410.848699933946,552.0,255.63871663561144,29.219505311450384,10.95308819915442,real,0.5
1410.9242538881883,514.0,297.70364909965906,34.02752709209103,10.953802341994669,real,0.5
1410.9475730098682,537.0,266.680316398393,30.48156016433632,10.953999787330906,real,0.5
1411.126663864369,532.0,297.0032750687475,33.94747434035784,10.955688587938615,real,0.5
1411.5007025761124,516.0,258.8690050620947,29.588727278597425,10.958762846114563,real,0.5
1411.5044336355816,527.0,250.71542555815307,28.656773141296892,10.958792546149228,real,0.5
1411.5939790628315,527.0,251.00010641585564,28.6893121633323,10.959506156347889,real,0.5
1411.5949118276988,541.0,256.5709619662343,29.32606095274058,10.95951375476993,real,0.5
1411.6863227846834,521.0,245.35475801968045,28.044048841649477,10.960225847365024,real,0.5
1411.7842630957389,525.0,246.3793933801657,28.16116466335294,10.960991989928026,real,0.5
1411.7935907444107,505.0,252.5046241000744,28.861278534638505,10.961066769890914,real,0.5
1411.8551532256452,545.0,262.5976810963318,30.01491494931073,10.961580045623782,real,0.5
1412.065025320763,517.0,262.3842424996439,29.9905189177093,10.963328427023484,real,0.5
1412.2590404131388,531.0,289.9704219520463,33.14361922911889,10.965114638786376,real,0.5
1412.526743930023,527.0,264.88458530176854,30.276308099992143,10.96736604827433,real,0.5
1412.620953181609,527.0,247.25681334423575,28.26145376524615,10.968105628943206,real,0.5
1412.6293480654138,536.0,241.3230897874098,27.58322916270094,10.968169950610925,real,0.5
1412.7170279629297,545.0,248.06653396145995,28.35400483179487,10.968860527343653,real,0.5
1412.7170279629297,531.0,248.0427344967914,28.35128455298326,10.968860527343653,real,0.5
1412.717960727797,535.0,253.6656267078488,28.99398113270712,10.968868039723365,real,0.5
1412.7925819171724,531.0,280.8672914071898,32.10313140784179,10.969533476903456,real,0.5
1413.2720230589086,538.0,264.36751026983313,30.21720642384193,10.973557746888993,real,0.5
1413.3662323104943,523.0,275.0792351711109,31.441556580057984,10.974380548420688,real,0.5
1413.370896134831,539.0,286.785794973706,32.7796163654946,10.97442301463528,real,0.5
1413.5462559298626,539.0,279.87564587006705,31.98978632294866,10.97598127084992,real,0.5
1413.5537180488,539.0,249.50138431517,28.51800822722393,10.976040383285824,real,0.5
1413.7272123140976,521.0,275.5564384234228,31.49610091179722,10.977558270199,real,0.5
1413.7402710222384,526.0,242.18205766190255,27.681409190755463,10.977658682266652,real,0.5
1413.83261474409,530.0,243.4806473274464,27.82983798952712,10.978372546382897,real,0.5
1413.9249584659422,514.0,275.1730036583701,31.452274318151694,10.979179329736022,real,0.5
1413.9258912308096,544.0,237.45254977839,27.14082643966997,10.97918636196085,real,0.5
1414.1105786745134,528.0,275.74040879385365,31.51712872513747,10.980803255832274,real,0.5
1414.207586220701,531.0,266.0546530154481,30.41004683966572,10.98162270139432,real,0.5
1414.3969374887408,522.0,279.3937758753725,31.93470858255508,10.983302389606706,real,0.5
1414.5825576973118,515.0,281.47534560510644,32.17263200266367,10.984961248124096,real,0.5
1414.6441201785467,522.0,281.3526088398946,32.15860319039995,10.985511182403387,real,0.5
1414.6702375948278,530.0,250.87165360649365,28.674630007222223,10.985719212194669,real,0.5
1414.6721031245622,535.0,249.23114719241013,28.48712012409248,10.985733974297348,real,0.5
1414.8567905682664,530.0,286.9739188555494,32.8011189251893,10.987416739520938,real,0.5
1414.858656098001,531.0,247.96845731864025,28.34279467152058,10.987431426833774,real,0.5
1415.075990312056,525.0,281.2549493667486,32.147440712619364,10.989372187600765,real,0.5
1415.140351087892,533.0,281.1289368522998,32.133037482217865,10.989946661829189,real,0.5
1415.3278368261974,543.0,272.42044017405834,31.137656311894865,10.991568291407727,real,0.5
1415.4183150183153,535.0,275.6083998972961,31.50204010826095,10.992360026862457,real,0.5
1415.422046077784,536.0,294.2239877223258,33.62980179666184,10.992394880970906,real,0.5
1415.5600952781283,531.0,307.84933218788063,35.187178669074754,10.993744203714694,real,0.5
1415.6981444784724,513.0,253.8662944703757,29.016917457963945,10.994856915451228,real,0.5
1415.7876899057226,518.0,308.24190996286245,35.23205030875518,10.995733267950616,real,0.5
1415.7914209651915,533.0,249.87286831398225,28.560468848288167,10.995762868174989,real,0.5
1415.9761084088957,528.0,287.7014849427964,32.88427972896163,10.99744989971976,real,0.5
1415.985436057567,532.0,284.5024249089457,32.5186271670925,10.9975341559224,real,0.5
1416.0833763686223,545.0,283.00823453580915,32.34784120744298,10.998414199708462,real,0.5
1416.3510798855064,535.0,277.85632707995137,31.75897818523844,11.000775863639804,real,0.5
1416.4909946155851,541.0,295.35879618892307,33.75951040439391,11.002087933858087,real,0.5
1416.536700094077,529.0,265.88787121406307,30.39098367976741,11.002473776761123,real,0.5
1416.6309093456634,527.0,252.38668009708647,28.847797535096984,11.003228701598816,real,0.5
1416.6309093456634,520.0,295.7255161650427,33.80142649766438,11.003228701598816,real,0.5
1416.721387537781,520.0,294.7258737343247,33.68716736783331,11.004075355487984,real,0.5
1416.9172681598914,544.0,287.0780517597188,32.81302131613586,11.005860754107074,real,0.5
1417.101022838728,536.0,280.7443676191334,32.08908121886695,11.007498675999724,real,0.5
1417.194299325447,533.0,279.24023858168204,31.917159269886252,11.008325653911596,real,0.5
1417.277315398627,540.0,305.933420505564,34.96818996378596,11.009132021082989,real,0.5
1417.2838447526974,508.0,276.0448797315263,31.551929753313456,11.009189247116588,real,0.5
1417.3789867691507,534.0,261.92058105306563,29.937522414365404,11.009980446074954,real,0.5
1417.4274905422449,515.0,293.75614939485706,33.57632787583216,11.01043282901624,real,0.5
1417.6560179347066,528.0,293.428733768134,33.53890426969772,11.012561872999232,real,0.5
1417.838839848676,525.0,292.7098549946814,33.45673642589208,11.01426093538494,real,0.5
1417.8397726135431,535.0,299.81053637869155,34.268344308084444,11.014269814359285,real,0.5
1417.9433095138015,530.0,291.1533029433285,33.27882252642245,11.015226921617234,real,0.5
1418.037518765388,541.0,278.20026874091826,31.79829071708696,11.01605905860895,real,0.5
1418.1168037790992,522.0,293.1392770810636,33.50581937036557,11.016796977872335,real,0.5
1418.3117516363418,535.0,277.6226765718146,31.73227193215841,11.018515349655283,real,0.5
1418.3201465201466,530.0,277.5732769929476,31.726625560293915,11.01858933335948,real,0.5
1418.3499949958969,512.0,289.3523305459578,33.07297138140297,11.018863549410664,real,0.5
1418.4992373746472,519.0,260.85606056312764,29.81584772236549,11.020099601643594,real,0.5
1418.8630156728518,527.0,286.88242060802327,32.79066067549706,11.02341308240402,real,0.5
1418.8667467323207,533.0,293.6950910040045,33.56934890175772,11.023447873858768,real,0.5
1418.8667467323207,539.0,292.10153829003497,33.387205826551,11.023447873858768,real,0.5
1418.9590904541724,516.0,299.0012391340358,34.17584163302029,11.02432451952927,real,0.5
1418.9665525731102,527.0,296.3101897653653,33.86825469018125,11.024394722013913,real,0.5
1419.0551652354932,548.0,281.6851152720979,32.19660867560079,11.02518722957348,real,0.5
1419.244516503533,529.0,277.9649137365474,31.771389640087367,11.02685832760563,real,0.5
1419.2995496306974,525.0,290.642998717879,33.220494753453565,11.027366168636805,real,0.5
1419.3396585199864,533.0,281.08392191731366,32.12789227514895,11.027724116990791,real,0.5
1419.5196821393545,536.0,291.70968158484953,33.3424166051483,11.029391456578496,real,0.5
1419.799511599512,523.0,292.4979515846452,33.432515866124945,11.031990179596976,real,0.5
1419.892788086231,533.0,296.38813472179305,33.87716379870095,11.03286794149118,real,0.5
1419.9869973378177,525.0,302.3397093970179,34.55742878407914,11.033772283019657,real,0.5
1419.9972577513563,535.0,306.8535578103917,35.07336165772777,11.033872246129324,real,0.5
1420.0802738245363,530.0,301.70994853431296,34.48544711747197,11.034667481240865,real,0.5
1420.1763486058571,533.0,290.8407442379308,33.243097066395485,11.0355546543745,real,0.5
1420.2705578574432,520.0,286.2293829426356,32.71601847034325,11.03641080760088,real,0.5
1420.6389999799835,520.0,298.6473054875396,34.135387017225774,11.03990439494709,real,0.5
1420.8236874236875,527.0,295.1114668118506,33.73124065659452,11.041634877338712,real,0.5
1420.8236874236875,537.0,294.3538733810421,33.64464772745312,11.041634877338712,real,0.5
1421.019568045798,531.0,300.3828610754807,34.33376102092745,11.043503021357647,real,0.5
1421.0232991052667,525.0,309.16467994119364,35.337522917278434,11.043539645357503,real,0.5
1421.1100462379152,537.0,300.51991870109293,34.349426707534924,11.044367343767226,real,0.5
1421.1212394163215,522.0,285.4976669048867,32.63238332722855,11.044468804902897,real,0.5
1421.6697051582298,527.0,291.8819911032558,33.36211158310214,11.049551575814297,real,0.5
1421.7564522908788,536.0,296.8508668352037,33.93005407926378,11.05036916884263,real,0.5
1421.945803558919,540.0,295.47419885823894,33.77270092949671,11.052145530994334,real,0.5
1421.9467363237854,523.0,300.84560675812986,34.38665285245424,11.052154440622576,real,0.5
1422.0390800456375,548.0,301.19916245721527,34.4270642688597,11.053037530413416,real,0.5
1422.1323565323569,531.0,311.2324519986631,35.57386926344719,11.053959254175613,real,0.5
1422.788090233992,518.0,295.37600743523336,33.76147764984717,11.06010884826228,real,0.5
1422.7899557637263,532.0,295.2079653916543,33.74227044426608,11.060126333598063,real,0.5
1422.8776356612425,524.0,300.45836073843213,34.34239063240279,11.060962760623369,real,0.5
1422.8785684261095,532.0,292.093465965828,33.38628315989414,11.060971411054476,real,0.5
1423.1565323565324,528.0,299.137285481114,34.19139173049133,11.06361140373004,real,0.5
1423.8150643527697,529.0,293.823053994243,33.58397507154198,11.06975477099266,real,0.5
1423.9074080746216,519.0,289.7254646029655,33.11562060411895,11.07060422089767,real,0.5
1423.9158029584262,538.0,299.5245607102106,34.23565728917707,11.07068405544348,real,0.5
1423.996953501872,516.0,293.91228738192416,33.59417444775393,11.071441329197103,real,0.5
1424.8401729418126,517.0,289.87971282038507,33.13325117537001,11.079202051835855,real,0.5
1424.929718369063,532.0,294.82742257875043,33.69877440075118,11.080040266044614,real,0.5
1425.022994855782,544.0,295.092702549975,33.729095901462145,11.080914191479584,real,0.5
1425.9538941932387,524.0,291.2461876197105,33.28943924493291,11.089522279517755,real,0.5
1426.049036209692,535.0,296.51396665860256,33.89154638907827,11.090417976757806,real,0.5
1426.7952481034451,539.0,291.4038287341036,33.30745762430804,11.097321982599455,real,0.5
1438.8960067255152,536.0,291.29135183296444,33.29460151450783,11.20923585380642,real,0.5
1439.10028223143,525.0,292.7353114230434,33.45964609565386,11.211134461065845,real,0.5
1439.8241077683704,517.0,313.8761883749156,35.87604833125285,11.21834779438436,real,0.5
1440.1281891150743,506.0,315.3738103137946,36.04722651886672,11.221392596935695,real,0.5
1440.744746692288,525.0,315.252927506836,36.03340961403136,11.227563894638577,real,0.5
1440.9676774955467,540.0,314.2499734049865,35.91877196018996,11.229788172606671,real,0.5
1441.053491863328,517.0,295.7453061050376,33.80368848780579,11.230593962094522,real,0.5
1441.340783442423,535.0,314.6872391014397,35.96875142929456,11.23346438414902,real,0.5
1441.4349926940092,518.0,300.40219646549326,34.33597105600588,11.234362930297818,real,0.5
1441.6644528513382,529.0,301.50542013450905,34.46206952137438,11.236559505824,real,0.5
1441.9004423627375,535.0,301.5114944607704,34.46276381686606,11.23881863104473,real,0.5
1442.2772793690829,521.0,311.6959694558413,35.62684930880266,11.24254794083335,real,0.5
1442.2772793690829,530.0,299.73437490655004,34.25963905181867,11.24254794083335,real,0.5
1442.6037470725998,524.0,299.0887654417103,34.18584588998748,11.245648100444598,real,0.5
1442.8360055245305,535.0,298.4192774993273,34.109323418173105,11.247848705626126,real,0.5
1442.9096939490385,530.0,309.0840955035952,35.328312116060935,11.24857184108734,real,0.5
1443.2044476470703,529.0,304.2722371991408,34.77831671186179,11.251419351493492,real,0.5
1443.3937989151104,544.0,307.8575603106892,35.18811914351178,11.253270161210091,real,0.5
1443.3937989151104,535.0,303.0193874293624,34.63511598317612,11.253270161210091,real,0.5
1443.537444704658,521.0,304.41930096079363,34.79512609981871,11.254658542699262,real,0.5
1443.8331311675574,527.0,300.0029496255964,34.29033714220566,11.2574749839496,real,0.5
1443.8583158189715,527.0,306.6406666577246,35.04902819897792,11.2577201777156,real,0.5
1444.0448687924102,529.0,302.72319127036485,34.6012607622027,11.259513224404463,real,0.5
1444.050465381613,553.0,310.2659738316684,35.46340080895969,11.259568356095038,real,0.5
1444.1446746331994,532.0,304.32301793315963,34.784120949760144,11.260478629984418,real,0.5
1444.3265637823015,508.0,314.20539216268406,35.91367632419479,11.262293159992122,real,0.5
1444.4655457475133,523.0,304.3988488579102,34.79278842445913,11.263636373911686,real,0.5
1444.51311675574,509.0,313.8020187280032,35.867570740610766,11.264110334051344,real,0.5
1444.6978041994437,525.0,306.1305474972471,34.99072157893534,11.2659054304185,real,0.5
1444.7910806861628,508.0,313.6956700397343,35.85541508554163,11.26683444907101,real,0.5
1444.98136471907,519.0,309.4206120747939,35.36677596014894,11.268703819282294,real,0.5
1445.169783222242,513.0,308.84583768429,35.30107924731435,11.270551423869,real,0.5
1445.2574631197583,532.0,318.42258042110643,36.395700942132464,11.271437860349176,real,0.5
1445.2593286494923,528.0,313.40984141769906,35.822744874043,11.271456423792433,real,0.5
1445.353537901079,531.0,309.80086271949585,35.41023860883838,11.272383082702945,real,0.5
1445.3544706659463,527.0,320.1620028753345,36.594516928650734,11.272392564391756,real,0.5
1445.4039072039077,514.0,309.03654458219967,35.32287704574542,11.272877631267304,real,0.5
1445.6305690666347,533.0,308.28397767412133,35.236858648152065,11.27509620127226,real,0.5
1445.9103985267925,547.0,310.64899931395666,35.50718062158525,11.277856188823664,real,0.5
1446.099749794832,532.0,308.965776438647,35.314788246937354,11.27971366102786,real,0.5
1446.1920935166836,524.0,305.22778574850867,34.88753591105454,11.280608562392375,real,0.5
1446.1920935166836,514.0,305.3834336226337,34.90532646306703,11.280608562392375,real,0.5
1446.2863027682702,519.0,306.5857117638358,35.04274685460643,11.28152560432424,real,0.5
1446.470990211974,533.0,318.1650064703797,36.3662602395644,11.283391268668884,real,0.5
1446.560535639224,539.0,308.524683062159,35.26437127400477,11.284268425111229,real,0.5
1446.5642666986932,531.0,320.6192526863391,36.64678058204856,11.284306406032812,real,0.5
1446.656610420545,536.0,312.0387967365354,35.666034466986,11.285221276690136,real,0.5
1446.7582817910686,535.0,309.9716195720817,35.42975611708894,11.286221885540622,real,0.5
1446.8534238075224,533.0,310.68055971735447,35.51078797569362,11.287160376644474,real,0.5
1447.123925619008,521.0,310.8147288501724,35.5261235075747,11.289829787967768,real,0.5
1447.2638403490866,530.0,307.0503288875136,35.0958525918428,11.291193795396175,real,0.5
1447.310478592446,520.0,306.6995767871493,35.055761626771165,11.291647945157813,real,0.5
1447.310478592446,528.0,306.1779723910492,34.99614224429692,11.291647945157813,real,0.5
1447.403755079165,531.0,317.1547123114464,36.25078361719832,11.29258720786243,real,0.5
1447.4933005064154,545.0,306.4750851282206,35.03010223015561,11.293458537159882,real,0.5
1447.588442522869,515.0,305.63156669099226,34.93368807278041,11.294381776472497,real,0.5
1447.8720030424952,533.0,304.16487240965745,34.766044916423844,11.297120186961898,real,0.5
1447.8748013370964,543.0,301.93415397505674,34.511073799348985,11.297147012559536,real,0.5
1448.056690486199,536.0,305.5815412663757,34.927970166746746,11.298911739996624,real,0.5
1448.208731159551,536.0,295.64447583359595,33.79216358778002,11.30033890202604,real,0.5
1448.243243459637,534.0,299.6866081573713,34.25417931238754,11.300667288280382,real,0.5
1448.3337216517548,541.0,299.1138572240152,34.18871388070494,11.30152654745337,real,0.5
1448.4279309033411,517.0,292.4336337941586,33.425164342672325,11.302401258485837,real,0.5
1448.496955503513,514.0,297.6472155178836,34.021076733694095,11.303053561602212,real,0.5
1448.8952461018037,528.0,296.3949621311598,33.877944171591565,11.306801691228037,real,0.5
1448.9950519425931,506.0,295.40432535789694,33.76471438840762,11.307737778924857,real,0.5
1449.0929922536482,540.0,299.23755259832615,34.20285226198868,11.308668289477495,real,0.5
1449.1284373186013,540.0,293.69801588294433,33.56968321542054,11.30899881158917,real,0.5
1449.2720831081488,524.0,292.6869070186152,33.45411347222772,11.310333684517872,real,0.5
1449.4017374246885,524.0,292.67300536836444,33.452524513604054,11.311538480129633,real,0.5
1449.4203927220324,527.0,294.2186974603936,33.62919711972299,11.31171274753844,real,0.5
1449.429720370704,529.0,294.1371832069559,33.61988004055506,11.311799857102162,real,0.5
1449.4511739626496,529.0,293.2065504746649,33.5135087192542,11.31199957519681,real,0.5
1449.6405252306893,526.0,292.3124584022531,33.41131399537753,11.313756929272335,real,0.5
1449.6405252306893,534.0,288.2901942745534,32.95156920558146,11.313756929272335,real,0.5
1449.649852879361,537.0,294.6231329930371,33.675424101104134,11.313844182751476,real,0.5
1449.7338017174084,532.0,296.4945870125826,33.88933129553819,11.3146344521916,real,0.5
1449.922220220581,522.0,297.03096483338004,33.95063928045534,11.316411376812429,real,0.5
1449.9259512800495,541.0,298.0971068308935,34.07249931077113,11.316446689734978,real,0.5
1450.067731539863,514.0,298.25297217015526,34.09031471904875,11.317789282423306,real,0.5
1450.117168077824,527.0,304.4018524863152,34.793131739185824,11.318267074639415,real,0.5
1450.292527872856,538.0,298.11163387657365,34.07415975209237,11.319926862881088,real,0.5
1450.572357333013,521.0,297.57670186507585,34.01301702317817,11.322570708489954,real,0.5
1450.6665665845994,531.0,293.69606856377743,33.56946063683976,11.323449195646273,real,0.5
1450.6758942332715,533.0,298.3836107502162,34.10524670874971,11.3235375628016,real,0.5
1450.7598430713188,519.0,298.9759728424453,34.17295369589149,11.324334446066992,real,0.5
1450.8540523229049,527.0,297.0438413946967,33.95211107141383,11.32522294689305,real,0.5
1450.9501271042257,526.0,298.59720335744066,34.12966034375547,11.326133780130291,real,0.5
1450.994899817851,522.0,297.4600573655813,33.99968455688594,11.326556629613632,real,0.5
1451.0406052963433,551.0,297.72795918314887,34.03030573463391,11.326988677226645,real,0.5
1451.3185692267662,520.0,296.8826566565415,33.93368765584269,11.32960877200291,real,0.5
1451.5965331571892,538.0,300.8243730863786,34.38422584377307,11.332263653825157,real,0.5
1451.6916751736426,524.0,301.4261966428984,34.453014276283284,11.333174189728252,real,0.5
1451.69260793851,517.0,298.118543132929,34.074949480093785,11.333183018593736,real,0.5
1451.786817190096,529.0,296.4449301749175,33.883655518993066,11.334069727990244,real,0.5
1451.7933465441663,534.0,300.17292674537094,34.309765526995896,11.334131955936687,real,0.5
1451.8828919714167,537.0,300.20809965583294,34.313785790661704,11.33498546777258,real,0.5
1451.8959506795577,544.0,300.33877795941294,34.328722320760896,11.3351099924297,real,0.5
1451.9267319201747,557.0,299.8058288659476,34.26780623937781,11.335402993982278,real,0.5
1452.248535799356,531.0,299.48707144357826,34.231372266001,11.338462935200305,real,0.5
1452.4434836565986,521.0,301.0557961807604,34.41067750346092,11.34032634849074,real,0.5
1452.6235072759664,533.0,300.52729336351933,34.35026963145026,11.342044087342217,real,0.5
1452.7186492924202,525.0,302.9655697286332,34.628964619982774,11.342959273320451,real,0.5
1452.8128585440063,537.0,296.0399671391694,33.83736824400706,11.34384477141432,real,0.5
1452.8147240737408,515.0,302.0287858709352,34.5218902250479,11.34386266075118,real,0.5
1452.8156568386078,552.0,303.84256946976706,34.72920569039437,11.343871659135326,real,0.5
1452.8632278468344,537.0,300.0806398782867,34.299217138088174,11.344324894785505,real,0.5
1453.0022098120462,511.0,300.9376846024126,34.39717735005576,11.345652835703795,real,0.5
1453.1701074881405,521.0,307.9580013364377,35.199599552754826,11.347294483193895,real,0.5
1453.3697191697192,536.0,306.9482170388141,35.08418120753645,11.349239819973798,real,0.5
1453.4639284213058,540.0,308.75326888230194,35.29049863324711,11.350163345380563,real,0.5
1453.5609359674934,515.0,306.8867502879416,35.07715555791172,11.351108553377204,real,0.5
1453.5628014972278,535.0,308.2998935838747,35.238677836636874,11.351126814155348,real,0.5
1453.6504813947438,509.0,304.49099756661747,34.80332102186438,11.351974467383238,real,0.5
1453.6514141596112,527.0,309.16357244515365,35.33739633048106,11.351983623350408,real,0.5
1453.7959927140255,539.0,302.79789571475686,34.609799480196706,11.353373577455244,real,0.5
1453.929378090034,522.0,308.2720690170001,35.23549748864311,11.354679105255624,real,0.5
1454.026385636222,513.0,302.6471558346369,34.592569911899,11.355611255345485,real,0.5
1454.300618507176,529.0,306.62092912625377,35.04677219913081,11.358280971167106,real,0.5
1454.3034168017778,522.0,302.8757492910175,34.6186981439633,11.358307880421588,real,0.5
1454.3966932884969,534.0,310.2415052766803,35.460604053124555,11.359226669466867,real,0.5
1454.680253808123,519.0,308.73650638351734,35.28858267963603,11.362006238589512,real,0.5
1454.6905142216622,520.0,304.83915552073915,34.843115476020486,11.362105545471117,real,0.5
1454.730623110951,508.0,309.30701569566446,35.35379189401445,11.362499434728065,real,0.5
1454.7697992353733,530.0,307.21117780895634,35.11423762356371,11.36288155687866,real,0.5
1454.7707320002403,526.0,307.48876831992413,35.14596621896733,11.362890663246022,real,0.5
1454.9582177385455,516.0,307.1916512858509,35.11200574197276,11.364719274446,real,0.5
1455.052426990132,530.0,300.53637512559607,34.35130767685563,11.365618221942457,real,0.5
1455.2408454933045,538.0,298.57427753766547,34.12703992255516,11.367404379103544,real,0.5
1455.4255329370087,526.0,300.7086839333735,34.37100257358459,11.36916768260434,real,0.5
1455.5141455993917,531.0,305.0636900328779,34.868779770757946,11.370025964662544,real,0.5
1455.6130186753142,531.0,305.74630666897644,34.94680285226401,11.37098576963245,real,0.5
1455.665253507877,516.0,300.45207326748124,34.34167197447311,11.371484056156204,real,0.5
1455.7062951620333,549.0,306.3712763902102,35.018236891401024,11.37188328014722,real,0.5
1455.7967733541504,523.0,306.33951861849386,35.014606978093845,11.372763296351962,real,0.5
1455.8051682379553,535.0,299.31068158236224,34.211210904864004,11.372843073890952,real,0.5
1456.171744830761,536.0,298.7246383638182,34.14422616498442,11.37631987224972,real,0.5
1456.2650213174804,527.0,297.41546751258545,33.99458793668852,11.37720067661922,real,0.5
1456.3601633339342,534.0,298.3000732886981,34.09569837689819,11.378101769256991,real,0.5
1456.5457835425052,530.0,303.5814612084717,34.699361016128314,11.379890908876185,real,0.5
1456.5914890209976,514.0,299.10479632398443,34.18767821983142,11.380324954484957,real,0.5
1456.7267399267405,525.0,305.17136935730366,34.88108751753981,11.38163542634052,real,0.5
1456.8200164134594,522.0,299.4838832487965,34.23100785533744,11.382522356382076,real,0.5
1456.8218819431936,523.0,303.2331267514552,34.65954638769133,11.382540317052731,real,0.5
1456.8638563622171,515.0,302.6419152528848,34.59197091340473,11.382943644242172,real,0.5
1457.1101062871558,539.0,301.11060312311133,34.416941936971625,11.385297857955669,real,0.5
1457.3862046878442,544.0,296.1791221839529,33.85327366562582,11.387894200932651,real,0.5
1457.3871374527116,538.0,295.2054838810367,33.741986807602494,11.387902943527056,real,0.5
1457.477615644829,541.0,299.75945960786106,34.26250623317852,11.388764057310777,real,0.5
1457.483212234032,525.0,294.5371616931947,33.665597581532154,11.388816394121868,real,0.5
1457.5251866530557,522.0,288.2392654278939,32.94574803840827,11.38920052707554,real,0.5
1457.5671610720792,520.0,298.9155794072279,34.16605072624615,11.38959888822264,real,0.5
1457.7966212294084,534.0,296.52573071223736,33.89289102040873,11.39175918491872,real,0.5
1457.8432594727676,530.0,287.7633574727431,32.89135175913454,11.392185294604207,real,0.5
1458.0335435056747,527.0,292.2877625608196,33.40849126070168,11.393951156395993,real,0.5
1458.0419383894796,541.0,293.68625640838553,33.568339107478465,11.394029434814415,real,0.5
1458.0447366840813,532.0,293.4977107836818,33.54678834257483,11.394055510869062,real,0.5
1458.318036790168,520.0,290.7249891991951,33.229866265468,11.39657821252895,real,0.5
1458.5008587041375,521.0,291.3914424468526,33.30604187167525,11.398269622062768,real,0.5
1458.5941351908568,535.0,295.8525707609923,33.81594883798142,11.399145797869066,real,0.5
1458.7200584479274,538.0,291.1946058576335,33.283543449527514,11.400310012368514,real,0.5
1458.9747032566706,534.0,291.89956046986856,33.36411976170598,11.402670012339517,real,0.5
1459.058652094718,547.0,288.32481634937625,32.955526508733705,11.403438506272195,real,0.5
1459.059584859585,544.0,290.79172501764384,33.237494169516694,11.40344711815187,real,0.5
1459.07450909746,532.0,291.6430368487688,33.33479911181428,11.403585311616167,real,0.5
1459.2480033627578,520.0,295.3286297817885,33.756062384058424,11.405212112516908,real,0.5
1459.4317580415943,515.0,291.33034550328955,33.299058491025995,11.406911795238736,real,0.5
1459.4336235713288,524.0,291.3704816459624,33.3036460521335,11.406929053278173,real,0.5
1460.0828279188938,536.0,290.62102279289104,33.217982905227444,11.412919402978009,real,0.5
1460.085626213495,546.0,287.36443379435536,32.84575478269482,11.41294493411642,real,0.5
1460.1798354650814,532.0,289.98405969758227,33.14517802343365,11.413812318120666,real,0.5
1460.1863648191518,540.0,294.99163793075724,33.71754421548555,11.413873471949712,real,0.5
1460.2880361896755,526.0,290.6133803866934,33.217109378199055,11.414811591126192,real,0.5
1460.5855881823095,534.0,285.467946581554,32.62898629427162,11.417508485539935,real,0.5
1460.8486278748576,536.0,287.2518162758049,32.8328826003245,11.419907472024564,real,0.5
1460.9223162993658,508.0,285.90915373262567,32.67941627163911,11.420576387218704,real,0.5
1461.026785964491,524.0,290.87044130080693,33.246491440682234,11.421541178837424,real,0.5
1461.2077423487265,537.0,289.5243746915128,33.09263602723991,11.423204602104178,real,0.5
1461.3038171300468,531.0,294.45296492930794,33.6559738914199,11.424102793862994,real,0.5
1461.9548870073463,516.0,279.85654556685165,31.987603158291144,11.429887839658376,real,0.5
1462.0425669048625,504.0,279.16778083947963,31.90887734995252,11.430664997185012,real,0.5
1462.050961788667,524.0,284.43264477187114,32.51065129742487,11.430740809168364,real,0.5
1462.0630877319404,527.0,285.0904287124457,32.58583600183255,11.430850568612492,real,0.5
1463.0723393182411,519.0,279.41648496910216,31.937304231968376,11.439804117212017,real,0.5
1463.0732720831086,529.0,279.8222056745475,31.983678108600778,11.43981240422626,real,0.5
1463.0844652615149,533.0,282.638889802985,32.30562510448118,11.439912849399958,real,0.5
1464.1888588642692,504.0,275.25224522005794,31.461331628652623,11.44956443089574,real,0.5
1464.1888588642692,535.0,277.21215581186846,31.685349409296563,11.44956443089574,real,0.5
1465.1216237314602,515.0,273.84220477924714,31.30016400626795,11.45767434570751,real,0.5
1477.070341680178,525.0,230.7405284904157,26.373642406454515,11.545210794150584,real,0.0
1477.1067195099984,534.0,232.22987600346187,26.54387482719569,11.545479018750928,real,0.0
1477.3333813727256,533.0,232.66305900890043,26.59338764471732,11.54715338174531,real,0.0
1478.266146239917,533.0,232.68433383174624,26.595819356968597,11.554044394498185,real,0.0
1478.2689445345186,524.0,232.6615426715646,26.593214327359835,11.554065065511544,real,0.0
1478.9806441281853,525.0,231.82876714280997,26.498028084423176,11.559303575461726,real,0.0
1479.203574931444,521.0,231.19396090245297,26.425469731150372,11.560939978571074,real,0.0
1479.3052463019676,536.0,231.69269114674825,26.482474598073324,11.561687897873089,real,0.0
1479.9329970575875,519.0,219.35521702484056,25.07230130593928,11.566059885675848,real,0.0
1480.099029203947,537.0,230.76810212822332,26.37679407325593,11.567276384490867,real,0.0
1480.2240196961511,530.0,219.59391493026703,25.09958447652952,11.568147831551377,real,0.0
1480.4133709641908,528.0,231.2781214880933,26.435089286089063,11.56953825312834,real,0.0
1480.50664745091,521.0,231.32759642658883,26.4407442715591,11.570223336387198,real,0.0
1480.8685602193802,514.0,251.8888887335192,28.79089998224124,11.573117723698122,real,0.0
1481.0663063712248,522.0,251.2102079342661,28.713326766886613,11.574694931996678,real,0.0
1481.162381152545,525.0,228.77021145463183,26.148435169264417,11.575392766771888,real,0.0
1481.3461358313818,504.0,219.15026175811667,25.04887491895273,11.57667133565132,real,0.0
1481.4403450829682,526.0,225.44990876339057,25.768924571655543,11.57734568873412,real,0.0
1481.4450089073043,537.0,225.08250916057457,25.726930797053672,11.577379018146882,real,0.0
1481.6278308212736,534.0,229.0100267429998,26.175846056724875,11.578708328779063,real,0.0
1481.800392321704,523.0,241.9682382927014,27.65696963685577,11.5800340310507,real,0.0
1482.0914149602677,528.0,242.9357620271673,27.76755759970522,11.582278749906012,real,0.0
1482.3693788906908,522.0,251.71879551542227,28.77145832741277,11.584500257583985,real,0.0
1482.4635881422766,529.0,225.5433271699682,25.779602295527365,11.585174890094663,real,0.0
1482.4635881422766,543.0,231.5904156838685,26.47078451266617,11.585174890094663,real,0.0
1482.464520907144,538.0,231.0288858602944,26.40660165383165,11.585181732080857,real,0.0
1482.5633939830666,533.0,231.42723304989448,26.452132737602938,11.585908233116545,real,0.0
1482.7247623050905,523.0,251.10676410766465,28.701503137506062,11.58719476461678,real,0.0
1483.0223142977245,535.0,254.94344601239,29.140035879216175,11.589603285656027,real,0.0
1483.2107328008972,525.0,251.18236164925509,28.71014393650985,11.591105930752247,real,0.0
1483.2107328008972,511.0,244.05791470713584,27.89581965102563,11.591105930752247,real,0.0
1483.4896294961873,534.0,225.5846612195968,25.784326777399915,11.59310347617683,real,0.0
1483.4924277907885,535.0,238.1663854930152,27.222417861851632,11.593124636272648,real,0.0
1483.493360555656,535.0,232.9491973486004,26.626093256945023,11.59313153512941,real,0.0
1483.656594407414,531.0,245.17182728136584,28.02313985826012,11.594402180978694,real,0.0
1483.678980764227,526.0,234.30566888424937,26.781137953469702,11.59456871767594,real,0.0
1483.8636682079307,533.0,243.6696491364865,27.851440896300407,11.595997554182215,real,0.0
1484.236774154807,518.0,253.12975139093925,28.932730583984355,11.598996158026734,real,0.0
1484.3300506415262,520.0,245.0832428221955,28.013014654576946,11.599721979023784,real,0.0
1484.3356472307294,529.0,245.67279269599695,28.08040020515245,11.599765633041732,real,0.0
1484.4242598931128,530.0,251.3277665942192,28.726763721719248,11.60047273165702,real,0.0
1484.4251926579796,510.0,225.7232867599392,25.800171676661048,11.60047941651638,real,0.0
1484.43172201205,533.0,233.8797885855465,26.73245983532796,11.60052790143178,real,0.0
1484.5949558638083,536.0,275.33248460301394,31.47050299012449,11.60195486015952,real,0.0
1484.6089473368163,527.0,232.4668710238818,26.57096335802969,11.602058128747467,real,0.0
1484.7992313697237,552.0,275.7426078807546,31.51738008077025,11.6037240326887,real,0.0
1484.897171680779,521.0,246.3592367620785,28.15886076190557,11.604490112572584,real,0.0
1485.0762625352793,524.0,250.0872248125491,28.58496979607436,11.605912142202213,real,0.0
1485.173270081467,524.0,246.17920788568352,28.138283461333625,11.606670371600131,real,0.0
1485.4530995416244,527.0,245.0798265524557,28.012624174945685,11.60884780423915,real,0.0
1485.4624271902962,525.0,228.3621809318402,26.10179728050933,11.6089154343488,real,0.0
1485.537981144539,514.0,269.9602399149401,30.856455422277648,11.60956302524354,real,0.0
1485.5435777337418,523.0,244.5706218658649,27.954422079268355,11.609606483414868,real,0.0
1485.6349886907265,527.0,217.03352664863183,24.80693209593862,11.610236379360074,real,0.0
1485.733861766649,540.0,269.6879168972762,30.825328901358667,11.611082989105851,real,0.0
1486.1023038891894,550.0,247.38480334016208,28.27608302178053,11.613976905785208,real,0.0
1486.1983786705102,541.0,243.360843220456,27.81614438009812,11.61471924744868,real,0.0
1486.2879240977604,520.0,245.9475398751013,28.111803807724083,11.615418492860552,real,0.0
1486.3858644088157,521.0,242.06050798656335,27.667516062864195,11.616171205396476,real,0.0
1486.4539562441205,526.0,273.08376919701044,31.21347481921829,11.616761589503888,real,0.0
1486.4763426009329,546.0,251.08726718480028,28.699274639222672,11.616940054004536,real,0.0
1486.5677535579175,526.0,271.7542321939486,31.06150873976833,11.617728765737672,real,0.0
1486.6628955743713,515.0,217.8688440878988,24.902408879246828,11.618386895014153,real,0.0
1486.740315058348,523.0,270.96642229156123,30.971462067925447,11.619052949072849,real,0.0
1486.943657799396,536.0,271.61248267806144,31.04530677010242,11.620806515121544,real,0.0
1487.0397325807166,535.0,256.0217437493427,29.26328531054987,11.621587477270694,real,0.0
1487.1367401269042,526.0,243.8473728262921,27.87175471404518,11.622338524640902,real,0.0
1487.388586641046,535.0,284.9839222234221,32.573662310137145,11.624617292225802,real,0.0
1487.4081747032571,505.0,252.8512043268804,28.900892654562423,11.624774545693375,real,0.0
1487.4995856602418,529.0,244.42002901241815,27.9372093161194,11.625483925426453,real,0.0
1487.5611481414762,537.0,277.86550430598777,31.7600271421744,11.626027043780605,real,0.0
1487.5947276766951,520.0,256.01350045270345,29.262343101744005,11.626299992636373,real,0.0
1487.5965932064294,520.0,289.55880115194134,33.09657097166689,11.626317143368942,real,0.0
1487.6870713985472,509.0,281.1488047163032,32.13530837907345,11.62712479464819,real,0.0
1487.8736243719852,544.0,281.2535030782336,32.147275401842094,11.628790675152118,real,0.0
1487.970631918173,521.0,281.3632787087946,32.159822756415224,11.62965727112196,real,0.0
1488.16091595108,530.0,270.9345983510534,30.967824591525403,11.63129412738686,real,0.0
1488.2513941431978,534.0,247.8656101941031,28.331039245185984,11.632006166612337,real,0.0
1488.2560579675337,543.0,257.4676223273709,29.428549232018497,11.632044291496802,real,0.0
1488.264452851338,526.0,248.535769378969,28.40763844001616,11.632110535614544,real,0.0
1488.32694809744,523.0,319.15856000782674,36.4798234088946,11.63274381770946,real,0.0
1488.6170379711366,530.0,320.0747703989306,36.58454625659777,11.635691819488022,real,-0.11785528933740587
1488.8054564743093,541.0,292.9585218608769,33.48515904869823,11.63744438158426,real,-0.21346097600051459
1488.8063892391765,526.0,285.1229009087478,32.58954757386987,11.637452825580096,real,-0.21393295502333323
1488.8166496527151,518.0,283.4427764874748,32.39750935251836,11.637545162203317,real,-0.2191247242738783
1488.9929422126145,513.0,280.04848918700424,32.00954231407459,11.639112674468798,real,-0.05077548389608208
1489.1888228347243,516.0,275.4053453334531,31.478830971613693,11.640825478078249,real,-0.10754435437047054
1489.243855961889,537.0,298.99471568887145,34.175096003238004,11.641347912079416,real,-0.13539111671585116
1489.2765027322405,525.0,244.43406476256143,27.93881360236077,11.64160127653263,real,-0.15191038251369893
1489.455593586741,522.0,298.4305470313858,34.1106115256874,11.643298192800874,real,-0.24233035489097013
1489.4602574110772,521.0,255.88574740025177,29.247740927848778,11.64333608344696,real,-0.24469025000506342
1489.7382213415003,529.0,316.6090695897966,36.18841665411375,11.64613027081612,real,-0.3
1489.7382213415003,526.0,302.06854561987086,34.52643476435124,11.64613027081612,real,-0.3
1489.8324305930864,525.0,282.7344264500544,32.31654494324122,11.64697597012527,real,-0.3
1489.9303709041417,541.0,275.95245742331656,31.54136588348508,11.647834073232415,real,-0.3
1490.0236473908606,543.0,276.4149461704551,31.594228347283018,11.648652683960426,real,-0.3
1490.1150583478457,512.0,275.6794912955658,31.51016585508317,11.649452787964751,real,-0.3
1490.1644948858066,531.0,289.9280347709806,33.138774374323084,11.649907861930677,real,-0.3
1490.2064693048303,520.0,242.81788401995044,27.75408414348033,11.650231462363305,real,-0.3
1490.3939550431355,526.0,292.6895800177919,33.45441899603362,11.65197374748693,real,-0.3
1490.7735903440823,531.0,285.930070286483,32.681807033745,11.65542018294491,real,-0.3
1490.8556736523954,526.0,315.0945023125812,36.01530161432803,11.656241364918907,real,-0.3
1490.952681198583,530.0,279.37416675842405,31.932467260487872,11.657101834444646,real,-0.3
1491.05341980424,535.0,280.972746559351,32.115184931733815,11.658000511930878,real,-0.3
1491.1037891070682,531.0,296.30546392399805,33.86771452651298,11.658474371144514,real,-0.3
1491.2325106587405,522.0,281.5203558639168,32.17777667524569,11.659624919295348,real,-0.3
1491.2642246642251,522.0,302.2112812836508,34.54274945072129,11.65992922178022,real,-0.3
1491.2642246642251,514.0,321.72991631239523,36.77372943450678,11.65992922178022,real,-0.3
1491.4143998078423,519.0,299.20638186341944,34.19928944698884,11.66135585600364,real,-0.3
1491.6093476650856,548.0,303.9353046947194,34.73980532660642,11.663237092284046,real,-0.3
1491.6093476650856,520.0,323.7206004253666,37.0012646286194,11.663237092284046,real,-0.3
1491.6970275626018,531.0,323.68319656290515,36.99698936714006,11.664138173460746,real,-0.3
1491.6970275626018,516.0,299.2481606377614,34.204064760896124,11.664138173460746,real,-0.3
1491.8826477711727,527.0,293.404280599869,33.53610927256503,11.665867334460144,real,-0.3
1491.9843191416965,526.0,285.21781402053324,32.60039614254695,11.666788036392209,real,-0.3
1492.0365539742593,542.0,290.4729120197167,33.20105384385362,11.667269772916775,real,-0.3
1492.076662863548,533.0,286.4848606820709,32.745219575960704,11.667634599135306,real,-0.3
1492.2538881883145,523.0,293.1694966473908,33.50927346679677,11.66928423576665,real,-0.3
1492.5355831782065,524.0,303.3201896892758,34.66949768148422,11.671997075710802,real,-0.3
1492.6344562541285,523.0,304.9857110068326,34.85986676808097,11.672954493003466,real,-0.3
1492.7230689165117,537.0,328.2195985382497,37.51550011292194,11.67387792309948,real,-0.3
1492.8172781680985,525.0,305.2730137334025,34.8927054697279,11.67479103856285,real,-0.3
1492.8182109329653,510.0,297.90652941017345,34.050716311582825,11.67479986114948,real,-0.3
1492.9105546548171,528.0,323.4061671065473,36.965324900278354,11.67574805994969,real,-0.3
1492.958125663044,513.0,291.44348910131043,33.31199080427978,11.676188250224303,real,-0.3
1493.0038311415362,550.0,284.7493144945405,32.54684664672598,11.676601463890805,real,-0.3
1493.18851858524,518.0,288.7269321047196,33.00148833956945,11.67829450847965,real,-0.3
1493.5616245321164,526.0,290.59982457171753,33.21555994854732,11.68173698707566,real,-0.3
1493.6530354891013,525.0,302.5638068548721,34.58304312351188,11.682615117372151,real,-0.3
1493.6530354891013,531.0,299.35239644570333,34.21597891374389,11.682615117372151,real,-0.3
1493.7528413298903,525.0,303.8515058053886,34.73022711355592,11.68357797279378,real,-0.3
1493.84611781661,532.0,325.2308138086974,37.17388201833411,11.68454115310278,real,-0.3
1493.8573109950162,543.0,297.7947310043287,34.03793775379477,11.684646984411074,real,-0.3
1493.8843611761647,536.0,291.6453956754151,33.33506872569995,11.684897462090971,real,-0.3
1493.9356632438603,543.0,314.24668053793533,35.91839558548601,11.68540931985815,real,-0.3
1494.2145599391506,518.0,292.5097077161435,33.433859591955205,11.68799948456676,real,-0.3
1494.4011129125886,531.0,292.0197635627063,33.37785897521733,11.689729134244212,real,-0.3
1494.4067095017915,530.0,292.0451017610637,33.380755131289575,11.689781028236922,real,-0.3
1494.5876658860266,532.0,296.715665481258,33.91460056450778,11.691485768095514,real,-0.3
1494.7023959646913,542.0,325.20032931261574,37.17039764043198,11.692670368830315,real,-0.3
1494.7788826838012,526.0,301.8325519608608,34.499460689126394,11.693403355096752,real,-0.3
1494.8264536920278,524.0,280.9376688087003,32.111175544834445,11.693827677595644,real,-0.3
1494.8684281110516,533.0,303.7983292616977,34.72414903461205,11.694232545923928,real,-0.3
1494.8721591705205,510.0,308.3193182025776,35.240898070554614,11.694269069781267,real,-0.3
1494.9691667167078,526.0,281.36490339483703,32.16000845802987,11.695135670755128,real,-0.3
1495.3329450149122,527.0,292.6240727884576,33.44693151972071,11.698515467374127,real,-0.3
1495.4271542664987,519.0,292.11544520525206,33.38879538696031,11.69938922665879,real,-0.3
1495.5241618126868,539.0,295.8735328126626,33.81834480048733,11.700300514060244,real,-0.3
1495.6146400048042,517.0,293.3054157746749,33.524809023045336,11.701143087424546,real,-0.3
1495.6155727696714,527.0,305.2903531059258,34.89468736000732,11.70115212868522,real,-0.3
1495.7573530294846,531.0,277.78114905222395,31.7503853366692,11.702402566985832,real,-0.3
1495.8926039352273,542.0,303.48300780010914,34.68810779155248,11.70370578865175,real,-0.3
1495.9877459516806,528.0,308.4844853788716,35.259776678805025,11.704637645944226,real,-0.3
1495.9914770111493,537.0,275.19271190195377,31.45452697039332,11.704670245586083,real,-0.3
1496.2703737064394,535.0,291.9326812341265,33.36790546506066,11.70725530074246,real,-0.30720108088636716
1496.3599191336898,529.0,288.4328022214802,32.967869293915186,11.708075334615089,real,-0.3360939610481333
1496.4569266798778,517.0,293.29949939032247,33.524132780313856,11.708978694020391,real,-0.36733039092064684
1496.7330250805662,514.0,295.88387537921733,33.81952695584454,11.711572448827212,real,-0.4561340759423184
1496.7339578454337,529.0,305.5472846900081,34.92405464006793,11.71158149769699,real,-0.45643442622963987
1496.8272343321528,523.0,306.5594983411422,35.03975066039256,11.712489382373969,real,-0.48646945495321914
1496.8981244620593,537.0,283.207787073157,32.37065006246185,11.71312681559288,real,-0.3167019796221368
1497.0119217758563,535.0,280.79205210465926,32.094531555562554,11.714141335448048,real,-0.3457388118257347
1497.204071338498,526.0,284.3916221394826,32.50596241054286,11.715876337242609,real,-0.40740282831931374
1497.3859604876,516.0,291.7555774353975,33.34766250086594,11.717561220008394,real,-0.46560735603197423
1497.4801697391863,533.0,293.878105903021,33.5902675047153,11.718440251664562,real,-0.49448718749378484
1497.5734462259054,518.0,294.4455831607226,33.65513015527059,11.71931226063705,real,-0.5
1497.6695210072262,520.0,293.15452509235126,33.507562218055746,11.720206491668351,real,-0.5
1497.7646630236795,518.0,303.9939686302197,34.74651061443411,11.721124784191844,real,-0.5
1498.317792589924,527.0,279.7730287906146,31.97805719076725,11.726038119998307,real,-0.5
1498.317792589924,540.0,284.9478352740224,32.56953757182076,11.726038119998307,real,-0.5
1498.318725354791,528.0,290.4416677981376,33.197482629327126,11.72604672151094,real,-0.5
1498.6918313016677,524.0,290.7051531352121,33.22759900335474,11.729490447841105,real,-0.5
1498.754326547769,513.0,269.9122381347823,30.85096881880561,11.730026014199105,real,-0.5
1498.7851077883863,534.0,288.33587356441546,32.95679034841269,11.730307806114018,real,-0.5
1499.0640044836766,520.0,267.66825538325634,30.5944815903062,11.732678000505588,real,-0.5
1499.25895234092,529.0,278.2098130338952,31.79938162977422,11.73440000642514,real,-0.5
1499.440841490022,524.0,284.127547242937,32.4757786498677,11.736040837465431,real,-0.5
1499.4511019035613,536.0,291.63379304292096,33.333742544805865,11.7361358424608,real,-0.5
1499.5313196821396,526.0,291.20538592543096,33.28477561127676,11.736877517671914,real,-0.5
1500.093776897056,527.0,267.6564550032542,30.59313280687196,11.741657331081392,real,-0.5
1500.277531575893,533.0,275.8253428368608,31.526836686253187,11.743266554345286,real,-0.5
1500.3764046518147,549.0,281.1675007067569,32.13744533078231,11.74414920103199,real,-0.5
1500.5573610360498,537.0,292.14209875579576,33.39184188778746,11.74582766407948,real,-0.5
1501.1216837807003,527.0,267.4715680190553,30.572000224578023,11.75062001826731,real,-0.5
1501.3091695190058,528.0,276.7533589712001,31.63290893040817,11.75226744029108,real,-0.5
1501.4929241978425,523.0,283.6605708644224,32.42240324980348,11.753922375928935,real,-0.5
1502.148657899478,519.0,267.38506586803106,30.56211302871595,11.759489211347304,real,-0.5
1502.2475309754,522.0,276.97254273822466,31.65796163497908,11.76035868913738,real,-0.5
1503.2614463860366,520.0,268.7925705029512,30.72299080848732,11.769011609648928,real,-0.5
1515.3370203566928,535.0,170.17555757511633,19.4510662308358,11.834256828837423,real,0.0
1515.572077103225,517.0,169.3134799064069,19.35253075330231,11.83552042409188,real,0.0
1516.276314577954,541.0,173.9421719517383,19.881590254083687,11.839409691012472,real,0.09248358053612035
1516.5067075001505,536.0,176.86926207198778,20.216156654828204,11.840703485292272,real,0.21056716507553852
1517.2044156208094,528.0,168.25697652667552,19.23177241699901,11.84443075301172,real,0.2584696290960173
1517.335002702216,528.0,175.3607368706906,20.043732224319932,11.845157823148297,real,0.3
1517.348994175224,522.0,169.6144641040007,19.38693324708728,11.845233170857526,real,0.3
1517.807914489882,531.0,178.87820318677845,20.445778624248774,11.847839555068546,real,0.3
1518.131583898797,539.0,178.23597326023403,20.37237174364475,11.84967119771312,real,0.3
1518.2677675694072,521.0,184.7368070917388,21.11541705058574,11.850469968546568,real,0.3
1518.3666406453297,513.0,179.58609647571348,20.52669082717405,11.851033728841175,real,0.3
1518.378766588603,535.0,174.16796329885554,19.907398205059188,11.851100783280442,real,0.3
1518.7434776516748,531.0,181.37871877091857,20.731587555515997,11.853201071985035,real,0.3
1519.0783402389964,517.0,168.2690989914991,19.23315801472835,11.85499009005592,real,0.3
1519.2005324365982,521.0,182.91624377163035,20.907326663097347,11.855699732331182,real,0.3
1519.3926819992398,519.0,169.40769072845347,19.36329905026223,11.856733246065572,real,0.3
1519.58856262135,521.0,181.16386193122975,20.70702941873956,11.857859942122404,real,0.3
1519.7667207109832,525.0,185.06957735361183,21.15345269151783,11.858906791767032,real,0.3
1520.0073740467185,525.0,146.22880771604062,16.713952721943443,11.86002408856588,real,0.3
1520.1239696551172,521.0,177.91418994237625,20.335591910413605,11.86068271098559,real,0.3
1520.1799355471492,520.0,175.53551681898344,20.06370957240981,11.86099462304217,real,0.3
1520.22937208511,526.0,148.99985507881198,17.03068343550821,11.86122849471666,real,0.3
1520.5119998398688,530.0,177.8703544954629,20.33058151883141,11.86282460210766,real,0.3
1520.605276326588,525.0,168.46425474567965,19.255464317431183,11.86332351379146,real,0.3
1520.605276326588,540.0,179.26354980994867,20.48982374327713,11.86332351379146,real,0.3
1520.7041494025104,533.0,183.1478426826728,20.933798418629497,11.863898455191569,real,0.3
1520.7974258892295,512.0,188.157537290364,21.506406512288606,11.864455689091963,real,0.3
1520.9289457355037,533.0,87.6934217982704,10.023358111542308,11.864821875346957,real,0.3
1521.2572789687547,534.0,89.65224848539823,10.247252001881018,11.865756462397432,real,0.3
1521.2628755579576,524.0,145.06599979583407,16.581043776663833,11.865782239422591,real,0.3
1521.538041193779,513.0,180.71155604105653,20.655330855492764,11.867361027547023,real,0.3
1521.6285193858969,528.0,179.20588162488477,20.48323226972433,11.86787582916494,real,0.3
1521.726459696952,528.0,182.6249913724872,20.87403651387528,11.86844372072859,real,0.3
1521.8225344782727,517.0,191.8113157781196,21.924033393439068,11.86902881703802,real,0.3
1521.8645088972962,513.0,35.83599766758015,4.096054533404411,11.869076575235056,real,0.3
1521.917676494726,527.0,184.8983681045,21.13388347434435,11.86938869684858,real,0.3
1521.9894993894995,526.0,167.0551391040427,19.09440239959208,11.869769645530331,real,0.3
1522.1900438359455,524.0,35.92348935762045,4.106054833576017,11.869998380667466,real,0.3
1522.382193398587,527.0,83.4337921486364,9.53648244258914,11.870507389259268,real,0.3
1522.4680077663688,517.0,163.95826445079683,18.74042962672608,11.87095411095937,real,0.3
1522.4698732961033,524.0,133.060435407632,15.20880776709234,11.87096199220468,real,0.3
1522.47080606097,533.0,177.99926134015516,20.345315571179736,11.870967263703449,real,0.3
1522.5640825476896,525.0,183.80307922791985,21.00869195575124,11.871511601752395,real,0.3
1522.7534338157293,511.0,179.40086499709363,20.5055188691678,11.872590142307864,real,0.3
1522.8233911807686,0.0,11.263787890137891,1.2874509558427611,11.87261516082911,real,0.3
1522.938121259433,517.0,186.27450853798695,21.29117632589191,11.873293699255424,real,0.3
1523.026733921816,3.0,9.390007902963374,1.0732779033087136,11.873320117592224,real,0.3
1523.4026381632943,531.0,29.28523497852088,3.3473023580449364,11.873669635690533,real,0.3
1523.406369222763,511.0,117.50830799729452,13.431199604090764,11.873683555858436,real,0.3
1523.4959146500132,536.0,66.85892589795127,7.64197523013583,11.873873640285384,real,0.3
1523.499645709482,517.0,152.76375942850893,17.460897702678572,11.873891736854192,real,0.3
1523.508973358154,544.0,178.51320573435785,20.404059415437104,11.873944604048,real,0.3
1523.588258371865,528.0,168.43837672776144,19.25250645998313,11.874368613836516,real,0.3
1523.6973918613264,516.0,171.43821063247995,19.59538747529246,11.874962645228884,real,0.3
1523.7654836966312,0.0,14.868524260113688,1.6994723229309945,11.874994789725973,real,0.3
1523.965095378211,3.0,13.712471750106864,1.5673355210372144,11.875081694859016,real,0.3
1524.3354030304854,418.0,19.81036861079257,2.264325132213591,11.875314610671152,real,0.3
1524.5228887687908,527.0,53.17855427818453,6.078308753996492,11.875631165172372,real,0.3
1524.5238215336578,544.0,99.36901033131868,11.357877880869726,11.875634108013886,real,0.3
1524.5266198282595,521.0,147.9209944694841,16.90736966786203,11.875647250180906,real,0.3
1524.53314918233,529.0,167.81008279724963,19.180692463725634,11.875682038384353,real,0.3
1524.6245601393146,542.0,179.83072979377485,20.554652415428464,11.876203960730958,real,0.3
1524.7001140935572,3.0,26.47187045549207,3.0257347930627434,11.876267462460987,real,0.3
1524.769138693729,0.0,4.674949582120014,0.5343467372363176,11.87627770775818,real,0.3
1524.987405672652,5.0,27.641953690033628,3.1594753067708434,11.8764692658499,real,0.3
1525.179555235293,0.0,17.326027625291403,1.980364957570807,11.876574967588915,real,0.3
1525.2663023679422,330.0,20.45484276924288,2.337988528524461,11.876631304755866,real,0.3
1525.360511619528,0.0,11.46566601650671,1.3105256256867168,11.876665600210972,real,0.2993903260673673
1525.455653635982,558.0,46.29690077827596,5.291735758956942,11.876805451991707,real,0.2680374947455112
1525.548930122701,543.0,89.66507302113806,10.24871784631608,11.877070997656729,real,0.2191606157046555
1525.6459376688886,0.0,39.16648567381397,4.476729312516937,11.877191630024935,real,0.16852053684020932
1525.735483096139,528.0,145.63992964045423,16.64664395790392,11.877605694148686,real,0.12177782381546037
1525.735483096139,536.0,165.6431798659801,18.933015458681524,11.877605694148686,real,0.12177782381546037
1525.8268940531236,8.0,37.49379944594741,4.285541276671789,11.877714512323491,real,0.07406130426943178
1526.2000000000005,0.0,0.0,0.0,11.877714512323491,real,0.1797999999997635
1526.2000000000005,4.0,17.56926688696242,2.0081672051798045,11.877714512323491,real,0.1797999999997635
1526.4083333333335,0.0,0.0,0.0,11.877714512323491,real,0.07039999999993998
1526.616666666667,0.0,0.0,0.0,11.877714512323491,real,0.0
1526.8250000000005,0.0,0.0,0.0,11.877714512323491,real,0.0
1527.0333333333335,0.0,0.0,0.0,11.877714512323491,real,0.0
1527.241666666667,0.0,0.0,0.0,11.877714512323491,real,0.0
1527.4500000000005,0.0,0.0,0.0,11.877714512323491,real,0.0
1527.6583333333335,0.0,0.0,0.0,11.877714512323491,real,0.0
1527.866666666667,0.0,0.0,0.0,11.877714512323491,real,0.0
1528.0750000000005,0.0,0.0,0.0,11.877714512323491,real,0.0
1528.2833333333335,0.0,0.0,0.0,11.877714512323491,real,0.0
1528.491666666667,0.0,0.0,0.0,11.877714512323491,real,0.0
1528.7000000000005,0.0,0.0,0.0,11.877714512323491,real,0.0
1528.9083333333335,0.0,0.0,0.0,11.877714512323491,real,0.0
1529.116666666667,0.0,0.0,0.0,11.877714512323491,real,0.0
1529.3250000000005,0.0,0.0,0.0,11.877714512323491,real,0.0
1529.5333333333335,0.0,0.0,0.0,11.877714512323491,real,0.0
1529.741666666667,0.0,0.0,0.0,11.877714512323491,real,0.0
1529.9500000000005,0.0,0.0,0.0,11.877714512323491,real,0.0
1530.1583333333335,0.0,0.0,0.0,11.877714512323491,real,0.0
1530.366666666667,0.0,0.0,0.0,11.877714512323491,real,0.0
1530.5750000000005,0.0,0.0,0.0,11.877714512323491,real,0.0
1530.7833333333335,0.0,0.0,0.0,11.877714512323491,real,0.0
1530.991666666667,0.0,0.0,0.0,11.877714512323491,real,0.0
1531.2000000000005,0.0,0.0,0.0,11.877714512323491,real,0.0
1531.2000000000005,532.0,8.936526698573102,1.0214450016469057,11.877714512323491,real,0.0
1531.2848816029143,160.0,0.0,0.0,11.877714512323491,real,0.0
1531.3884185031727,536.0,24.68771635732965,2.821805979642779,11.87779566816912,real,0.0
1531.4033427410477,5.0,0.0,0.0,11.87779566816912,real,0.0
1531.4705018114855,535.0,0.0,0.0,11.87779566816912,real,0.0
1531.6561220200567,14.0,0.0,0.0,11.87779566816912,real,0.0
1531.94061530455,9.0,0.0,0.0,11.87779566816912,real,0.0
1532.029227966933,0.0,0.0,0.0,11.87779566816912,real,0.0
1532.029227966933,0.0,0.0,0.0,11.87779566816912,real,0.0
1532.214848175504,17.0,0.0,0.0,11.87779566816912,real,0.0
1532.3109229568247,526.0,8.903574265536797,1.0176785385508558,11.877822827403298,real,0.0
1532.341704197442,0.0,0.0,0.0,11.877822827403298,real,0.0
1532.4041994435438,35.0,0.0,0.0,11.877822827403298,real,0.0
1532.4069977381455,531.0,0.0,0.0,11.877822827403298,real,0.0
1532.5012069897318,1.0,0.0,0.0,11.877822827403298,real,0.0
1532.8687163474049,0.0,0.0,0.0,11.877822827403298,real,0.0
1532.961992834124,5.0,0.0,0.0,11.877822827403298,real,0.0
1532.9675894233274,0.0,0.0,0.0,11.877822827403298,real,0.0
1533.0562020857103,27.0,0.0,0.0,11.877822827403298,real,0.0
1533.1494785724294,0.0,0.0,0.0,11.877822827403298,real,0.0
1533.2875277727735,0.0,0.0,0.0,11.877822827403298,real,0.0
1533.429308032587,0.0,0.0,0.0,11.877822827403298,real,0.0
1533.5225845193058,541.0,0.0,0.0,11.877822827403298,real,0.05100336275748487
1533.5263155787743,0.0,0.0,0.0,11.877822827403298,real,0.05424192237611464
1533.708204727877,0.0,0.0,0.0,11.877822827403298,real,0.21180529434148893
1533.888228347245,7.0,0.0,0.0,11.877822827403298,real,0.367705748714218
1533.9880341880346,0.0,0.0,0.0,11.877822827403298,real,0.4542136752140143
1534.0822434396205,18.0,0.0,0.0,11.877822827403298,real,0.03582281871139169
1534.0822434396205,6.0,0.0,0.0,11.877822827403298,real,0.03582281871139169
1534.187645869613,6.0,0.0,0.0,11.877822827403298,real,0.1271013230849013
1534.2482755859808,6.0,0.0,0.0,11.877822827403298,real,0.17960665745934024
1534.268796413059,9.0,0.0,0.0,11.877822827403298,real,0.19737769370902913
1534.453483856763,17.0,0.0,0.0,11.877822827403298,real,0.35732398767014895
1534.7342460817872,12.0,0.0,0.0,11.877822827403298,real,0.5
1534.8209932144362,4.0,0.0,0.0,11.877822827403298,real,0.5
1534.8331191577097,9.0,0.0,0.0,11.877822827403298,real,0.5
1535.0150083068115,0.0,0.0,0.0,11.877822827403298,real,0.5
1535.1073520286636,8.0,0.0,0.0,11.877822827403298,real,0.5
1535.2006285153827,0.0,0.0,0.0,11.877822827403298,real,0.5
1535.20156128025,0.0,0.0,0.0,11.877822827403298,real,0.5
1535.5700034027905,21.0,0.0,0.0,11.877822827403298,real,0.5
1535.5765327568608,4.0,0.0,0.0,11.877822827403298,real,0.5
1535.66980924358,0.0,0.0,0.0,11.877822827403298,real,0.5
1535.8582277467524,11.0,0.0,0.0,11.877822827403298,real,0.5
1535.9477731740026,4.0,0.0,0.0,11.877822827403298,real,0.5
1536.046646249925,11.0,0.0,0.0,11.877822827403298,real,0.5
1536.226669869293,0.0,0.0,0.0,11.877822827403298,real,0.5
1536.5055665645834,221.0,0.0,0.0,11.877822827403298,real,0.5
1536.602574110771,21.0,0.0,0.0,11.877822827403298,real,0.5
1536.789127084209,8.0,0.0,0.0,11.877822827403298,real,0.5
1536.880538041194,8.0,0.0,0.0,11.877822827403298,real,0.5
1536.9840749414525,2.0,0.0,0.0,11.877822827403298,real,0.5
1537.159434736484,0.0,0.0,0.0,11.877822827403298,real,0.5
1537.5418683320324,324.0,0.0,0.0,11.877822827403298,real,0.5
1537.6258171700797,0.0,0.0,0.0,11.877822827403298,real,0.5
1537.6286154646812,0.0,0.0,0.0,11.877822827403298,real,0.5
1537.998923116956,0.0,0.0,0.0,11.877822827403298,real,0.5
1538.092199603675,0.0,0.0,0.0,11.877822827403298,real,0.5
1538.6499929942556,428.0,0.0,0.0,11.877822827403298,real,0.5
1538.6565223483256,5.0,0.0,0.0,11.877822827403298,real,0.5
1538.8412097920298,2.0,0.0,0.0,11.877822827403298,real,0.5
1538.8412097920298,1.0,0.0,0.0,11.877822827403298,real,0.5
1539.5939510398528,509.0,0.4367509488069812,0.0499206334486379,11.877833265547718,real,0.5
1539.6834964671032,0.0,0.0,0.0,11.877833265547718,real,0.5
1539.7833023078924,0.0,0.0,0.0,11.877833265547718,real,0.5
1540.702075702076,521.0,0.0,0.0,11.877833265547718,real,0.5
1540.7962849536625,6.0,0.0,0.0,11.877833265547718,real,0.5
1541.6469665125403,519.0,0.0,0.0,11.877833265547718,real,0.5
1553.8456654456656,522.0,310.65296519459355,35.50763392174204,11.998151858891871,real,0.3
1554.0415460677757,507.0,309.55957166204604,35.38265904097186,12.000077074798776,real,0.3
1554.756043956044,525.0,321.50305595336675,36.74779929546982,12.007370470630756,real,0.3
1554.9677815808964,517.0,321.59171765894297,36.75793332841718,12.009532425491155,real,0.3
1555.1552673192018,529.0,312.5787259777105,35.72774837925231,12.011393104180843,real,0.3
1555.6701535258917,518.0,319.9671094862347,36.57224061427662,12.01662381035863,real,0.3
1556.0880321863929,529.0,317.82662153529367,36.32758284148407,12.020840621930033,real,0.3
1556.1533257270964,527.0,319.13895753903466,36.47758284671166,12.021502219302358,real,0.3
1556.209291619128,545.0,320.87449022728924,36.67595423297916,12.022072386662012,real,0.3
1556.6057166876842,533.0,319.9080525430106,36.56549040566611,12.02609890806225,real,0.3
1557.0860905942875,510.0,320.6081222083836,36.64550836841824,12.03098878195514,real,0.3
1557.113140775436,515.0,320.74394688186294,36.66103312859693,12.031264250729368,real,0.3
1557.113140775436,529.0,322.3656295182914,36.84639145394071,12.031264250729368,real,0.3
1557.122468424108,519.0,322.47082981132894,36.8584158474349,12.031359751383151,real,0.3
1557.5384815548755,498.0,310.91433567854784,35.537508568058016,12.035466437549564,real,0.3
1557.7632778878683,541.0,309.8513320593138,35.416007254379565,12.037677934371798,real,0.3
1557.9554274505094,535.0,319.9699017866469,36.572559774213744,12.039629990306596,real,0.3
1558.0515022318302,533.0,322.33848913771493,36.843289308440816,12.040613243351997,real,0.3
1558.1391821293462,522.0,318.30908409072566,36.38272831156994,12.041499363876916,real,0.3
1558.238055205269,532.0,320.5857565189558,36.64295197011665,12.042505753146962,real,0.3
1558.4675153625974,521.0,309.3559514171585,35.35938524698122,12.044759522619689,real,0.3
1558.9516203286698,519.0,309.0201317954299,35.32100106421764,12.049509264847975,real,0.3
1558.9516203286698,530.0,309.29309663512043,35.352200945394266,12.049509264847975,real,0.3
1558.982401569287,543.0,316.6119287875325,36.18874346041497,12.04981869107578,real,0.3
1559.163357953522,540.0,320.9100394624446,36.68001751055742,12.051662436448666,real,0.3
1559.163357953522,512.0,319.59018142665354,36.5291577370665,12.051662436448666,real,0.3
1559.26036549971,528.0,320.4494619419016,36.62737349995935,12.052649417456038,real,0.3
1559.4086751135933,523.0,293.09556888257043,33.5008235232778,12.054029554734234,real,0.3
1559.8750575471888,530.0,294.05480508227305,33.61046422090381,12.058383813094684,real,0.3
1559.929157909486,535.0,320.7669427889864,36.66366156078114,12.0589347901429,real,0.3
1560.002846333994,542.0,314.47208440507893,35.94415924750052,12.059670531383238,real,0.3
1560.0047118637283,519.0,308.6346200861548,35.27693707584749,12.05968881198742,real,0.3
1560.0047118637283,531.0,306.6144596187938,35.04603273442813,12.05968881198742,real,0.3
1560.1903320722995,529.0,320.99521942346126,36.68975358010162,12.061580578574077,real,0.3
1560.2882723833543,546.0,320.3158499265161,36.612101646600784,12.062576634302866,real,0.3
1560.3405072159171,541.0,291.6963534295299,33.34089319699527,12.0630603998511,real,0.3
1560.5615724894417,537.0,292.04053323085014,33.38023294828617,12.065110180497497,real,0.3
1560.9365439660526,536.0,292.67332852186206,33.45256145004883,12.06859455726509,real,0.3
1560.9374767309196,535.0,308.33561668381725,35.24276098696031,12.068603688712107,real,0.3
1560.9402750255213,540.0,302.0766622148202,34.52736249115395,12.068630526971017,real,0.3
1561.0335515122404,523.0,312.8667078910495,35.76066471194696,12.069557090628534,real,0.3
1561.1230969394906,514.0,320.8992013500466,36.678778714310326,12.070469428659363,real,0.3
1561.1258952340922,529.0,320.7192491359838,36.65821017624295,12.07049792323482,real,0.3
1561.2303648992174,520.0,322.60401557081417,36.87363897974406,12.071567972322642,real,0.3
1561.2658099641706,517.0,283.69821516479567,32.42670599333614,12.071887240850462,real,0.3
1561.6827558598052,521.0,293.9313857880478,33.59635739557386,12.075778313996116,real,0.3
1561.740587281571,553.0,284.3900779301636,32.505785907417696,12.07630049616685,real,0.3
1561.8749054224468,529.0,295.17240779561666,33.738206211038985,12.07755928870428,real,0.3
1562.057727336416,532.0,302.600427971742,34.58722891717011,12.07931576186804,real,0.3
1562.057727336416,516.0,310.2015904222042,35.456041785257945,12.07931576186804,real,0.3
1562.0614583958848,510.0,312.57988752730984,35.72788114437152,12.079352790437271,real,0.3
1562.1528693528694,520.0,321.59405691422427,36.75820070529584,12.080286152188249,real,0.3
1562.164995296143,542.0,320.67744340992374,36.653431781754286,12.080409612586738,real,0.3
1562.2032386556978,531.0,283.01112840562723,32.34817197676319,12.080753252245586,real,0.3
1562.4289677535585,534.0,282.3631263682957,32.2741053438962,12.082776920213234,real,0.3
1562.7143938029187,535.0,282.32827355912525,32.27012166780801,12.08533545725213,real,0.3
1562.8953501871538,522.0,290.2963757738415,33.18087575095008,12.087003315947031,real,0.3
1562.8953501871538,542.0,294.183423544646,33.62516531115304,12.087003315947031,real,0.3
1562.9876939090054,522.0,310.81374983530384,35.52601160617523,12.087914594873215,real,0.3
1562.9904922036071,542.0,298.81486635991746,34.15453922493857,12.087941143335089,real,0.3
1563.1257431093495,532.0,273.11833262465063,31.217425418997564,12.089113972519218,real,0.3
1563.177045177045,510.0,321.6368999210025,36.76309766097059,12.089637867776132,real,0.3
1563.2693888988972,521.0,309.7313905293568,35.40229793750548,12.090545973318818,real,0.3
1563.360799855882,510.0,272.5930927572935,31.15739050215865,12.091337119675192,real,0.3
1563.6406293160394,540.0,281.2596523608431,32.14797826484437,12.093835995064916,real,0.3
1563.7385696270946,528.0,289.0672716499933,33.04038914959423,12.094734880062331,real,0.3
1563.7404351568289,506.0,283.43423336463235,32.39653287357748,12.094751668033265,real,0.3
1563.921391541064,532.0,310.1116718835832,35.44576409629356,12.096533372840852,real,0.3
1564.0183990872515,523.0,293.51169011121783,33.5483861797122,12.097437385791366,real,0.3
1564.058507976541,513.0,260.9246635912941,29.82368904848492,12.097769662191991,real,0.3
1564.1088772793694,545.0,295.6918596800974,33.797579561435136,12.098242540114155,real,0.3
1564.2021537660885,529.0,311.3347811738194,35.58556548816756,12.099164566927117,real,0.3
1564.299161312276,525.0,262.04699747992385,29.951971811955296,12.099971668951826,real,0.3
1564.5295542344725,524.0,273.7816055457306,31.29323751387701,12.10197437462844,real,0.3
1564.5771252426991,513.0,282.09038446635543,32.24293094450442,12.102400438165445,real,0.3
1564.855089173122,515.0,285.117100666159,32.588884606141974,12.10491669773578,real,0.3
1564.9511639544428,541.0,288.540049481845,32.980127655774886,12.105796852889243,real,0.3
1564.9548950139117,523.0,312.11577162947464,35.67483269724895,12.10583382647878,real,0.3
1564.9567605436462,528.0,297.364005832206,33.988705866621146,12.105851439518068,real,0.3
1564.9978021978025,508.0,264.66488470986206,30.25119632233724,12.1061963170562,real,0.3
1565.1339858684123,515.0,296.92573766225445,33.938611814795685,12.107480173926296,real,0.3
1565.2263295902642,534.0,264.4747347006974,30.22946217628971,12.108255590883775,real,0.3
1565.4184791529055,532.0,263.5089101297408,30.11906842782937,12.109863192501992,real,0.3
1565.5061590504215,546.0,272.490576825084,31.1456729311071,12.110621761782737,real,0.3
1565.5117556396249,541.0,280.2708901356735,32.03496274250748,12.11067156359568,real,0.3
1565.6936447887272,526.0,285.77965807287444,32.66461491772955,12.112321935543775,real,0.3
1565.929634300126,533.0,252.44403376245452,28.85435305904856,12.114213414621592,real,0.3
1565.9744070137515,525.0,285.40960055332664,32.62231734324524,12.114619133974983,real,0.3
1566.0667507356036,539.0,294.78688329483936,33.694140760600135,12.115483423520104,real,0.3
1566.0667507356036,549.0,295.34272829358423,33.757673843956674,12.115483423520104,real,0.3
1566.068616265338,530.0,252.29910765154972,28.837788004572136,12.115498367339828,real,0.3
1566.342849136292,530.0,261.76651624605967,29.919912806924614,12.117777540558642,real,0.3
1566.4389239176128,542.0,263.6204572496579,30.131818263635893,12.118581681628218,real,0.3
1566.5331331691991,534.0,269.8986493902929,30.84941562531048,12.1193889872832,real,0.3
1566.631073480254,544.0,278.0798540684069,31.784527320018917,12.120253705753326,real,0.3
1566.8185592185591,506.0,285.63614043965254,32.648210852252284,12.12195400406332,real,0.3
1566.8194919834266,533.0,285.75978287080926,32.6623431821335,12.121962466920602,real,0.3
1566.869861286255,523.0,243.29394319088192,27.8084977067178,12.122351548765655,real,0.3
1566.9995156027946,546.0,296.9077134613439,33.93655164863161,12.123573776657244,real,0.3
1567.2830761224204,543.0,261.6572187327524,29.9074201011536,12.125929488764063,real,0.3
1567.3185211873738,528.0,243.2677840885875,27.80550772132555,12.12620325766052,real,0.3
1567.3185211873738,543.0,252.99418607297105,28.917235468140586,12.12620325766052,real,0.3
1567.464965271523,546.0,265.6618543078632,30.365149947388765,12.1274384789311,real,0.3
1567.5582417582418,529.0,269.31353891197483,30.78253749763872,12.128236058639454,real,0.3
1567.6533837746952,553.0,278.3628157183281,31.816869836604894,12.129076925626531,real,0.3
1567.7475930262815,528.0,245.6156146847825,28.07386475847064,12.12981159723432,real,0.3
1567.79796232911,526.0,256.23276781269783,29.287405360991364,12.1302213711759,real,0.3
1567.8446005724695,537.0,288.610093655523,32.988133704826275,12.13064873467804,real,0.3
1568.0255569567048,524.0,287.87872041655874,32.904537743612664,12.132302703059988,real,0.3
1568.2512860545648,529.0,256.5714108816633,29.32611226377412,12.134141524411389,real,0.3
1568.304453651995,542.0,251.47953764807505,28.744111153174973,12.13456603978091,real,0.3
1568.304453651995,528.0,259.99745470819954,29.717709073147205,12.13456603978091,real,0.3
1568.3967973738463,511.0,245.7572414090372,28.09005269305295,12.135286578673323,real,0.3
1568.4014611981827,532.0,265.2075862839392,30.313227112254246,12.135325849663966,real,0.3
1568.5852158770194,521.0,266.5491070340428,30.46656293399109,12.136880953410408,real,0.3
1568.7717688504574,537.0,275.7390255712138,31.51697062278974,12.138514171350252,real,0.3
1568.774567145059,535.0,286.21127911514463,32.71394920286103,12.138539600035656,real,0.3
1568.95365799956,543.0,243.9655520390964,27.88526259806872,12.13992682100973,real,0.3
1569.1411437378654,537.0,253.74777014013296,29.003370127017195,12.141437298304622,real,0.3
1569.3332933005067,539.0,245.9441884169861,28.11142073606151,12.142937741971194,real,0.3
1569.336091595108,521.0,247.43027112435425,28.28127998951369,12.142959725124836,real,0.3
1569.4237714926242,536.0,256.6642693731304,29.3367259893488,12.143674236549336,real,0.3
1569.5179807442105,548.0,264.4714135890138,30.22908257322428,12.14446530856194,real,0.3
1569.5189135090775,521.0,265.6496024829672,30.363749563803157,12.144473175850502,real,0.3
1569.669088652695,546.0,239.9816158937758,27.42989869665857,12.145617422788334,real,0.3
1569.797810204368,523.0,277.27380741963066,31.692396188063785,12.146750615680988,real,0.3
1569.889221161353,519.0,241.43805760775115,27.59636998456596,12.147451340844764,real,0.3
1570.0739086050564,531.0,254.31953468307697,29.0687228142757,12.148942626430404,real,0.3
1570.1634540323068,535.0,246.166155277706,28.136791548241792,12.149642493380584,real,0.3
1570.3649312436198,537.0,257.53199875164177,29.435907457312656,12.151289900199185,real,0.3
1570.4498128465343,518.0,249.5785470927844,28.526827932705256,12.151962512110572,real,0.3
1570.4507456114015,532.0,248.517464730289,28.405546218672036,12.151969872026,real,0.3
1570.5514842170585,521.0,267.81767087507126,30.611559781020645,12.152826473650814,real,0.3
1570.5552152765272,513.0,267.13325051034565,30.533330533332503,12.152858118559704,real,0.3
1570.6251726415662,519.0,240.17762497554796,27.45230253470513,12.153391588212363,real,0.3
1571.096218899498,520.0,240.2420614806005,27.45966762723264,12.156984580901216,real,0.3
1571.1018154887008,533.0,250.3156289042081,28.611076383750984,12.157029059912652,real,0.3
1571.19509197542,540.0,238.41192938353035,27.25048352853752,12.157735123625136,real,0.3
1571.19509197542,513.0,241.4863995497269,27.601895468533787,12.157735123625136,real,0.3
1571.19509197542,532.0,250.9187359265268,28.68001151640201,12.157735123625136,real,0.3
1571.4758542004447,516.0,244.22446958483545,27.91485687354669,12.15991218954932,real,0.3
1571.4758542004447,534.0,254.02330717549836,29.03486401015946,12.15991218954932,real,0.3
1571.4879801437182,522.0,265.7075743239594,30.370375745228564,12.160014486619731,real,0.3
1571.5570047438905,517.0,265.50329927699426,30.347027107360443,12.160596345345423,real,0.3
1571.6586761144142,536.0,265.61817254615136,30.360157122025097,12.161453778340958,real,0.3
1572.0317820612906,522.0,241.45018508922152,27.59775615569802,12.164314024713772,real,0.3
1572.130655137213,525.0,239.6794970612914,27.395366514105607,12.165066431423012,real,0.3
1572.1334534318144,506.0,241.40955784490237,27.593112461672337,12.165087879661248,real,0.3
1572.2388558618068,537.0,244.69075765741056,27.968153600242022,12.165906743925651,real,0.3
1572.313477051182,536.0,254.7085163373036,29.1131834173538,12.166510205140405,real,0.3
1572.3153425809164,528.0,247.51555343133248,28.291027757201302,12.166524865627489,real,0.3
1572.4207450109093,513.0,255.87171016093947,29.24613647139538,12.16738114725304,real,0.3
1572.48697131648,540.0,262.1969641918569,29.969113007129245,12.16793246492962,real,0.3
1572.6921795872615,521.0,261.7098328256644,29.91343389197344,12.169637599385762,real,0.3
1572.9710762825516,523.0,266.1286865624203,30.41850887408464,12.171994160941496,real,0.3
1573.152965431654,551.0,248.33617582424893,28.384824896711656,12.173428297510352,real,0.3
1573.2471746832405,521.0,241.53595961696277,27.60756018421884,12.174150766283429,real,0.3
1573.2481074481077,535.0,240.7884707940432,27.52212221175914,12.174157897302502,real,0.3
1573.2481074481077,534.0,247.33098926856897,28.269932073397435,12.174157897302502,real,0.3
1573.34698052403,532.0,255.990392071167,29.259701813734388,12.174961507502196,real,0.3
1573.4244000080068,531.0,288.46229883996847,32.971240757408395,12.17567056762595,real,0.3
1573.4318621269442,532.0,244.8375753355725,27.984934860855937,12.175728575101614,real,0.3
1573.8991773254072,531.0,263.695955052741,30.1404476625283,12.17964109990194,real,0.3
1573.903841149743,527.0,264.31566125195087,30.211280081097986,12.179680238819511,real,0.3
1573.9924538121263,543.0,252.414062900534,28.85092738953104,12.18039039367735,real,0.3
1574.1799395504318,515.0,240.4739575793452,27.486173351319152,12.18182185631734,real,0.3
1574.2732160371506,538.0,240.80850333900733,27.524411931648537,12.18253501755178,real,0.3
1574.3664925238695,536.0,245.4413792851328,28.05394965229068,12.183261899180158,real,0.3
1574.3702235833384,535.0,255.47817259767763,29.201155127914557,12.183292163415253,real,0.3
1574.9308152685203,539.0,267.939239736629,30.62545510189669,12.18806115660554,real,0.3
1575.0240917552394,527.0,262.844809824117,30.043161762896577,12.188839578988643,real,0.3
1575.1108388878883,509.0,239.5004987412888,27.37490700612931,12.18949921640234,real,0.3
1575.1136371824898,527.0,238.93227406384804,27.30995892549783,12.189520444544184,real,0.3
1575.2087791989436,518.0,256.3709975135785,29.30320501580202,12.190294879548006,real,0.3
1575.2973918613266,521.0,243.6957974120804,27.85442964420079,12.190980505984095,real,0.3
1575.86078184111,516.0,272.5194311122784,31.14897097613342,12.19585523324202,real,0.3
1576.045469284814,523.0,262.18043039349385,29.967223193976345,12.197392613754962,real,0.3
1576.1471406553376,522.0,263.2771816623019,30.09258186400111,12.198242489877382,real,0.3
1576.3225004503695,504.0,240.91413753423487,27.53648592016305,12.199583821134844,real,0.3
1576.325298744971,535.0,240.12533546497636,27.446325843646797,12.199605155275242,real,0.3
1576.978234152005,550.0,278.7320561414293,31.859074016965373,12.205383465681074,real,0.3306490942573611
1577.0827038171303,534.0,265.11217512960974,30.30232161731439,12.206262819401042,real,0.3596916611622507
1577.163854360576,526.0,260.55320381688523,29.78123119626998,12.20693414248328,real,0.38225151224007753
1577.258063612162,527.0,240.29513065685643,27.46573343407869,12.207652899758582,real,0.40834168418103933
1577.910999019196,524.0,284.79539097479284,32.55211318841882,12.21355690733483,real,0.5
1578.189895714486,529.0,260.8991898331969,29.820777397934403,12.215867161853517,real,0.5
1578.2831722012052,528.0,265.4717408571834,30.343419979976066,12.21665336396762,real,0.5
1578.9473007866452,520.0,285.6923829625984,32.654639372625,12.222677497149451,real,0.5
1578.9482335515129,545.0,259.3745314304627,29.64650894250189,12.222685178600004,real,0.5
1580.0554254488684,513.0,286.32687879067726,32.72716224577441,12.232750525506106,real,0.5
1592.0377229328053,535.0,264.8923164628462,30.27719177170332,12.333525614057985,real,0.5
1592.9714205648634,527.0,263.94872199058744,30.169338923524148,12.34135034747844,real,0.5
1593.193418603255,547.0,265.0540016836865,30.29567239244537,12.343218564101464,real,0.5
1593.3883664604978,531.0,264.7147549297233,30.256896488467376,12.344857041084031,real,0.5
1593.907916491523,524.0,265.0744025091905,30.298004206800474,12.349229632480046,real,0.5
1594.126183470446,526.0,264.0940734545292,30.185952595852683,12.351059798224211,real,0.5
1594.137376648852,528.0,263.9656654145826,30.17127555688679,12.35115360724367,real,0.5
1594.4172061090096,517.0,264.1620427171887,30.193721482574663,12.353500577461064,real,0.5
1594.5104825957287,520.0,264.3824812206174,30.21891760351657,12.354283553701762,real,0.5
1594.8360175343785,510.0,253.76589406837977,29.005441692015808,12.356906410557796,real,0.5
1595.0720070457776,519.0,254.0991868158643,29.04353705305329,12.358810291146256,real,0.5
1595.347172681599,529.0,264.05806671264145,30.18183702525492,12.361117236806065,real,0.5
1595.6279349066235,531.0,264.1910896974457,30.19704155241805,12.363472289188124,real,0.5
1595.774378990773,508.0,264.26775883076976,30.205804834356982,12.364701028472831,real,0.5
1595.9917132048283,527.0,264.423898999668,30.223651655662053,12.3665256489113,real,0.5
1595.9991753237657,534.0,264.47265742144936,30.229224743271654,12.366588308375304,real,0.5
1596.1866610620712,526.0,253.96581778686277,29.02829297303841,12.368100083636358,real,0.5
1596.27993754879,522.0,260.58223263958826,29.784549190704936,12.368871805332752,real,0.5
1596.4655577573612,524.0,261.23404798172373,29.85905168431102,12.370411372944249,real,0.5
1596.4664905222285,523.0,261.7850407622965,29.92203015913049,12.370419125782716,real,0.5
1596.664236674073,522.0,251.62204067866065,28.76039924957091,12.37199891974858,real,0.5
1596.7006145038931,530.0,252.19056728508048,28.8253818406847,12.372290198869443,real,0.5
1596.780832282472,551.0,252.3973341584452,28.849015294310284,12.37293303329197,real,0.5
1597.1166276346603,521.0,260.6084121915084,29.787541513489405,12.375711510512346,real,0.5
1597.2127024159813,525.0,253.48395204784472,28.97321571906865,12.376484731446894,real,0.5
1597.215500710583,527.0,256.81505136337404,29.35396037083365,12.376507548399353,real,0.5
1597.4934646410056,521.0,261.19471245399524,29.854555633491653,12.37881268440627,real,0.5
1597.592337716928,539.0,261.04458710044224,29.83739630558055,12.379632160836897,real,0.5
1597.874965471687,504.0,250.57241034698333,28.640426502660198,12.381880655125167,real,0.5
1598.0512580315865,523.0,258.0848340502798,29.499096531946982,12.38332523047026,real,0.5
1598.2387437698917,536.0,256.0220664900325,29.263322199810712,12.384849245905787,real,0.5
1598.334818551212,525.0,254.51927482757935,29.09155311279232,12.38562562496234,real,0.5
1598.4318260974003,520.0,261.6136088975186,29.90243549698637,12.386431392154732,real,0.5
1598.5213715246505,532.0,261.3232822585813,29.86925116215584,12.38717435183722,real,0.5
1598.577337416682,537.0,238.98483534599305,27.315966680047005,12.387599008071096,real,0.5
1598.6967313196826,530.0,249.18602149074695,28.48196225639238,12.388543611581904,real,0.5
1598.9840228987773,520.0,248.95116613797356,28.455118289570372,12.390814421544889,real,0.5
1598.9868211933788,533.0,248.54901149344343,28.409152013700588,12.390836504093974,real,0.5
1599.0884925639025,524.0,254.95301345019783,29.141129437357616,12.391659509251893,real,0.5
1599.177105226286,535.0,256.9717184421896,29.371867417942276,12.39238248685497,real,0.5
1599.349666726716,543.0,237.9047719433172,27.19251543312115,12.393685926094864,real,0.5
1599.3589943753875,502.0,251.29914126949345,28.7234918471031,12.393760349050575,real,0.5
1599.5240937568808,529.0,243.3551750207984,27.81549650487725,12.395035993847488,real,0.5
1599.5502111731623,511.0,259.3689825372792,29.64587470401101,12.395251069861564,real,0.5
1599.6434876598814,552.0,260.36657980010574,29.75990007115209,12.396022152895938,real,0.5
1599.9251826497732,523.0,249.98865497860663,28.573703264054743,12.39825800541042,real,0.5
1600.0072659580858,535.0,238.1704470455352,27.22288209730467,12.398878712139409,real,0.5
1600.1966172261257,528.0,244.48242310976923,27.944340961446624,12.400348516693738,real,0.5
1600.1966172261257,520.0,250.8715691410575,28.674620352822878,12.400348516693738,real,0.5
1600.2059448747978,519.0,256.4867090329694,29.3164308424684,12.40042447596241,real,0.5
1600.2824315939072,544.0,241.91466769753745,27.650846517828526,12.401011954443174,real,0.5
1600.291759242579,538.0,247.30355941148625,28.26679684073288,12.401085194095954,real,0.5
1600.461522448408,547.0,242.0546158661488,27.666842593500803,12.402389864066464,real,0.5
1600.47737945115,529.0,257.65951616385735,29.45048269752889,12.40251958528449,real,0.5
1600.8486198682922,525.0,240.3794247009575,27.47536824331944,12.405352909497765,real,0.5
1600.8486198682922,531.0,242.75193130005545,27.746545747596336,12.405352909497765,real,0.5
1601.0342400768634,525.0,249.8404011850222,28.55675785544804,12.406825329316998,real,0.5
1601.223591344903,518.0,244.7179309104048,27.971259503059265,12.408296549721324,real,0.5
1601.223591344903,529.0,251.2160764339334,28.713997536398587,12.408296549721324,real,0.5
1601.233851758442,520.0,260.6897894868852,29.796842938350974,12.40838147414652,real,0.5
1601.3289937748957,532.0,249.40818447307623,28.50735548527261,12.409134876170024,real,0.5
1601.389623491263,530.0,248.67694986333788,28.42377536937952,12.409613577680783,real,0.5
1601.4017494345364,531.0,242.5511849727739,27.723600442388054,12.409706959571423,real,0.5
1601.5938989971778,545.0,248.18471184571317,28.36751256396501,12.4112210721082,real,0.5
1601.9679377089217,528.0,242.4740597181185,27.714785025780944,12.41410062835467,real,0.5
1601.968870473789,536.0,238.5922076013837,27.27108932883816,12.414107694330786,real,0.5
1601.9744670629918,549.0,246.3965989931847,28.163131264921013,12.41415147696311,real,0.5
1602.0612141956408,541.0,241.01040435592293,27.547489217881992,12.414815272991255,real,0.5
1602.1535579174924,540.0,238.70177535362183,27.283612922918977,12.41551512586983,real,0.5
1602.2486999339462,525.0,247.5299005811429,28.292667636424632,12.416262854050323,real,0.5
1602.3242538881884,530.0,289.4165824637526,33.08031537560692,12.416957117559829,real,0.5
1602.3475730098685,515.0,255.751403545478,29.23238542524813,12.417146471324472,real,0.5
1602.526663864369,533.0,287.4289479332504,32.85312874877052,12.418780831019095,real,0.5
1602.9007025761125,531.0,248.41270939131672,28.3935726834275,12.42173091306029,real,0.5
1602.9044336355817,528.0,240.4717169380272,27.485917246016506,12.42175939961357,real,0.5
1602.9939790628318,538.0,239.39365666106875,27.36269495636016,12.422440011894288,real,0.5
1602.9949118276988,516.0,245.51813510187503,28.06272284214432,12.422447282983716,real,0.5
1603.0863227846835,544.0,234.97650500614648,26.857814522202546,12.423129254797049,real,0.5
1603.1842630957387,537.0,237.7712262081748,27.177251155594377,12.423868629361438,real,0.5
1603.1935907444108,527.0,245.7617212428818,28.09056473806139,12.42394141239446,real,0.5
1603.2551532256452,527.0,255.12230980216805,29.160480010387808,12.424440076700966,real,0.5
1603.465025320763,533.0,256.01371300682223,29.262367396679775,12.426146008465867,real,0.5
1603.6590404131389,543.0,285.0229028343085,32.57811779396146,12.427901743613988,real,0.5
1603.9267439300231,529.0,258.48508998495174,29.544845785279986,12.430098760036907,real,0.5
1604.020953181609,529.0,241.82095378433132,27.640135017549078,12.430822081268502,real,0.5
1604.0293480654138,528.0,235.1758597115812,26.88060076503373,12.430884764468509,real,0.5
1604.1170279629298,546.0,239.7370399249541,27.40194366342225,12.43155215324966,real,0.5
1604.1170279629298,524.0,239.22576246751535,27.34350465003701,12.43155215324966,real,0.5
1604.117960727797,528.0,246.21131560182997,28.14195337328916,12.431559444867828,real,0.5
1604.1925819171724,543.0,272.3567957424941,31.130381753367075,12.432204718787869,real,0.5
1604.6720230589087,529.0,258.6843861043099,29.567625331722624,12.436142478801056,real,0.5
1604.7662323104946,539.0,268.48916298980095,30.688311329734248,12.436945568479612,real,0.5
1604.7708961348308,519.0,280.7227632257887,32.08661183670765,12.436987136902154,real,0.5
1604.946255929863,526.0,273.2610421331864,31.233737115823203,12.438508565162907,real,0.5
1604.9537180488,543.0,245.7421244378664,28.08832482324813,12.438566786946405,real,0.5
1605.1272123140975,521.0,273.86301294110854,31.302542379168703,12.440075345721963,real,0.5
1605.1402710222385,526.0,242.39130810352367,27.70532651623276,12.440175844547776,real,0.5
1605.23261474409,531.0,241.7208629684283,27.628694637291357,12.440884549129084,real,0.5
1605.3249584659422,518.0,273.4661301584805,31.257178677114325,12.441686328077315,real,0.5
1605.3258912308097,524.0,236.47487172470755,27.02907783813407,12.44169333134793,real,0.5
1605.5105786745137,529.0,274.69026430654344,31.397097210237916,12.44330406735445,real,0.5
1605.607586220701,528.0,262.0405613474389,29.951236162012265,12.44411114955594,real,0.5
1605.796937488741,541.0,274.5684025997261,31.38316841714869,12.445761828093412,real,0.5
1605.982557697312,543.0,278.488931521055,31.83128487285659,12.44740308635374,real,0.5
1606.0441201785468,519.0,280.0009432456286,32.00410781297535,12.447950378655596,real,0.5
1606.070237594828,529.0,247.84385400368797,28.32855251262153,12.448155897710764,real,0.5
1606.0721031245623,535.0,242.57365118602837,27.72616833056304,12.448170265486166,real,0.5
1606.2567905682663,543.0,279.67542801398537,31.96690142199853,12.449810233626936,real,0.5
1606.2586560980008,535.0,242.47540677690196,27.71493899459989,12.449824595583262,real,0.5
1606.475990312056,531.0,274.06257605496336,31.32535244308231,12.451715726375824,real,0.5
1606.540351087892,535.0,274.2403818965958,31.3456756507809,12.45227612415471,real,0.5
1606.7278368261975,535.0,265.8262072998813,30.38393549437643,12.453858500426596,real,0.5
1606.8183150183154,519.0,267.84428816238903,30.614602136961064,12.454627932052642,real,0.5
1606.822046077784,530.0,286.6306864491199,32.7618874611344,12.454661886649982,real,0.5
1606.9600952781284,543.0,301.4859200228016,34.45984065860622,12.455983318163012,real,0.5
1607.0981444784725,526.0,248.03789423381588,28.35073131092516,12.457070483659304,real,0.5
1607.187689905723,529.0,302.4146578018242,34.565995386748504,12.457930268888534,real,0.5
1607.1914209651918,526.0,243.9830706865249,27.8872649794698,12.457959171400775,real,0.5
1607.3761084088956,505.0,282.03567592098125,32.23667775776816,12.459612979625382,real,0.5
1607.3854360575672,528.0,276.9728385038552,31.65799544099065,12.45969500591958,real,0.5
1607.4833763686224,531.0,276.25445079913305,31.57588372634091,12.460554048106804,real,0.5
1607.7510798855064,523.0,270.3019622677572,30.895514287204648,12.462851503059756,real,0.5
1607.8909946155852,516.0,290.8799594089125,33.2475793604387,12.464143676974198,real,0.5
1607.9367000940774,519.0,261.8854298495592,29.933504631804613,12.464523711738682,real,0.5
1608.0309093456635,548.0,247.8717546932589,28.331741561439497,12.465265131785523,real,0.5
1608.0309093456635,536.0,290.22216479351727,33.172393435899025,12.465265131785523,real,0.5
1608.1213875377812,542.0,291.30398801007334,33.29604582955138,12.466101955683117,real,0.5
1608.3172681598917,515.0,283.5891879530751,32.41424418303649,12.467865656326396,real,0.5
1608.5010228387282,537.0,275.52636704060615,31.492663752741283,12.469473135302396,real,0.5
1608.594299325447,521.0,272.39835322892753,31.13513177406642,12.47027985077612,real,0.5
1608.6773153986271,522.0,297.8165125962298,34.04042738974907,12.471064823723696,real,0.5
1608.6838447526975,523.0,270.2491666401639,30.88947974697073,12.47112084826545,real,0.5
1608.7789867691508,535.0,256.1488119272411,29.27780920328366,12.471894612100154,real,0.5
1608.827490542245,538.0,287.9137789312423,32.90854493184099,12.47233799782133,real,0.5
1609.0560179347067,527.0,288.7900573893588,33.00870355960371,12.474433384752723,real,0.5
1609.238839848676,527.0,287.236655487594,32.831149722232,12.476100677427732,real,0.5
1609.2397726135434,533.0,295.5748394112557,33.78420414470653,12.476109430960705,real,0.5
1609.3433095138016,534.0,285.55927215923367,32.63942480780041,12.477048148980376,real,0.5
1609.437518765388,540.0,274.7858136700985,31.40801850249225,12.477870072846189,real,0.5
1609.5168037790993,515.0,287.29536575691304,32.83786030601516,12.47859328123636,real,0.5
1609.711751636342,528.0,272.2540010788408,31.1186323233115,12.48027842309518,real,0.5
1609.7201465201467,517.0,271.4243599363422,31.023804340723917,12.48035076788202,real,0.5
1609.749994995897,527.0,282.15308533440594,32.2500976537226,12.480618161286952,real,0.5
1609.899237374647,526.0,255.70652392113752,29.22725568418602,12.481829812721022,real,0.5
1610.263015672852,528.0,281.42279689027583,32.166625684558525,12.48508023504061,real,0.5
1610.2667467323208,520.0,286.1632219180185,32.708456265229515,12.48511413426157,real,0.5
1610.2667467323208,513.0,286.0633542045335,32.697041385578174,12.48511413426157,real,0.5
1610.3590904541725,507.0,290.82617733004446,33.24143206882408,12.485966811360711,real,0.5
1610.3665525731103,527.0,287.0602492595657,32.81098649036836,12.486034822328396,real,0.5
1610.4551652354933,524.0,272.88739264254195,31.191028979042542,12.486802577917366,real,0.5
1610.6445165035332,521.0,269.0368640351351,30.75091355921594,12.488420001382872,real,0.5
1610.6995496306974,541.0,279.526698385214,31.94990162542996,12.488908418882604,real,0.5
1610.7396585199865,519.0,269.5327085797013,30.807588590659854,12.489251657260397,real,0.5
1610.9196821393546,542.0,279.5810663806861,31.95611588731242,12.49084967271678,real,0.5
1611.199511599512,544.0,278.73730979420293,31.859674509477397,12.493326138138665,real,0.5
1611.292788086231,508.0,283.251851196884,32.37568659180384,12.49416499655544,real,0.5
1611.3869973378175,529.0,288.1688156499071,32.93769562878438,12.49502695090382,real,0.5
1611.3972577513566,524.0,290.5015464478683,33.20432675899134,12.49512158704933,real,0.5
1611.4802738245364,499.0,282.89496711311733,32.33489474102931,12.495867230379352,real,0.5
1611.5763486058572,514.0,272.89873788395266,31.19232574013579,12.496699673677789,real,0.5
1611.670557857443,536.0,267.3083015527556,30.553338867479965,12.497499231230057,real,0.5
1612.0389999799836,548.0,280.00228763914345,32.004261477154095,12.500774708460328,real,0.5
1612.2236874236878,537.0,276.67874601197906,31.62438066916921,12.502397104578248,real,0.5
1612.2236874236878,531.0,278.4335194922025,31.82495127795875,12.502397104578248,real,0.5
1612.419568045798,528.0,283.6729297046037,32.4238158652362,12.504161326029044,real,0.5
1612.4232991052668,545.0,295.97356434802447,33.829778404979194,12.504196387394336,real,0.5
1612.5100462379153,549.0,286.4149809006111,32.73723231693985,12.504985237681652,real,0.5
1612.5212394163218,522.0,275.3376937465315,31.47109839522855,12.505083088131371,real,0.5
1613.06970515823,508.0,279.0966449500612,31.900746517791998,12.509943217744231,real,0.5
1613.1564522908789,507.0,282.28832522730784,32.265555573481286,12.510720702307934,real,0.5
1613.3458035589188,541.0,280.82064353104715,32.09779955559869,12.512408968709918,real,0.5
1613.3467363237855,528.0,286.40478459832354,32.73606687958838,12.5124174506691,real,0.5
1613.4390800456376,530.0,286.7485752455559,32.77536215056704,12.513258172593,real,0.5
1613.5323565323567,510.0,297.0834855448268,33.9566423977737,12.514137993788456,real,0.5
1614.1880902339922,520.0,281.1143695804391,32.131372443044185,12.51999066706365,real,0.5
1614.1899557637264,525.0,281.94753320855074,32.22660304573735,12.520007366976488,real,0.5
1614.2776356612424,530.0,288.7030211985653,32.99875532299601,12.52081106905562,real,0.5
1614.2785684261098,524.0,280.702187132919,32.08425998929264,12.520819382130764,real,0.5
1614.5565323565324,518.0,290.53428146778174,33.20806837176745,12.523383450243642,real,0.5
1615.2150643527696,520.0,284.74969513901584,32.54689015438951,12.52933710817272,real,0.5
1615.3074080746217,540.0,280.9344157219708,32.11080371702126,12.530160783485746,real,0.5
1615.3158029584265,530.0,291.48527006039126,33.31676636790272,12.530238475258637,real,0.5
1615.396953501872,534.0,285.5207616035323,32.635023051283746,12.530974127996409,real,0.5
1616.2401729418127,519.0,279.83308127646427,31.984921189899868,12.538465880033156,real,0.5
1616.3297183690631,498.0,286.36478264818595,32.73149465668765,12.539280034386929,real,0.5
1616.422994855782,523.0,285.7075964090569,32.656378269555205,12.540126165563024,real,0.5
1617.3538941932388,519.0,279.4433088390267,31.94037020030075,12.54838540707902,real,0.5
1617.4490362096922,531.0,285.8335285243146,32.67077231032916,12.549248841289211,real,0.5
1618.1952481034452,561.0,281.2797019146254,32.15026992884168,12.555912984013732,real,0.5
1630.296006725515,535.0,281.57093749172594,32.18355815530428,12.664092280912811,real,0.0
1630.5002822314302,555.0,281.5401298677039,32.180036843878554,12.665918279053548,real,0.0
1631.2241077683705,534.0,302.6862089191517,34.59703367945904,12.672874450297874,real,0.0
1631.5281891150746,522.0,302.87623367295544,34.618753508818806,12.675798593961256,real,0.0
1632.144746692288,531.0,303.9409743264009,34.740453365507626,12.68174845222746,real,0.0
1632.3676774955468,546.0,304.1017604603323,34.75883122061598,12.683900900606446,real,0.0
1632.453491863328,546.0,286.2647556604223,32.720061571986264,12.684680859327992,real,0.0
1632.740783442423,522.0,304.95703855828043,34.85658950721145,12.687462527283934,real,0.0
1632.834992694009,531.0,289.9346327123271,33.13952851901898,12.688329763444962,real,0.0
1633.0644528513385,514.0,293.9715289772262,33.60094576209696,12.6904714518619,real,0.0
1633.3004423627378,536.0,293.24017739636736,33.517352276404786,12.69266860285832,real,0.0
1633.677279369083,528.0,293.4182706742309,33.53770833806459,12.69617922774993,real,0.0
1633.677279369083,544.0,303.8578191819294,34.73094873249453,12.69617922774993,real,0.0
1634.0037470726,521.0,293.7715854775003,33.57809222007828,12.699224272932032,real,0.0
1634.2360055245304,532.0,295.234402602374,33.74529221745135,12.701401392190467,real,0.0
1634.3096939490383,532.0,306.26825465214193,35.006461506739825,12.702117939689368,real,0.0
1634.6044476470706,529.0,303.8271663777714,34.72744511697927,12.704961284931432,real,0.0
1634.7937989151103,530.0,307.0879564750943,35.10015342510328,12.706807467864609,real,0.0
1634.7937989151103,526.0,301.7864243815789,34.49418830681447,12.706807467864609,real,0.0
1634.937444704658,538.0,304.4749859956976,34.801490899308234,12.708196103319514,real,0.0
1635.2331311675575,535.0,299.4725130969957,34.22970824698661,12.711007564807746,real,0.0
1635.2583158189718,518.0,304.16389958284987,34.76593372231974,12.711250778119382,real,0.0
1635.4448687924105,518.0,298.43361437608746,34.110962123186795,12.713018417400194,real,0.0
1635.4504653816132,525.0,303.9840370350801,34.74537543310966,12.713072432842694,real,0.0
1635.5446746331995,535.0,298.93129475842096,34.16784699088752,12.713966579313064,real,0.0
1635.7265637823016,529.0,310.122826982708,35.44703912412352,12.715757532586528,real,0.0
1635.8655457475134,522.0,299.7121704268148,34.25710107978493,12.71708006570612,real,0.0
1635.91311675574,531.0,308.2935304031963,35.23795052508534,12.717545705937876,real,0.0
1636.0978041994438,525.0,299.2881001209023,34.20862984381913,12.719300679381892,real,0.0
1636.1910806861629,537.0,304.918862532548,34.852225987470234,12.72020370526924,real,0.0
1636.38136471907,531.0,301.8807400191902,34.50496858419344,12.722027523207444,real,0.0
1636.5697832222422,525.0,301.4960585673607,34.46099949424933,12.72383115930259,real,0.0
1636.6574631197584,530.0,312.57724781561825,35.72757942532517,12.724701323331065,real,0.0
1636.6593286494926,541.0,305.7665730196155,34.94911929614205,12.724719434059184,real,0.0
1636.7535379010792,522.0,302.300242793426,34.55291775128859,12.725623657537374,real,0.0
1636.7544706659464,532.0,312.6785033760658,35.73915293588432,12.72563291760022,real,0.0
1636.8039072039076,527.0,301.4537040703509,34.45615837524111,12.726106082372862,real,0.0
1637.0305690666348,532.0,301.3692647912539,34.44650696564032,12.728274890548771,real,0.0
1637.3103985267924,521.0,304.30109060418846,34.78161465605874,12.730978479563388,real,0.0
1637.499749794832,529.0,304.0433485775547,34.752154742414504,12.73280635860994,real,0.0
1637.5920935166837,519.0,302.1099044434514,34.53116207788649,12.7336921186172,real,0.0
1637.5920935166837,539.0,301.57883231771126,34.4704605339144,12.7336921186172,real,0.0
1637.6863027682705,515.0,302.3470593750756,34.55826888657114,12.734596482130511,real,0.0
1637.870990211974,515.0,312.76366198741084,35.74888656516106,12.736430473929117,real,0.0
1637.9605356392242,516.0,302.1463199321268,34.535324368242094,12.73728949625572,real,0.0
1637.964266698693,534.0,313.1713129008406,35.79548106456608,12.737326594885882,real,0.0
1638.056610420545,514.0,301.6844017139194,34.482527115900986,12.738211107356086,real,0.0
1638.1582817910687,525.0,302.5170792698061,34.57770216053884,12.739187652458371,real,0.0
1638.2534238075225,534.0,305.0906407368896,34.87186023622648,12.74010925776403,real,0.0
1638.523925619008,532.0,307.2130245377803,35.11444870466829,12.742747736092898,real,0.0
1638.6638403490867,524.0,303.53900548535233,34.69450832697577,12.74409614519506,real,0.0
1638.710478592446,530.0,303.6058131801532,34.70214444649151,12.74454571382222,real,0.0
1638.710478592446,529.0,303.6323377324683,34.70517620282112,12.74454571382222,real,0.0
1638.803755079165,526.0,314.53100580402537,35.9508939634001,12.745477206345363,real,0.0
1638.8933005064157,526.0,302.8298253469767,34.613449037159434,12.746338171923878,real,0.0
1638.988442522869,550.0,302.90452561191813,34.621987277442244,12.747253173502546,real,0.0
1639.2720030424953,536.0,303.0152149374775,34.634639067353675,12.74998123357227,real,0.0
1639.2748013370965,553.0,302.1846393886556,34.53970428212333,12.750008081424498,real,0.0
1639.456690486199,523.0,305.03832239989964,34.86588025030853,12.751769671783231,real,0.0
1639.608731159551,527.0,294.1416766740708,33.62039364384629,12.753189579363225,real,0.0
1639.643243459637,515.0,300.05376072360184,34.29614485070769,12.753518367930688,real,0.0
1639.7337216517549,520.0,299.6852086474223,34.25401934840037,12.75437926841497,real,0.0
1639.8279309033412,547.0,293.65901536779404,33.56522545653886,12.755257644739856,real,0.0
1639.896955503513,523.0,299.8759334348845,34.2758191916073,12.755914832160762,real,0.0
1640.2952461018035,547.0,300.0967432946524,34.301057758578764,12.759709773498724,real,0.0
1640.3950519425932,516.0,300.68450490711126,34.368238910882816,12.760662593215658,real,0.0
1640.4929922536485,517.0,305.932870656745,34.96812711606596,12.76161392356198,real,0.0
1640.5284373186014,525.0,302.3784491585172,34.56185673881851,12.761954214466703,real,0.0
1640.6720831081489,527.0,301.97102565661794,34.51528823255143,12.763331429974931,real,0.0
1640.8017374246886,537.0,302.0746797433381,34.52713589466355,12.764574927810068,real,0.0
1640.8203927220325,533.0,303.10540248989287,34.644947504594754,12.764754458864836,real,0.0
1640.829720370704,524.0,301.99031404775224,34.51749289565808,12.764843894155602,real,0.0
1640.8511739626497,527.0,302.315739054051,34.55468897387803,12.765049816988116,real,0.0
1641.0405252306894,519.0,299.67515798295545,34.25287055745181,12.766851434897577,real,0.0
1641.0405252306894,525.0,297.1674714853437,33.96624199077478,12.766851434897577,real,0.0
1641.0498528793614,519.0,301.19777402193586,34.42690557070727,12.766940635475365,real,0.0
1641.1338017174085,538.0,301.18112858021675,34.425002996718774,12.767743396309069,real,0.0
1641.3222202205811,510.0,301.41684770754654,34.45194569297257,12.769546558542084,real,0.0
1641.3259512800498,544.0,299.7516976549201,34.26161904195737,12.769582067469344,real,0.0
1641.467731539863,525.0,300.4614686926183,34.34274587156627,12.770934601756116,real,0.0
1641.517168077824,520.0,305.4886001949811,34.917347002286334,12.771414099742383,real,0.0
1641.692527872856,535.0,299.2306361700625,34.20206171423814,12.773080118223463,real,0.0
1641.9723573330134,543.0,299.86488569671144,34.27455643513412,12.775744293396905,real,0.0
1642.0665665845995,539.0,295.5606417343975,33.782581350241635,12.776628357759584,real,0.0
1642.0758942332716,533.0,300.6686257455074,34.3664239227115,12.776717401628602,real,0.0
1642.1598430713188,539.0,300.9637919216521,34.400161416644835,12.77751958317848,real,0.0
1642.254052322905,511.0,297.7465265586726,34.03242798565628,12.778410185836869,real,0.0
1642.3501271042255,523.0,300.8598359708899,34.38827925147272,12.779327920950502,real,0.0
1642.3948998178512,519.0,301.1851693274073,34.42546485412266,12.779756065805874,real,0.0
1642.4406052963434,540.0,300.90646214697495,34.39360862339924,12.780192725900095,real,0.0
1642.7185692267662,524.0,300.3318547932102,34.32793100286393,12.782843261073664,real,0.0
1642.996533157189,536.0,300.7429145336141,34.37491513119209,12.785497423995285,real,0.0
1643.091675173643,533.0,300.6455342315501,34.363784562666176,12.786405601705354,real,0.0
1643.09260793851,519.0,297.4519131449952,33.998753672472944,12.7864144108284,real,0.0
1643.186817190096,522.0,297.1140396581769,33.960134732929625,12.78730312162755,real,0.0
1643.1933465441664,541.0,301.3256165538686,34.44151797210718,12.787365588534652,real,0.0
1643.2828919714168,520.0,301.33574895114043,34.44267610511535,12.788222306353395,real,0.0
1643.2959506795576,529.0,300.9316038689396,34.3964823222198,12.788347076804428,real,0.0
1643.3267319201748,520.0,301.2219091601172,34.429664217001395,12.788641462298491,real,0.0
1643.648535799356,525.0,301.45768227062,34.45661308353186,12.79172153778564,real,0.0
1643.843483656599,528.0,302.06477663612884,34.526003969509524,12.79359119625592,real,0.0
1644.0235072759665,520.0,299.53029875883266,34.23631314813457,12.795303236535569,real,0.0
1644.1186492924203,518.0,301.36590747965937,34.44612322492507,12.796213590319631,real,0.0
1644.2128585440066,531.0,296.5393756738182,33.89445063951742,12.79710058221621,real,0.0
1644.2147240737409,520.0,302.06976710300336,34.52657437987328,12.797118473980412,real,0.0
1644.215656838608,520.0,301.4590043289024,34.45676419479354,12.797127401774596,real,0.0
1644.2632278468343,519.0,296.97917332551725,33.94471951110662,12.79757595303324,real,0.0
1644.4022098120463,527.0,295.8344705758737,33.81387998682237,12.798881375114352,real,0.0
1644.5701074881406,537.0,301.7234617820856,34.48699168169238,12.80048978782514,real,0.0
1644.769719169719,543.0,299.79866675602,34.266987610213086,12.80238981310834,real,0.0
1644.863928421306,521.0,302.14171098921264,34.534797566067006,12.803293562395115,real,0.0
1644.9609359674937,550.0,300.0286173667978,34.29327096502499,12.804217647413743,real,0.0
1644.962801497228,518.0,301.8772799404873,34.5045730971977,12.804235527776823,real,0.0
1645.050481394744,539.0,296.46185320071254,33.885589820841446,12.80506082917759,real,0.0
1645.051414159611,521.0,301.57518221940126,34.470043327677566,12.805069760412422,real,0.0
1645.1959927140256,519.0,296.3397260625158,33.87163068894556,12.806430069134828,real,0.0
1645.329378090034,521.0,302.1260149227923,34.53300350567516,12.807709568484078,real,0.0
1645.4263856362222,527.0,296.1560694452047,33.8506387375869,12.808621726095422,real,0.0
1645.7006185071762,534.0,298.8224985782573,34.15541158749482,12.811223541811604,real,0.0
1645.7034168017778,535.0,296.0440673767379,33.83783690116115,12.811249844099477,real,0.0
1645.796693288497,519.0,300.2537791618961,34.319006958204724,12.812139054209684,real,0.0
1646.0802538081232,518.0,299.86002696101303,34.27400108164379,12.814838707975346,real,0.0
1646.0905142216625,519.0,296.54894747755435,33.89554469668446,12.81493531417138,real,0.0
1646.130623110951,527.0,301.25694463357746,34.4336687716179,12.815318952007091,real,0.0
1646.1697992353734,526.0,302.03052794310724,34.52208934389716,12.815694630248052,real,0.0
1646.1707320002404,518.0,301.6356153865798,34.47695083868607,12.815703563272624,real,0.0
1646.3582177385458,531.0,301.9786959494076,34.51616494701729,12.817501143458337,real,0.0
1646.4524269901322,551.0,297.0593035660723,33.95387839760206,12.818389690533971,real,0.0
1646.6408454933046,523.0,297.82018522082046,34.04084717073978,12.820171336498037,real,0.0
1646.8255329370088,524.0,299.82938347273495,34.2704985309336,12.821929483933634,real,0.0
1646.9141455993918,534.0,304.3860743693995,34.791328300422364,12.822785859552672,real,0.0
1647.0130186753142,522.0,303.98887989197567,34.745928971652816,12.823740147573009,real,0.0
1647.065253507877,535.0,298.7863294257688,34.15127745336537,12.824235671534003,real,0.0
1647.1062951620331,521.0,304.3120461591697,34.7828668759931,12.824632212198695,real,0.0
1647.1967733541503,546.0,303.5558746132836,34.69643646829832,12.82550423187774,real,0.0
1647.2051682379554,531.0,298.00279789752443,34.06171979968704,12.825583660816603,real,0.0
1647.5717448307614,522.0,299.18373450738875,34.19670085419453,12.8290658025067,real,0.0
1647.6650213174803,522.0,297.82041684662454,34.040873645569185,12.829947806145174,real,0.0
1647.7601633339343,523.0,300.53760507122,34.35144825964045,12.830855657827266,real,0.0
1647.9457835425053,542.0,304.26072503179364,34.777000871134014,12.832648800648148,real,0.0
1647.9914890209975,515.0,299.69521264036933,34.25516280479422,12.833083703038934,real,0.0
1648.1267399267404,521.0,305.632847587555,34.933834479257534,12.834396156581818,real,0.0
1648.2200164134597,522.0,300.2630972156008,34.32007201174317,12.835285394287707,real,0.0
1648.2218819431937,528.0,305.0403810035014,34.86611554870021,12.83530346200306,real,0.0
1648.2638563622174,525.0,303.45051931573374,34.68439435778836,12.835707866809273,real,0.0
1648.5101062871558,513.0,300.9572624087641,34.399415093321736,12.838060881638343,real,0.0
1648.7862046878442,524.0,297.60956534854097,34.016773319338235,12.840669764057802,real,0.0
1648.7871374527117,527.0,296.93326092528866,33.93947172376049,12.840678557820814,real,0.0
1648.8776156448291,522.0,301.2945256817239,34.43796428542104,12.841544081362134,real,0.0
1648.883212234032,535.0,296.84119576336167,33.92894867575224,12.841596827580974,real,0.0
1648.9251866530558,537.0,291.8976124156752,33.36389709911167,12.84198583596906,real,0.0
1648.9671610720793,527.0,303.1481499134947,34.64983353511244,12.842389837811252,real,0.0
1649.1966212294085,530.0,301.4008412073254,34.45011614999729,12.844585651442303,real,0.0
1649.2432594727677,506.0,292.93671982126904,33.48266707557105,12.84501942165769,real,0.0
1649.4335435056748,524.0,299.28158056727153,34.207884658839134,12.846827536727163,real,0.0
1649.4419383894797,538.0,301.01410866230344,34.40591262010128,12.846907768293455,real,0.0
1649.4447366840814,524.0,302.15808223064715,34.53666879896297,12.846934613786194,real,0.0
1649.718036790168,521.0,299.4453319627708,34.226601443344705,12.849532984287707,real,0.0
1649.9008587041378,551.0,298.5548781169551,34.12482256876797,12.851265974669904,real,0.0
1649.994135190857,546.0,306.0022902508117,34.97606177566778,12.852172209159264,real,0.0
1650.1200584479277,533.0,299.5890534142646,34.24302880525044,12.853369985192352,real,0.0
1650.3747032566707,539.0,300.7568314238115,34.37650583174165,12.855801595957017,real,0.0
1650.458652094718,506.0,296.2435203203123,33.8606343726117,12.856591196210106,real,0.0
1650.459584859585,520.0,300.0764163347,34.298734387056214,12.856600083058556,real,0.0
1650.4745090974602,523.0,303.3183243682369,34.66928447528948,12.856743808794242,real,0.0
1650.648003362758,526.0,306.6222721891287,35.04692571121741,12.858432820079578,real,0.0
1650.8317580415946,523.0,301.32019677690505,34.440898491600244,12.860190785702128,real,0.0
1650.8336235713289,502.0,300.94515618529846,34.39803135197961,12.860208610854984,real,0.0
1651.482827918894,532.0,301.29373975175366,34.43787445362544,12.86641894913726,real,0.0
1651.4856262134952,533.0,298.37666505582933,34.104452815881295,12.866445458666758,real,0.0
1651.5798354650815,544.0,302.4159373479985,34.56614163887623,12.867350028203989,real,0.0
1651.586364819152,520.0,307.6951311155818,35.169553486511,12.867413815555992,real,0.0
1651.6880361896758,519.0,301.3997355160097,34.449989769479906,12.86838675379888,real,0.0
1651.9855881823096,501.0,296.7515311672513,33.91870001241682,12.871190247347837,real,0.0
1652.2486278748577,525.0,298.79149217486406,34.15186755558696,12.873685607553885,real,0.0
1652.322316299366,537.0,298.32479947745344,34.09852458027293,12.874383570485652,real,0.0
1652.426785964491,522.0,303.5749232083808,34.69861372271793,12.875390501751188,real,0.0
1652.6077423487266,549.0,304.278806858288,34.779067623902314,12.877138694619047,real,0.0
1652.703817130047,525.0,311.9501933812761,35.65590710347986,12.87809025947398,real,0.0
1653.3548870073464,529.0,301.3069870017588,34.43938861430103,12.88431871739603,real,0.0
1653.4425669048624,514.0,300.4229173524222,34.338339453381856,12.885155045752734,real,0.0
1653.4509617886672,531.0,305.3881872263497,34.905869799971775,12.885236443175256,real,0.0
1653.4630877319405,508.0,305.80973855713614,34.95405311708066,12.88535417952672,real,0.0
1654.4723393182412,535.0,299.36774274117295,34.21773299531607,12.89494704100037,real,0.0
1654.473272083109,535.0,299.48191513409256,34.23078289982678,12.8949559102425,real,0.0
1654.4844652615147,542.0,305.09865790825654,34.872776598913724,12.895064337245277,real,0.0
1655.5888588642692,518.0,300.77287439237284,34.37833954304821,12.905610786763235,real,0.0
1655.5888588642692,530.0,301.65590489216925,34.47926992917495,12.905610786763235,real,0.0
1656.5216237314603,534.0,302.23860809639046,34.54587290541743,12.914561669138966,real,0.0
1668.470341680178,532.0,257.8977680422071,29.477714887224263,13.012400808294569,real,0.0
1668.5067195099984,519.0,258.5185291452148,29.548667881298044,13.01269939618668,real,0.0
1668.7333813727255,504.0,258.9940231795769,29.603016849425643,13.014563250337078,real,0.0
1669.6661462399168,531.0,259.16652171303343,29.62273343179972,13.02223854061912,real,0.0
1669.6689445345187,526.0,258.0004059236536,29.489446397073607,13.022261462885416,real,0.0
1670.3806441281854,522.0,257.47688451759046,29.429607900360587,13.028079529547766,real,0.0
1670.603574931444,536.0,256.6904823358123,29.339722130983347,13.029896398387224,real,0.0
1670.7052463019677,528.0,255.3324294468012,29.18449668576938,13.030720628325025,real,0.0
1671.3329970575876,515.0,244.60964927495672,27.958882912127557,13.03559596440124,real,-0.16502648171523562
1671.4990292039474,509.0,254.79275748045995,29.12281218001657,13.036939109682988,real,-0.24941071878950416
1671.6240196961512,517.0,245.84131617134247,28.09966243838445,13.037914718193802,real,-0.014134360175537458
1671.8133709641909,552.0,256.44838459470645,29.312050359174947,13.039456460945011,real,-0.11626099801854366
1671.90664745091,535.0,256.2482523559292,29.28917524428271,13.04021534743548,real,-0.16764337957132888
1672.2685602193803,530.0,277.7044409617604,31.74161760192921,13.043406374297158,real,-0.3
1672.4663063712248,526.0,277.3471771014241,31.70078234269277,13.045147681996804,real,-0.3
1672.5623811525452,526.0,255.9708523486903,29.2574684234553,13.045928488908128,real,-0.3
1672.746135831382,540.0,247.85421407516236,28.329736668791053,13.047374522703434,real,-0.3
1672.8403450829685,523.0,255.07423478724877,29.15498503618253,13.048137486403508,real,-0.3
1672.8450089073044,534.0,251.7110980338474,28.77057850526876,13.048174758882451,real,-0.3
1673.0278308212737,525.0,254.76969597676467,29.1201762501442,13.049653593981668,real,-0.3
1673.2003923217042,547.0,266.74080352950256,30.488473843422145,13.051115020868403,real,-0.3
1673.4914149602675,535.0,266.9957162581837,30.517610368310397,13.053582052949526,real,-0.3
1673.7693788906909,540.0,276.96762533888693,31.657399576234777,13.056026390508746,real,-0.3
1673.8635881422767,539.0,257.3746775672099,29.41792564593209,13.056796235163834,real,-0.3
1673.8635881422767,522.0,251.60137875651347,28.75803759186949,13.056796235163834,real,-0.3
1673.8645209071442,525.0,256.2467327782476,29.289001556553696,13.05680382398374,real,-0.3
1673.963393983067,529.0,257.1026412652312,29.38683189661593,13.057610925778526,real,-0.3
1674.1247623050904,544.0,278.65670099168915,31.85046092335007,13.059038607843773,real,-0.3
1674.4223142977244,518.0,279.43635080061284,31.93957489651005,13.061678520108863,real,-0.3
1674.6107328008973,532.0,276.8171345239672,31.64019847608945,13.063334519785798,real,-0.3
1674.6107328008973,530.0,269.4745847889356,30.80094504137534,13.063334519785798,real,-0.3
1674.8896294961874,533.0,251.60468016221623,28.75841494254132,13.06556247169948,real,-0.3
1674.8924277907886,523.0,264.3385147044738,30.21389223072136,13.065585957080454,real,-0.3
1674.893360555656,549.0,259.0009346738708,29.60380683322343,13.065593627466832,real,-0.3
1675.0565944074142,515.0,269.4026101230507,30.79271833706469,13.066989853583571,real,-0.3
1675.078980764227,543.0,258.5593715098882,29.55333616358022,13.067173629008115,real,-0.3
1675.2636682079308,540.0,270.18420162387247,30.882054245608625,13.0687579422456,real,-0.3
1675.6367741548074,547.0,279.89522450238564,31.99202416062268,13.072073612930865,real,-0.3
1675.7300506415263,512.0,272.48182988152064,31.14467315545781,13.072880575623072,real,-0.3
1675.7356472307297,519.0,270.4343686568405,30.910648337476868,13.072928629567723,real,-0.3
1675.8242598931129,543.0,274.51427408116683,31.37698152747737,13.073700962309587,real,-0.3
1675.8251926579796,509.0,248.62167827525397,28.41745782686153,13.073708325311328,real,-0.3
1675.83172201205,512.0,257.71159531250964,29.45643534421985,13.073761750726888,real,-0.3
1675.9949558638086,523.0,300.6094589273544,34.35966115539661,13.075319711792307,real,-0.3
1676.0089473368164,530.0,257.436941636947,29.42504242910304,13.075434072816448,real,-0.3
1676.1992313697235,544.0,300.3741181528266,34.33276170486808,13.07724878847146,real,-0.3
1676.2971716807788,526.0,271.509805677976,31.03357078899265,13.07809307668708,real,-0.3
1676.4762625352794,522.0,275.1539832078469,31.450100280656905,13.079657639279688,real,-0.3
1676.5732700814672,531.0,271.66902599709374,31.051769671467817,13.080494377052082,real,-0.3
1676.8530995416245,533.0,270.64909230718393,30.93519125071112,13.08289898201529,real,-0.3
1676.8624271902963,532.0,257.51021312838583,29.4334173605745,13.08297524439761,real,-0.3
1676.937981144539,526.0,300.5664956525838,34.354750453090325,13.083696254743096,real,-0.3
1676.943577733742,508.0,275.46249643453444,31.485363342467284,13.083745202144357,real,-0.3
1677.0349886907263,519.0,246.7852114902505,28.20754967333563,13.084461446341532,real,-0.3
1677.133861766649,542.0,301.540123477858,34.466036113519166,13.085408047176363,real,-0.3
1677.5023038891895,530.0,279.6442426242011,31.96333693194619,13.088679335982668,real,-0.3
1677.5983786705103,525.0,275.72493226139113,31.515359757477007,13.089520400231818,real,-0.3
1677.6879240977603,539.0,277.28603897118035,31.693794254405912,13.090308743106176,real,-0.3
1677.7858644088158,517.0,272.89611539255696,31.192025989369263,13.091157342197244,real,-0.3
1677.8539562441206,526.0,304.71141913589344,34.82851520723262,13.091816102619855,real,-0.3
1677.876342600933,529.0,283.651767067976,32.421396975869655,13.092017712886816,real,-0.3
1677.9677535579176,524.0,305.8136295202483,34.95449785416438,13.092905275136753,real,-0.3
1678.0628955743714,529.0,251.48055313859768,28.744227223741717,13.093664937286606,real,-0.3
1678.140315058348,526.0,304.0721504309381,34.75544679425622,13.09441236749666,real,-0.3
1678.343657799396,514.0,304.1780300253773,34.767548831900626,13.096376181018602,real,-0.3
1678.4397325807167,530.0,288.14309550723146,32.93475581647655,13.097255125313858,real,-0.3
1678.5367401269043,515.0,274.9115385417469,31.422388855321675,13.098101849991137,real,-0.3
1678.788586641046,530.0,315.1351546702883,36.01994817881395,13.100621710654584,real,-0.3
1678.8081747032572,542.0,279.5730332284708,31.955197698014207,13.100795582988049,real,-0.3
1678.899585660242,525.0,270.6359610339426,30.933690346179635,13.101581049165162,real,-0.3
1678.9611481414763,516.0,302.4715624626218,34.57249958947767,13.102172262736609,real,-0.3056342941212671
1678.9947276766952,527.0,279.9271151547231,31.99566926218485,13.102470707098508,real,-0.31658122260264016
1678.9965932064297,520.0,313.09696362116523,35.78698294189918,13.102489252009835,real,-0.3171893852960745
1679.087071398547,534.0,302.5321704210117,34.57942707912164,13.103358330911666,real,-0.3459921335496242
1679.2736243719853,527.0,301.06356601337154,34.41156559532837,13.105141547545683,real,-0.4007455653636864
1679.370631918173,545.0,301.6755160722768,34.48151148706123,13.106070704995188,real,-0.4294483116155895
1679.5609159510802,540.0,292.46219659369115,33.4284290706589,13.10783762063333,real,-0.48538745771544417
1679.651394143198,526.0,270.2736904840505,30.892282822326976,13.10861403116115,real,-0.3120210312458003
1679.6560579675336,535.0,280.3824008463945,32.04770841674289,13.108655549184045,real,-0.3134295061951124
1679.6644528513382,524.0,269.8568911030205,30.84464265307524,13.108727476181562,real,-0.3159647611041077
1679.72694809744,528.0,342.4136512294228,39.13788033552302,13.109406901588082,real,-0.3349461178166557
1680.0170379711367,524.0,342.6858944807533,39.1689977391501,13.11256315981224,real,-0.42194992293692485
1680.2054564743094,536.0,314.4895968295287,35.94616091761513,13.114444526988605,real,-0.479482377549702
1680.2063892391764,542.0,306.4077703884916,35.02240815540459,13.114453601341904,real,-0.479752879361133
1680.2166496527154,536.0,302.6899289188611,34.59745887542582,13.114552208073976,real,-0.4827283992874665
1680.3929422126143,537.0,302.13338628421536,34.53384605228582,13.11624333588612,real,-0.5
1680.5888228347246,537.0,299.8412195182982,34.271851390941485,13.1181081113226,real,-0.5
1680.6438559618891,534.0,324.51120621745434,37.09163087065503,13.11867513033328,real,-0.5
1680.6765027322406,517.0,271.2880879094531,31.008228448050488,13.118956329920266,real,-0.5
1680.8555935867414,545.0,325.9127208524214,37.25182399343176,13.120809513528794,real,-0.5
1680.860257411077,546.0,281.4399277212642,32.1685837385405,13.120851188146489,real,-0.5
1681.1382213415006,526.0,342.5654001992936,39.15522524277926,13.123874449342344,real,-0.5
1681.1382213415006,524.0,327.3666094663933,37.41800346200876,13.123874449342344,real,-0.5
1681.2324305930863,534.0,309.43443224418274,35.36835560551009,13.124800012206627,real,-0.5
1681.3303709041415,534.0,303.5157065651969,34.691845260402005,13.125743826127708,real,-0.5
1681.4236473908609,526.0,303.00677625464857,34.63367452590633,13.126641189317136,real,-0.5
1681.5150583478458,515.0,303.3362431491417,34.67133259194689,13.127521561453854,real,-0.5
1681.5644948858069,531.0,321.02461092479035,36.693113028703536,13.128025444919173,real,-0.5
1681.6064693048304,534.0,273.457143300735,31.256151479274013,13.128389877918968,real,-0.5
1681.7939550431358,535.0,322.5537358367175,36.86789200613681,13.13030993457245,real,-0.5
1682.1735903440824,531.0,313.8476806039069,35.87278989302656,13.13409287273546,real,-0.5
1682.2556736523954,525.0,342.38936337907944,39.13510423422878,13.134985189076216,real,-0.5
1682.352681198583,538.0,305.4123526438856,34.908631907196124,13.135925855943462,real,-0.5
1682.45341980424,529.0,305.08327137084893,34.87101791768804,13.13690164975537,real,-0.5
1682.5037891070683,523.0,319.7809831633286,36.55096637556846,13.137413051614825,real,-0.5
1682.6325106587406,526.0,303.2111869428973,34.65703866757316,13.138652248224174,real,-0.5
1682.6642246642252,526.0,341.5372609515276,39.0377089267596,13.138996148811678,real,-0.5
1682.6642246642252,511.0,323.20307573575343,36.942111556596615,13.138996148811678,real,-0.5
1682.8143998078426,535.0,318.88535907900086,36.4485965427298,13.14051661359514,real,-0.5
1683.0093476650857,531.0,322.3458843036004,36.84413457590152,13.142511803897236,real,-0.5
1683.0093476650857,543.0,341.8602777729484,39.074629749448,13.142511803897236,real,-0.5
1683.097027562602,525.0,318.72770591344624,36.43057678590691,13.14339908979697,real,-0.5
1683.097027562602,533.0,340.1451607178057,38.87859187004519,13.14339908979697,real,-0.5
1683.2826477711728,536.0,310.5842340348641,35.49977795018496,13.145229499849007,real,-0.5
1683.3843191416966,551.0,300.2800987066214,34.322015282166824,13.146198823830362,real,-0.5
1683.4365539742594,529.0,305.95462089497084,34.970613168295166,13.14670623608688,real,-0.5
1683.4766628635482,518.0,301.2070445364115,34.427965190511834,13.147089810376954,real,-0.5
1683.6538881883146,536.0,307.20001990967575,35.11296227567594,13.148818395416626,real,-0.5
1683.9355831782066,547.0,317.3589163684178,36.27412414091015,13.151656795148076,real,-0.5
1684.0344562541286,525.0,318.3410057292147,36.38637695484924,13.15265613765118,real,-0.5
1684.1230689165118,536.0,340.7299212856197,38.94543000294633,13.153614764940132,real,-0.5
1684.2172781680983,540.0,319.6298630633749,36.53369334814375,13.154570823803471,real,-0.5
1684.2182109329651,538.0,311.1092849604447,35.55979127097883,13.154580037393464,real,-0.5
1684.3105546548172,529.0,338.5798020693479,38.69967137652647,13.155572723973842,real,-0.5
1684.358125663044,521.0,306.2996059228496,35.01004495698171,13.15603535262292,real,-0.5
1684.4038311415363,527.0,300.0992036827371,34.30133898093685,13.156470841264875,real,-0.5
1684.58851858524,533.0,304.9025819790405,34.85036512020433,13.158258737055489,real,-0.5
1684.9616245321165,537.0,304.3182688892689,34.78357813404344,13.161863725904224,real,-0.5
1685.0530354891014,531.0,311.8518368667301,35.64466495386725,13.162768812830569,real,-0.5
1685.0530354891014,524.0,315.7875215651259,36.09451371489389,13.162768812830569,real,-0.5
1685.1528413298906,534.0,316.6250689991126,36.19024538659857,13.163772145572008,real,-0.5
1685.2461178166102,537.0,336.7755474073515,38.49344506866028,13.164769515938046,real,-0.5
1685.2573109950165,532.0,308.546940691669,35.266915321057766,13.16487916840333,real,-0.5
1685.2843611761648,520.0,303.0812631455791,34.64218837753969,13.165139467700827,real,-0.5
1685.3356632438604,526.0,324.3713048210201,37.0756401410426,13.165667816867598,real,-0.5
1685.6145599391507,537.0,302.50678464881565,34.57652548535963,13.16834650539329,real,-0.5
1685.801112912589,514.0,302.6533318125764,34.59327582617748,13.170139138300604,real,-0.5
1685.8067095017916,507.0,302.69790886285045,34.598370983023806,13.170192925208791,real,-0.5
1685.987665886027,543.0,308.04158173030595,35.20915279177397,13.171962736592452,real,-0.5
1686.1023959646914,533.0,336.420794213377,38.45289677858899,13.173188209890313,real,-0.5
1686.1788826838012,534.0,313.3904029462232,35.82052305675331,13.173949263858482,real,-0.5
1686.226453692028,517.0,291.620828468357,33.3322606939332,13.17438972198284,real,-0.5
1686.2684281110517,535.0,313.99261945426986,35.88935640362305,13.174808176117333,real,-0.5
1686.2721591705204,531.0,319.7300152930182,36.54514074799198,13.17484605169884,real,-0.5
1686.369166716708,512.0,293.4853125391034,33.54537122321952,13.175749983406703,real,-0.5
1686.7329450149125,542.0,305.0324842678132,34.865212951811046,13.179273096693969,real,-0.5
1686.8271542664988,530.0,305.38695425411794,34.90572887124568,13.180186552969811,real,-0.5
1686.9241618126869,524.0,309.22890392513443,35.34486371864286,13.181138974775283,real,-0.5
1687.0146400048045,524.0,304.94822987215684,34.85558267438753,13.182014994249055,real,-0.5
1687.0155727696715,508.0,315.8066386699207,36.09669879997193,13.182024346952517,real,-0.5
1687.1573530294847,534.0,288.8814534946034,33.01915013443317,13.183324753531648,real,-0.5
1687.2926039352274,531.0,316.8141989122234,36.211862935667135,13.184685222215167,real,-0.5
1687.3877459516807,526.0,322.799810815227,36.89601837618044,13.185660322656116,real,-0.5
1687.3914770111494,541.0,290.21246405298814,33.17128464125654,13.185694701554906,real,-0.5
1687.6703737064397,514.0,306.54493887339896,35.0380865132295,13.188409147815412,real,-0.5
1687.75991913369,522.0,304.5137877761032,34.80592594280859,13.189274901012467,real,-0.5
1687.856926679878,519.0,306.964156092604,35.08600304138464,13.190220347418188,real,-0.5
1688.1330250805663,525.0,307.3495695662831,35.13005580142616,13.19291461192454,real,-0.5
1688.1339578454338,529.0,317.2409433492557,36.260639824819926,13.192924007105344,real,-0.5
1688.2272343321529,532.0,317.08717645033965,36.24306426827382,13.193863069800589,real,-0.5
1688.2981244620594,525.0,295.8359078872715,33.81404427151513,13.19452892590922,real,-0.47122157168846635
1688.4119217758566,519.0,289.98728713665247,33.14554691971938,13.195576668743607,real,-0.38454870193532
1688.604071338498,545.0,293.88129897331174,33.59063247264953,13.19736956467096,real,-0.2322859304625757
1688.7859604876,552.0,302.1770027268416,34.53883141167799,13.199114630964418,real,-0.08200895334153074
1688.8801697391864,529.0,305.7566186250291,34.947981508840826,13.20002919295953,real,-0.3060392241659637
1688.9734462259055,520.0,305.09764263116017,34.87266055274161,13.200932748309226,real,-0.42947748153468135
1689.0695210072265,543.0,305.0628784713646,34.868687009276975,13.201863304275715,real,-0.3544297824210834
1689.1646630236796,514.0,315.26346386566297,36.03461391984528,13.202815639228618,real,-0.28053351548259575
1689.717792589924,521.0,297.58449535887934,34.01390781951991,13.208041777583754,real,0.0
1689.717792589924,525.0,291.08118815866834,33.27057980653579,13.208041777583754,real,0.0
1689.718725354791,516.0,303.0026171481944,34.63319914003861,13.208050751092474,real,0.0
1690.0918313016678,525.0,302.3232820157453,34.555551134399686,13.211632107099652,real,0.0
1690.1543265477694,519.0,284.4102106100808,32.50808707273224,13.212196440683517,real,0.0
1690.1851077883866,528.0,304.01735029110733,34.749183138273565,13.212493558174469,real,0.0
1690.4640044836767,528.0,282.0725589575846,32.24089348885192,13.214991302243147,real,0.0
1690.65895234092,522.0,289.8589937018068,33.13088298011652,13.216785411866912,real,0.0
1690.840841490022,524.0,295.60176448734705,33.78728168090377,13.21849250628786,real,0.0
1690.8511019035614,526.0,304.8486211753478,34.84419740034225,13.218591816253074,real,0.0
1690.9313196821397,536.0,304.76292197440495,34.83440198167448,13.219368021348927,real,0.0
1691.493776897056,527.0,281.83525700139006,32.21376987525888,13.22440104003948,real,0.0
1691.6775315758928,536.0,289.03805993381627,33.0370502504352,13.226087349083503,real,0.0
1691.7764046518148,534.0,292.6144673547512,33.44583361864806,13.227005930318686,real,0.0
1691.95736103605,534.0,303.44572702299286,34.68384659872808,13.22874933683865,real,0.0
1692.5216837807004,542.0,277.9379326692893,31.768305704099767,13.233729219468604,real,0.0
1692.709169519006,517.0,286.97215372934414,32.80091717126403,13.235437470627756,real,0.0
1692.8929241978426,523.0,292.507402443763,33.43359609932211,13.237144020548198,real,0.0
1693.548657899478,546.0,276.0057303826212,31.547454982733605,13.242890334279588,real,0.0
1693.6475309754,525.0,286.5398840353893,32.751508745245,13.243789846060348,real,0.0
1694.6614463860367,500.0,276.50973418856626,31.60506261775312,13.25269119607209,real,0.0
1706.737020356693,526.0,180.6349906779712,20.646579434492107,13.321946556406044,real,0.3
1706.972077103225,529.0,179.9630030914451,20.569771253352176,13.323289629602636,real,0.3
1707.676314577954,502.0,184.6108562813831,21.10102087296209,13.327417443395351,real,0.3
1707.9067075001506,541.0,184.3337382273008,21.06934627938048,13.328765840133707,real,0.3
1708.6044156208095,521.0,173.59489660323456,19.84189668174971,13.33261135470152,real,0.3
1708.7350027022162,531.0,178.51190125114624,20.403910313006016,13.33335149000626,real,0.3
1708.748994175224,526.0,173.85285409988597,19.871381223616964,13.333428720532376,real,0.3
1709.207914489882,515.0,180.5194732969244,20.63337579783846,13.3360590192306,real,0.16022265057340448
1709.5315838987972,517.0,179.72108045997498,20.54211949657514,13.337905923584856,real,0.014187245541256003
1709.6677675694073,519.0,184.2278804872,21.05724673968696,13.338702493905398,real,0.2525335234891377
1709.7666406453295,539.0,179.65419032592297,20.534473954252995,13.339266467961597,real,0.20751186572973349
1709.778766588603,527.0,172.3930767070417,19.704528667614863,13.339332839071831,real,0.20198243559699813
1710.1434776516749,523.0,180.45977490308863,20.62655227142303,13.341422486795835,real,0.037882877959742906
1710.4783402389965,519.0,168.2244933549953,19.22805959047596,13.343211030624625,real,0.0
1710.6005324365983,540.0,181.87012851670715,20.787755689459622,13.343916614388766,real,0.0
1710.79268199924,543.0,168.79097024611397,19.29280789913083,13.344946365666528,real,0.0
1710.98856262135,540.0,180.54134145761245,20.635875328605103,13.34606919013796,real,0.0
1711.166720710983,533.0,182.727581570054,20.88576257345717,13.347102792238134,real,0.0
1711.4073740467184,531.0,147.57772240397625,16.868133670774487,13.348230395747994,real,0.0
1711.5239696551173,516.0,180.8157393894583,20.66723901221508,13.34889975944426,real,0.0
1711.5799355471493,526.0,178.5056013080438,20.40319022950941,13.349216949094677,real,0.0
1711.6293720851102,521.0,151.10402171438213,17.271189681953878,13.349454123490323,real,0.0
1711.911999839869,510.0,179.43502165537276,20.509422975209105,13.35106427131446,real,0.0
1712.005276326588,521.0,178.98377642502027,20.457845645379816,13.351594336861028,real,0.0
1712.005276326588,539.0,169.88306281708427,19.41763407999273,13.351594336861028,real,0.0
1712.1041494025103,540.0,181.6820166045298,20.766254497897755,13.35216467671036,real,0.0
1712.1974258892296,537.0,187.1370946937406,21.38976992349455,13.352718888540968,real,0.0
1712.3289457355036,534.0,85.60353689217277,9.784484266775348,13.353076347948369,real,0.0
1712.6572789687548,534.0,85.65821233308968,9.79073366967215,13.35396929884883,real,0.0
1712.6628755579577,522.0,142.978134864696,16.34240081503475,13.353994704877705,real,0.0
1712.938041193779,547.0,179.5308224173018,20.5203730022976,13.35556317751228,real,0.0
1713.0285193858967,528.0,175.73558644465345,20.086577530623888,13.356068010073614,real,0.0
1713.126459696952,531.0,177.8982753429951,20.333772871704344,13.356621203418053,real,0.0
1713.2225344782728,522.0,186.9807210015104,21.37189641047264,13.357191564605287,real,0.0
1713.2645088972963,519.0,31.49314157802257,3.59966608236798,13.35723353513098,real,0.0
1713.317676494726,533.0,181.3211113772808,20.7250030304232,13.357539618080382,real,0.0
1713.3894993894996,530.0,164.3048084939909,18.78003961086316,13.35791429497172,real,0.0
1713.5900438359458,520.0,31.8365762642146,3.638920666999729,13.358117007563616,real,0.0
1713.7821933985872,514.0,79.33403877439032,9.067880631912814,13.3586010045907,real,0.0
1713.868007766369,515.0,159.91582877894956,18.27837922943393,13.359036712245604,real,0.0
1713.8698732961034,540.0,130.7855269670383,14.948785732332473,13.359044458746792,real,0.0
1713.8708060609702,522.0,175.12749722948595,20.017072933330244,13.35904964519745,real,0.0
1713.9640825476897,525.0,181.5989109947756,20.756755526702847,13.359587455539458,real,0.0
1714.1534338157294,543.0,177.74174795614428,20.31588179138729,13.360656021644608,real,0.0
1714.2233911807689,0.0,11.874076980195005,1.357206998836289,13.360682395707236,real,0.0
1714.3381212594331,521.0,189.27543557685925,21.634182286435014,13.361371865550447,real,0.0
1714.426733921816,0.0,11.017913812748509,1.2593475487971546,13.361402863922438,real,0.0
1714.8026381632944,544.0,31.412563694547373,3.5904560302867647,13.361777771603167,real,0.0
1714.8063692227631,548.0,117.85631083021138,13.470976327893162,13.361791732995885,real,0.0
1714.8959146500133,536.0,68.59813005071177,7.840766264796356,13.361986762097317,real,0.0
1714.899645709482,536.0,155.70735972715477,17.79735121681379,13.362005207368364,real,0.0
1714.908973358154,522.0,181.20004631241997,20.7111652935096,13.362058870277655,real,0.0
1714.9882583718654,547.0,170.87991190227768,19.53157393043034,13.362489026140675,real,0.0
1715.0973918613263,531.0,175.40389112176135,20.04866475521732,13.363096798569504,real,0.0
1715.165483696631,9.0,20.08755740357504,2.296007811228627,13.363140226176652,real,0.0
1715.3650953782108,0.0,21.509862580710617,2.458577292975224,13.36327654860658,real,0.0
1715.7354030304857,419.0,27.52124857193938,3.145678711772671,13.363600123300628,real,0.0
1715.922888768791,545.0,59.58220271764424,6.810245770626736,13.363954796621837,real,0.0
1715.923821533658,533.0,105.9192312161887,12.10656812801037,13.363957933450006,real,0.0
1715.9266198282596,543.0,152.64531105209352,17.44735905325429,13.363971495352963,real,0.0
1715.93314918233,531.0,172.48144606651655,19.714629285402843,13.36400725196268,real,0.0
1716.0245601393146,520.0,183.58355163750664,20.98359995216701,13.364540066116184,real,0.0
1716.1001140935573,0.0,33.51629259214566,3.8309122432822487,13.364620466274054,real,0.0
1716.169138693729,1.0,12.254136461808908,1.400647797584758,13.364647321594669,real,0.0
1716.3874056726522,0.0,33.29341670971066,3.805437529919928,13.364878044192762,real,0.0
1716.5795552352931,0.0,23.08812801797148,2.63897303245414,13.365018899057764,real,0.0
1716.6663023679423,328.0,24.672049919619628,2.8200153058125235,13.365086851347154,real,0.0
1716.7605116195282,0.0,13.800306276225207,1.5773750073725412,13.365128130046854,real,0.0
1716.855653635982,529.0,49.12502381837516,5.61499022244028,13.36527652490578,real,0.0
1716.948930122701,531.0,93.26895820083568,10.660641922355516,13.365552743579304,real,0.0
1717.0459376688889,0.0,44.13200320435268,5.044287966257511,13.365688669689824,real,0.0
1717.135483096139,517.0,172.6853609359301,19.73793675497681,13.366179625795317,real,0.0
1717.135483096139,543.0,150.37683621536218,17.188072379415896,13.366179625795317,real,0.0
1717.2268940531235,3.0,44.11724852185528,5.042601506048059,13.36630766719236,real,0.0
1717.6000000000004,2.0,25.755280272456407,2.9438285351417672,13.36661276717376,real,0.0
1717.6000000000004,0.0,0.0,0.0,13.36661276717376,real,0.0
1717.8083333333336,0.0,0.0,0.0,13.36661276717376,real,0.0
1718.016666666667,0.0,0.0,0.0,13.36661276717376,real,0.0
1718.2250000000004,0.0,0.0,0.0,13.36661276717376,real,0.0
1718.4333333333336,0.0,0.0,0.0,13.36661276717376,real,0.04196666666684175
1718.641666666667,0.0,0.0,0.0,13.36661276717376,real,0.20331666666696604
1718.8500000000004,0.0,0.0,0.0,13.36661276717376,real,0.37010000000036836
1719.0583333333336,0.0,0.0,0.0,13.36661276717376,real,0.029183333333594588
1719.266666666667,0.0,0.0,0.0,13.36661276717376,real,0.18776666666700684
1719.4750000000004,0.0,0.0,0.0,13.36661276717376,real,0.3499000000002701
1719.6833333333336,0.0,0.0,0.0,13.36661276717376,real,0.49556666666672716
1719.891666666667,0.0,0.0,0.0,13.36661276717376,real,0.5
1720.1000000000004,0.0,0.0,0.0,13.36661276717376,real,0.5
1720.3083333333336,0.0,0.0,0.0,13.36661276717376,real,0.5
1720.516666666667,0.0,0.0,0.0,13.36661276717376,real,0.5
1720.7250000000004,0.0,0.0,0.0,13.36661276717376,real,0.5
1720.9333333333336,0.0,0.0,0.0,13.36661276717376,real,0.5
1721.141666666667,0.0,0.0,0.0,13.36661276717376,real,0.5
1721.3500000000004,0.0,0.0,0.0,13.36661276717376,real,0.5
1721.5583333333336,0.0,0.0,0.0,13.36661276717376,real,0.5
1721.766666666667,0.0,0.0,0.0,13.36661276717376,real,0.5
1721.9750000000004,0.0,0.0,0.0,13.36661276717376,real,0.5
1722.1833333333336,0.0,0.0,0.0,13.36661276717376,real,0.5
1722.391666666667,0.0,0.0,0.0,13.36661276717376,real,0.5
1722.6000000000004,0.0,0.0,0.0,13.36661276717376,real,0.5
1722.6000000000004,504.0,18.77600465941417,2.14609733257104,13.36661276717376,real,0.5
1722.6848816029146,169.0,0.0,0.0,13.36661276717376,real,0.5
1722.7884185031728,533.0,34.41936708980936,3.9341336583652105,13.366725913841591,real,0.5
1722.8033427410478,0.0,0.0,0.0,13.366725913841591,real,0.5
1722.8705018114858,534.0,3.398820498485869,0.3884851829769348,13.366733161148192,real,0.5
1723.0561220200568,0.0,0.0,0.0,13.366733161148192,real,0.5
1723.34061530455,1.0,0.0,0.0,13.366733161148192,real,0.5
1723.429227966933,8.0,0.0,0.0,13.366733161148192,real,0.5
1723.429227966933,0.0,0.0,0.0,13.366733161148192,real,0.5
1723.614848175504,0.0,0.0,0.0,13.366733161148192,real,0.5
1723.7109229568248,528.0,18.814435882434587,2.1504900213622733,13.366790552220008,real,0.5
1723.741704197442,0.0,0.0,0.0,13.366790552220008,real,0.5
1723.804199443544,67.0,0.0,0.0,13.366790552220008,real,0.5
1723.8069977381456,517.0,0.7415216686915179,0.0847559267314405,13.366790618101136,real,0.5
1723.901206989732,0.0,0.0,0.0,13.366790618101136,real,0.5
1724.268716347405,0.0,0.0,0.0,13.366790618101136,real,0.5
1724.361992834124,15.0,0.0,0.0,13.366790618101136,real,0.5
1724.3675894233274,0.0,0.0,0.0,13.366790618101136,real,0.5
1724.4562020857104,0.0,0.0,0.0,13.366790618101136,real,0.5
1724.5494785724295,0.0,0.0,0.0,13.366790618101136,real,0.5
1724.6875277727738,6.0,0.0,0.0,13.366790618101136,real,0.5
1724.829308032587,3.0,0.0,0.0,13.366790618101136,real,0.5
1724.922584519306,554.0,0.0,0.0,13.366790618101136,real,0.5
1724.9263155787746,5.0,0.0,0.0,13.366790618101136,real,0.5
1725.1082047278771,0.0,0.0,0.0,13.366790618101136,real,0.5
1725.2882283472452,0.0,0.0,0.0,13.366790618101136,real,0.5
1725.388034188035,0.0,0.0,0.0,13.366790618101136,real,0.5
1725.4822434396206,0.0,0.0,0.0,13.366790618101136,real,0.5
1725.4822434396206,0.0,0.0,0.0,13.366790618101136,real,0.5
1725.5876458696134,8.0,0.0,0.0,13.366790618101136,real,0.5
1725.6482755859809,0.0,0.0,0.0,13.366790618101136,real,0.5
1725.668796413059,0.0,0.0,0.0,13.366790618101136,real,0.5
1725.8534838567628,15.0,0.0,0.0,13.366790618101136,real,0.5
1726.1342460817873,0.0,0.0,0.0,13.366790618101136,real,0.5
1726.2209932144362,0.0,0.0,0.0,13.366790618101136,real,0.5
1726.2331191577098,0.0,0.0,0.0,13.366790618101136,real,0.5
1726.4150083068116,0.0,0.0,0.0,13.366790618101136,real,0.5
1726.5073520286635,4.0,0.0,0.0,13.366790618101136,real,0.5
1726.6006285153828,0.0,0.0,0.0,13.366790618101136,real,0.5
1726.60156128025,0.0,0.0,0.0,13.366790618101136,real,0.5
1726.9700034027906,64.0,0.0,0.0,13.366790618101136,real,0.5
1726.976532756861,0.0,0.0,0.0,13.366790618101136,real,0.5
1727.06980924358,8.0,0.0,0.0,13.366790618101136,real,0.5
1727.2582277467525,15.0,0.0,0.0,13.366790618101136,real,0.5
1727.347773174003,0.0,0.0,0.0,13.366790618101136,real,0.5
1727.4466462499252,7.0,0.0,0.0,13.366790618101136,real,0.5
1727.626669869293,0.0,0.0,0.0,13.366790618101136,real,0.5
1727.9055665645835,220.0,0.0,0.0,13.366790618101136,real,0.5
1728.002574110771,0.0,0.0,0.0,13.366790618101136,real,0.5
1728.189127084209,0.0,0.0,0.0,13.366790618101136,real,0.5
1728.280538041194,0.0,0.0,0.0,13.366790618101136,real,0.5
1728.3840749414524,0.0,0.0,0.0,13.366790618101136,real,0.5
1728.559434736484,0.0,0.0,0.0,13.366790618101136,real,0.5
1728.9418683320323,314.0,0.0,0.0,13.366790618101136,real,0.5
1729.0258171700796,7.0,0.0,0.0,13.366790618101136,real,0.5
1729.0286154646813,0.0,0.0,0.0,13.366790618101136,real,0.5
1729.398923116956,0.0,0.0,0.0,13.366790618101136,real,0.5
1729.492199603675,0.0,0.0,0.0,13.366790618101136,real,0.5
1730.0499929942555,414.0,0.0,0.0,13.366790618101136,real,0.5
1730.0565223483256,0.0,0.0,0.0,13.366790618101136,real,0.5
1730.2412097920298,1.0,0.0,0.0,13.366790618101136,real,0.5
1730.2412097920298,0.0,0.0,0.0,13.366790618101136,real,0.5
1730.9939510398528,522.0,0.0,0.0,13.366790618101136,real,0.5
1731.0834964671033,10.0,0.0,0.0,13.366790618101136,real,0.5
1731.1833023078923,0.0,0.0,0.0,13.366790618101136,real,0.5
1732.102075702076,523.0,0.0069339194693324,0.0007925469953447,13.366790820370882,real,0.5
1732.1962849536624,18.0,0.0,0.0,13.366790820370882,real,0.5
1733.0469665125404,519.0,1.8636462576847,0.2130147672533612,13.366841155852624,real,0.5
1745.2456654456655,526.0,310.8810385812322,35.53370270983484,13.48724808400164,real,0.3
1745.4415460677758,516.0,310.6968876371471,35.51265425692591,13.489180373115143,real,0.3
1746.1560439560442,515.0,323.7027599912992,36.999225467005495,13.496523669910628,real,0.3
1746.3677815808965,543.0,323.3276247613581,36.95634751022323,13.498697294700914,real,0.3
1746.555267319202,530.0,313.0084861783202,35.776869970182,13.500560531612196,real,0.3
1747.0701535258916,529.0,320.3439997526207,36.61531917172454,13.505797399055268,real,0.3
1747.488032186393,511.0,318.39107689136284,36.39210008868277,13.51002169962135,real,0.3
1747.5533257270963,532.0,319.96855321765463,36.57240563277792,13.51068501680352,real,0.3
1747.609291619128,540.0,322.0623752189912,36.81172948753069,13.511257294936296,real,0.3
1748.0057166876843,539.0,319.67787177261806,36.539180743610245,13.515280919167203,real,0.3
1748.4860905942876,535.0,318.9525784806048,36.45627972033313,13.520145542919838,real,0.3
1748.513140775436,531.0,320.14662102675834,36.59275878335848,13.520420498684787,real,0.3
1748.513140775436,517.0,319.7301139742264,36.54515202725407,13.520420498684787,real,0.3
1748.522468424108,535.0,319.0345814583755,36.46565266069232,13.520514981683846,real,0.3
1748.9384815548756,510.0,305.80346145648826,34.95333564447661,13.524554161292798,real,0.3
1749.1632778878686,517.0,306.16522084658743,34.994684742764946,13.526739349294026,real,0.3
1749.3554274505095,537.0,317.20373073170623,36.25638642263402,13.528674529514594,real,0.3
1749.4515022318303,537.0,317.79986270386445,36.3245243070517,13.529643938050532,real,0.3
1749.5391821293465,513.0,315.43394053791144,36.05409940348328,13.53052205464518,real,0.3
1749.6380552052688,536.0,319.37438933046604,36.50449270047227,13.531524641166929,real,0.3
1749.8675153625975,529.0,306.35355074073766,35.016210849666315,13.533756537069875,real,0.3
1750.35162032867,536.0,304.3479150238675,34.78696668722805,13.538434465772069,real,0.3
1750.35162032867,522.0,304.8155565173341,34.840418109931285,13.538434465772069,real,0.3
1750.3824015692871,534.0,312.20667768195324,35.685223259047255,13.538739586728626,real,0.3
1750.5633579535222,524.0,316.66244388638984,36.19451733621436,13.540558928113708,real,0.3
1750.5633579535222,536.0,314.69329143886563,35.96944321146234,13.540558928113708,real,0.3
1750.6603654997102,528.0,317.5248423998376,36.29308948630144,13.541536901323331,real,0.3
1750.8086751135934,522.0,287.15448254149163,32.82175735449249,13.5428890630345,real,0.3
1751.275057547189,545.0,286.48386456673023,32.74510571997727,13.547131213616174,real,0.3
1751.329157909486,527.0,315.66741257180814,36.08078525695767,13.547673431270164,real,0.3
1751.402846333994,519.0,310.90651921437507,35.53661514620307,13.54840083048752,real,0.3
1751.4047118637286,521.0,304.096721162,34.7582552288166,13.548418842309369,real,0.3
1751.4047118637286,529.0,307.4461654436527,35.1410967102095,13.548418842309369,real,0.3
1751.5903320722996,536.0,319.48358747693106,36.51697404861322,13.550301700181391,real,0.3
1751.6882723833546,515.0,320.30227032945874,36.610549498657136,13.551297713683,real,0.3
1751.7405072159174,546.0,292.9390550220407,33.48293398901925,13.551783540197064,real,0.3
1751.9615724894418,531.0,293.49298097199505,33.54624772509904,13.553843515316249,real,0.3
1752.336543966053,533.0,293.16207734436074,33.508425440460435,13.557333710806892,real,0.3
1752.3374767309197,527.0,309.42011047390884,35.36671862716778,13.557342874371502,real,0.3
1752.3402750255214,528.0,303.45509486517057,34.684917343089,13.557369835098436,real,0.3
1752.4335515122405,527.0,312.0449153692752,35.66673382670815,13.55829396499402,real,0.3
1752.5230969394906,538.0,318.3487299696324,36.38725983552899,13.559199051863027,real,0.3
1752.5258952340923,528.0,317.53627462424475,36.29439618955117,13.5592272636444,real,0.3
1752.6303648992175,536.0,318.54523359121487,36.409720199475856,13.560283850110103,real,0.3
1752.6658099641706,524.0,278.7535492797888,31.86153068267985,13.560597554005817,real,0.3
1753.0827558598053,530.0,287.8833209660843,32.90506358642343,13.564408562674693,real,0.3
1753.140587281571,520.0,278.0661346260569,31.7829591877583,13.564919133151845,real,0.3
1753.2749054224469,540.0,289.20032001712525,33.05559657795742,13.566152457117926,real,0.3
1753.4577273364162,525.0,305.78042139784947,34.9507021657742,13.56792738885807,real,0.3
1753.4577273364162,520.0,297.6803598008234,34.024865125234115,13.56792738885807,real,0.3
1753.4614583958848,525.0,308.22447355716923,35.23005732758444,13.567963901480008,real,0.3
1753.5528693528695,524.0,318.8377362355747,36.44315325172619,13.568889263567309,real,0.3
1753.564995296143,535.0,319.35574951731235,36.5023621698288,13.569012215115368,real,0.3
1753.603238655698,525.0,281.99078725435925,32.23154698317326,13.56935461584878,real,0.3
1753.8289677535583,542.0,282.3187199210409,32.26902968697498,13.571377965559911,real,0.3
1754.1143938029188,520.0,283.5385488956902,32.40845613877739,13.573947470449236,real,0.3
1754.295350187154,530.0,292.3004858498519,33.40994553263807,13.575626843488424,real,0.3
1754.295350187154,520.0,296.88853885065873,33.93435999063029,13.575626843488424,real,0.3
1754.3876939090055,532.0,313.0122300086702,35.777297889991004,13.57654456816758,real,0.3
1754.3904922036072,528.0,301.7896243836955,34.4945540670564,13.576571380924364,real,0.3
1754.5257431093498,526.0,277.44031291008935,31.71142776562321,13.577762769626505,real,0.3
1754.5770451770452,540.0,325.043043847499,37.15241991176914,13.578292212949105,real,0.3
1754.6693888988973,521.0,313.9950191574184,35.88963068969292,13.579212819080707,real,0.3
1754.760799855882,534.0,276.48864456058993,31.60265207327543,13.58001527148884,real,0.3
1755.0406293160397,520.0,287.061817657799,32.81116575828643,13.582565696711418,real,0.3
1755.1385696270947,529.0,294.43474955832124,33.65389187451612,13.58348127244431,real,0.3
1755.140435156829,516.0,288.8371029137769,33.0140808630447,13.583498380430282,real,0.3
1755.321391541064,521.0,314.0888751320272,35.90035842759071,13.585302935723004,real,0.3
1755.4183990872516,527.0,298.2606337321014,34.091190435579186,13.58622157537044,real,0.3
1755.4585079765411,546.0,265.1545139491032,30.3071609443825,13.586559238304606,real,0.3
1755.5088772793697,529.0,296.85796430847233,33.93086532045839,13.58703398109087,real,0.3
1755.6021537660886,545.0,310.5683353268751,35.49796072786182,13.587953738052644,real,0.3
1755.699161312276,530.0,262.6600591052579,30.022044755730978,13.58876272830078,real,0.3
1755.9295542344726,524.0,274.779493989878,31.407296163043057,13.590772733506697,real,0.3
1755.9771252426992,543.0,282.3240333086516,32.26963700717888,13.591199149942122,real,0.3
1756.255089173122,532.0,285.75749541343123,32.662081725755186,13.593721061223311,real,0.3
1756.3511639544429,522.0,290.18929804677737,33.16863676674665,13.594606247202222,real,0.3
1756.3548950139118,533.0,312.1879903812164,35.68308730057303,13.594643229346875,real,0.3
1756.3567605436465,525.0,296.6413071622199,33.90610140864173,13.594660799580309,real,0.3
1756.3978021978023,508.0,264.4669509993978,30.22857249923117,13.59500541919646,real,0.3
1756.5339858684126,537.0,297.2110852501295,33.9712270440898,13.59629050986146,real,0.3
1756.6263295902645,539.0,264.55180463800934,30.238271270124468,13.597066152781304,real,0.3
1756.8184791529056,546.0,263.7112817963877,30.14219950932712,13.598674989018184,real,0.3
1756.9061590504218,532.0,271.3602413625233,31.01647558773641,13.59943041162953,real,0.3
1756.9117556396247,526.0,281.6316238615114,32.19049460737075,13.599480455233572,real,0.3
1757.0936447887273,536.0,287.876713842942,32.90430839224827,13.601142937637816,real,0.3
1757.329634300126,536.0,255.19255589422065,29.168509138709418,13.603055010476671,real,0.3
1757.3744070137516,544.0,287.0490837423001,32.809710271744905,13.603463060410595,real,0.3
1757.4667507356037,526.0,296.3217444139449,33.8695753865139,13.604331850035248,real,0.3
1757.4667507356037,528.0,294.9693037512272,33.71499141876526,13.604331850035248,real,0.3
1757.468616265338,521.0,252.45702781257,28.85583827897675,13.60434680320867,real,0.3
1757.742849136292,533.0,261.7712599634565,29.920455013823076,13.606626017730528,real,0.3
1757.8389239176129,513.0,264.2010349931812,30.19817829972061,13.607431929779535,real,0.3
1757.9331331691992,536.0,267.9029769004828,30.62131025972519,13.608233266091249,real,0.3
1758.031073480254,534.0,278.0130993945102,31.77689726079252,13.609097776980716,real,0.3
1758.2185592185592,534.0,285.25702602910343,32.60487807512652,13.6107958185469,real,0.3
1758.219491983427,529.0,284.0767270951103,32.46996990697111,13.610804231560005,real,0.3
1758.269861286255,543.0,240.93928430996075,27.539360196628515,13.611189547774847,real,0.3
1758.3995156027947,537.0,293.8008118504339,33.58143279450459,13.612398986029682,real,0.3
1758.6830761224203,522.0,258.87511293783155,29.589425408794146,13.614729650708666,real,0.3
1758.718521187374,519.0,247.66800334844743,28.308452782727542,13.615008371527448,real,0.3
1758.718521187374,522.0,239.98369747676745,27.43013662159452,13.615008371527448,real,0.3
1758.864965271523,534.0,259.23424745725754,29.630474484364537,13.616213706999329,real,0.3
1758.958241758242,518.0,261.05648901240886,29.83875669411833,13.616986833219464,real,0.3
1759.0533837746952,539.0,269.8431031040978,30.843066684798377,13.617801964207796,real,0.3
1759.1475930262818,541.0,235.3886648644086,26.904924394001902,13.618506045538672,real,0.3
1759.1979623291102,519.0,245.6079921045612,28.072993497551348,13.618898828069442,real,0.3
1759.2446005724698,526.0,277.9580680239911,31.77060717514218,13.619310418433086,real,0.3
1759.425556956705,528.0,277.739742715458,31.74565259237685,13.620906134685391,real,0.3
1759.651286054565,537.0,245.8346417316372,28.09889954992613,13.622668006698245,real,0.3
1759.704453651995,544.0,243.3174689059097,27.811186695945477,13.623078743914435,real,0.3
1759.704453651995,511.0,250.7042137575005,28.655491632482303,13.623078743914435,real,0.3
1759.7967973738466,525.0,235.62889638858988,26.932382857215824,13.623769587378709,real,0.3
1759.8014611981828,525.0,252.57700497444267,28.8695516685788,13.623806988078051,real,0.3
1759.9852158770195,514.0,253.9032493899265,29.021141405268597,13.625288313222054,real,0.3
1760.1717688504575,523.0,263.242862840158,30.088659222630064,13.626847515678929,real,0.3
1760.1745671450592,532.0,272.95307271080725,31.19853621084527,13.626871766427666,real,0.3
1760.35365799956,525.0,230.39424823257207,26.334062572982997,13.628181819141188,real,0.3
1760.5411437378657,513.0,241.2480611967483,27.57465339478833,13.629617889766251,real,0.3
1760.7332933005068,557.0,234.32640998869616,26.783508661707973,13.631047456287185,real,0.3
1760.736091595108,531.0,235.4996696007244,26.9176122353628,13.631068379456348,real,0.3
1760.8237714926242,529.0,244.2459040357429,27.917306831285416,13.631748320179096,real,0.3
1760.9179807442106,517.0,250.37798832456383,28.618204065497647,13.632497236730972,real,0.3
1760.9189135090776,531.0,249.69937196532308,28.540638215636427,13.63250463164892,real,0.3
1761.0690886526954,526.0,224.15348946527828,25.620743845881307,13.633573409117435,real,0.3
1761.197810204368,509.0,261.740239715922,29.91690939952988,13.634643117728311,real,0.3
1761.2892211613528,517.0,222.28602130088905,25.407292234691614,13.635288257977637,real,0.3
1761.4739086050563,536.0,233.30438819622103,26.666691570828064,13.636656314393816,real,0.3
1761.563454032307,547.0,225.9663787156848,25.82795708720277,13.637298752019476,real,0.3
1761.76493124362,532.0,238.64547931886025,27.277178286145727,13.63882534363436,real,0.3
1761.8498128465344,539.0,230.55070150754736,26.35194518231266,13.639446675675192,real,0.3
1761.8507456114016,526.0,228.8686688560112,26.15968885024208,13.639453453685942,real,0.3
1761.9514842170586,527.0,248.4611331589378,28.39910752006659,13.640248144378573,real,0.3
1761.9552152765273,539.0,250.40112124813777,28.620848158662145,13.640277807180386,real,0.3
1762.0251726415663,545.0,223.93945137422585,25.59627929207401,13.640775209473183,real,0.3
1762.496218899498,541.0,224.4602482151332,25.655806370989723,13.644132173802427,real,0.3723614904222871
1762.501815488701,517.0,232.9889760108932,26.63063995804509,13.644173574011331,real,0.37434631397752566
1762.59509197542,525.0,235.740243685038,26.94510985319984,13.6448717254506,real,0.4076429272003976
1762.59509197542,527.0,224.42589318718905,25.651879591295707,13.6448717254506,real,0.4076429272003976
1762.59509197542,531.0,227.050756704418,25.951901491314977,13.6448717254506,real,0.4076429272003976
1762.8758542004448,536.0,240.2476501986996,27.460306417711365,13.647013341208847,real,0.4998068336035583
1762.8758542004448,532.0,229.0455013203997,26.179900800921686,13.647013341208847,real,0.4998068336035583
1762.8879801437183,538.0,253.2374820642142,28.94504419993968,13.647110837309963,real,0.49990384114974623
1762.9570047438904,545.0,253.3663536303731,28.959774219951647,13.647666097542356,real,0.5
1763.0586761144143,525.0,254.39199771672716,29.077005339021916,13.648487291704454,real,0.5
1763.4317820612907,514.0,229.7785192143416,26.26368474619925,13.651209274194924,real,0.5
1763.5306551372128,532.0,226.56790419664705,25.89671144967676,13.651920520727506,real,0.5
1763.5334534318145,547.0,230.229588007552,26.31524190926319,13.651940975671778,real,0.5
1763.6388558618069,523.0,232.80652647128124,26.60978597566745,13.652720069033837,real,0.5
1763.713477051182,535.0,244.03319147761653,27.89299378589157,13.653298238025933,real,0.5
1763.7153425809165,535.0,238.93509991868743,27.31028192070597,13.65331239028787,real,0.5
1763.8207450109094,530.0,247.07066226794004,28.240176697225547,13.654139218967678,real,0.5
1763.88697131648,528.0,254.31054789135305,29.06769562398165,13.654673953993408,real,0.5
1764.0921795872616,519.0,256.6045352828774,29.329898382832887,13.656345825584893,real,0.5
1764.3710762825517,505.0,260.7127791375849,29.799470655425957,13.658654429442445,real,0.5
1764.5529654316542,517.0,241.6562656705974,27.621311166149283,13.66004998966053,real,0.5
1764.6471746832406,524.0,233.308028824571,26.667107694648465,13.660747847509942,real,0.5
1764.6481074481076,539.0,234.54261153109988,26.808220498004715,13.660754793556116,real,0.5
1764.6481074481076,527.0,240.52327793453583,27.49181066791745,13.660754793556116,real,0.5
1764.74698052403,523.0,251.33839026012703,28.72797800673252,13.661543800097938,real,0.5
1764.824400008007,519.0,282.7391130971157,32.31708062700032,13.662238792238432,real,0.5
1764.8318621269443,535.0,241.43659278022847,27.59620255478012,13.662295993945568,real,0.5
1765.2991773254073,542.0,258.94252923686975,29.59713109177421,13.666137990942817,real,0.5
1765.303841149743,539.0,258.7899849281836,29.57969527729139,13.666176311638004,real,0.5
1765.3924538121264,534.0,246.78282405198877,28.207276789142316,13.666870623275466,real,0.5
1765.5799395504318,513.0,233.37138598612896,26.674349418214543,13.668259806635048,real,0.5
1765.6732160371507,524.0,233.98415128733305,26.744388492142168,13.668952757356712,real,0.5
1765.7664925238698,547.0,239.2917449268388,27.351046445137676,13.66966142666796,real,0.5
1765.7702235833383,539.0,250.65759540221697,28.6501631544734,13.669691119851992,real,0.5
1766.3308152685204,513.0,263.2235165477667,30.08644794140973,13.674376178894384,real,0.5
1766.4240917552395,527.0,257.179635964543,29.39563239074727,13.675137823703912,real,0.5
1766.5108388878884,532.0,232.99416767569977,26.631233365332484,13.675779541240953,real,0.5
1766.51363718249,520.0,235.0955729907296,26.87142399284039,13.675800428507811,real,0.5
1766.6087791989437,505.0,253.55234779237696,28.981033352668685,13.676566349050058,real,0.5
1766.6973918613269,529.0,238.6488297829838,27.27756124419505,13.677237776084825,real,0.5
1767.2607818411102,520.0,267.0604580509462,30.52501035522315,13.682014855242302,real,0.5
1767.445469284814,520.0,255.3671018315618,29.188459739347515,13.683512283579775,real,0.5
1767.5471406553377,524.0,258.33553973813093,29.527752192068363,13.684346207755848,real,0.5
1767.7225004503698,527.0,235.8068497300792,26.952722924148052,13.685659103302386,real,0.5
1767.725298744971,528.0,234.85968066936903,26.84446150050888,13.68567996961119,real,0.5
1768.378234152005,519.0,277.011831200685,31.66245230623829,13.691422618551265,real,0.5
1768.4827038171304,526.0,264.11483186971805,30.18832528270877,13.692298664171537,real,0.5
1768.5638543605762,510.0,260.0351686301455,29.72201977442563,13.692968652520705,real,0.5
1768.658063612162,531.0,237.4066361953364,27.13557851712695,13.693678769893882,real,0.5
1769.310999019196,499.0,279.9696779585691,32.000534190664446,13.699482737065296,real,0.5
1769.589895714486,525.0,254.9365617184062,29.13924900441383,13.701740192690451,real,0.5
1769.6831722012053,537.0,256.95688511011696,29.370171968086368,13.702501177816986,real,0.5
1770.3473007866453,517.0,280.568926070806,32.06902824989313,13.708417277363663,real,0.5
1770.3482335515127,535.0,253.9873442209133,29.030753444450387,13.708424799271132,real,0.5
1771.4554254488685,540.0,279.8392068047247,31.98562133778003,13.71826208282032,real,0.5
1783.4377229328054,495.0,258.8626981570842,29.58800639935472,13.816743275774126,real,0.5
1784.3714205648637,526.0,259.05726023900473,29.61024484531824,13.824423002300996,real,0.5
1784.593418603255,499.0,259.6953393536849,29.683177288126185,13.826253448726328,real,0.5
1784.788366460498,527.0,260.93826932180446,29.82524418348225,13.827868550794472,real,0.5
1785.3079164915234,528.0,260.6403426295764,29.79119116256058,13.832167999209137,real,0.5
1785.526183470446,503.0,259.73620848336475,29.68784862964859,13.83396796505111,real,0.5
1785.5373766488522,547.0,260.58684090170703,29.785075915065114,13.834060573292376,real,0.5
1785.8172061090097,531.0,261.4113283462665,29.87931482997826,13.83638310455314,real,0.5
1785.9104825957288,520.0,261.51484575363526,29.89114686964051,13.83715758820981,real,0.5
1786.2360175343786,543.0,253.03171289293755,28.92152478366276,13.839772856764284,real,0.5
1786.4720070457777,510.0,252.58180126873395,28.870099885016288,13.841665368088146,real,0.5
1786.747172681599,516.0,262.3779111359211,29.989795242835783,13.843957635053744,real,0.5
1787.0279349066236,505.0,262.80754724472627,30.038902650072213,13.846300354260778,real,0.5
1787.1743789907728,546.0,262.1139724535401,29.95962705143964,13.847519079301057,real,0.5
1787.3917132048284,531.0,262.6231715838641,30.017828512035667,13.849331274069757,real,0.5
1787.3991753237658,535.0,261.76716162504766,29.919986573742943,13.849393292541537,real,0.5
1787.5866610620712,531.0,251.70713362036733,28.770125372807986,13.850891622596166,real,0.5
1787.67993754879,534.0,261.15475628283133,29.849988643127624,13.851665039837618,real,0.5
1787.865557757361,529.0,262.8821326075082,30.047427757038182,13.853214320339642,real,0.5
1787.8664905222286,531.0,262.06122252348314,29.953597734434123,13.853222081357313,real,0.5
1788.064236674073,529.0,252.54341159852453,28.865711945711357,13.854807660095512,real,0.5
1788.1006145038934,522.0,251.46334742116215,28.74226061023884,13.855098099280273,real,0.5
1788.180832282472,528.0,250.75127007769984,28.660870169881093,13.85573674131837,real,0.5
1788.5166276346606,531.0,260.9924855794247,29.83144110172824,13.858519313338109,real,0.5
1788.6127024159814,529.0,255.52431991408264,29.20642976617965,13.85929875815837,real,0.5
1788.615500710583,513.0,259.9947417293242,29.717398979661752,13.859321857613132,real,0.5
1788.8934646410055,515.0,263.5152131790409,30.119788866364377,13.86164747286224,real,0.5
1788.9923377169282,539.0,264.1276793293349,30.189793747342986,13.862476627798149,real,0.5
1789.274965471687,525.0,252.9278851195986,28.90965726917012,13.864746258777268,real,0.5
1789.4512580315863,534.0,259.8100764444931,29.696291737605566,13.866200490802251,real,0.5
1789.6387437698918,517.0,258.9023502287859,29.59253863115023,13.867741651622694,real,0.5
1789.734818551212,513.0,257.26553954392074,29.40545116987014,13.868526407814574,real,0.5
1789.8318260974004,520.0,263.9839154224085,30.17336153278129,13.869339475526392,real,0.5
1789.9213715246506,526.0,264.1437908787623,30.191635297442527,13.870090454104751,real,0.5
1789.977337416682,521.0,241.6018390584841,27.61509020438473,13.8705197605372,real,0.5
1790.0967313196827,541.0,253.31542390790537,28.953952952673585,13.871480017606734,real,0.5
1790.3840228987774,530.0,253.8911757343269,29.019761386433565,13.873795887904972,real,0.5
1790.3868211933789,546.0,250.77795650191595,28.663920428168996,13.87381816848658,real,0.5
1790.4884925639026,532.0,257.4955272613996,29.43173876597797,13.874649381046924,real,0.5
1790.577105226286,504.0,258.8453729448174,29.58602612759263,13.875377630087064,real,0.5
1790.7496667267162,539.0,241.7473553227642,27.631722713391948,13.87670212217898,real,0.5
1790.7589943753878,513.0,253.12702246826225,28.932418668122374,13.876777086466914,real,0.5
1790.924093756881,530.0,245.2561313515463,28.03277581348174,13.87806269589701,real,0.5
1790.9502111731624,520.0,261.7093755955023,29.913381630565915,13.878279712630462,real,0.5
1791.0434876598815,549.0,261.7652163781409,29.919764232021503,13.879054937766858,real,0.5
1791.3251826497733,542.0,251.8284266095118,28.7839891614672,13.881307244860158,real,0.5
1791.407265958086,521.0,239.54726126725745,27.380251962847527,13.8819315397667,real,0.5
1791.5966172261258,530.0,255.72149507634185,29.22896688722587,13.883468912528809,real,0.5
1791.5966172261258,527.0,248.7493604247834,28.432051896552743,13.883468912528809,real,0.5
1791.6059448747978,537.0,263.5512482073845,30.12390767010405,13.883546963980857,real,0.5
1791.6824315939073,528.0,249.4404869778958,28.51104766157349,13.884152718562524,real,0.5
1791.691759242579,518.0,254.78896400081845,29.12237858529355,13.884228175039173,real,0.5
1791.861522448408,521.0,248.10889773678684,28.358847011314737,13.885565477478686,real,0.5
1791.87737945115,528.0,263.6110064416895,30.130738036285106,13.885698195033036,real,0.5
1792.2486198682925,532.0,246.29860635579615,28.151930706467503,13.888601287949376,real,0.5
1792.2486198682925,540.0,249.16323891704707,28.47935820821848,13.888601287949376,real,0.5
1792.4342400768635,520.0,255.31063138156168,29.1820051669125,13.890105946250934,real,0.5
1792.6235913449032,524.0,253.26802462854576,28.94853521504278,13.891628568987285,real,0.5
1792.6235913449032,534.0,247.0540980547798,28.238283407661328,13.891628568987285,real,0.5
1792.6338517584422,537.0,262.62111135933145,30.017593028371586,13.891714122575594,real,0.5
1792.7289937748956,553.0,251.6436263716844,28.76286649428353,13.892474277330384,real,0.5
1792.789623491263,524.0,252.18676002878925,28.82494667129061,13.89295973520288,real,0.5
1792.8017494345363,536.0,247.7267595787636,28.315168619852678,13.89305510968301,real,0.5
1792.993898997178,521.0,254.10481180951035,29.044179989827036,13.894605339261432,real,0.5
1793.3679377089215,527.0,249.20242050841577,28.483836664111923,13.89756479969792,real,0.5
1793.3688704737888,528.0,245.20776236786608,28.02724723864709,13.897572061595572,real,0.5
1793.374467062992,526.0,252.36171196547932,28.84494367765429,13.897616904179005,real,0.5
1793.4612141956409,553.0,249.36901642896143,28.50287857783029,13.898303721675912,real,0.5
1793.5535579174923,525.0,246.53732170609047,28.17921587100614,13.89902654769602,real,0.5
1793.6486999339463,534.0,255.49195016879696,29.20272990429349,13.899798327309648,real,0.5
1793.7242538881883,509.0,298.7446243299456,34.14651056091279,13.900514967280882,real,0.5
1793.7475730098683,532.0,267.0090274012487,30.519131831962728,13.900712655988867,real,0.5
1793.9266638643692,539.0,296.7225571359844,33.915388280643015,13.90239986039662,real,0.5
1794.3007025761126,523.0,257.88148325607176,29.475853536169005,13.905462391031122,real,0.5
1794.3044336355815,503.0,249.2658917360027,28.491091425425108,13.905491919352356,real,0.5
1794.393979062832,528.0,249.51069128575165,28.519072013961413,13.906201295043545,real,0.5
1794.394911827699,528.0,254.92008828852212,29.13736609137808,13.90620884457449,real,0.5
1794.4863227846836,535.0,243.57937818179977,27.841122926179715,13.906915784488437,real,0.5
1794.5842630957388,548.0,246.16550640046253,28.13671738157287,13.907681261947443,real,0.5
1794.593590744411,524.0,252.84405670625503,28.900075681524957,13.907756142434264,real,0.5
1794.655153225645,519.0,262.3144876388475,29.982545937120268,13.908268864634714,real,0.5
1794.8650253207632,516.0,261.4572951125781,29.884568831367684,13.910011069377028,real,0.5
1795.059040413139,530.0,290.96098112798626,33.25684014292883,13.91180338296382,real,0.5
1795.3267439300232,533.0,265.4524616825534,30.341216370315852,13.914059619166288,real,0.5
1795.420953181609,523.0,249.86750350706615,28.559855650857664,13.914807008784695,real,0.5
1795.429348065414,536.0,243.0124078556693,27.776318217903,13.91487178071913,real,0.5
1795.51702796293,533.0,248.85892296550003,28.44457489495665,13.915564563333485,real,0.5
1795.51702796293,528.0,247.8909665258992,28.33393747391028,13.915564563333485,real,0.5
1795.5179607277971,519.0,255.03963064803557,29.151029783070463,13.915572116404714,real,0.5
1795.5925819171723,523.0,279.3561046077428,31.930402756665,13.916233973246642,real,0.5
1796.0720230589088,504.0,264.4611187902549,30.227905877726133,13.920259668165064,real,0.5
1796.1662323104947,530.0,273.0360743393978,31.20802329699317,13.92107635830903,real,0.5
1796.1708961348309,528.0,286.0239849214094,32.69254147651709,13.921118711717517,real,0.5
1796.3462559298628,530.0,279.4402769735668,31.94002365807868,13.92267454394029,real,0.5
1796.3537180488,533.0,250.5258779089366,28.63510784499145,13.922733899101548,real,0.5
1796.5272123140978,532.0,277.92544847998766,31.76687876126259,13.924264835571403,real,0.5
1796.5402710222386,527.0,246.8079105804342,28.21014417934363,13.924367165582362,real,0.5
1796.6326147440902,528.0,247.4525609961241,28.283827721856984,13.925092675004596,real,0.5
1796.7249584659423,514.0,280.18733412931255,32.02541229098043,13.925914159939262,real,0.5
1796.7258912308098,522.0,241.8290073501705,27.64105554012449,13.925921321774126,real,0.5
1796.9105786745135,529.0,278.55685920846383,31.839049007527414,13.92755473082167,real,0.5
1797.0075862207011,521.0,266.9937358776022,30.51738401080993,13.928377068749157,real,0.5
1797.196937488741,537.0,278.0729574068464,31.783739031602543,13.930048816329348,real,0.5
1797.382557697312,521.0,281.73610362370016,32.20243664418893,13.9317092116089,real,0.5
1797.4441201785469,530.0,281.65968523083234,32.193702021884135,13.9322597461024,real,0.5
1797.470237594828,529.0,247.9241502997224,28.33773037925827,13.932465331741504,real,0.5
1797.4721031245624,535.0,245.48219100618095,28.05861443200649,13.932479871791374,real,0.5
1797.6567905682666,537.0,283.4566663523542,32.39909696407408,13.934142012457102,real,0.5
1797.6586560980008,535.0,246.1052115822569,28.12982568385197,13.934156589408833,real,0.5
1797.875990312056,507.0,280.3077021631964,32.03917035725335,13.936090813827882,real,0.5
1797.9403510878922,540.0,277.90724628894776,31.76479825082673,13.936658704677798,real,0.5
1798.1278368261976,543.0,268.4927697785519,30.68872358568849,13.938256954121997,real,0.5
1798.2183150183157,523.0,270.2246821763035,30.886681172751484,13.939033223864506,real,0.5
1798.2220460777842,530.0,289.33212116932384,33.07066144965371,13.939067498476875,real,0.5
1798.3600952781285,519.0,305.2410985007356,34.88905755863408,13.940405389170415,real,0.5
1798.4981444784726,509.0,250.74710165537067,28.660393719208862,13.941504429291104,real,0.5
1798.5876899057228,521.0,305.37668955894566,34.90455561658749,13.94237263577601,real,0.5
1798.591420965192,523.0,245.99775315697076,28.117543185841757,13.942401776949833,real,0.5
1798.7761084088957,524.0,284.76570364087013,32.548719926151456,13.944071593582883,real,0.5
1798.7854360575673,518.0,279.4162205905636,31.937274013501412,13.944154343491642,real,0.5
1798.8833763686223,521.0,278.2174224660437,31.800251387868794,13.945019489745132,real,0.5
1799.1510798855063,528.0,272.353312525879,31.129983621707968,13.947334380327376,real,0.5
1799.2909946155853,520.0,294.8801337701625,33.704799289929575,13.9486443241871,real,0.5
1799.3367000940775,533.0,265.3967153757674,30.33484456745022,13.949029454349862,real,0.5
1799.4309093456636,552.0,251.9368405246309,28.79638087196531,13.949783033652734,real,0.5
1799.4309093456636,535.0,294.2992964401094,33.638409583104504,13.949783033652734,real,0.5
1799.5213875377813,539.0,295.38041693192645,33.76198165531919,13.950631567836757,real,0.5
1799.7172681598915,530.0,289.8593715273997,33.13092616558178,13.952434264066868,real,0.5
1799.9010228387283,522.0,282.5717552382278,32.29795162372944,13.954082847324564,real,0.5
1799.9942993254472,531.0,279.99779420283994,32.003747877384605,13.954912068758963,real,0.5
1800.0773153986272,531.0,305.3683963722165,34.90360770534435,13.95571694666216,real,0.5
1800.0838447526976,523.0,277.52065740064444,31.720611140893656,13.95577447863479,real,0.5
1800.178986769151,536.0,263.8400817417836,30.156921343085862,13.95657147594218,real,0.5
1800.227490542245,514.0,295.85129262236086,33.81580274673585,13.95702708539313,real,0.5
1800.4560179347068,526.0,295.8710263038396,33.81805830652886,13.959173850027272,real,0.5
1800.638839848676,534.0,294.3118767928979,33.63984751742823,13.960882211501932,real,0.5
1800.6397726135435,525.0,302.5022304509042,34.576004940538354,13.960891170191562,real,0.5
1800.7433095138017,526.0,293.0396098543667,33.49442740635411,13.961854478299776,real,0.5
1800.837518765388,527.0,283.34832927978545,32.38671403667948,13.962702013880538,real,0.5
1800.9168037790994,520.0,296.21347276002643,33.85719993647102,13.9634476718142,real,0.5
1801.111751636342,540.0,278.3458499545667,31.81493064980697,13.96517051974712,real,0.5
1801.1201465201468,518.0,277.97750605689777,31.772828942303413,13.965244611193542,real,0.5
1801.149994995897,531.0,288.4928709564154,32.97473515031828,13.965518012744235,real,0.5
1801.2992373746474,532.0,262.454249286878,29.99852069349016,13.966761637907371,real,0.5
1801.663015672852,519.0,287.1288482883041,32.81882735935316,13.970077964897888,real,0.4107351107906772
1801.666746732321,529.0,292.53157261296394,33.43635874966178,13.97011261852092,real,0.4071906042952011
1801.666746732321,519.0,293.0594318475319,33.4966930601729,13.97011261852092,real,0.4071906042952011
1801.7590904541728,542.0,297.7400861448799,34.03169184635977,13.970985566600366,real,0.32016405852764107
1801.7665525731104,517.0,294.6005302089428,33.67284060288216,13.971055364028574,real,0.31323921215353245
1801.8551652354931,521.0,280.01911937074414,32.00618534407605,13.971843184388591,real,0.23165831381723853
1802.0445165035333,516.0,274.98107469473143,31.430336837607804,13.97349634387057,real,0.05764481674936418
1802.0995496306973,514.0,285.2821926734235,32.6077546225723,13.97399481795576,real,0.0066179427128114365
1802.1396585199864,544.0,273.83106102370454,31.29889027500943,13.974343530101567,real,0.3659027762758864
1802.3196821393549,533.0,285.2543714123572,32.604574652432426,13.975973972750705,real,0.29966260333409234
1802.599511599512,529.0,284.49912544521135,32.518250038387656,13.978501629515568,real,0.030472771672325025
1802.692788086231,521.0,286.7875281862456,32.77981447168787,13.97935095894035,real,0.0
1802.7869973378176,537.0,293.96468206586184,33.600163160128005,13.980230249558266,real,0.0
1802.7972577513567,520.0,298.16819544922123,34.08062473984599,13.980327383253684,real,0.0
1802.8802738245363,536.0,289.8227911938708,33.12674503345943,13.981091286667548,real,0.0
1802.9763486058573,519.0,278.31609004796326,31.8115290924822,13.981940254917836,real,0.0
1803.0705578574436,522.0,273.20484037958016,31.22731325538601,13.98275744986529,real,0.0
1803.438999979984,536.0,286.40251377640567,32.73580732464317,13.986107797180225,real,0.0
1803.623687423688,534.0,283.9172578641748,32.45174257387517,13.987772638674588,real,0.0
1803.623687423688,537.0,281.65461957150933,32.19312301702352,13.987772638674588,real,0.0
1803.8195680457984,518.0,290.1256767780126,33.16136485572684,13.989576991112912,real,0.0
1803.8232991052669,524.0,301.34170052137694,34.44335636959338,13.989612688393722,real,0.0
1803.9100462379156,530.0,293.08715819951635,33.49986218220472,13.990419915334952,real,0.0
1803.921239416322,520.0,281.7590401963328,32.20505829444083,13.990520047824695,real,0.0
1804.46970515823,542.0,285.4362522916711,32.625363636938005,13.995490574011408,real,0.0
1804.556452290879,504.0,290.25318810846375,33.175939400797404,13.996289995571397,real,0.0
1804.7458035589189,520.0,290.3127339168362,33.18274548669437,13.998035327497773,real,0.0
1804.7467363237856,523.0,294.8083977933463,33.69659986777948,13.99804405833235,real,0.0
1804.8390800456375,500.0,295.4590772734332,33.77097253235341,13.998910318691852,real,0.0
1804.9323565323568,514.0,305.49728255336106,34.918339395849166,13.999815057586549,real,0.0
1805.5880902339925,534.0,289.9341350547621,33.13947163675931,14.005851354366165,real,0.0
1805.5899557637265,528.0,290.4239092024436,33.195452821839304,14.005868556339577,real,0.0
1805.6776356612424,544.0,294.362648188161,33.6456506879068,14.00668801389629,real,0.0
1805.67856842611,543.0,285.66078571599445,32.65102780733817,14.006696473821744,real,0.0
1805.9565323565323,532.0,294.51001959324606,33.662495239508026,14.009295629234131,real,0.0
1806.6150643527697,531.0,288.70127447653954,32.998555672668466,14.015331908328596,real,0.0
1806.7074080746215,529.0,284.73634826613414,32.545364606819135,14.016166730577714,real,0.0
1806.7158029584264,501.0,295.2132330550512,33.74287253819235,14.016245415992769,real,0.0
1806.796953501872,514.0,289.82138750487144,33.126584591806804,14.016992149421135,real,0.0
1807.6401729418128,529.0,284.6917810800882,32.54027057745408,14.024613979624425,real,0.0
1807.7297183690632,534.0,291.47381311730487,33.31545683930795,14.025442659295734,real,0.0
1807.822994855782,531.0,291.9600759903067,33.371036685692054,14.026307307368016,real,0.0
1808.753894193239,519.0,286.8060378786453,32.78193012952916,14.03478416210083,real,0.0
1808.8490362096925,537.0,291.18191095552817,33.28209242221687,14.035663752485508,real,0.0
1809.595248103445,543.0,286.5110581588005,32.748213947550894,14.042451837692962,real,0.0
1821.6960067255156,537.0,286.85032447771283,32.786992087802574,14.152659470248024,real,0.0
1821.9002822314303,538.0,288.1695115710825,32.93777517257473,14.154528464883326,real,-0.06631176364636696
1822.6241077683703,522.0,309.6593154642236,35.394059757560754,14.161644888302355,real,-0.049505598590945714
1822.9281891150747,539.0,307.79289673297984,35.18072809657959,14.164616500296146,real,-0.166468241958511
1823.544746692288,529.0,306.0458307408881,34.98103845368351,14.170607562606538,real,-0.3
1823.7676774955469,533.0,306.80182572157827,35.067448679976394,14.172779122190557,real,-0.3
1823.853491863328,532.0,286.9184196623152,32.79477536740262,14.173560861889078,real,-0.3
1824.140783442423,527.0,306.6647156117541,35.05177699442349,14.176358106434304,real,-0.3
1824.2349926940092,519.0,291.7729609102506,33.349649432041645,14.17723084129921,real,-0.3
1824.4644528513384,527.0,295.88984050991246,33.820208770283,14.179386505306246,real,-0.3
1824.700442362738,538.0,295.79081841795886,33.808890545172694,14.181602767406444,real,-0.3
1825.077279369083,537.0,294.88531971718174,33.705392043673875,14.185130944916285,real,-0.3
1825.077279369083,524.0,305.6223485231321,34.93263443619399,14.185130944916285,real,-0.3
1825.4037470726,535.0,294.28468677527815,33.63673969841429,14.188181308572712,real,-0.3
1825.6360055245304,525.0,293.90215120467826,33.59301588269472,14.190348603535098,real,-0.3
1825.7096939490384,542.0,304.29038074937165,34.78039051965318,14.191060523585424,real,-0.3
1826.0044476470707,524.0,300.8411832049251,34.386147240322934,14.193875924713248,real,-0.3
1826.1937989151104,543.0,305.00506510180503,34.86207894113632,14.195709585506028,real,-0.3
1826.1937989151104,532.0,298.4392011120407,34.11160068710625,14.195709585506028,real,-0.3
1826.337444704658,528.0,300.5632522970718,34.354379737555305,14.19708038050653,real,-0.3
1826.6331311675576,519.0,296.7831640275567,33.92231564834973,14.199866594264147,real,-0.3
1826.658315818972,527.0,303.0221238325376,34.63542875405905,14.200108894597411,real,-0.3
1826.8448687924104,526.0,298.2109428231403,34.08551076468493,14.201875214981946,real,-0.3
1826.8504653816133,515.0,303.90720751532723,34.736593819001904,14.201929216772475,real,-0.3
1826.9446746332,526.0,299.43605348911666,34.22554091380604,14.202824873048762,real,-0.3
1827.1265637823017,520.0,310.2486971799121,35.46142608766395,14.20461655322016,real,-0.3
1827.2655457475132,534.0,300.53963832037255,34.35168066001858,14.20594273768862,real,-0.3
1827.31311675574,541.0,309.7473536762539,35.404122525195824,14.20641057374526,real,-0.3
1827.497804199444,516.0,300.8009246468358,34.38154568713333,14.208174418129577,real,-0.3
1827.591080686163,545.0,307.081920217004,35.09946348080356,14.209083849973805,real,-0.3
1827.78136471907,527.0,302.887600063218,34.620052687225815,14.210913750875132,real,-0.3
1827.9697832222423,518.0,301.7064559070349,34.48504791017409,14.212718645627648,real,-0.3
1828.0574631197585,536.0,311.93792299789465,35.65450459865936,14.213587029880204,real,-0.3
1828.0593286494927,524.0,304.6039552780744,34.816232088283904,14.213605071745814,real,-0.3
1828.1535379010795,527.0,302.41168839628574,34.56565598369546,14.21450962857382,real,-0.3
1828.1544706659463,524.0,314.0459899885658,35.89545665569307,14.21451892913517,real,-0.3
1828.203907203908,520.0,303.6883265329812,34.71157572271975,14.214995601393756,real,-0.3
1828.430569066635,535.0,304.30452802270634,34.78200755299533,14.21718553323302,real,-0.3
1828.7103985267925,525.0,308.827584577838,35.298992917246885,14.219929338269726,real,-0.3
1828.899749794832,514.0,307.6013957501277,35.1588395342396,14.221778607949895,real,-0.3
1828.992093516684,534.0,304.3110127701099,34.782748759623566,14.222670821415644,real,-0.3
1828.992093516684,516.0,306.7201520254318,35.05811337650685,14.222670821415644,real,-0.3
1829.0863027682703,516.0,305.1036635593992,34.873348744839326,14.223583430328302,real,-0.3
1829.270990211974,540.0,315.11507870771635,36.01765349629198,14.2254312104262,real,-0.3
1829.3605356392245,516.0,302.5484674251685,34.58128982669676,14.2262913760852,real,-0.3
1829.3642666986932,505.0,313.85634066231506,35.87377973770261,14.226328555864528,real,-0.3
1829.456610420545,534.0,301.4692997155422,34.45794095748647,14.22721243767435,real,-0.3
1829.5582817910688,525.0,300.6983241500879,34.36981845035505,14.228183111715044,real,-0.3
1829.6534238075224,526.0,303.44696690859604,34.68398831765253,14.229099751878156,real,-0.3
1829.923925619008,525.0,305.26090398415585,34.891321325389015,14.23172146455139,real,-0.3
1830.0638403490868,530.0,301.374959814575,34.44715790680592,14.23306026032931,real,-0.3
1830.110478592446,543.0,300.34041281880985,34.328909185189964,14.233504993668433,real,-0.3
1830.110478592446,520.0,301.2371021365642,34.43140077420929,14.233504993668433,real,-0.3
1830.2037550791647,513.0,310.49768870251825,35.48988581869784,14.234424541408217,real,-0.3
1830.293300506416,532.0,300.050439464793,34.29576523082584,14.235277605005573,real,-0.3
1830.388442522869,534.0,299.5349409089903,34.23684374589759,14.236182427880848,real,-0.3
1830.6720030424956,520.0,300.3560639491206,34.330698109384485,14.238886547490576,real,-0.3
1830.6748013370968,518.0,297.77883104760764,34.03612038874155,14.238913003905,real,-0.3
1830.856690486199,538.0,303.2313975018096,34.65934873445684,14.24066415930771,real,-0.3
1831.0087311595512,518.0,294.10681456394667,33.6164089046591,14.24208389859814,real,-0.3
1831.043243459637,522.0,300.28202201056035,34.32223511580705,14.242412937286456,real,-0.3
1831.133721651755,537.0,301.60807961111544,34.47380349955049,14.243279361568694,real,-0.3
1831.2279309033413,528.0,295.3996725596657,33.76418257356979,14.24416294444944,real,-0.3
1831.296955503513,510.0,300.39178952135325,34.33478154229068,14.24482126238498,real,-0.3
1831.695246101804,545.0,298.44463344266165,34.11222160249623,14.248595311593611,real,-0.3
1831.795051942593,523.0,301.671772270036,34.48108357046512,14.24955125979836,real,-0.3
1831.8929922536483,524.0,306.8784642083813,35.07620845901798,14.250505530567,real,-0.3
1831.9284373186013,531.0,302.58546658445346,34.58551883060303,14.250846054445164,real,-0.3
1832.072083108149,534.0,301.3131163253283,34.440089195985024,14.252220269390898,real,-0.3
1832.2017374246889,548.0,301.26493629530995,34.43458221855393,14.253460433897253,real,-0.3
1832.2203927220328,511.0,304.24590203050315,34.77530660208651,14.25364064047639,real,-0.3
1832.229720370704,536.0,304.18395676029587,34.76822625770182,14.253730725420686,real,-0.3
1832.2511739626495,535.0,303.1451619798144,34.64949201429279,14.253937213215908,real,-0.3
1832.4405252306892,536.0,298.57012125007645,34.12656485888374,14.255732187751985,real,-0.3
1832.4405252306892,527.0,297.6421252941858,34.02049492112544,14.255732187751985,real,-0.3
1832.4498528793613,537.0,300.67535148071187,34.367192674245366,14.255821233612847,real,-0.3
1832.5338017174088,514.0,301.51898783387713,34.46362030941216,14.256624894968366,real,-0.3
1832.7222202205808,545.0,301.4822428202798,34.45942035435798,14.258428448413746,real,-0.3
1832.72595128005,512.0,301.1902573725937,34.426046417687466,14.258464127754428,real,-0.3
1832.8677315398631,517.0,301.7323931295688,34.48801253470971,14.259822383137095,real,-0.3
1832.917168077824,525.0,307.71350452827784,35.171653567582155,14.260305373355637,real,-0.3
1833.092527872856,547.0,300.6473565750066,34.363992856523254,14.26197927967336,real,-0.3
1833.3723573330133,525.0,300.7386321893228,34.3744256592396,14.264651217722095,real,-0.30366660261417777
1833.4665665846,528.0,298.9535555402091,34.1703913982459,14.26554543077766,real,-0.32191211593520613
1833.475894233272,542.0,301.8700019180212,34.503741219229816,14.26563483043765,real,-0.3238895774536385
1833.559843071319,525.0,301.78222443074776,34.493708252434466,14.266439193417575,real,-0.34204578954754017
1833.654052322905,516.0,300.5613429943197,34.35416150425074,14.267338215596515,real,-0.36247530174747083
1833.7501271042256,524.0,304.9122521705342,34.85147042309206,14.268268312096406,real,-0.38332847134653714
1833.7948998178515,542.0,304.38467916211937,34.79116882823024,14.268701005162695,real,-0.39335755919874543
1833.8406052963437,529.0,304.5965065198729,34.81538069522147,14.269143020060907,real,-0.4021337957126331
1834.1185692267663,547.0,304.594336530459,34.81513266543146,14.271831173148096,real,-0.4488911687584309
1834.3965331571892,535.0,303.8256083576946,34.72726703528449,14.274512541936422,real,-0.47010878520388594
1834.4916751736428,522.0,303.7493059404837,34.71854566899729,14.275430095392888,real,-0.48188457535184204
1834.4926079385104,529.0,300.2453645194139,34.31804516456901,14.27543898724479,real,-0.48202075902252406
1834.586817190096,519.0,299.2891452280104,34.20874929956159,14.276334204097346,real,-0.3536573870562558
1834.5933465441665,521.0,302.80842326115595,34.61100277875013,14.276396978400644,real,-0.328963369962054
1834.682891971417,573.0,301.49655403854604,34.46105612660581,14.277254153399078,real,-0.32220201765453677
1834.6959506795577,538.0,301.45413338678924,34.45620744611001,14.277379140498155,real,-0.32510105086178837
1834.7267319201749,537.0,303.2166108472665,34.657658619842564,14.277675475422935,real,-0.33193448627881655
1835.048535799356,522.0,303.3010836277361,34.66731385865023,14.280774385445298,real,-0.3821305870814996
1835.2434836565988,544.0,302.960333611086,34.62836613174712,14.282649587050075,real,-0.3933305750715675
1835.4235072759664,539.0,301.5910787579285,34.47186030203123,14.28437340623283,real,-0.39939327648671896
1835.5186492924204,547.0,303.5725505852665,34.69834253189596,14.285290425753963,real,-0.4041411377329947
1835.6128585440067,546.0,300.13175743273257,34.30505987456133,14.286188162980745,real,-0.41488308412909464
1835.614724073741,513.0,305.4881446133635,34.917294929307445,14.286206257217392,real,-0.4151852999460391
1835.615656838608,517.0,306.20798437243144,34.99957261376891,14.286215325653972,real,-0.41533640785449294
1835.6632278468344,518.0,300.0721355134028,34.29824508918194,14.286668548459334,real,-0.4237572149162108
1835.8022098120464,519.0,300.58911647728985,34.35733601335423,14.287994951258938,real,-0.4533463820333794
1835.970107488141,531.0,306.23221378488006,35.00234203561179,14.289627399004948,real,-0.4724434396205083
1836.1697191697197,522.0,305.1020658219821,34.87316612345255,14.291561035486025,real,-0.4789704517704658
1836.263928421306,549.0,305.6585346615734,34.93677051181784,14.292475304097906,real,-0.48220142316701614
1836.3609359674936,547.0,303.9308051418399,34.739291027712305,14.293411407814263,real,-0.48579369482977003
1836.362801497228,528.0,305.29303590279824,34.89499400368984,14.293429490494514,real,-0.48586085390021033
1836.450481394744,548.0,300.57893406654193,34.356172163805745,14.294266253176282,real,-0.4892182930002693
1836.4514141596117,543.0,305.80866767278326,34.953930714999125,14.29427530978699,real,-0.48925373806524136
1836.5959927140257,523.0,300.74346015280406,34.3749774954655,14.2956558332743,real,-0.4954996357012878
1836.729378090034,508.0,306.06490626899483,34.98321878654611,14.29695201377203,real,-0.5
1836.8263856362223,526.0,300.80574514949035,34.38209667058675,14.297878492336146,real,-0.5
1837.1006185071765,522.0,303.81600995175427,34.72616993748552,14.30052378602481,real,-0.5
1837.103416801778,530.0,300.6182341694411,34.360664165567115,14.300550494708434,real,-0.5
1837.196693288497,529.0,308.75118284394966,35.29026019906345,14.301464870121428,real,-0.5
1837.4802538081235,529.0,309.0714222430408,35.32686356237956,14.304247454507124,real,-0.5
1837.4905142216624,533.0,304.37412994177225,34.78996305234457,14.304346609898216,real,-0.5
1837.5306231109512,516.0,310.1846563372623,35.45410621934908,14.30474161679299,real,-0.5
1837.5697992353732,532.0,309.9145824016084,35.423236768503834,14.305127101551625,real,-0.5
1837.5707320002405,524.0,311.24430229983733,35.57522375287141,14.305136319140194,real,-0.5
1837.758217738546,530.0,310.94509867804334,35.54102477890035,14.306987273382084,real,-0.5
1837.852426990132,538.0,306.6688785278845,35.0522528157372,14.307904564077692,real,-0.5
1838.0408454933047,516.0,306.3254431337626,35.01299815018906,14.309737090939649,real,-0.5
1838.225532937009,525.0,307.4831261610385,35.145321320206705,14.3115401185932,real,-0.5
1838.314145599392,527.0,311.07485662241805,35.55585611194238,14.312415312780251,real,-0.5
1838.4130186753143,523.0,309.93968526321,35.4261060255849,14.31338828168878,real,-0.5
1838.4652535078767,537.0,305.12970829741863,34.87632565839495,14.313894325864108,real,-0.5
1838.5062951620332,521.0,309.262983284433,35.34875898941069,14.314297317958912,real,-0.5
1838.5967733541504,522.0,308.9351665441871,35.31128953600059,14.315184790636286,real,-0.5
1838.6051682379557,521.0,302.1034950349025,34.53042948248936,14.315265312564962,real,-0.5
1838.9717448307613,539.0,306.0777267909195,34.984684172202094,14.318827692099472,real,-0.5
1839.0650213174808,523.0,303.3060152066732,34.667877538122745,14.319725941493576,real,-0.5
1839.1601633339344,533.0,304.3881814771334,34.791569142836344,14.320645424839086,real,-0.5
1839.3457835425052,548.0,309.8513817812945,35.41601293760197,14.32247151586915,real,-0.5
1839.3914890209976,527.0,305.55597749706527,34.92504822791456,14.322914923102658,real,-0.5
1839.5267399267404,539.0,311.79123529719914,35.63773819446986,14.324253822094164,real,-0.5
1839.62001641346,545.0,306.10483961481526,34.98778316797338,14.325160360286386,real,-0.5
1839.6218819431936,538.0,312.85364365578454,35.75917146985617,14.325178890785732,real,-0.5
1839.6638563622173,528.0,312.7201745008614,35.74391594544846,14.325595649148356,real,-0.5
1839.910106287156,534.0,310.7941732184895,35.52377399887335,14.328025573226345,real,-0.5
1840.1862046878443,515.0,308.8972339980762,35.30695384598011,14.330733404751358,real,-0.5
1840.187137452712,520.0,308.584919190576,35.27125626348283,14.330742543581543,real,-0.5
1840.2776156448288,522.0,313.01055683683546,35.77710664645029,14.3316417235617,real,-0.5
1840.283212234032,550.0,308.92146130817616,35.309723027524534,14.33169661634355,real,-0.5
1840.325186653056,520.0,304.9094953332058,34.85115531658543,14.332102965509304,real,-0.5
1840.3671610720796,520.0,314.7217889005465,35.972700471332466,14.332522391399024,real,-0.5
1840.5966212294088,518.0,312.4195942039355,35.709559617509825,14.334798480612356,real,-0.5
1840.643259472768,534.0,303.6955583081988,34.71240231462713,14.335248182130892,real,-0.5
1840.833543505675,529.0,309.0224084083473,35.321261281074094,14.33711514658754,real,-0.5
1840.84193838948,539.0,311.23264173966044,35.573890950843186,14.33719810177671,real,-0.5
1840.8447366840812,535.0,313.2777302568728,35.807644568360566,14.33722593520407,real,-0.5
1841.118036790168,514.0,309.29363553978567,35.3522625421975,14.33990976217718,real,-0.5
1841.300858704138,520.0,308.42391852525367,35.252853887436494,14.341700038349568,real,-0.5
1841.394135190857,542.0,315.05509254505444,36.010797077899724,14.342633082970506,real,-0.5
1841.520058447928,526.0,308.1471836090547,35.221223086514954,14.343865074950802,real,-0.5
1841.7747032566708,540.0,307.9213538388108,35.19541074377607,14.346354610683438,real,-0.5
1841.858652094718,527.0,302.0624203679799,34.5257346480601,14.34715972049078,real,-0.5
1841.859584859585,518.0,304.9394985827649,34.85458468801003,14.347168751360794,real,-0.5
1841.8745090974603,525.0,309.7536428440312,35.40484137707276,14.347315526437084,real,-0.5
1842.048003362758,518.0,313.92025074683824,35.88108466036361,14.34904473822076,real,-0.5
1842.2317580415947,522.0,310.81113145786725,35.525712325634224,14.350858075959328,real,-0.5
1842.233623571329,530.0,311.6537468808183,35.62202326847753,14.350876535388108,real,-0.5
1842.882827918894,533.0,312.62611900401345,35.73316540215874,14.357320459369037,real,-0.5
1842.8856262134952,512.0,308.70279235767896,35.284729166482705,14.357347886332128,real,-0.5
1842.9798354650816,528.0,311.7149508729168,35.62901888477439,14.35828027055543,real,-0.5
1842.986364819152,522.0,316.0581089366742,36.125441851461865,14.358345791611208,real,-0.5
1843.088036189676,522.0,310.4814010137393,35.4880241358704,14.35934804606984,real,-0.5
1843.3855881823097,529.0,305.82398834400186,34.95568186771941,14.362237249623622,real,-0.5
1843.6486278748575,522.0,307.0343693972427,35.09402842210484,14.364801450303183,real,-0.5
1843.722316299366,542.0,307.30998234854974,35.12553098243924,14.365520435035991,real,-0.5
1843.8267859644911,540.0,311.4974565783779,35.6041592869086,14.366553644646483,real,-0.5
1844.0077423487269,540.0,312.011507918179,35.66291535504786,14.368346264705911,real,-0.5
1844.103817130047,523.0,316.0891436871272,36.12898912343864,14.369310454908511,real,-0.5
1844.7548870073465,518.0,305.4651051830907,34.91466152242727,14.375624867240004,real,-0.5
1844.8425669048625,529.0,306.2258812955848,35.00161823208534,14.37647735010097,real,-0.5
1844.8509617886675,526.0,311.36586343435806,35.589118190547126,14.376560340798727,real,-0.5
1844.8630877319408,522.0,311.93220819548134,35.65385139674352,14.376680434293036,real,-0.5
1845.8723393182413,516.0,305.58556722378273,34.928430333678364,14.386472538104496,real,-0.5
1845.8732720831088,528.0,303.87593808177127,34.733019722746455,14.386481537476866,real,-0.5
1845.8844652615148,524.0,309.8087565855732,35.411140877731015,14.386591638370591,real,-0.5
1846.988858864269,535.0,305.21696758154746,34.88629939457088,14.397293917780353,real,-0.5
1846.988858864269,535.0,306.24051612651954,35.00329099326118,14.397293917780353,real,-0.5
1847.9216237314604,539.0,306.47290998361245,35.0298536111269,14.40637020021127,real,-0.5
1859.8703416801784,515.0,263.63427063241414,30.133397133284937,14.506385606650804,real,-0.5
1859.9067195099983,532.0,262.261696907651,29.97651195654451,14.506688517887072,real,-0.5
1860.1333813727256,521.0,261.0989475595848,29.843609706060544,14.50856752015554,real,-0.5
1861.0661462399169,516.0,261.1151681949743,29.84546372468556,14.516300520157598,real,-0.5
1861.0689445345188,524.0,260.6995375646634,29.797957143641025,14.51632368223055,real,-0.5
1861.7806441281853,539.0,259.3503713645855,29.64374744697212,14.52218408306743,real,-0.5
1862.003574931444,524.0,257.60955488985087,29.44477212390996,14.524007457151138,real,-0.5
1862.105246301968,544.0,256.7394552576485,29.34531973594922,14.52483622906114,real,-0.5
1862.732997057588,533.0,246.217800427655,28.142694588880964,14.52974361733707,real,-0.5
1862.8990292039475,524.0,256.93203838289725,29.367331987165155,14.531098039882265,real,-0.5
1863.0240196961515,540.0,245.6961443836928,28.08306930305608,14.53207307228637,real,-0.5
1863.213370964191,532.0,256.62442170240274,29.33217140058463,14.533615873355552,real,-0.5
1863.30664745091,519.0,256.6210849427553,29.331790008956933,14.534375864000337,real,-0.5
1863.6685602193804,547.0,279.53980684201497,31.95139992204231,14.537587980556529,real,-0.5
1863.866306371225,531.0,279.4151484967077,31.937151473173685,14.539342271891163,real,-0.5
1863.9623811525453,528.0,258.9272162828356,29.59538082112811,14.540132096819075,real,-0.5
1864.146135831382,519.0,250.43629099621336,28.624868060867183,14.541593194996096,real,-0.5
1864.2403450829684,540.0,257.7097316104419,29.45622232307351,14.54236404184599,real,-0.5
1864.2450089073045,533.0,254.2868464356562,29.064986547595502,14.542401695732543,real,-0.5
1864.4278308212736,534.0,256.2319820507466,29.287315548400336,14.543889018811315,real,-0.5
1864.600392321704,523.0,266.52132943148155,30.46338795401834,14.5453492432373,real,-0.5
1864.891414960268,536.0,264.38907427249865,30.219671189346595,14.547792190027868,real,-0.5
1865.169378890691,537.0,276.0027868446823,31.547118536347185,14.55022801254506,real,-0.5
1865.2635881422768,521.0,249.30953134105292,28.49607943228235,14.550973733188515,real,-0.5
1865.2635881422768,514.0,256.29985027409504,29.29507288632906,14.550973733188515,real,-0.5
1865.2645209071443,534.0,255.26690485516625,29.1770072249455,14.55098129299054,real,-0.5
1865.3633939830668,512.0,256.9194480212459,29.365892908828407,14.5517878197014,real,-0.5
1865.5247623050905,530.0,277.85878198571106,31.75925878096677,14.553211413673123,real,-0.5
1865.8223142977245,524.0,278.0724532018186,31.783681400967865,14.555838440821486,real,-0.5
1866.0107328008971,540.0,268.0200892413415,30.634696200285337,14.5574418140446,real,-0.5
1866.0107328008971,524.0,276.2075626341546,31.570524409083877,14.5574418140446,real,-0.5
1866.2896294961877,539.0,251.273772617078,28.72059221013201,14.559666835781874,real,-0.5
1866.292427790789,523.0,263.7602477447797,30.14779631722832,14.559690269786229,real,-0.5
1866.293360555656,538.0,257.9062162641302,29.47868051899008,14.559697907752208,real,-0.5
1866.4565944074145,549.0,266.9888356933391,30.51682391974866,14.561081624061051,real,-0.5
1866.4789807642271,517.0,256.8056868037047,29.352890001663447,14.561264153024682,real,-0.5
1866.6636682079309,531.0,268.63876848893705,30.705411238285507,14.562839404110646,real,-0.5
1867.0367741548075,555.0,279.94810587782854,31.998068501835803,14.566155701234702,real,-0.5
1867.1300506415264,529.0,272.7571343725023,31.176140458777013,14.566963479248994,real,-0.5
1867.135647230729,529.0,270.89740839025296,30.963573779005912,14.567011615471966,real,-0.5
1867.224259893113,536.0,273.4417768251448,31.254395091114045,14.567780930794246,real,-0.5
1867.22519265798,528.0,248.78224982761924,28.43581115529688,14.567788298551358,real,-0.5
1867.23172201205,511.0,256.5851069136457,29.327677720229705,14.567841490437996,real,-0.5
1867.3949558638087,539.0,299.118359601043,34.18922850239921,14.569391723620525,real,-0.5
1867.4089473368165,508.0,256.00459722755005,29.26132546310897,14.569505448355352,real,-0.5
1867.599231369724,524.0,298.8164860403922,34.15472435441683,14.571310753547852,real,-0.3901871554666042
1867.6971716807789,540.0,269.90707553426614,30.850378733566615,14.572150057906,real,-0.3019568005759492
1867.8762625352797,524.0,274.337363913827,31.356760695350424,14.57370997709136,real,-0.13924856782492406
1867.9732700814675,521.0,268.6390610373081,30.70544467656432,14.574537382603214,real,-0.05092422586460627
1868.2530995416248,537.0,267.5820400930438,30.58462718263491,14.576914738079225,real,-0.29473602353867656
1868.2624271902964,519.0,251.35383957493067,28.729743863414576,14.576989177233996,real,-0.2861172761660965
1868.337981144539,516.0,294.9895380528897,33.717304199445294,14.577696809361406,real,-0.2161534978676674
1868.343577733742,531.0,269.7612087922998,30.833706164959864,14.577744743691133,real,-0.21095986308734968
1868.4349886907264,526.0,238.59840849399853,27.27179809086403,14.578437227347292,real,-0.12599054024303769
1868.533861766649,516.0,291.3657985865907,33.30311077844732,14.579351888736308,real,-0.03353766288330556
1868.9023038891896,534.0,268.2662694160985,30.662834594260055,14.58249007758659,real,0.0
1868.9983786705104,533.0,265.2015214218206,30.31253389851409,14.583299041493694,real,0.0
1869.0879240977608,524.0,266.4756704302473,30.458169130177264,14.584056649762587,real,0.0
1869.185864408816,525.0,261.4692187438496,29.88593170242201,14.58486971572012,real,0.0
1869.253956244121,533.0,293.77342203956,33.5783021391217,14.585504829114306,real,0.0
1869.276342600933,540.0,272.2329920358989,31.116230989703247,14.585698323294748,real,0.0
1869.3677535579177,525.0,294.4496361509662,33.65559341205544,14.586552903850771,real,0.0
1869.4628955743715,535.0,241.54830334219855,27.608971072013297,14.58728256306744,real,0.0
1869.540315058348,534.0,293.8303880575412,33.58481335497696,14.588004818322828,real,0.0
1869.743657799396,537.0,295.3440448584016,33.757824327315305,14.589911598470197,real,0.0
1869.8397325807168,528.0,277.80330137187184,31.752917346804956,14.590759002523084,real,0.0
1869.9367401269044,519.0,265.8810205562831,30.39020064958316,14.591577913298964,real,0.0
1870.1885866410464,523.0,303.9890740294403,34.745951161565024,14.594008648488012,real,0.0
1870.208174703257,531.0,270.3003032158174,30.89532465756793,14.594176753916186,real,0.0
1870.299585660242,546.0,263.63697844478577,30.133706636239012,14.59494190696094,real,0.0
1870.3611481414764,523.0,295.5805651998952,33.784858602348024,14.595519651328637,real,0.0
1870.3947276766955,536.0,273.8754999547788,31.303969644831216,14.59581164375952,real,0.0
1870.396593206429,525.0,306.665242272881,35.0518371917903,14.595829807716331,real,0.0
1870.4870713985476,529.0,296.67801634789345,33.91029726856422,14.59668206949162,real,0.0
1870.6736243719852,543.0,297.4744213002879,34.001326354622904,14.598444027417257,real,0.0
1870.7706319181727,536.0,297.67192051880187,34.023900515299054,14.599360853834126,real,0.0
1870.9609159510803,516.0,287.69417632355845,32.88344435378273,14.601098963391768,real,0.0
1871.051394143198,522.0,265.69734108997164,30.369206086583755,14.601862227520314,real,0.0
1871.0560579675337,541.0,274.3873651917377,31.362475841415616,14.601902857819775,real,0.0
1871.0644528513385,529.0,263.0214606719351,30.063352954802177,14.60197296291834,real,0.0
1871.12694809744,517.0,333.645471066988,38.135677342956726,14.602634990290788,real,0.0
1871.4170379711368,520.0,333.1443669058988,38.07840113734423,14.605703367673147,real,0.0
1871.6054564743092,535.0,304.36691249385905,34.78913809804809,14.607524178041787,real,0.0
1871.6063892391765,538.0,299.01913782365887,34.17788745324421,14.607533033578637,real,0.0
1871.6166496527155,528.0,294.7443542870544,33.68927969501032,14.60762905189572,real,0.0
1871.7929422126144,553.0,294.8950358132365,33.70650259345293,14.609279664570009,real,0.0
1871.9888228347247,536.0,292.2876733609122,33.408481065152266,14.611097462918565,real,0.0
1872.0438559618888,526.0,317.5930559485757,36.3008862949222,14.61165239383291,real,0.0
1872.076502732241,520.0,263.928753313225,30.16705650370162,14.611925965212317,real,0.0
1872.2555935867413,518.0,317.2854815189769,36.265730537619056,14.613730093176503,real,0.0
1872.2602574110772,531.0,274.866235705043,31.41721074108641,14.613770794385395,real,0.0
1872.5382213415007,545.0,319.9014322435758,36.56473370544072,14.616594038023075,real,0.0
1872.5382213415007,523.0,335.40366818573307,38.33663927362929,14.616594038023075,real,0.0
1872.6324305930864,543.0,300.0710395414878,34.29811981959205,14.617491593633911,real,0.0
1872.7303709041416,534.0,294.2297874025891,33.63046470011594,14.618406532015484,real,0.0
1872.8236473908607,516.0,293.05157776116465,33.49579533810112,14.619274412601316,real,0.0
1872.9150583478456,521.0,292.3659960577747,33.417433349403645,14.62012294581311,real,0.0
1872.9644948858067,541.0,308.4813598594007,35.2594194319295,14.620607141265117,real,0.0
1873.0064693048305,522.0,260.606332190328,29.787303769354487,14.620954448145673,real,0.0
1873.193955043136,539.0,310.6796177822009,35.51068031250556,14.622803822066818,real,0.0
1873.5735903440825,533.0,301.55071973978744,34.4672472662577,14.626438539785909,real,0.0
1873.6556736523955,529.0,331.29293668626883,37.86678266324053,14.627301937229287,real,0.0
1873.752681198583,521.0,295.1565725961123,33.736396247735634,14.628211016400735,real,0.0
1873.85341980424,527.0,296.4883564108508,33.88861913776025,14.629159319800618,real,0.0
1873.9037891070684,530.0,313.1617196035236,35.79438455068274,14.629660135965892,real,0.0
1874.0325106587409,538.0,296.0441679890497,33.837848401148385,14.630870041619072,real,0.0
1874.064224664225,525.0,333.4153208360904,38.10937117156514,14.631205764065282,real,0.0
1874.064224664225,519.0,314.6430931645004,35.96370554870239,14.631205764065282,real,0.0
1874.2143998078427,528.0,310.1315804780679,35.44803964864316,14.632684490300056,real,0.0
1874.4093476650855,519.0,330.562315756919,37.783272691015846,14.634730536980818,real,0.0
1874.4093476650855,535.0,312.3404421450662,35.70051253718107,14.634730536980818,real,0.0
1874.497027562602,515.0,307.9870389007553,35.20291854635633,14.635587922617043,real,0.0
1874.497027562602,535.0,332.27707599445966,37.97926978616674,14.635587922617043,real,0.0
1874.682647771173,513.0,302.6839324440258,34.59677347835215,14.63737177270286,real,0.0
1874.7843191416969,541.0,293.64176787450293,33.563254068055684,14.638319667714065,real,0.0
1874.8365539742597,526.0,298.8970853877838,34.16393685982369,14.63881537535894,real,0.0
1874.8766628635483,513.0,292.2116921040897,33.399796407497455,14.63918749445238,real,0.0
1875.0538881883149,523.0,298.3272013827118,34.09879911804396,14.640866152993446,real,0.0
1875.335583178207,532.0,306.851015715219,35.07307109624953,14.643610571995652,real,0.0
1875.4344562541287,523.0,307.9453210630295,35.19815019750427,14.644577280155872,real,0.0
1875.523068916512,528.0,330.3350676483463,37.75729823220598,14.645506662022749,real,0.0
1875.6172781680984,535.0,310.6562712147379,35.50801179984454,14.646435879583022,real,0.0
1875.6182109329652,526.0,302.0643308790733,34.525953019478074,14.646444825304126,real,0.0
1875.710554654817,519.0,329.26803243199186,37.635336106976666,14.647410210584477,real,0.0
1875.758125663044,525.0,296.24259950214923,33.86052912309566,14.64785764933711,real,0.0
1875.8038311415364,542.0,290.3569735107544,33.187802072279226,14.64827900055206,real,0.0
1875.98851858524,545.0,291.9818028966631,33.37352007108859,14.649991131137984,real,0.0
1876.3616245321168,508.0,294.1316701993898,33.619249903790255,14.65347544837927,real,0.0
1876.4530354891012,531.0,304.62970889945484,34.819175727207686,14.654359574538894,real,0.0
1876.4530354891012,539.0,302.2020003744758,34.54168864280258,14.654359574538894,real,0.0
1876.5528413298907,537.0,304.54607984657025,34.80961692646298,14.655324630951366,real,0.0
1876.6461178166105,522.0,325.7053606316474,37.2281227201973,14.656289216644284,real,0.0
1876.6573109950164,510.0,298.3409301628087,34.10036831760904,14.6563952420627,real,0.0
1876.6843611761649,534.0,291.0361917206261,33.26543671366756,14.65664519653189,real,0.0
1876.7356632438605,519.0,312.33232865822293,35.69958516563488,14.65715393612491,real,0.0
1877.0145599391508,514.0,292.71023203609815,33.45677952172602,14.659745876470373,real,0.034792609940494726
1877.2011129125888,515.0,291.5449742495788,33.32359055672685,14.661472713943702,real,0.12715200464400744
1877.206709501792,534.0,291.6275789455576,33.33303227347724,14.66152453374607,real,0.1299279128887728
1877.3876658860268,529.0,299.252136072758,34.20451915311624,14.663243846554527,real,0.22035893832951348
1877.5023959646917,536.0,328.00284825426803,37.49072555546284,14.66443865596902,real,0.2650988650658465
1877.578882683801,535.0,305.39155184552254,34.90625437594323,14.665180285100584,real,0.020512179987843875
1877.626453692028,524.0,284.47054705791567,32.51498352871976,14.6656099435864,real,0.04617917892700942
1877.668428111052,527.0,305.5002436038025,34.91867784391463,14.666017080035171,real,0.06827204908067985
1877.6721591705204,523.0,312.1961690928567,35.68402212731352,14.666054063148682,real,0.07018981364747214
1877.769166716708,526.0,284.98377381724566,32.57364534731118,14.666931810205773,real,0.11955835985525669
1878.1329450149124,518.0,293.6913091395694,33.56891663465278,14.670323933362972,real,0.29795340178948043
1878.227154266499,532.0,293.2892010553569,33.52295568062729,14.671201203520097,real,0.3
1878.324161812687,539.0,295.5120168988122,33.77702353153423,14.672111377456298,real,0.3
1878.4146400048044,520.0,292.00681369314486,33.37637880512646,14.672950220348996,real,0.3
1878.415572769672,541.0,302.46139104447934,34.57133699638399,14.672959177829153,real,0.3
1878.5573530294848,529.0,276.8898398431332,31.648508694070124,14.67420560388064,real,0.3
1878.6926039352277,530.0,304.4063701859352,34.79364811225239,14.675512790664325,real,0.3
1878.7877459516808,511.0,310.0373129000731,35.43726486447836,14.676449338674546,real,0.3
1878.7914770111493,510.0,277.8718398057107,31.76075128979273,14.676482255688944,real,0.3
1879.07037370644,529.0,292.86496692236216,33.474465719226,14.679075566207192,real,0.3
1879.15991913369,536.0,288.47940020594626,32.97319544353966,14.679895732561029,real,0.3
1879.256926679878,521.0,290.7398479739434,33.23156462342173,14.680791208266612,real,0.3
1879.5330250805664,545.0,292.6285130032369,33.44743903626998,14.683356426162456,real,0.3
1879.5339578454336,535.0,302.1659216220804,34.53756484140379,14.683365374892205,real,0.3
1879.627234332153,519.0,301.6162984657528,34.47474291463554,14.6842586201421,real,0.3
1879.6981244620597,528.0,280.6519959420988,32.07852313618189,14.684890300884414,real,0.3
1879.8119217758567,553.0,275.2059549795017,31.456040654157043,14.685884637809174,real,0.3
1880.004071338498,516.0,281.22657349447627,32.14419735041864,14.687600330437602,real,0.3
1880.1859604876,533.0,289.9979117518202,33.14676131323305,14.689275062718368,real,0.3
1880.2801697391865,525.0,295.2722407077032,33.74961711289048,14.690158264432126,real,0.3
1880.3734462259056,535.0,296.0508979939326,33.838617640706495,14.69103502759017,real,0.3
1880.4695210072264,541.0,294.7251054251687,33.68707955009678,14.691934049479368,real,0.3
1880.56466302368,524.0,306.1272217003975,34.99034144035544,14.69285878604632,real,0.3
1881.117792589924,550.0,289.98380417842577,33.14514881759406,14.697951442098704,real,0.3
1881.117792589924,539.0,282.92814508572803,32.338686983298714,14.697951442098704,real,0.3
1881.1187253547912,529.0,296.9225052703197,33.93824235239754,14.69796023554318,real,0.3
1881.491831301668,536.0,297.3877699078074,33.99142210046239,14.7014831249122,real,0.3
1881.5543265477693,522.0,280.86574709273464,32.10295489269957,14.70204042548626,real,0.3
1881.5851077883867,528.0,300.0849255331209,34.29970698843572,14.702333699801237,real,0.3
1881.8640044836768,526.0,279.6054869236665,31.95890715537508,14.704809598020878,real,0.3
1882.05895234092,536.0,286.6260625742904,32.76135895224139,14.706583697112022,real,0.3
1882.240841490022,540.0,292.79894372339635,33.4669192675842,14.708274605297758,real,0.3
1882.2511019035612,527.0,302.34085324062835,34.55755952540382,14.7083730983121,real,0.3
1882.33131968214,543.0,302.71534214766314,34.600363607477895,14.709144088397268,real,0.3
1882.893776897056,543.0,280.844887705863,32.10057066478014,14.714159421056529,real,0.3
1883.0775315758929,536.0,288.5128466792945,32.977018375443365,14.715842665895575,real,0.3
1883.176404651815,523.0,292.30049837609016,33.4099469643871,14.71676026151301,real,0.3
1883.35736103605,522.0,303.2395583248117,34.660281516525984,14.71850248351851,real,0.3
1883.9216837807005,520.0,278.4147296535686,31.82280359940289,14.723490909037867,real,0.3
1884.109169519006,537.0,288.2478476346448,32.9467289846399,14.725206753984656,real,0.3
1884.2929241978427,516.0,294.9295178230646,33.71044388717628,14.726927435037416,real,0.3
1884.948657899478,535.0,278.1683336560468,31.79464053688615,14.732718773185033,real,0.3
1885.0475309754,517.0,287.7170760342213,32.886061790711494,14.733621980430646,real,0.3
1886.0614463860368,536.0,277.3128972109096,31.696864151206967,14.742549185717248,real,0.3
1898.137020356693,528.0,180.74624671430536,20.659295999445103,14.811847201556963,real,0.5
1898.372077103225,541.0,181.30410043021905,20.72305867917404,14.813200283432332,real,0.5
1899.0763145779545,539.0,186.6363492102824,21.332534714735274,14.817373386314854,real,0.5
1899.3067075001509,542.0,186.28694051603716,21.292597300983044,14.818736070679666,real,0.5
1900.0044156208096,543.0,175.48911825635474,20.058406216701343,14.822623546486572,real,0.5
1900.1350027022163,529.0,180.87917147566867,20.674489299668927,14.82337349682469,real,0.5
1900.148994175224,516.0,175.20536105824513,20.02597276895742,14.823451328173984,real,0.5
1900.6079144898824,517.0,181.42910923466425,20.73734718552212,14.826094880922748,real,0.5
1900.9315838987973,507.0,179.94229000440777,20.567403747503807,14.827944058537712,real,0.5
1901.0677675694076,517.0,186.1830177851893,21.280718932847133,14.828749082542572,real,0.5
1901.1666406453296,529.0,181.0219885305035,20.69081328903655,14.829317350418467,real,0.5
1901.1787665886031,522.0,177.98064856617685,20.34318813111401,14.8293858727366,real,0.5
1901.543477651675,526.0,185.6503614379723,21.219836312360236,14.83153562525318,real,0.5
1901.8783402389963,533.0,172.21931470137545,19.68466767036721,14.833366641571695,real,0.5
1902.0005324365984,525.0,188.90079502749543,21.591360871642728,14.83409950152562,real,0.5
1902.19268199924,517.0,175.38878270807697,20.046937863533195,14.835169504398614,real,0.5
1902.38856262135,527.0,188.19914462338204,21.51116223045257,14.836339954354171,real,0.5
1902.5667207109836,519.0,190.95176032693115,21.82578620536823,14.837420076680589,real,0.5
1902.8073740467185,525.0,156.21328345748552,17.855178299190595,14.838613662296655,real,0.5
1902.9239696551172,541.0,187.85409323200287,21.471722856417927,14.839309081349384,real,0.5
1902.9799355471491,525.0,183.50533237468,20.97465949042592,14.839635155107286,real,0.5
1903.0293720851105,546.0,156.00888976221577,17.831816099821264,14.839880028233267,real,0.5
1903.311999839869,542.0,183.59364702483688,20.98475385493885,14.841527493196097,real,0.5
1903.405276326588,522.0,173.76573563407612,19.8614235829749,14.84204210536639,real,0.5
1903.405276326588,517.0,182.66881574240315,20.87904563935668,14.84204210536639,real,0.5
1903.5041494025104,527.0,185.18031977653985,21.1661105504585,14.842623427159568,real,0.5
1903.5974258892295,540.0,190.8840799155005,21.81805033434171,14.843188735793523,real,0.5
1903.728945735504,523.0,90.60284636275046,10.355905339262376,14.84356707109304,real,0.5
1904.0572789687549,537.0,90.89807600265269,10.3896500871032,14.84451464537233,real,0.5
1904.0628755579576,540.0,148.16689793835872,16.935476434354403,14.844540973401374,real,0.5
1904.3380411937792,520.0,184.349459940094,21.071143271152746,14.846151544105732,real,0.5
1904.4285193858968,521.0,182.07902619520988,20.81163269411249,14.84667459935606,real,0.5
1904.526459696952,535.0,185.3205324916572,21.182136863796416,14.84725087298752,real,0.5
1904.6225344782729,530.0,192.71873584383977,22.027751506950885,14.847838737267802,real,0.5
1904.6645088972964,521.0,35.69371095528611,4.079791162189202,14.84788630584107,real,0.5
1904.7176764947264,524.0,185.03816641892985,21.14986242168368,14.848198663444109,real,0.5
1904.7894993895,527.0,168.95893040367568,19.31200574514013,14.848583953487578,real,0.5
1904.990043835946,512.0,37.26924921401569,4.259875185161993,14.84882125746284,real,0.5
1905.1821933985875,536.0,84.56267296330192,9.66551351970541,14.849337153072703,real,0.5
1905.268007766369,523.0,165.28458387324144,18.892027936711496,14.8497874884709,real,0.5
1905.2698732961037,500.0,137.15138575786457,15.676403392123918,14.849795612025527,real,0.5
1905.2708060609705,528.0,181.5335085017901,20.749280021754608,14.849800988192031,real,0.5
1905.3640825476896,521.0,189.4267527648428,21.65147784102153,14.850361980910169,real,0.5
1905.5534338157292,545.0,186.16473080682164,21.27862873121971,14.851481185169169,real,0.5
1905.6233911807687,0.0,19.05675946700133,2.178187607078252,14.85152351302071,real,0.5
1905.7381212594328,517.0,195.75498705719968,22.37479502063792,14.852236585796494,real,0.5
1905.826733921816,5.0,18.897246268853696,2.1599552485299776,14.852289752292382,real,0.5
1906.2026381632943,521.0,40.44588597415571,4.622964766845997,14.852772472310177,real,0.5
1906.2063692227632,520.0,127.1540409547414,14.533706881126944,14.852787535122586,real,0.5
1906.2959146500132,533.0,79.33034112591035,9.067457990691551,14.853013076622544,real,0.5
1906.299645709482,518.0,163.15166855847784,18.648235716234016,14.85303240375489,real,0.5
1906.3089733581544,513.0,187.53253415116336,21.434968653477974,14.853087942048472,real,0.5
1906.3882583718653,545.0,175.63601958576604,20.07519703865306,14.85353007045749,real,0.5
1906.4973918613264,534.0,180.10455333465077,20.58595044615058,14.85415413062584,real,0.5
1906.5654836966316,0.0,24.899857490791675,2.8460537111974884,14.854207962020444,real,0.5
1906.7650953782108,0.0,25.190903087827014,2.8793202229386274,14.854367613673638,real,0.5
1907.1354030304856,427.0,30.637985381511537,3.501921729106769,14.854727832677517,real,0.5
1907.322888768791,538.0,62.42110920728829,7.134732782393051,14.855099405078438,real,0.5
1907.323821533658,520.0,109.25665616543036,12.48803579970869,14.855102640745397,real,0.5
1907.32661982826,532.0,155.13843688189428,17.732323335600515,14.855116424152248,real,0.5
1907.33314918233,523.0,172.92938504976215,19.76582871118781,14.855152273622846,real,0.5
1907.4245601393147,526.0,183.65006517795155,20.99120244983986,14.855685280818456,real,0.5
1907.5001140935572,2.0,35.39990729524121,4.046209403846071,14.855770199462944,real,0.5
1907.5691386937287,0.0,15.704953818275,1.7950762214288327,14.85580461735696,real,0.5
1907.7874056726523,7.0,37.725546260463645,4.312029937570995,14.856066054509045,real,0.5
1907.9795552352928,5.0,27.32665842016041,3.123437057424334,14.856232767582522,real,0.5
1908.0663023679424,301.0,29.31007084712641,3.3501410978265493,14.85631349400869,real,0.5
1908.1605116195285,0.0,18.12433842408544,2.0716118818729656,14.85636770651007,real,0.5
1908.255653635982,524.0,52.71432934461518,6.025247844089515,14.856526943796048,real,0.5
1908.3489301227007,546.0,94.4665049008488,10.797521510167018,14.8568067090382,real,0.5
1908.4459376688887,0.0,45.25596308695154,5.172756580838561,14.85694609693346,real,0.5
1908.5354830961392,523.0,173.35758182863822,19.814771603013348,14.857438964208198,real,0.5
1908.5354830961392,526.0,151.81685783357855,17.35266685037803,14.857438964208198,real,0.5
1908.626894053124,0.0,42.34494698567337,4.840027440462466,14.857561861858244,real,0.5
1909.0000000000005,0.0,0.0,0.0,14.857561861858244,real,0.5
1909.0000000000005,2.0,24.29407678467823,2.776812976488721,14.857561861858244,real,0.5
1909.2083333333337,0.0,0.0,0.0,14.857561861858244,real,0.5
1909.4166666666672,0.0,0.0,0.0,14.857561861858244,real,0.5
1909.6250000000005,0.0,0.0,0.0,14.857561861858244,real,0.5
1909.8333333333337,0.0,0.0,0.0,14.857561861858244,real,0.5
1910.0416666666672,0.0,0.0,0.0,14.857561861858244,real,0.5
1910.2500000000005,0.0,0.0,0.0,14.857561861858244,real,0.5
1910.4583333333337,0.0,0.0,0.0,14.857561861858244,real,0.5
1910.6666666666672,0.0,0.0,0.0,14.857561861858244,real,0.5
1910.8750000000005,0.0,0.0,0.0,14.857561861858244,real,0.5
1911.0833333333337,0.0,0.0,0.0,14.857561861858244,real,0.5
1911.2916666666672,0.0,0.0,0.0,14.857561861858244,real,0.5
1911.5000000000005,0.0,0.0,0.0,14.857561861858244,real,0.5
1911.7083333333337,0.0,0.0,0.0,14.857561861858244,real,0.5
1911.9166666666672,0.0,0.0,0.0,14.857561861858244,real,0.5
1912.1250000000005,0.0,0.0,0.0,14.857561861858244,real,0.5
1912.3333333333337,0.0,0.0,0.0,14.857561861858244,real,0.5
1912.5416666666672,0.0,0.0,0.0,14.857561861858244,real,0.5
1912.7500000000005,0.0,0.0,0.0,14.857561861858244,real,0.5
1912.9583333333337,0.0,0.0,0.0,14.857561861858244,real,0.5
1913.1666666666672,0.0,0.0,0.0,14.857561861858244,real,0.5
1913.3750000000005,0.0,0.0,0.0,14.857561861858244,real,0.5
1913.5833333333337,0.0,0.0,0.0,14.857561861858244,real,0.5
1913.7916666666672,0.0,0.0,0.0,14.857561861858244,real,0.5
1914.0000000000005,0.0,0.0,0.0,14.857561861858244,real,0.5
1914.0000000000005,533.0,13.76157217731749,1.572947699867389,14.857561861858244,real,0.5
1914.0848816029147,158.0,0.0,0.0,14.857561861858244,real,0.5
1914.188418503173,509.0,29.51317919033777,3.3733563814556065,14.857658880431355,real,0.5
1914.203342741048,22.0,0.0,0.0,14.857658880431355,real,0.5
1914.270501811486,540.0,1.1083969344485052,0.1266897696074641,14.857661243866678,real,0.5
1914.456122020057,0.0,0.0,0.0,14.857661243866678,real,0.5
1914.74061530455,0.0,0.0,0.0,14.857661243866678,real,0.5
1914.829227966933,11.0,0.0,0.0,14.857661243866678,real,0.5
1914.829227966933,0.0,0.0,0.0,14.857661243866678,real,0.5
1915.014848175504,0.0,0.0,0.0,14.857661243866678,real,0.5
1915.1109229568249,523.0,18.57200771987136,2.1227804823812964,14.857717895441857,real,0.5
1915.141704197442,0.0,0.0,0.0,14.857717895441857,real,0.5
1915.204199443544,49.0,0.0,0.0,14.857717895441857,real,0.5
1915.2069977381457,523.0,5.709407843034302,0.6525853164588207,14.857718402699067,real,0.5
1915.301206989732,1.0,0.0,0.0,14.857718402699067,real,0.5
1915.668716347405,0.0,0.4847723450681134,0.0554094790412853,14.857724059227415,real,0.4792353649992667
1915.761992834124,0.0,0.0,0.0,14.857724059227415,real,0.451246063772305
1915.7675894233275,6.0,0.0,0.0,14.857724059227415,real,0.4496342460816651
1915.8562020857105,5.0,0.0,0.0,14.857724059227415,real,0.42397658680109507
1915.9494785724296,6.0,0.0,0.0,14.857724059227415,real,0.39635538541599347
1916.087527772774,0.0,0.0,0.0,14.857724059227415,real,0.355216723713351
1916.2293080325871,0.0,0.0,0.0,14.857724059227415,real,0.3132248223542117
1916.322584519306,527.0,3.243107429478512,0.3706871791893939,14.857733663782346,real,0.48532464420817434
1916.3263155787747,5.0,0.0,0.0,14.857733663782346,real,0.4842053263675659
1916.5082047278768,0.0,0.0,0.0,14.857733663782346,real,0.4299206289157336
1916.6882283472453,4.0,0.1148706797845474,0.0131297186993737,14.857734320354425,real,0.37743732260439306
1916.7880341880348,3.0,1.84092796495949,0.2104180663948697,14.857740153952212,real,0.3483418803416974
1916.8822434396209,0.0,1.3264861139995834,0.1516173628301523,14.857744121662844,real,0.31969799435526075
1916.8822434396209,1.0,1.820668638971563,0.2081024254344496,14.857744121662844,real,0.31969799435526075
1916.9876458696133,0.0,1.9083422950293725,0.2181235243218572,14.857750507982152,real,0.3
1917.048275585981,0.0,0.8231710950857195,0.0940884561682977,14.857752092581157,real,0.3
1917.068796413059,18.0,0.1795118620360521,0.0205182058307207,14.857752209539642,real,0.3
1917.2534838567628,0.0,1.127289756769498,0.1288492191987536,14.857758819771009,real,0.3
1917.5342460817876,0.0,1.0095707526339426,0.1153939370260596,14.857767819287265,real,0.3
1917.6209932144363,0.0,0.0,0.0,14.857767819287265,real,0.3
1917.6331191577096,4.0,0.0,0.0,14.857767819287265,real,0.3
1917.815008306812,7.0,0.0,0.0,14.857767819287265,real,0.3
1917.907352028664,0.0,0.0,0.0,14.857767819287265,real,0.3
1918.000628515383,4.0,0.6502954532732916,0.0743287703091372,14.857769745155752,real,0.3
1918.00156128025,17.0,0.7554506395694434,0.0863480081027873,14.857769767528636,real,0.3
1918.3700034027904,62.0,2.660629987658377,0.3041100075893524,14.857800891677716,real,0.3
1918.376532756861,23.0,2.561222023043056,0.2927476772338213,14.857801422636948,real,0.3
1918.46980924358,0.0,2.4298093411664925,0.2777272076953301,14.857808618586448,real,0.3
1918.6582277467528,17.0,0.0,0.0,14.857808618586448,real,0.3
1918.7477731740028,0.0,0.0,0.0,14.857808618586448,real,0.3
1918.8466462499248,4.0,0.3787008956180717,0.0432855123691455,14.857809807411934,real,0.3
1919.026669869293,7.0,1.861907063039645,0.2128159773054314,14.857820449607072,real,0.3
1919.305566564584,206.0,3.2187046985115284,0.3678979470398676,14.85784895114086,real,0.3
1919.4025741107712,1.0,1.5129255310244265,0.1729273881960919,14.857853610935749,real,0.3
1919.5891270842087,9.0,2.505748947237508,0.2864071046692472,14.857868452629354,real,0.3
1919.680538041194,0.0,2.5163783672581728,0.2876220473776091,14.857875755908966,real,0.3
1919.7840749414524,17.0,0.3509951338353542,0.0401187437973809,14.85787690973407,real,0.3
1919.959434736484,0.0,0.5855163102006705,0.0669245142559366,14.85788016969771,real,0.3
1920.3418683320328,335.0,4.523875086615748,0.5170789224001799,14.85793509979534,real,0.3
1920.42581717008,10.0,0.4091277532233483,0.0467633021934287,14.857936190274476,real,0.3
1920.4286154646811,0.0,0.1680964957448621,0.0192134294636377,14.857936205209151,real,0.3
1920.798923116956,0.0,0.0,0.0,14.857936205209151,real,0.3
1920.8921996036752,0.0,0.0,0.0,14.857936205209151,real,0.3
1921.449992994256,421.0,1.897127775618996,0.2168417047532512,14.85796980322852,real,0.3
1921.4565223483255,0.0,0.0,0.0,14.85796980322852,real,0.3
1921.64120979203,20.0,0.0,0.0,14.85796980322852,real,0.3
1921.64120979203,13.0,0.0,0.0,14.85796980322852,real,0.3
1922.393951039853,530.0,4.95796757597322,0.5666956939337391,14.85808829634624,real,0.3
1922.4834964671036,0.0,0.0,0.0,14.85808829634624,real,0.3
1922.5833023078928,0.0,0.0556170371584876,0.0063570273472151,14.858088472587475,real,0.3
1923.502075702076,526.0,6.332983138055871,0.7238599726797861,14.858273212388593,real,0.3
1923.5962849536625,0.0,1.2785849401327427,0.1461422586571724,14.85827703681993,real,0.3
1924.4469665125405,516.0,7.68749849044196,0.8786810774575161,14.85848466953902,real,0.3
1936.6456654456656,549.0,318.3097963175507,36.382809719096045,14.981768820123587,real,0.3
1936.841546067776,531.0,317.36414029425873,36.27472123563377,14.98374257427984,real,0.3
1937.5560439560445,520.0,329.3225593573385,37.64156853454379,14.991213357954573,real,0.3
1937.7677815808968,536.0,329.5171495228554,37.66381019046237,14.993428592874745,real,0.3
1937.955267319202,516.0,319.57401817348125,36.527310277228906,14.995330912245755,real,0.3
1938.470153525892,517.0,325.8108885716595,37.24018456374069,15.000657150403102,real,0.3
1938.888032186393,520.0,325.1630925242672,37.16614147552374,15.004971299685268,real,0.3
1938.9533257270969,545.0,325.8497994606876,37.24463207835659,15.0056468091021,real,0.3
1939.009291619128,525.0,326.9915881920462,37.37513853035088,15.00622784603756,real,0.3
1939.4057166876844,504.0,325.35140182395475,37.187665228478025,15.010322880131351,real,0.3
1939.886090594288,540.0,326.79348647306153,37.35249550387093,15.0153070924054,real,0.3
1939.913140775436,510.0,328.1157001024028,37.50362452170464,15.015588892360132,real,0.3
1939.913140775436,525.0,327.99009657511726,37.489268038535904,15.015588892360132,real,0.3
1939.922468424108,525.0,327.6104176756722,37.44587074032933,15.015685915117489,real,0.3
1940.338481554876,533.0,316.39665006947416,36.1641371029409,15.019865013977965,real,0.3
1940.5632778878687,532.0,316.9675053190411,36.2293858579664,15.022127300946702,real,0.3
1940.7554274505096,546.0,327.6490034899241,37.45028109889832,15.024126205150573,real,0.3
1940.8515022318304,519.0,327.8692097294366,37.4754506720746,15.025126328963966,real,0.3
1940.9391821293464,528.0,324.85076466564544,37.13044240128328,15.02603066045965,real,0.3
1941.0380552052688,521.0,326.73182838416176,37.345447984309686,15.027056343602403,real,0.3
1941.2675153625976,513.0,314.9746382186587,36.00160114839269,15.02935104723118,real,0.3
1941.75162032867,537.0,316.5903933936072,36.1862819648893,15.034217146898651,real,0.3
1941.75162032867,533.0,315.93898023107766,36.111825440412176,15.034217146898651,real,0.3
1941.7824015692872,531.0,322.4704951459128,36.85837759517784,15.034532298729074,real,0.3
1941.9633579535223,532.0,325.5837601688009,37.214223787293946,15.036402896334256,real,0.3
1941.9633579535223,521.0,327.8612917291498,37.47454564464182,15.036402896334256,real,0.3
1942.0603654997103,518.0,326.4891185882551,37.31770625463756,15.037408479421238,real,0.3
1942.2086751135932,528.0,299.7665892500316,34.2633211512786,15.038820029401878,real,0.3
1942.675057547189,540.0,299.60344073013766,34.24467327545474,15.04325644997407,real,0.3
1942.729157909486,544.0,325.7090759798713,37.22854738449929,15.043815916057763,real,0.3
1942.8028463339945,536.0,318.8311047680165,36.442395274984285,15.04456185569474,real,0.3
1942.8047118637287,531.0,313.9784038365698,35.887731558519924,15.044580452814277,real,0.3
1942.8047118637287,528.0,311.9965735141915,35.661208352672084,15.044580452814277,real,0.3
1942.9903320723,528.0,326.1601768286689,37.28010821151685,15.04650265877588,real,0.3
1943.0882723833547,518.0,325.3058785167704,37.182461914466856,15.047514231521903,real,0.3
1943.1405072159173,528.0,296.9021539457844,33.93591619600316,15.048006630660897,real,0.3
1943.3615724894416,515.0,296.4406973301151,33.88317170483215,15.050087295277784,real,0.36451150143129135
1943.7365439660527,527.0,296.34529835139307,33.872267601564225,15.053615388110762,real,0.4911518605258253
1943.73747673092,544.0,311.7915415464047,35.637773198754054,15.053624621905978,real,0.49146713505094924
1943.7402750255212,536.0,304.9761703196185,34.8587762675324,15.05365171777416,real,0.49241295862616735
1943.8335515122403,519.0,316.14043629605453,36.13485186863903,15.0545879766715,real,0.5
1943.9230969394907,527.0,322.3520022649786,36.84483385888705,15.055504445113126,real,0.5
1943.9258952340924,520.0,322.5240916331031,36.86450367366368,15.055533100041355,real,0.5
1944.0303648992176,527.0,322.1426289299628,36.82090248669474,15.056601618750353,real,0.5
1944.0658099641707,538.0,281.42677855431776,32.16708078875852,15.056918331046994,real,0.5
1944.4827558598051,535.0,291.16828767922823,33.28053528173579,15.06077282621095,real,0.5
1944.540587281571,553.0,281.68491788814526,32.196586114615,15.061290041308451,real,0.5
1944.674905422447,540.0,293.60209480838336,33.55871943659822,15.062542137087592,real,0.5
1944.857727336416,535.0,309.92015897782426,35.42387417116531,15.064341098330974,real,0.5
1944.857727336416,530.0,301.48558185712034,34.45980200626885,15.064341098330974,real,0.5
1944.861458395885,526.0,310.0916729030967,35.443478212823955,15.064377832143473,real,0.5
1944.9528693528696,517.0,321.1620173640288,36.708818584708496,15.065309939986973,real,0.5
1944.9649952961431,541.0,322.0429073606609,36.809504311323536,15.065433926087309,real,0.5
1945.003238655698,538.0,283.3380780488104,32.38554232097903,15.06577796273713,real,0.5
1945.2289677535584,526.0,283.3740815192884,32.38965751765466,15.067808876118091,real,0.5
1945.514393802919,531.0,283.5106956114628,32.4052725083902,15.070378128593235,real,0.5
1945.695350187154,536.0,294.6357012109986,33.67686064841714,15.072070918297497,real,0.5
1945.695350187154,540.0,290.6874606025708,33.22557674687384,15.072070918297497,real,0.5
1945.7876939090056,513.0,311.50571097098805,35.605102763983936,15.072984225993643,real,0.5
1945.7904922036075,530.0,299.5321640096245,34.23652634630008,15.073010838184436,real,0.5
1945.92574310935,526.0,273.5358403704236,31.265146554339417,15.074185460237116,real,0.5
1945.9770451770453,539.0,323.20106961603153,36.9418822571124,15.074711903277212,real,0.5
1946.0693888988972,538.0,313.3649259061487,35.81761103107279,15.075630662030118,real,0.5
1946.160799855882,541.0,275.91069588887683,31.536592540098624,15.076431437059044,real,0.5
1946.44062931604,517.0,284.0143449909952,32.462839632470754,15.07895478675058,real,0.5
1946.5385696270948,520.0,290.77307191652056,33.2353621200583,15.079858976112822,real,0.5
1946.540435156829,539.0,286.0747021048851,32.698338450588366,15.079875920480225,real,0.5
1946.721391541064,522.0,310.2644488728352,35.463226506165064,15.081658503047407,real,0.5
1946.818399087252,513.0,294.4220898620672,33.65244487123428,15.082565320019675,real,0.5
1946.8585079765407,533.0,261.86446742095484,29.93110862621514,15.082898793220288,real,0.5
1946.9088772793696,523.0,294.88954485222007,33.705874976608754,15.08337038806023,real,0.5
1947.002153766089,546.0,309.0381581608281,35.32306147778265,15.084285613358787,real,0.5
1947.099161312276,531.0,260.653951098983,29.79274661061376,15.085088424815146,real,0.5
1947.3295542344729,530.0,272.6948826178006,31.169025083214606,15.087083181140406,real,0.5
1947.3771252426995,524.0,279.7761047282888,31.978408770443405,15.08750574923671,real,0.5
1947.6550891731224,544.0,283.9080655156323,32.45069188843677,15.09001133864289,real,0.5
1947.751163954443,532.0,286.3596138577393,32.7309038639396,15.090884842651546,real,0.5
1947.754895013912,524.0,310.6649856532824,35.50900786017017,15.090921644379328,real,0.5
1947.7567605436464,520.0,294.5853328328063,33.67110354278976,15.09093909283623,real,0.5
1947.7978021978024,527.0,262.7567345018204,30.03309475355807,15.091281483916262,real,0.5
1947.9339858684127,518.0,294.9259647513526,33.7100377710796,15.09255669410517,real,0.5
1948.0263295902644,538.0,263.3720133023969,30.103421120463963,15.093328877979262,real,0.5
1948.2184791529055,510.0,260.9370054843994,29.82509972686685,15.094920789053775,real,0.5
1948.306159050422,527.0,267.0950636898836,30.528965779753698,15.09566433810679,real,0.5
1948.3117556396248,534.0,276.06726059000977,31.554487885438117,15.095713392969625,real,0.5
1948.4936447887276,531.0,279.4896480980624,31.945666777608533,15.097327440232872,real,0.5
1948.7296343001265,521.0,246.82401791590368,28.21198524778779,15.099176810403488,real,0.5
1948.774407013752,535.0,280.0070108620864,32.00480134153648,15.099574849793797,real,0.5
1948.866750735604,528.0,288.21451304147183,32.94291884064023,15.10041986972002,real,0.5
1948.866750735604,519.0,288.870365659725,33.01788279490657,15.10041986972002,real,0.5
1948.8686162653385,535.0,245.5888102876636,28.07080101587995,15.100434416085012,real,0.5
1949.142849136292,533.0,256.1947241873252,29.283056974611267,15.102665076302916,real,0.5
1949.238923917613,521.0,256.3578459007527,29.301701786456032,15.103447063689432,real,0.5
1949.3331331691995,540.0,261.1728885693373,29.85206116347525,15.104228269339576,real,0.5
1949.431073480254,529.0,269.0560386289507,30.753105215289064,15.105064927309211,real,0.5
1949.6185592185595,535.0,274.26425767597124,31.34840465236351,15.106697532528916,real,0.5
1949.6194919834268,543.0,274.39865217565705,31.363765943677603,15.10670565892308,real,0.5
1949.6698612862551,539.0,232.40184395267943,26.56353076379126,15.107077321846756,real,0.5
1949.7995156027948,539.0,286.9700700244272,32.80067900379203,15.108258641185165,real,0.5
1950.0830761224208,530.0,250.76557469707936,28.66250518787617,15.110516295314287,real,0.5
1950.118521187374,530.0,241.02234568222104,27.548854111477866,15.110787537237448,real,0.5
1950.118521187374,536.0,231.3531218318564,26.443661825381188,15.110787537237448,real,0.5
1950.2649652715231,516.0,253.60169680400463,28.986673944697728,15.11196668360366,real,0.5
1950.358241758242,531.0,256.9647961820542,29.3710762036088,15.112727692159057,real,0.5
1950.4533837746956,531.0,265.81581492879536,30.38274764636131,15.113530657680297,real,0.5
1950.547593026282,534.0,233.66415950073915,26.707813430934483,15.114229580767752,real,0.5
1950.5979623291105,527.0,243.6840037205857,27.853081625262945,15.114619286407498,real,0.5
1950.64460057247,520.0,275.63783814489943,31.505404899962,15.11502744105774,real,0.5
1950.825556956705,535.0,277.1880407740856,31.682593060477988,15.11661998758091,real,0.5
1951.051286054565,515.0,244.83894564464572,27.98509148718301,15.118374723540612,real,0.5
1951.104453651995,543.0,240.42080300863807,27.48009778388733,15.118780570978478,real,0.5
1951.104453651995,526.0,248.36266148597875,28.38785220784737,15.118780570978478,real,0.5
1951.1967973738467,530.0,232.46378293595643,26.57061038957982,15.119462134604934,real,0.5
1951.2014611981829,534.0,253.17205278187404,28.9375656329682,15.11949962341683,real,0.5
1951.38521587702,534.0,253.3944495616654,28.962985584898355,15.12097798011525,real,0.5
1951.5717688504576,514.0,263.3002228619868,30.09521547312509,15.122537522318796,real,0.5
1951.5745671450595,536.0,273.3229798337962,31.240816595002904,15.122561805932248,real,0.5
1951.75365799956,531.0,228.42598017869432,26.10908953442476,15.123860666808625,real,0.5
1951.9411437378656,522.0,238.3655015534948,27.245176827564453,15.125279578501065,real,0.5
1952.133293300507,521.0,232.0738100400087,26.526036487572995,15.126695402475978,real,0.5
1952.136091595108,525.0,234.70899651248783,26.82723830137736,15.12671625539712,real,0.5
1952.2237714926243,515.0,242.6474113600052,27.7345991184486,15.12739174617722,real,0.5
1952.317980744211,545.0,249.4126894919461,28.50787040892944,15.128137775381536,real,0.5
1952.3189135090777,543.0,249.79342660256475,28.55138866067315,15.12814517308494,real,0.5
1952.4690886526955,533.0,224.431972947791,25.65257450793251,15.129215278379634,real,0.5
1952.597810204368,526.0,261.96541837419534,29.94264732017053,15.130285907275256,real,0.5
1952.6892211613529,526.0,224.84522593454815,25.699809324318856,15.130938475098771,real,0.5
1952.8739086050568,536.0,237.4052219762873,27.13541687188964,15.13233057809208,real,0.5
1952.963454032307,546.0,228.4367260264338,26.110317784821383,15.132980039081438,real,0.5
1953.16493124362,522.0,241.14709920727293,27.56311343939129,15.134522633312235,real,0.5
1953.2498128465345,517.0,235.57611819174645,26.926350309316614,15.135157508805262,real,0.5
1953.2507456114015,543.0,234.10602829827332,26.758319034492644,15.1351644419219,real,0.5
1953.351484217059,510.0,252.1588638817367,28.821758141682505,15.13597095962406,real,0.5
1953.3552152765276,518.0,252.7250909799123,28.88647789900397,15.136000897725973,real,0.5
1953.4251726415664,526.0,226.77066474553325,25.91988698041445,15.136504588557989,real,0.5
1953.896218899498,512.0,228.30716651005545,26.095509132099338,15.139919086315071,real,0.5
1953.901815488701,539.0,239.96546550361992,27.42805270706376,15.139961726188304,real,0.5
1953.99509197542,537.0,229.305175868002,26.209581601712628,15.140640819991132,real,0.5
1953.99509197542,522.0,231.2807189262041,26.43538617326513,15.140640819991132,real,0.5
1953.99509197542,541.0,241.0770737106862,27.55510952513143,15.140640819991132,real,0.5
1954.2758542004449,527.0,245.2090663748287,28.02739628664292,15.142826662808655,real,0.5
1954.2758542004449,542.0,234.8879134580804,26.84768850825859,15.142826662808655,real,0.5
1954.2879801437184,523.0,257.213865456297,29.39954482165475,15.142925689812206,real,0.5
1954.3570047438905,551.0,257.1236280425005,29.389230685257807,15.143489184228152,real,0.5
1954.4586761144144,535.0,259.116130724096,29.616973741764166,15.144325628203458,real,0.5
1954.8317820612908,531.0,232.7898089818873,26.60787516662972,15.14708328277524,real,0.5
1954.9306551372129,542.0,231.0433350397154,26.40825319503947,15.147808578670553,real,0.5
1954.9334534318143,531.0,232.43020935128817,26.56677292885224,15.147829229130904,real,0.5
1955.038855861807,523.0,233.8377114262205,26.727650416017003,15.148611773381417,real,0.5
1955.113477051182,529.0,243.2950895787507,27.808628738851205,15.149188193645688,real,0.5
1955.1153425809168,538.0,235.4806687462736,26.91544043769907,15.149202141299703,real,0.5
1955.2207450109092,508.0,242.83214699587023,27.75571440162797,15.15001478567307,real,0.5
1955.28697131648,525.0,248.22552865858745,28.372177925676542,15.150536725818906,real,0.5
1955.4921795872615,542.0,249.28631416379355,28.493425708921603,15.152160916546231,real,0.5
1955.771076282552,523.0,252.14489939259968,28.820162000574143,15.154393652085034,real,0.5
1955.9529654316543,543.0,234.78105071103124,26.83547409627087,15.155749508070905,real,0.5
1956.0471746832409,542.0,228.441577505256,26.11087230885076,15.156432809664928,real,0.5
1956.048107448108,527.0,228.345220470776,26.09985869980969,15.156439572173602,real,0.5
1956.048107448108,522.0,234.3682520451788,26.788291208763937,15.156439572173602,real,0.5
1956.14698052403,525.0,242.75353183521773,27.746728688765387,15.15720162895478,real,0.5
1956.224400008007,555.0,273.7613444587342,31.29092167163332,15.15787455312394,real,0.5
1956.2318621269444,547.0,229.65297770168027,26.24933535130205,15.157928963030168,real,0.5
1956.6991773254076,529.0,248.33150617902413,28.384291156262456,15.161613521545425,real,0.5
1956.703841149743,522.0,250.8042488533131,28.666925643933688,15.16165065974138,real,0.5
1956.7924538121265,529.0,238.47557161235176,27.257757835291805,15.1623215993226,real,0.5
1956.979939550432,530.0,226.20724295832915,25.855487870137026,15.163668136887209,real,0.5
1957.0732160371508,516.0,224.7624638560061,25.690349618741493,15.164333777319156,real,0.5
1957.16649252387,529.0,230.2938819398282,26.32259070572236,15.165015799203148,real,0.5
1957.1702235833384,541.0,241.6487387650815,27.62045084084881,15.165044425187771,real,0.5
1957.7308152685205,510.0,253.1403664772464,28.933943888349265,15.169550016399809,real,0.5
1957.82409175524,536.0,247.58660280923,28.29914870109499,15.17028325116869,real,0.5
1957.9108388878883,542.0,224.6797595649359,25.68089651827217,15.170902068984471,real,0.5
1957.91363718249,522.0,221.8974742134908,25.362881302602,15.17092178365498,real,0.5
1958.008779198944,545.0,241.38935740040756,27.590803550866585,15.171650962734262,real,0.5
1958.0973918613267,521.0,228.85979599511532,26.158674682241685,15.17229484879204,real,0.5
1958.6607818411103,532.0,258.4857171156532,29.544917466319152,15.176918546140389,real,0.5
1958.845469284814,525.0,246.30141160754235,28.15225134674209,15.17836281484476,real,0.5
1958.9471406553375,525.0,245.7397234748064,28.088050393170366,15.17915607889443,real,0.5
1959.12250045037,522.0,222.66041609014425,25.450085559103485,15.180395779390873,real,0.5
1959.1252987449711,535.0,222.5820903175436,25.44113292329523,15.18041555488668,real,0.5
1959.778234152005,536.0,262.2795646582865,29.97855424044215,15.185852793640922,real,0.5
1959.8827038171305,527.0,250.4460344980839,28.62598174313099,15.186683501064977,real,0.5
1959.9638543605763,514.0,245.80834146592173,28.09589342955485,15.187316833570645,real,0.5
1960.0580636121624,532.0,226.18874485598707,25.85337353703932,15.187993396618392,real,0.5
1960.710999019196,532.0,271.3620797119175,31.016685711072167,15.19361892225995,real,0.5
1960.9898957144865,526.0,247.12076404834215,28.24590333072551,15.195807169230624,real,0.5
1961.0831722012051,547.0,252.30248383375485,28.83817390219818,15.196554370215342,real,0.5
1961.7473007866452,512.0,274.1383153224804,31.334009441359512,15.20233487337269,real,0.5
1961.7482335515128,506.0,248.29967944674155,28.38065336076256,15.202342226838349,real,0.5
1962.8554254488688,521.0,273.7104344442046,31.285102656972587,15.211964063552166,real,0.5
1974.8377229328053,535.0,252.2769003181956,28.835249706369755,15.307939769109202,real,0.5
1975.7714205648635,517.0,253.8033332652112,29.00972099221364,15.315463743497284,real,0.5
1975.9934186032551,518.0,253.57552758322691,28.98368280276284,15.3172510548105,real,0.5
1976.188366460498,538.0,254.4584666256058,29.084602735306746,15.318826049527724,real,0.5
1976.7079164915235,533.0,254.9261220211663,29.13805574701931,15.323031237796442,real,0.5
1976.9261834704464,532.0,255.8326267494992,29.24166923746776,15.32480415190842,real,0.5
1976.9373766488525,536.0,255.06467820682792,29.15389271904043,15.324894797664651,real,0.5
1977.2172061090096,524.0,254.3008634652874,29.06658869408235,15.327154155393233,real,0.5
1977.310482595729,524.0,254.3200886179254,29.068786129028872,15.327907331571929,real,0.5
1977.6360175343789,536.0,242.14616767731104,27.677306965516653,15.33041009002332,real,0.5
1977.8720070457775,515.0,241.8903551313732,27.64806759151596,15.332222493901668,real,0.5
1978.1471726815992,507.0,252.85098994914875,28.900868151187694,15.334431528835172,real,0.5
1978.427934906624,524.0,254.54347586708255,29.094319291607537,15.336700580451806,real,0.5
1978.5743789907729,537.0,254.92539969600355,29.137973185253205,15.33788588150655,real,0.5
1978.7917132048285,531.0,255.51834448446525,29.205746774574376,15.339649050401317,real,0.5
1978.799175323766,537.0,256.622692601936,29.331973764401283,15.339709850033788,real,0.5
1978.9866610620716,508.0,246.05911121798349,28.12455641221551,15.341174559262528,real,0.5
1979.0799375487904,531.0,253.40712341705893,28.964434206569837,15.3419250316688,real,0.5
1979.2655577573612,535.0,257.85146287978824,29.472422207159795,15.343444664212464,real,0.5
1979.2664905222289,514.0,257.7764261346623,29.4638455071919,15.34345229833467,real,0.5
1979.4642366740727,537.0,248.11439451266335,28.359475292797423,15.345010069753414,real,0.5
1979.5006145038933,527.0,249.0283697686445,28.463942664556065,15.345297696548489,real,0.5
1979.580832282472,559.0,247.6265784802919,28.303717920297363,15.345928380264343,real,0.5
1979.9166276346607,506.0,257.5697600602853,29.44022357489061,15.348674460887636,real,0.5
1980.0127024159813,542.0,251.27644095395524,28.720897201037083,15.34944094808706,real,0.5
1980.0155007105832,524.0,254.80560694953348,29.12428087433168,15.349463586508712,real,0.5
1980.2934646410056,512.0,258.3787592603387,29.53269218345672,15.351743870729624,real,0.5
1980.3923377169283,523.0,257.3195119058562,29.411620210839363,15.352551653329098,real,0.5
1980.674965471687,531.0,246.14726523939805,28.1346324168632,15.354760438882137,real,0.5
1980.8512580315864,538.0,253.55909070405284,28.98180406747324,15.35617968233479,real,0.4989130607092414
1981.038743769892,545.0,252.5387253700173,28.86517630979297,15.3576829625825,real,0.3308206569379343
1981.134818551212,542.0,253.1901177705116,28.93963046116948,15.358455287212514,real,0.24375439260196707
1981.2318260974005,518.0,260.9470915342839,29.826252562368648,15.359259001538366,real,0.15586555575518773
1981.3213715246509,539.0,261.7628610675117,29.91949502001659,15.360003210972998,real,0.07488014171554086
1981.3773374166824,532.0,239.36874902994268,27.35984801412245,15.360428549389653,real,0.02428697531912335
1981.4967313196828,521.0,249.70178166634037,28.5409136444627,15.361375108021656,real,0.4164548870067564
1981.7840228987773,526.0,249.90086818357267,28.56366923338236,15.3636545806991,real,0.1575793911004326
1981.786821193379,521.0,248.22900360060007,28.37257511154859,15.363676634816812,real,0.1550609259589101
1981.888492563903,528.0,255.20889450012064,29.170376641363788,15.36450046597565,real,0.06365669248743358
1981.977105226286,521.0,258.0363413864141,29.49355382046713,15.365226438844312,real,0.00384632198394124
1982.1496667267163,518.0,240.31955383665445,27.468525003529603,15.366543108257982,real,0.0
1982.158994375388,533.0,254.15673413976083,29.05011471217466,15.366618377497955,real,0.0
1982.324093756881,534.0,245.7942806928453,28.09428628319221,15.367906807855968,real,0.0
1982.3502111731625,526.0,262.76016594737325,30.03348696778476,15.368124695934169,real,0.0
1982.4434876598816,542.0,262.10044016154995,29.95808031046516,15.368900913845335,real,0.0
1982.7251826497732,525.0,250.48727400170583,28.63069541839498,15.37114122591658,real,0.0
1982.807265958086,525.0,240.2710988598785,27.462986599684115,15.371767407248871,real,0.0
1982.9966172261256,535.0,248.9287615860789,28.452557449288825,15.37326394275776,real,0.0
1982.9966172261256,527.0,255.8240657584187,29.240690716187256,15.37326394275776,real,0.0
1983.005944874798,529.0,262.2762848364667,29.97817935680814,15.373341616625778,real,0.0
1983.0824315939076,503.0,247.56128223373784,28.296254559316235,15.373942807646424,real,0.0
1983.0917592425792,528.0,253.0510724709612,28.923737583430864,15.37401774944155,real,0.0
1983.261522448408,510.0,246.62285234260696,28.188992022759976,15.37534704212346,real,0.0
1983.2773794511504,516.0,261.52561808531834,29.892378147151884,15.375478709768528,real,0.0
1983.6486198682924,515.0,245.36963920546668,28.04574976118484,15.37837085305753,real,0.0
1983.6486198682924,518.0,241.1570464519457,27.564250409457397,15.37837085305753,real,0.0
1983.834240076864,523.0,250.81652758834875,28.668329103348263,15.37984902562074,real,0.0
1984.0235913449037,523.0,246.09731095869856,28.128922642579248,15.381328538723784,real,0.0
1984.0235913449037,535.0,252.3254496567156,28.84079889576259,15.381328538723784,real,0.0
1984.0338517584423,530.0,262.5080933048516,30.00467506474453,15.381414055494414,real,0.0
1984.128993774896,509.0,251.65015682699828,28.763612925325905,15.382174229976137,real,0.0
1984.189623491263,529.0,253.3793666189399,28.96126160454483,15.38266198360856,real,0.0
1984.2017494345369,531.0,248.09550496573297,28.35731621758328,15.382757500055185,real,0.0
1984.393898997178,525.0,255.67577205190645,29.223740745532908,15.384317313667127,real,0.0
1984.7679377089216,527.0,250.6491997933604,28.64920353638109,15.387293955662468,real,0.0
1984.7688704737889,530.0,248.30239275687293,28.380963492110578,15.38730130920848,real,0.0
1984.774467062992,536.0,254.95395860716127,29.141237468798533,15.387346612412642,real,0.0
1984.861214195641,512.0,248.22516588311453,28.37213646043999,15.388030279491828,real,0.0
1984.9535579174928,526.0,244.06867210224135,27.89704922128619,15.388745867645651,real,0.0
1985.0486999339464,543.0,251.81113663988185,28.78201291793849,15.3895065284086,real,0.0
1985.1242538881888,542.0,295.0688319245996,33.72636748898173,15.390214350749162,real,0.0
1985.1475730098684,537.0,262.40738875922585,29.993164535179517,15.390408632486206,real,0.0
1985.3266638643693,533.0,294.7471101822682,33.68959469383326,15.392084604236624,real,0.0
1985.7007025761127,545.0,257.36795794843005,29.41715759350556,15.395141036383688,real,0.0
1985.7044336355816,547.0,248.70803122196597,28.427327968670703,15.395170498620132,real,0.0
1985.793979062832,527.0,249.6077490849316,28.530165720407684,15.395880150253175,real,0.0
1985.794911827699,518.0,253.85305884928803,29.01540462647362,15.39588766818374,real,0.0
1985.886322784684,525.0,244.0615167793391,27.896231367878457,15.39659600740752,real,0.0
1985.984263095739,559.0,245.6942143775676,28.08284870335597,15.397360019334554,real,0.0
1985.993590744411,512.0,254.08693526501665,29.042136700791403,15.397435267903395,real,0.0
1986.0551532256452,523.0,262.68361076309054,30.02473671022125,15.397948711595143,real,0.0
1986.2650253207632,514.0,261.31501075568457,29.868305729374747,15.399689968234323,real,0.0
1986.459040413139,529.0,290.1594085049206,33.165220392112424,15.401477344150443,real,0.0
1986.7267439300235,516.0,264.82864218509457,30.26991380175631,15.403728278145032,real,0.0
1986.8209531816087,527.0,248.96159949633875,28.45631082243152,15.404472958074331,real,0.0
1986.829348065414,508.0,240.17526840172883,27.45203317831761,15.404536973804536,real,0.0
1986.91702796293,534.0,244.4003252511304,27.9349571762042,15.405217344410737,real,0.0
1986.91702796293,540.0,244.91484855799587,27.99376719017893,15.405217344410737,real,0.0
1986.9179607277968,524.0,250.75827533517207,28.66167087081017,15.40522477068841,real,0.0
1986.9925819171729,527.0,276.6660405186296,31.622928431279355,15.405880254169263,real,0.0
1987.472023058909,526.0,263.0579872918105,30.067527947453936,15.409884590260464,real,0.0
1987.5662323104948,530.0,273.6656101924077,31.2799792449922,15.410703163436654,real,0.0
1987.570896134831,528.0,286.66678074067727,32.76601303865941,15.410745612028045,real,0.0
1987.7462559298629,536.0,279.33330501819086,31.927796763579217,15.4123008486659,real,0.0
1987.7537180488,540.0,248.94074651538023,28.45392732670796,15.41235982827422,real,0.0
1987.927212314098,520.0,278.0132386676053,31.77691317970729,15.413891248331314,real,0.0
1987.940271022239,525.0,246.168614205336,28.1370726036699,15.413993313281056,real,0.0
1988.0326147440903,537.0,246.5143897888896,28.176594752870084,15.414716072066774,real,0.0
1988.1249584659424,514.0,280.0786940245494,32.012994727006,15.415537238478086,real,0.0
1988.1258912308097,508.0,240.9115959495921,27.536195417038385,15.415544373143549,real,0.0
1988.3105786745136,530.0,279.2497547099822,31.918246963350963,15.417181845209983,real,0.0
1988.4075862207008,533.0,266.4168569223784,30.451446746227848,15.418002406356292,real,0.0
1988.596937488741,521.0,279.0213033315329,31.89213497079421,15.419679855299965,real,0.0
1988.782557697312,522.0,281.78711565948055,32.20826731987863,15.421340551215971,real,0.0
1988.844120178547,520.0,283.1593364008323,32.365112150615126,15.421894016940817,real,0.0
1988.870237594828,519.0,249.34639813322568,28.500293306627693,15.4221007819476,real,0.0
1988.8721031245625,535.0,243.687105858765,27.85343619965684,15.422115215673552,real,0.0
1989.0567905682667,516.0,281.2483013268761,32.14668084166194,15.423764406870282,real,0.0
1989.058656098001,525.0,242.9926708622404,27.774062279554077,15.423778799464454,real,0.0
1989.275990312056,519.0,275.9008149229435,31.53546314569244,15.425682614769354,real,0.0
1989.3403510878925,513.0,276.5078216976697,31.604844020043647,15.426247645958606,real,0.0
1989.5278368261977,537.0,269.5321583727719,30.807525702007823,15.427852082542383,real,0.0
1989.618315018316,523.0,272.02373362078373,31.09231275285558,15.428633520388674,real,0.0
1989.6220460777845,530.0,290.7429124488625,33.23191489290498,15.428667962124988,real,0.0
1989.7600952781288,513.0,307.0798597147026,35.099227965390504,15.430013912223131,real,0.0
1989.898144478473,521.0,252.8805291391245,28.904244480601925,15.431122303288994,real,0.0
1989.9876899057228,536.0,305.07319441689947,34.86986612185161,15.431989646916785,real,0.0
1989.991420965192,554.0,246.298471637442,28.15191530815962,15.432018823714056,real,0.0
1990.176108408896,508.0,282.4721499481407,32.286566739072484,15.43367519134656,real,0.0
1990.1854360575676,526.0,280.51105327693585,32.06241338955377,15.433758265493132,real,0.0
1990.2833763686224,532.0,280.8193153456195,32.097647744004306,15.434631502605408,real,0.0
1990.5510798855064,522.0,277.511146999918,31.719524102090624,15.436990232648746,real,0.0
1990.6909946155852,536.0,299.01200042719813,34.17707164882874,15.438318531469475,real,0.0
1990.7367000940776,519.0,270.5879434275648,30.928201933770666,15.438711194877335,real,0.0
1990.830909345664,523.0,257.0524678999664,29.381097080966164,15.439480075756997,real,0.0
1990.830909345664,530.0,299.0983947338618,34.186946518080404,15.439480075756997,real,0.0
1990.9213875377811,540.0,298.7829510843044,34.15089130893598,15.440338384341672,real,0.0
1991.117268159892,521.0,289.93868128324937,33.1399912706754,15.44214157381579,real,0.0
1991.3010228387284,524.0,281.68422820419624,32.19650728373963,15.443784979053454,real,0.0
1991.3942993254475,537.0,278.15974503538274,31.793658857544244,15.444608757052944,real,0.0
1991.4773153986275,518.0,305.2913160816761,34.894797428135576,15.445413431790971,real,0.0
1991.4838447526977,529.0,279.1391208297262,31.905601510837705,15.445471299282389,real,0.0
1991.578986769151,510.0,263.87157193728217,30.16052067243135,15.446268391714067,real,0.0
1991.6274905422447,517.0,297.25903614002374,33.97670783080471,15.44672616908271,real,0.0
1991.8560179347069,532.0,298.1612963442012,34.079836172142194,15.448889551331584,real,0.0
1992.038839848676,518.0,296.67257510450304,33.9096753344447,15.450611615705672,real,0.0
1992.039772613544,523.0,303.80702985942213,34.72514351293195,15.450620613037309,real,0.0
1992.1433095138016,533.0,293.6080889950844,33.55940457213814,15.451585789905062,real,0.0
1992.237518765388,522.0,283.5966461883158,32.4150966593245,15.452434068237388,real,0.0
1992.3168037790997,536.0,295.2962934202453,33.75236633793404,15.453177417356248,real,0.0
1992.511751636342,530.0,279.1213029082778,31.90356492241615,15.454905065028475,real,0.0
1992.520146520147,532.0,278.4707866437593,31.829210913381687,15.454979287952703,real,0.0
1992.549994995897,540.0,289.6405022979728,33.105909412658285,15.455253777101118,real,0.0
1992.6992373746475,531.0,262.6328656998092,30.018936549488192,15.456498248628398,real,0.0
1993.063015672852,543.0,288.9272960432341,33.02438993774166,15.459835347620286,real,0.0
1993.066746732321,537.0,294.0854207651266,33.613963593453974,15.45987018531394,real,0.0
1993.066746732321,523.0,296.01633249269315,33.83466680391483,15.45987018531394,real,0.0
1993.1590904541729,541.0,300.98136720148653,34.40217027112991,15.460752636548,real,0.0
1993.1665525731105,531.0,296.777869669635,33.921710503239275,15.46082294983643,real,0.0
1993.2551652354932,524.0,283.39411755098257,32.391947636077305,15.46162026559193,real,0.0
1993.4445165035331,531.0,278.9696775999763,31.88623414967729,15.463297404166724,real,0.0
1993.4995496306976,539.0,288.34833474712883,32.95821466159683,15.46380123572744,real,0.0
1993.5396585199867,533.0,279.743792281594,31.97471545778619,15.46415747748365,real,0.0
1993.7196821393547,546.0,290.1303290428232,33.16189660959469,15.465815789887197,real,0.0
1993.9995115995123,539.0,289.771970884353,33.12093627208154,15.468390293697457,real,0.0
1994.0927880862312,533.0,293.1397977704207,33.50587888515909,15.469258435549357,real,0.0
1994.1869973378175,518.0,300.14098765702204,34.306114889197616,15.470156200385064,real,0.0
1994.1972577513568,526.0,301.764220643351,34.49165041953502,15.470254505550884,real,0.0
1994.2802738245368,529.0,295.59346668849605,33.7863332424951,15.471033619082254,real,0.0
1994.3763486058572,535.0,286.85214706712634,32.78720040977254,15.471908625501555,real,0.0
1994.4705578574435,534.0,281.6138211149898,32.18845975344333,15.47275097291908,real,0.0
1994.838999979984,530.0,293.3072521668663,33.52501892267282,15.476182092121878,real,0.0
1995.023687423688,529.0,289.5045416104203,33.09036910607104,15.47787969647783,real,0.0
1995.023687423688,535.0,290.77282330240337,33.235333703464704,15.47787969647783,real,0.0
1995.2195680457985,519.0,297.3953188612194,33.992284945837376,15.47972926034509,real,0.0
1995.223299105267,545.0,307.7943200793734,35.18089078507238,15.479765722010557,real,0.0
1995.3100462379157,508.0,298.92955379202414,34.16764799842836,15.480589040203114,real,0.0
1995.321239416322,543.0,285.77540326234094,32.66412859288557,15.48069060004168,real,0.0
1995.86970515823,528.0,287.62247594977816,32.87524900105964,15.485699196662171,real,0.0
1995.956452290879,538.0,290.380849317814,33.190531077026144,15.486498969829404,real,0.0
1996.145803558919,532.0,290.6725438578377,33.22387176295086,15.488246464898156,real,0.0
1996.1467363237855,531.0,296.0982698795256,33.84403224722977,15.488255233932664,real,0.0
1996.2390800456376,534.0,296.3731166692265,33.87544723529258,15.489124174176306,real,0.0
1996.332356532357,536.0,307.35765307093726,35.13097974600813,15.490034422611224,real,0.0
1996.9880902339924,525.0,292.3283639050727,33.41313199434981,15.496120566146192,real,0.0
1996.9899557637264,538.0,291.74965196806426,33.346985219949744,15.496137846644102,real,0.0
1997.0776356612423,517.0,297.7628051889391,34.03428863309574,15.496966769682816,real,0.0
1997.07856842611,528.0,288.39817280462887,32.96391115156908,15.496975310676769,real,0.0
1997.3565323565329,536.0,298.855691504747,34.15920553899259,15.499612818185582,real,0.0
1998.0150643527695,538.0,292.7362208830073,33.45975004692774,15.505733461516693,real,0.0
1998.1074080746216,533.0,287.61106758589733,32.87394502506807,15.506576712193242,real,0.0
1998.1158029584265,524.0,297.78108909507444,34.036378483567006,15.50665608203838,real,0.0
1998.1969535018725,537.0,292.4963499242111,33.43233279633733,15.507409707587016,real,0.0
1999.040172941813,521.0,287.4459175757589,32.855068378909245,15.515105272130814,real,0.0
1999.1297183690635,546.0,293.0219017449917,33.492403369452546,15.515938353122303,real,0.0
1999.2229948557824,527.0,291.9878119653639,33.374206907641096,15.516803083335462,real,0.0
2000.153894193239,513.0,288.1574573541939,32.93639737558436,15.525319880695225,real,0.0
2000.2490362096923,516.0,294.3652692188581,33.64595027171548,15.526209087238096,real,0.0
2000.9952481034452,528.0,290.29364204164347,33.180563285359845,15.53308679028392,real,0.0
2013.0960067255155,529.0,289.7925915267111,33.123293211503075,15.644424839150712,real,-0.5
2013.3002822314304,548.0,290.1876078713212,33.16844357969201,15.646306922648671,real,-0.5
2014.0241077683704,518.0,311.81641611103885,35.64061636149174,15.653472919391652,real,-0.5
2014.3281891150748,528.0,312.88617430302145,35.762889722835354,15.65649370485525,real,-0.5
2014.944746692288,517.0,313.986513003417,35.88865843629056,15.66264021160384,real,-0.5
2015.167677495547,523.0,314.1695956249785,35.909584779935045,15.664863920653753,real,-0.5
2015.253491863328,545.0,293.43255611371933,33.53934116379812,15.665663408808689,real,-0.5
2015.5407834424232,517.0,314.417792941057,35.937953733162814,15.668531373107976,real,-0.5
2015.6349926940093,534.0,299.93593032353215,34.28267683597972,15.669428524587724,real,-0.5
2015.8644528513385,532.0,303.64723611907147,34.70687908840987,15.671640704014395,real,-0.5
2016.100442362738,528.0,304.0327864473198,34.75094749092865,15.673918720436356,real,-0.5
2016.4772793690831,533.0,313.3205336898223,35.81253700074669,15.677667467445518,real,-0.5
2016.4772793690831,516.0,303.6005781335947,34.70154608066987,15.677667467445518,real,-0.5
2016.8037470726,545.0,302.2053324320101,34.54206949697876,15.680799931363133,real,-0.3085725995312542
2017.0360055245303,547.0,301.99590073261373,34.51813145373775,15.683026911300624,real,-0.10254312736423757
2017.1096939490387,528.0,312.94854822332354,35.77001906192588,15.68375908806432,real,-0.03780810064202503
2017.4044476470708,552.0,310.7175027944408,35.51501056940458,15.686666916036812,real,-0.2828017094016021
2017.5937989151107,532.0,308.20447795471114,35.22777183022348,15.688519811388556,real,-0.12214611781626686
2017.5937989151107,524.0,314.0347906699423,35.894176573574406,15.688519811388556,real,-0.12214611781626686
2017.7374447046584,542.0,309.2498469901085,35.347257510969406,15.689930223808974,real,-0.007759172521115267
2018.0331311675577,523.0,303.8589152359505,34.73107401146915,15.69278286503874,real,0.0
2018.058315818972,514.0,309.30038659238835,35.35303418750999,15.69303018555053,real,0.0
2018.2448687924104,512.0,303.7606829550773,34.71984606176534,15.694829377361682,real,0.0
2018.2504653816131,549.0,307.521606519652,35.14971962519622,15.694884021400943,real,0.0
2018.3446746332,523.0,301.43254769690986,34.453740201756794,15.695785649478376,real,0.0
2018.5265637823015,526.0,312.38549903570504,35.70566253978109,15.69758966963879,real,0.0
2018.6655457475133,517.0,301.42842594869893,34.453269085936284,15.698919776040327,real,0.0
2018.71311675574,537.0,309.8573144315617,35.4166910395275,15.69938777817944,real,0.0
2018.897804199444,520.0,300.9740047736656,34.401328745629975,15.701152637475564,real,0.0
2018.991080686163,523.0,305.5154060235159,34.92041090848787,15.702057430043432,real,0.0
2019.1813647190704,531.0,300.759441581087,34.376804172718245,15.703874473636889,real,0.0
2019.3697832222424,517.0,299.3963715538191,34.22100526860152,15.705665548800711,real,0.0
2019.4574631197584,526.0,310.122064578858,35.44695198136346,15.706528877999874,real,0.0
2019.4593286494928,542.0,302.9905600105686,34.63182100920799,15.706546824303164,real,0.0
2019.5535379010796,532.0,299.60308780173915,34.244632935738785,15.707442980203089,real,0.0
2019.5544706659464,529.0,309.34741426281016,35.3584094502392,15.707452141614782,real,0.0
2019.603907203908,530.0,297.3007067614508,33.981470782833824,15.707918787800985,real,0.0
2019.830569066635,524.0,299.7640252557588,34.26302808673323,15.710076043847875,real,0.0
2020.1103985267928,548.0,301.9087928784199,34.50817502600339,15.71275837828914,real,0.0
2020.299749794832,520.0,300.34486554259,34.32941813151804,15.714564022415326,real,0.0
2020.392093516684,530.0,298.6910074358231,34.14038214991458,15.715439758513426,real,0.0
2020.392093516684,529.0,300.10531654692306,34.30203768131331,15.715439758513426,real,0.0
2020.4863027682704,538.0,299.5272057857893,34.235959621315715,15.716335687439337,real,0.0
2020.6709902119744,539.0,309.8281638700921,35.41335913035153,15.718152465986764,real,0.0
2020.7605356392244,528.0,299.3335885401736,34.21382917014184,15.719003491528682,real,0.0
2020.7642666986933,531.0,310.11258017394283,35.44586791388166,15.719040227817882,real,0.0
2020.8566104205447,531.0,299.09575026407174,34.1866442551834,15.71991715058681,real,0.0
2020.9582817910689,505.0,299.32848826977687,34.21324620923549,15.720883402706852,real,0.0
2021.053423807523,512.0,302.4735230892336,34.5727236890994,15.721797102330765,real,0.0
2021.323925619008,522.0,303.52455071976607,34.69285614726926,15.724403902451163,real,0.0
2021.463840349087,522.0,300.2935617084643,34.32355410327747,15.725737894342194,real,0.0
2021.510478592446,516.0,301.3065682306771,34.43934074876639,15.726184058329686,real,0.0
2021.510478592446,535.0,302.2182887324517,34.54355040211924,15.726184058329686,real,0.0
2021.6037550791648,528.0,314.4412540397908,35.94063533674809,15.727115285050424,real,0.0
2021.693300506416,526.0,302.05489133180714,34.524874079225555,15.727974047439368,real,0.0
2021.7884425228688,515.0,302.91327467101684,34.62298729489722,15.728889075446835,real,0.0
2022.0720030424957,528.0,304.5558736659114,34.81073636001367,15.731631006138729,real,0.0
2022.0748013370967,502.0,302.6438703992673,34.59219438663625,15.731657894791727,real,0.0
2022.2566904861992,526.0,307.1707937512259,35.10962172576512,15.733431800130896,real,0.0
2022.4087311595515,529.0,298.51890690461283,34.12071105919725,15.734872837876644,real,0.0
2022.4432434596367,530.0,303.0929693420951,34.64352639580147,15.735204956704145,real,0.0
2022.533721651755,512.0,303.5126800527919,34.69149933003411,15.736076852298934,real,0.0
2022.6279309033412,530.0,298.9786336417751,34.17325782525489,15.736971140366707,real,0.0
2022.6969555035128,518.0,303.3233239173514,34.66985592375326,15.737635882850917,real,0.0
2023.095246101804,520.0,303.1883851489837,34.654432422528835,15.74146992024619,real,0.0
2023.1950519425932,535.0,303.4738130185314,34.68705682801814,15.742431578821533,real,0.0
2023.2929922536484,548.0,308.07919750173727,35.21345227444857,15.743389583396278,real,0.0
2023.3284373186016,529.0,301.88503166726537,34.50545911956843,15.743729319018424,real,0.0
2023.472083108149,520.0,301.7569600956483,34.4908205389326,15.745105558226328,real,0.0
2023.6017374246887,530.0,301.44512558747624,34.45517785464853,15.746346464486328,real,0.0
2023.6203927220329,537.0,303.1277019179579,34.647496329222584,15.746526008749171,real,0.0
2023.6297203707045,534.0,302.3107682492586,34.55412081089026,15.746615538943365,real,0.0
2023.6511739626496,555.0,302.9292614348639,34.624814582004944,15.746821879677595,real,0.0
2023.8405252306893,521.0,296.776077697513,33.92150568082574,15.748606068598283,real,0.0
2023.8405252306893,531.0,298.4652936788041,34.1145830674873,15.748606068598283,real,0.0
2023.8498528793616,543.0,300.2612706622354,34.31986323669351,15.748694991827936,real,0.0
2023.9338017174089,543.0,301.32625549178744,34.441591002711306,15.749498139479371,real,0.0
2024.1222202205813,508.0,301.94834550999394,34.512695891792305,15.751304481285034,real,0.0
2024.12595128005,528.0,301.9468548629204,34.5125255108318,15.751340250253117,real,0.0
2024.2677315398632,543.0,301.5516659738513,34.4673554208112,15.752697692088294,real,0.0
2024.317168077824,557.0,306.54243693738715,35.03780054194335,15.753178844187335,real,0.0
2024.4925278728565,535.0,301.2851970075168,34.436898017959166,15.75485630179233,real,0.0
2024.7723573330136,524.0,300.2719283088845,34.3210814057055,15.7575240933706,real,0.0
2024.8665665846,518.0,295.6534693119399,33.79319154235473,15.758408435393909,real,0.0
2024.875894233272,550.0,299.7373569635324,34.25997990093175,15.758497203465028,real,0.0
2024.959843071319,535.0,298.4560452570392,34.11352597287958,15.759292700928116,real,0.0
2025.054052322905,520.0,294.44464566022015,33.65502299896316,15.760173427186128,real,0.0
2025.150127104226,526.0,298.05020056194684,34.06713792423052,15.7610825918601,real,0.0
2025.1948998178516,531.0,298.0592212578755,34.06816898977517,15.761506293075078,real,0.0
2025.240605296344,533.0,297.76640238686576,34.03469979281876,15.761938396474903,real,0.0
2025.5185692267664,519.0,296.902036520106,33.93590277424811,15.764558662285342,real,0.0
2025.7965331571893,522.0,298.3974656789288,34.10683032710156,15.767192125788672,real,0.0
2025.8916751736429,511.0,297.6027555348283,34.01599495763087,15.768091111997544,real,0.0
2025.8926079385103,538.0,294.625112708142,33.67565038254063,15.76809983740409,real,0.0
2025.986817190096,525.0,293.0903532034176,33.50022737115063,15.7689765127787,real,0.0
2025.9933465441663,533.0,297.4130853944393,33.99431566058442,15.769038168590736,real,0.0
2026.082891971417,542.0,297.8470664498029,34.04391969521247,15.769884967850288,real,0.0
2026.0959506795575,530.0,296.5475630821915,33.89538646029449,15.770007920616706,real,0.0
2026.126731920175,527.0,296.54128846791406,33.89466927188258,15.770297731719625,real,0.0
2026.4485357993565,530.0,297.6705338234537,34.02374201602076,15.773339112876572,real,0.0
2026.6434836565988,529.0,299.341080537606,34.214685505448365,15.775191912772549,real,0.0
2026.823507275967,540.0,297.0736167478767,33.95551439428231,15.776889911272203,real,0.0
2026.9186492924205,531.0,299.2573088353999,34.20511039988621,15.77779389548789,real,0.0
2027.0128585440068,523.0,295.99405192125505,33.83212013459945,15.77867925624274,real,0.0
2027.014724073741,538.0,302.43078209416655,34.56783839336324,15.778697169390064,real,0.0
2027.015656838608,540.0,301.8453710238316,34.50092590802395,15.77870610862661,real,0.0
2027.0632278468347,515.0,295.8979410683249,33.821134664109536,15.779153026814203,real,0.0
2027.2022098120465,543.0,296.8050990828673,33.92482282517173,15.78046273196579,real,0.0
2027.3701074881408,532.0,301.2066745970381,34.42792290644145,15.782068389812665,real,0.0
2027.5697191697195,531.0,301.16615501455686,34.42329151816385,15.78397708178639,real,0.0
2027.663928421306,538.0,302.5552749392272,34.582067925553666,15.784882068102384,real,0.0
2027.7609359674937,522.0,301.9741816379956,34.515648961222894,15.785812145438715,real,0.013399411517565931
2027.762801497228,538.0,302.8027858337594,34.6103584207987,15.785830080620038,real,0.014115774935598999
2027.850481394744,524.0,296.84507431835203,33.92939199458764,15.786656448845832,real,0.047683892792267
2027.8514141596115,513.0,303.5919848505938,34.70056386842287,15.786665439808848,real,0.04804020897163431
2027.9959927140255,518.0,297.9975801282715,34.06112340866144,15.788033358693331,real,0.1031772313297012
2028.1293780900344,534.0,302.96827141648,34.62927342290366,15.78931642498678,real,0.15380491803298926
2028.2263856362224,519.0,297.53186450210075,34.00789211259011,15.79023282003258,real,0.19047377049206032
2028.5006185071763,544.0,300.9311645690036,34.39643211023711,15.792852995679292,real,0.2897202786259015
2028.503416801778,540.0,296.7373214795204,33.91707584510918,15.792879359559915,real,0.2739770731967842
2028.596693288497,541.0,301.5620248595606,34.468539441447774,15.793772444076982,real,0.029363289897876586
2028.8802538081236,529.0,300.9759048819898,34.40154592801143,15.796482144143452,real,0.13439390900572418
2028.8905142216624,531.0,296.41713139879704,33.8804781188825,15.796578707398009,real,0.1381902620150829
2028.9306231109515,516.0,300.9373232479384,34.39713604723936,15.796961938209554,real,0.15296930483012916
2028.9697992353736,538.0,299.2722144924904,34.20681411649165,15.797334185544532,real,0.16738611861745892
2028.9707320002408,532.0,297.406690889802,33.993584768704366,15.797342993328304,real,0.16772937608859978
2029.158217738546,534.0,296.01223385764524,33.83419832992885,15.799105057121045,real,0.2363912568307136
2029.2524269901323,545.0,291.9430612875986,33.36909190517252,15.799978300780626,real,0.2706834244081707
2029.4408454933048,522.0,291.9584310590508,33.370848670049504,15.801724880046184,real,0.3
2029.625532937009,527.0,294.5779612311176,33.67026096871674,15.80345223405373,real,0.3
2029.714145599392,531.0,298.3029920407887,34.09603199026215,15.804291495212436,real,0.3
2029.8130186753144,519.0,298.3562749016276,34.10212222125604,15.805228101245632,real,0.3
2029.8652535078768,526.0,292.9249472131411,33.48132146646203,15.805713904362516,real,0.3
2029.9062951620333,533.0,299.2759472288401,34.207240768256426,15.806103882625086,real,0.3
2029.9967733541507,525.0,299.4144046417079,34.223066450547215,15.806964005175406,real,0.3
2030.005168237956,541.0,295.38085197421896,33.76203138065323,15.8070427352672,real,0.3
2030.3717448307616,513.0,297.0417069001029,33.95186709868176,15.810499946311763,real,0.3
2030.4650213174807,539.0,295.3837290023339,33.76236022496676,15.811374733629856,real,0.3
2030.5601633339345,535.0,295.9843460470548,33.83101075317837,15.81226883101367,real,0.3
2030.7457835425053,522.0,299.5827700781444,34.24231061993191,15.814034404580122,real,0.3
2030.791489020998,519.0,295.3770422625671,33.76159593061142,15.814463040662533,real,0.3
2030.9267399267403,507.0,300.3533138475832,34.33038377277876,15.8157528227458,real,0.3
2031.02001641346,520.0,294.23566248150127,33.63113622163559,15.816624210032224,real,0.3
2031.0218819431936,538.0,299.8993365035193,34.27849416235225,15.816641973240586,real,0.3
2031.0638563622176,527.0,298.7351050772234,34.14542251032663,15.81704009387175,real,0.3
2031.310106287156,540.0,296.8703004496619,33.932275341396355,15.81936115505392,real,0.3
2031.5862046878444,522.0,296.5183706913126,33.89204977001703,15.82196047192546,real,0.3
2031.587137452712,535.0,297.3842950711093,33.991024926627794,15.821969279045978,real,0.3
2031.6776156448293,521.0,302.770318660316,34.60664742287412,15.822839042072108,real,0.3
2031.683212234032,518.0,296.0742115154742,33.8412823762187,15.822891652004207,real,0.3
2031.725186653056,527.0,290.2396568647377,33.17439277963952,15.823278450855147,real,0.3
2031.7671610720795,521.0,301.63480354068776,34.47685804470061,15.823680435879089,real,0.3
2031.996621229409,513.0,298.3800661343053,34.1048415591511,15.82585424207627,real,0.3
2032.043259472768,526.0,291.8338350335381,33.356607344333405,15.826286379179315,real,0.3
2032.233543505675,529.0,297.207914922046,33.97086467558985,15.828081966160374,real,0.3
2032.24193838948,541.0,299.3984041177947,34.22123759066393,15.828161767080717,real,0.3
2032.244736684081,537.0,299.8382627054409,34.271513427231895,15.82818840646711,real,0.3
2032.5180367901685,540.0,297.09310676475485,33.95774210321148,15.830766366055796,real,0.3
2032.700858704138,535.0,295.9948984006224,33.83221688719114,15.832484496790562,real,0.3
2032.794135190857,531.0,303.40841445048125,34.67958177169,15.833383049442936,real,0.3
2032.920058447928,516.0,298.2252550283916,34.08714664974515,15.834575372923595,real,0.3
2033.174703256671,529.0,300.2308088554618,34.316381452179286,15.837002730810166,real,0.3
2033.2586520947184,534.0,293.55176694900973,33.55296696227181,15.837785156529478,real,0.3
2033.2595848595847,543.0,296.9628183370507,33.94285013592489,15.837793951167836,real,0.3
2033.2745090974604,535.0,301.3257181741434,34.441529587304586,15.837936732717932,real,0.3
2033.448003362758,540.0,305.1044432016106,34.87343785794409,15.839617383128925,real,0.3
2033.6317580415948,518.0,299.8657518368745,34.27465543495475,15.841366863212729,real,0.3
2033.633623571329,525.0,299.2492256833494,34.204186495606834,15.841384587914655,real,0.3
2034.282827918894,532.0,298.82062527528745,34.155197468965355,15.847543949772652,real,0.3
2034.2856262134956,540.0,295.0321013281478,33.722169181807296,15.847570162151532,real,0.3
2034.3798354650817,527.0,299.6981862786405,34.255502691648616,15.84846660250467,real,0.3
2034.386364819152,527.0,303.236772410264,34.65996308649317,15.848529465607742,real,0.3
2034.488036189676,535.0,298.4984154290003,34.118368883534735,15.849493038197862,real,0.3
2034.7855881823095,517.0,291.9124324348407,33.365591027302294,15.852250815446633,real,0.3
2035.0486278748576,544.0,292.0728967288717,33.38393209611003,15.854690065234024,real,0.3
2035.122316299366,519.0,289.09485443250264,33.04354186163505,15.855366433717345,real,0.3
2035.2267859644912,509.0,293.9345581612793,33.59671999783423,15.856341388741644,real,0.3
2035.4077423487267,528.0,295.3672831590603,33.7604804650806,15.85803838165137,real,0.3
2035.503817130047,545.0,300.9788409227171,34.40188151746656,15.858956479774648,real,0.3
2036.1548870073464,534.0,289.1215413433295,33.046592175542564,15.864933046639342,real,0.3
2036.2425669048623,536.0,290.08616858075675,33.156849068780495,15.865740599174982,real,0.3
2036.2509617886676,528.0,296.61430215367824,33.903014736165424,15.865819658027576,real,0.3
2036.2630877319407,526.0,296.7129761929518,33.91429317885439,15.865933892137368,real,0.3
2037.2723393182412,513.0,293.28225331942275,33.52216155441002,15.875331751783206,real,0.3
2037.2732720831088,505.0,294.06139596691446,33.61121755901832,15.87534046049512,real,0.3
2037.284465261515,530.0,300.0692074260494,34.29791040879744,15.87544710011461,real,0.3
2038.3888588642692,541.0,293.9469034663635,33.59813106620535,15.885754200396285,real,0.3
2038.3888588642692,531.0,294.5419062208261,33.66613988104042,15.885754200396285,real,0.3
2039.3216237314605,534.0,294.7475034772339,33.689639647447834,15.894483231577246,real,0.3
2051.2703416801783,544.0,252.35722929819843,28.84443130878408,15.990220446604974,real,0.3
2051.3067195099984,531.0,251.7079922687989,28.770223516323718,15.990511168353576,real,0.3
2051.533381372726,527.0,251.82947676515005,28.78410919425665,15.99232346274439,real,0.3
2052.466146239917,520.0,251.05479392197896,28.6955629452822,15.999758521899842,real,0.3
2052.468944534519,548.0,249.01852902342796,28.46281786737781,15.999780646163616,real,0.3
2053.1806441281856,533.0,249.9652861191332,28.57103220341692,16.005428977277454,real,0.3
2053.4035749314444,519.0,248.54047301730645,28.408176065878127,16.00718815991898,real,0.3
2053.505246301968,516.0,248.64212490721096,28.419794876894212,16.00799079311207,real,0.3
2054.132997057588,541.0,238.23711701556675,27.23050247487928,16.01273911769666,real,0.3
2054.299029203948,518.0,249.2676333953604,28.49129049708969,16.014053137172713,real,0.3
2054.4240196961514,547.0,238.27835566375512,27.23521605236721,16.014998732467063,real,0.3
2054.613370964191,500.0,249.25637858067708,28.49000407177139,16.016497237577465,real,0.3
2054.70664745091,542.0,248.6309457129774,28.41851709499332,16.017233565197575,real,0.3
2055.0685602193807,533.0,271.84167305469106,31.07150323015119,16.020357224573843,real,0.3
2055.2663063712253,529.0,273.48560812191,31.259405008334312,16.022074287643107,real,0.3
2055.3623811525454,526.0,252.26607875324328,28.834012801495707,16.022843793608242,real,0.3
2055.5461358313823,547.0,244.8222496196409,27.983183131524957,16.02427213828301,real,0.3
2055.6403450829685,535.0,251.46691043483065,28.74266786270114,16.025024311957434,real,0.3
2055.6450089073046,519.0,248.6641020279081,28.42230686178989,16.02506113324811,real,0.3
2055.827830821274,511.0,252.5132694286976,28.86226669570013,16.026526870703332,real,0.3
2056.000392321704,530.0,263.0517112731536,30.06681059852145,16.02796808568945,real,0.3
2056.291414960268,528.0,263.5682027016965,30.125845568803918,16.03040344765234,real,0.3
2056.569378890691,513.0,272.9395244922078,31.196987649459352,16.032812235792452,real,0.3
2056.663588142277,522.0,254.0718011498944,29.04040687143293,16.03357220106943,real,0.3
2056.663588142277,527.0,247.845913346088,28.328787895457857,16.03357220106943,real,0.3
2056.6645209071444,528.0,253.85194680683225,29.015277520020923,16.033579718967065,real,0.3
2056.763393983066,535.0,255.03578778431284,29.15059054374696,16.034380332453736,real,0.3
2056.9247623050906,543.0,275.4911493066542,31.48863836575057,16.035791795991486,real,0.3
2057.222314297725,537.0,274.9108323945837,31.422308142700917,16.038388954436215,real,0.3
2057.410732800897,521.0,264.7544433095842,30.261432870285475,16.03997279162657,real,0.3
2057.410732800897,532.0,274.5813819669565,31.384651958823127,16.03997279162657,real,0.3
2057.6896294961875,529.0,248.52829723654023,28.40678437413655,16.04217350226151,real,0.3
2057.6924277907888,515.0,261.8255762696548,29.926663367621543,16.042196764378325,real,0.3
2057.693360555656,532.0,255.93782776983528,29.25369371409217,16.042204344049917,real,0.3
2057.8565944074144,547.0,265.7349669806327,30.373506725886315,16.043581561964995,real,0.3
2057.8789807642274,528.0,254.37275724718836,29.074806153353627,16.043762361683,real,0.3
2058.063668207931,512.0,263.1186291960126,30.07445931710424,16.045305243630793,real,0.3
2058.436774154808,528.0,274.05091352269136,31.324019415643622,16.048551681943028,real,0.3
2058.5300506415265,516.0,264.4313652667382,30.224505049988178,16.049334802955215,real,0.3
2058.5356472307294,537.0,263.1090782663038,30.073367645838523,16.04938155525651,real,0.3
2058.624259893113,533.0,266.28010920452977,30.435816482077755,16.05013072157048,real,0.3
2058.62519265798,526.0,239.71143689463736,27.39901723705705,16.050137820692886,real,0.3
2058.6317220120504,525.0,250.66561668970365,28.651079987633125,16.050189785427815,real,0.3
2058.794955863809,526.0,293.7395633849617,33.57443209490112,16.051712142058772,real,0.3
2058.808947336817,528.0,249.9407536698158,28.568228144459944,16.051823173056817,real,0.3
2058.999231369724,520.0,292.2649380667593,33.40588242103059,16.05358889695401,real,0.3
2059.097171680779,514.0,262.59278076502903,30.014354841442817,16.054405456745478,real,0.3
2059.27626253528,539.0,266.83980975470405,30.499790254962672,16.055922743828493,real,0.3
2059.373270081467,524.0,263.78752953930143,30.150914626342157,16.056735206673828,real,0.3
2059.6530995416247,530.0,264.5131447327681,30.2338524429554,16.059085296287048,real,0.3
2059.6624271902965,531.0,248.7587321026097,28.43312307932829,16.05915896689336,real,0.3
2059.737981144539,531.0,291.60897912487377,33.330906313973074,16.05985848960739,real,0.3
2059.7435777337423,516.0,266.65183023887033,30.47830419630288,16.059905871426334,real,0.3
2059.8349886907267,511.0,238.6033020009998,27.27235741871428,16.060598369284907,real,0.3
2059.933861766649,522.0,292.54387633300945,33.43776506486298,16.061516728919337,real,0.3
2060.3023038891897,532.0,270.590042732414,30.92844188431492,16.06468210135676,real,0.3
2060.3983786705103,521.0,266.6289842072619,30.475692894890035,16.065495419559667,real,0.3
2060.4879240977607,524.0,266.81719800417693,30.497205731877425,16.066253998814446,real,0.3
2060.585864408816,549.0,262.6055120614477,30.015810028623477,16.067070598195215,real,0.3
2060.6539562441208,510.0,294.45315095900304,33.65599515461405,16.067707181106076,real,0.3
2060.6763426009334,520.0,273.879776453536,31.304458448639163,16.067901845766258,real,0.3
2060.767753557918,547.0,296.52018827391646,33.89225751970865,16.068762435681325,real,0.3
2060.862895574372,528.0,243.31221946063476,27.81058668435055,16.069497423263524,real,0.3
2060.940315058348,521.0,298.3208180507442,34.098069503200065,16.07023071630395,real,0.3
2061.1436577993964,540.0,298.6789581970097,34.13900492191821,16.07215902709214,real,0.3
2061.239732580717,529.0,282.3899875268271,32.27717557431634,16.073020422254626,real,0.3
2061.3367401269047,525.0,269.51874606859803,30.805992675640752,16.07385053718722,real,0.3
2061.5885866410463,530.0,309.16315064120505,35.33734811828974,16.07632264494905,real,0.3
2061.608174703257,521.0,274.3639686565419,31.35980161744273,16.076493277656,real,0.3
2061.699585660242,518.0,267.3349425367811,30.55638393195408,16.077269163294115,real,0.3
2061.7611481414765,527.0,299.7783850381287,34.26466940985811,16.077855112757323,real,0.3
2061.7947276766954,518.0,278.426600789911,31.824160470286824,16.07815195734547,real,0.3
2061.79659320643,528.0,310.9572728492081,35.54241628666448,16.078170375521697,real,0.3
2061.8870713985475,532.0,304.13452862321884,34.76257662163391,16.07904405749005,real,0.3
2062.0736243719857,537.0,301.98915948670947,34.51736092933089,16.080832756466886,real,0.3
2062.170631918173,539.0,301.187754552491,34.42576034534972,16.08176041161598,real,0.3
2062.36091595108,524.0,290.22973543673345,33.17325876041863,16.08351383979976,real,0.3
2062.4513941431983,533.0,268.5675155625256,30.69726702879667,16.084285349028576,real,0.3
2062.456057967533,533.0,278.4490905625594,31.826731051300538,16.084326580773794,real,0.3
2062.4644528513386,531.0,267.2869795294881,30.55090176022049,16.084397822793356,real,0.3
2062.5269480974403,523.0,337.7594884017703,38.60590952432234,16.085068013297995,real,0.3
2062.817037971137,518.0,337.89454019076,38.62134594380387,16.08818014145545,real,0.3
2063.005456474309,533.0,309.31725364602204,35.35496209174032,16.090030566187963,real,0.3
2063.0063892391768,511.0,302.10684272379905,34.53081212333023,16.09003951316807,real,0.3
2063.016649652716,525.0,299.94729892646666,34.28397626729514,16.0901372264387,real,0.3
2063.1929422126145,502.0,300.5893709167865,34.3573650957887,16.09181971195095,real,0.3
2063.388822834725,515.0,298.2086484900388,34.08524852241143,16.093674334085772,real,0.3
2063.4438559618893,519.0,323.89637102292755,37.02135520792062,16.094240278793816,real,0.3
2063.476502732241,539.0,270.5605180931123,30.92506721804273,16.094520724229255,real,0.3
2063.6555935867414,535.0,324.01414575228574,37.03481685948626,16.096363112284152,real,0.2726372185191529
2063.660257411077,522.0,280.3985061788867,32.04954925624675,16.09640463269187,real,0.2717510918953662
2063.9382213415006,537.0,324.55830637733465,37.09701441892935,16.099268974895992,real,0.21755573169985776
2063.9382213415006,535.0,340.29107792384644,38.89527020669565,16.099268974895992,real,0.21755573169985776
2064.0324305930867,526.0,307.0268125252016,35.09316467163054,16.10018733622363,real,0.19841929782416384
2064.1303709041417,514.0,301.9952812315446,34.51806064476555,16.101126422222677,real,0.17818285193852468
2064.2236473908606,526.0,302.6560619905194,34.593587885516364,16.102022746761833,real,0.15848675313753124
2064.315058347846,527.0,301.5556391471325,34.467809554517245,16.102897951055322,real,0.13884739686529982
2064.364494885807,516.0,318.9946833990929,36.46109231251632,16.103398648325935,real,0.12811112512248798
2064.406469304831,532.0,270.3460806382182,30.90055701694834,16.103758935250465,real,0.11886381432757315
2064.593955043136,531.0,317.5465329015071,36.29556871064226,16.10564918566628,real,0.07677825016502599
2064.9735903440824,532.0,308.5533417927052,35.2676469669062,16.109368308935707,real,0.28694395604387885
2065.0556736523954,531.0,339.855060204015,38.84543338131891,16.110254020514816,real,0.2667815869011881
2065.152681198583,535.0,303.03659057213423,34.637082302394944,16.11118737005961,real,0.24251897555988772
2065.25341980424,526.0,302.72828046233263,34.60184245684462,16.112155631549125,real,0.21691769050610613
2065.3037891070685,530.0,318.6273182860231,36.41910248009244,16.11266518843845,real,0.20392241037636952
2065.4325106587407,524.0,302.4051487425771,34.56490850127656,16.11390109084281,real,0.17031718609242208
2065.464224664225,541.0,340.62176299599446,38.93306751044216,16.114244069597408,real,0.16191623931606622
2065.464224664225,522.0,322.03357356255304,36.80843745819981,16.114244069597408,real,0.16191623931606622
2065.614399807843,508.0,318.9011222029504,36.450398267797226,16.115764609540403,real,0.12158325226674757
2065.809347665086,522.0,340.8860902644911,38.96328011723133,16.117874556198743,real,0.06788265377593443
2065.809347665086,537.0,322.4154278196309,36.852083399783815,16.117874556198743,real,0.06788265377593443
2065.897027562602,531.0,340.03647539234544,38.86616913734508,16.118821162233964,real,0.04323822734624905
2065.897027562602,520.0,317.8188273256337,36.32669196331993,16.118821162233964,real,0.04323822734624905
2066.082647771173,513.0,310.9134947194705,35.53741244643548,16.120653512764626,real,0.0
2066.184319141697,520.0,302.52651459143647,34.578780617801186,16.121630088324753,real,0.0
2066.23655397426,520.0,307.74572708636697,35.175336605971744,16.12214047105196,real,0.0
2066.2766628635486,526.0,302.30171637028354,34.55308618112341,16.1225254393598,real,0.0
2066.453888188315,520.0,309.3479801948695,35.35847413627358,16.124266110765923,real,0.0
2066.7355831782065,544.0,319.82767718128093,36.55630350182041,16.12712659063965,real,0.0
2066.834456254129,546.0,321.4441973119764,36.7410717527589,16.12813567474434,real,0.0
2066.923068916512,508.0,346.0419181094154,39.55259123990618,16.12910924708154,real,0.0
2067.0172781680985,533.0,325.9099037017062,37.251501993105016,16.13008409044911,real,0.0
2067.0182109329653,537.0,316.5213801060369,36.178393746120015,16.130093464319838,real,0.0
2067.1105546548174,533.0,344.1130897803773,39.33212616189713,16.131102374019324,real,0.0
2067.1581256630443,521.0,310.44083835428296,35.48338782389454,16.131571257501015,real,0.0
2067.2038311415367,526.0,305.5090966928775,34.9196897519959,16.132014596703495,real,0.0
2067.3885185852405,521.0,309.2442500218015,35.346617777491915,16.13382795128152,real,0.0
2067.761624532117,524.0,308.8015006982219,35.29601152980676,16.13748604900452,real,0.0
2067.8530354891013,527.0,318.44696164502466,36.39848771602632,16.13841027694755,real,0.0
2067.8530354891013,516.0,315.9610710042524,36.11435041578605,16.13841027694755,real,0.0
2067.952841329891,513.0,319.1882041715297,36.48321173680585,16.139421731842575,real,0.0
2068.04611781661,526.0,341.83606534576273,39.07186226902068,16.140434089076475,real,0.0
2068.0573109950165,516.0,313.0578723382752,35.78251480826486,16.14054534465205,real,0.0
2068.0843611761647,530.0,308.2144571341541,35.22891245043381,16.14081005255856,real,0.0
2068.135663243861,521.0,328.74029973091115,37.57501625924314,16.141345518121838,real,0.0
2068.414559939151,531.0,307.11895406698574,35.10369644985647,16.14406504726971,real,0.0
2068.601112912589,539.0,307.4260718874522,35.138800016735786,16.14588594938809,real,0.0
2068.606709501792,544.0,306.480999232071,35.03077821222571,16.14594040852007,real,0.0
2068.787665886027,503.0,310.5974172306823,35.501284789466986,16.147724904112067,real,0.0
2068.902395964692,520.0,339.1650023105682,38.76655976409794,16.14896037368187,real,0.0
2068.978882683801,525.0,317.48939509454766,36.2890378593068,16.149731381861177,real,0.0
2069.026453692028,533.0,295.9727816973588,33.829688948008105,16.150178413086525,real,0.0
2069.068428111052,511.0,316.98071305156645,36.230895501794045,16.15060084941691,real,0.0
2069.0721591705205,518.0,322.4887578633644,36.86046502378255,16.150639051802205,real,0.0
2069.1691667167083,529.0,295.7393344489994,33.80300592752063,16.151549925874093,real,0.0
2069.5329450149125,529.0,306.69051016365626,35.05472531170591,16.155092189295733,real,0.0
2069.627154266499,532.0,304.29281104081974,34.7806683019657,16.156002372831956,real,0.0
2069.7241618126877,532.0,306.49515460256424,35.032396171073096,16.156946374717972,real,0.0
2069.8146400048045,531.0,302.4773233323769,34.573158056890684,16.157815296061518,real,0.0
2069.815572769672,530.0,313.3412163590444,35.81490102983877,16.157824575750798,real,0.0
2069.9573530294847,529.0,286.7154578084689,32.771576827508,16.159115232049988,real,0.0
2070.0926039352275,535.0,314.1208277337305,35.904010609965404,16.16046413481521,real,0.0
2070.187745951681,506.0,319.7255169703916,36.54462658971576,16.161429948555288,real,0.0
2070.19147701115,543.0,286.3294990248979,32.727461738545834,16.161463867473625,real,0.0
2070.47037370644,506.0,303.7830107111404,34.722398124283345,16.164153856942903,real,0.0
2070.55991913369,517.0,302.8450904018469,34.6151938329311,16.165014865920995,real,0.0
2070.6569266798783,526.0,303.79602323978264,34.72388545630716,16.165950554510506,real,0.0
2070.9330250805665,535.0,305.1836308358557,34.882489004538314,16.16862583212889,real,0.0
2070.933957845434,498.0,314.26768510415013,35.92079640740436,16.16863513925581,real,0.0
2071.027234332153,528.0,314.3993788489767,35.93584900243804,16.169566241961977,real,0.0
2071.09812446206,536.0,293.95667053365946,33.59924744199728,16.170227868355287,real,0.0
2071.211921775857,538.0,290.6163791057149,33.21745213178321,16.171277884139673,real,0.0
2071.4040713384984,521.0,295.6171907544119,33.78904490322928,16.173081370306406,real,0.0
2071.5859604876,525.0,303.4014673450581,34.67878771754014,16.174833507859134,real,0.0
2071.6801697391866,522.0,307.36751902864086,35.13210742497365,16.1757528882889,real,0.0
2071.773446225905,524.0,307.5402493625817,35.151850502143084,16.17666367748793,real,0.0
2071.8695210072265,518.0,308.8298094117582,35.29924721576396,16.17760572400378,real,0.0
2071.96466302368,519.0,319.5082246430355,36.51979007669895,16.178570881356098,real,0.0
2072.5177925899243,532.0,295.08207244164703,33.72788088008026,16.18375307250097,real,0.0
2072.5177925899243,529.0,299.9785045594517,34.28754307114533,16.18375307250097,real,0.0
2072.518725354791,533.0,306.8975504621478,35.078390017823494,16.183762161359244,real,0.0
2072.891831301668,530.0,307.1320698613279,35.10519558514978,16.18740048281455,real,0.0
2072.9543265477696,535.0,287.22204535609234,32.829479784201354,16.18797039570858,real,0.0
2072.985107788387,537.0,307.4925490366457,35.1463983548886,16.18827090952652,real,0.0
2073.264004483677,511.0,285.6509197263236,32.64990012471878,16.190800339872727,real,0.0
2073.4589523409204,519.0,293.02779879985275,33.49307740282317,16.192614063114995,real,0.0
2073.640841490022,526.0,298.3724028446745,34.103965645146296,16.19433715791838,real,0.0
2073.651101903561,528.0,306.61622391368337,35.04623439333401,16.194437043712234,real,0.0
2073.73131968214,521.0,306.8399100828706,35.07180172247211,16.195218538719153,real,0.0
2074.293776897056,537.0,284.3461727338241,32.500767543476094,16.200296397384474,real,0.2942756059971388
2074.477531575893,548.0,291.83933526788394,33.357236021119135,16.201999049660014,real,0.47007524970552794
2074.576404651815,530.0,296.59095684120354,33.90034636694956,16.20293011397116,real,0.06510127504619559
2074.75736103605,529.0,307.4750415457075,35.144397248674366,16.20469667037456,real,0.23928131668011507
2075.321683780701,536.0,281.8909086958311,32.2201308639335,16.20974737945293,real,0.5
2075.5091695190063,509.0,292.36646946253154,33.417487459567354,16.21148774120534,real,0.5
2075.692924197843,528.0,297.7736291397059,34.03552581066839,16.213225015403776,real,0.5
2076.348657899478,538.0,282.14783857978244,32.249497949669134,16.219099205033334,real,0.5
2076.4475309754,522.0,293.54755497803586,33.5524855339895,16.220020715435997,real,0.5
2077.461446386037,516.0,282.3484172324564,32.27242408966977,16.229110023247976,real,0.5
2089.537020356693,526.0,186.14481329454,21.27635215956592,16.300477846672578,real,0.5
2089.772077103225,527.0,185.90697510956628,21.249167255023423,16.301865280039657,real,0.5
2090.4763145779543,519.0,191.1415520810537,21.84747940286444,16.306139117185175,real,0.5
2090.7067075001505,549.0,190.83612033009732,21.812568553730127,16.30753507868787,real,0.5
2091.4044156208097,523.0,180.5620610391109,20.63824357677037,16.31153493150444,real,0.4997527252346613
2091.5350027022164,516.0,185.99989774755352,21.259788312545368,16.312306113089733,real,0.4739992433794469
2091.548994175224,527.0,181.01366176882536,20.68986154017674,16.312386524656198,real,0.470081630937351
2092.0079144898823,537.0,187.4295381856381,21.42319621461844,16.31511750797503,real,0.3358156007924943
2092.3315838987974,528.0,184.83616444305443,21.12677359584112,16.317016977508935,real,0.4484355151223095
2092.4677675694074,533.0,190.22632087579305,21.742868476103144,16.317839484075233,real,0.4116027562599589
2092.56664064533,519.0,184.9261703222649,21.13706126783488,16.31842000803732,real,0.38444061930758255
2092.5787665886032,543.0,179.79583208887811,20.550663607758768,16.318489229198747,real,0.38104535519110255
2092.943477651675,534.0,186.73733092735705,21.34407692499691,16.320651568361413,real,0.3
2093.278340238997,538.0,172.73861076846737,19.74402321083582,16.322488105777115,real,0.3
2093.4005324365985,532.0,187.2680259247818,21.40473536320256,16.32321463123631,real,0.3
2093.59268199924,536.0,173.07148696147257,19.78207095969632,16.324270496870493,real,0.3
2093.78856262135,519.0,185.02678581563757,21.14856161872737,16.32542121726122,real,0.3
2093.966720710984,523.0,186.90402202174783,21.363129717085776,16.326478443477605,real,0.3
2094.2073740467185,541.0,151.5195822113237,17.3186882467543,16.32763616572681,real,0.3
2094.3239696551177,544.0,182.1838605266098,20.823615258191506,16.32831059408517,real,0.3
2094.379935547149,517.0,178.0495193143647,20.351060057631884,16.3286269733157,real,0.3
2094.4293720851106,530.0,150.62466966133798,17.216399742290932,16.328863395315537,real,0.3
2094.7119998398693,524.0,178.9988934055586,20.459573516255347,16.33046962957282,real,0.3
2094.805276326588,521.0,169.5056453434524,19.37449526275661,16.330971625364505,real,0.3
2094.805276326588,531.0,179.5436453506023,20.52183866357384,16.330971625364505,real,0.3
2094.9041494025105,539.0,181.13129580938204,20.703307111012368,16.331540236380015,real,0.3
2094.99742588923,533.0,185.349980554929,21.185502777428383,16.332089155621254,real,0.3
2095.128945735504,525.0,86.87512996202273,9.929827354659198,16.332451924889924,real,0.3
2095.457278968755,533.0,86.37460959560133,9.872617876777232,16.33335234393107,real,0.3
2095.462875557958,524.0,144.85824003240646,16.557296835704058,16.333378084039044,real,0.3
2095.7380411937797,532.0,183.14833188177724,20.933854334087137,16.334978161077387,real,0.3
2095.828519385897,542.0,180.68120809389364,20.651862085132045,16.335497200839978,real,0.3
2095.926459696952,507.0,182.54044174458676,20.864372491406264,16.336064829487693,real,0.3
2096.022534478273,536.0,191.0534432733446,21.83740856614329,16.336647614002306,real,0.3
2096.0645088972965,513.0,34.81200370680255,3.979012023687532,16.33669400753508,real,0.3
2096.1176764947263,540.0,185.7395900332168,21.23003514079668,16.33700754919113,real,0.3
2096.1894993895,522.0,169.12331662288992,19.33079508999632,16.33739321409714,real,0.3
2096.390043835946,516.0,35.69734160226078,4.080206145138407,16.337620509286797,real,0.3
2096.582193398588,535.0,82.95264903642237,9.481487784863075,16.338126582545424,real,0.3
2096.668007766369,532.0,162.10575310443494,18.528687579836912,16.33856825688167,real,0.3
2096.669873296104,518.0,133.02304517957015,15.204534064024868,16.338576135912334,real,0.3
2096.6708060609703,515.0,177.09254618766505,20.241678029250117,16.338581380558477,real,0.3
2096.7640825476897,526.0,183.72891926430276,21.0002154719098,16.33912549898058,real,0.3
2096.9534338157296,516.0,178.66013742406005,20.42085370757006,16.340199586353908,real,0.3
2097.0233911807686,0.0,11.099562842667948,1.2686800329169463,16.34022424010729,real,0.3
2097.1381212594333,529.0,188.90592678518587,21.591947431546743,16.34091236394822,real,0.3
2097.2267339218165,0.0,12.052340200191871,1.3775824848819311,16.340946272629232,real,0.3
2097.6026381632946,532.0,34.35436068489325,3.9267034262832974,16.34135629053839,real,0.3
2097.606369222763,543.0,119.75487882688434,13.68798264991288,16.341370476837632,real,0.3
2097.695914650013,527.0,71.28661954918384,8.148060614471714,16.341573149495684,real,0.3
2097.6996457094824,529.0,158.8016917128979,18.151033362784236,16.341591961324824,real,0.3
2097.7089733581543,548.0,185.2261820689151,21.171352610477,16.341646816585673,real,0.3
2097.7882583718656,516.0,176.33383147193237,20.15495693724187,16.342090701595986,real,0.3
2097.897391861327,540.0,180.3421991206627,20.61311335949175,16.342715585204203,real,0.3
2097.9654836966315,11.0,25.47319016722129,2.9115856361133936,16.342770656095762,real,0.3
2098.165095378211,9.0,26.52502126349513,3.031809930417493,16.342938762950883,real,0.3
2098.5354030304857,435.0,32.85814842675204,3.755686365177758,16.343325085006597,real,0.3
2098.722888768791,531.0,63.46153884998225,7.253653890552971,16.34370285074412,real,0.3
2098.723821533658,522.0,110.83446009641118,12.668378789019798,16.34370613313819,real,0.3
2098.72661982826,539.0,157.3853946619444,17.989150609860243,16.343720116177924,real,0.3
2098.73314918233,539.0,177.27983594090117,20.263085248045,16.343756867527407,real,0.3
2098.8245601393146,539.0,187.9452457179929,21.482141585566588,16.34430234061641,real,0.3
2098.900114093557,0.0,36.10735306349333,4.127070455157288,16.344388956308723,real,0.3
2098.9691386937293,0.0,15.736041256385429,1.7986295156048542,16.344423442331827,real,0.3
2099.1874056726524,2.0,34.562220345798934,3.9504617855248174,16.344662957709403,real,0.3
2099.379555235293,9.0,23.031808858932177,2.632535752575948,16.344803468985372,real,0.3
2099.4663023679423,326.0,24.603991786120933,2.8122362611536227,16.34487123382759,real,0.3
2099.5605116195284,0.0,14.383032204113512,1.6439805809301744,16.3449142555443,real,0.3
2099.655653635982,531.0,49.15706477984362,5.618652504336126,16.34506274719125,real,0.3
2099.748930122701,515.0,93.25259742171404,10.658771885301917,16.345338917411862,real,0.3
2099.845937668889,10.0,41.53612673516356,4.747579285829195,16.345466848249878,real,0.3
2099.9354830961397,536.0,171.093213824993,19.5559543401967,16.345953277773955,real,0.3
2099.9354830961397,520.0,149.41475201629697,17.078106155462745,16.345953277773955,real,0.3
