Time_sec,Speed_kmh,Speed_ms,MotorRPM,Incline_deg,Power_Rolling_W,Power_Aero_W,Power_Accel_W,Power_Gradient_W,Power_Wheel_W,Power_Motor_W,Power_Electrical_W,CumulativeEnergy_Wh
0,2.45077841201716,0.680771781115879,528,0.5,7.21264086656652,0.0231895315301136,-1794.63190740995,10.4902277598525,-1776.905849252,0,0,0
0.0848816029142914,0.122538920600858,0.0340385890557939,158,0.5,0.360632043328326,2.89869144126419e-06,-75.8998741567244,0.524511387992627,-75.014727826712,0,0,0
0.188418503172388,4.28886222103004,1.19135061695279,528,0.5,12.6221215164914,0.124281395544202,-2276.99622470173,18.3578985797419,-2245.89192320996,0,0,0
0.203342741047517,0,0,0,0.5,0,0,-0,0,0,0,0,0
0.270501811485384,0.735233523605149,0.204231534334764,528,0.5,2.16379225996995,0.000626117351313066,0,3.14706832795576,NaN,0,0,0
0.456122020056477,0,0,0,0.5,0,0,0,0,NaN,0,0,0
0.740615304549609,0,0,0,0.5,0,0,0,0,NaN,0,0,0
0.829227966932577,0,0,0,0.5,0,0,0,0,NaN,0,0,0
0.829227966932577,0,0,0,0.5,0,0,0,0,NaN,0,0,0
1.01484817550367,0,0,0,0.5,0,0,0,0,NaN,0,0,0
1.11092295682441,2.45077841201716,0.680771781115879,528,0.5,7.21264086656652,0.0231895315301136,0,10.4902277598525,NaN,0,0,0
1.14170419744163,0,0,0,0.5,0,0,0,0,NaN,0,0,0
1.20419944354344,0,0,52,0.5,0,0,0,0,NaN,0,0,0
1.20699773814516,0.612694603004291,0.17019294527897,528,0.5,1.80316021664163,0.000362336430158024,0,2.62255693996314,NaN,0,0,0
1.30120698973156,0,0,0,0.5,0,0,0,0,0,0,0,0
1.66871634740465,0,0,0,0.5,0,0,0,0,0,0,0,0
1.76199283412367,0,0,0,0.5,0,0,0,0,0,0,0,0
1.76758942332711,0,0,0,0.5,0,0,0,0,0,0,0,0
1.85620208571008,0,0,0,0.5,0,0,0,0,0,0,0,0
1.94947857242911,0,0,0,0.5,0,0,-0,0,0,0,0,0
2.08752777277352,0,0,0,0.5,0,0,-0,0,0,0,0,0
2.22930803258661,0,0,0,0.5,0,0,-0,0,0,0,0,0
2.32258451930563,0.612694603004291,0.17019294527897,528,0.5,1.80316021664163,0.000362336430158024,-134.151234951723,2.62255693996314,-129.725155458689,0,0,0
2.32631557877431,0,0,0,0.5,0,0,-0,0,0,0,0,0
2.50820472787672,0,0,0,0.5,0,0,0,0,NaN,0,0,0
2.6882283472448,0,0,0,0.5,0,0,0,0,NaN,0,0,0
2.78803418803422,0,0,0,0.5,0,0,0,0,NaN,0,0,0
2.8822434396202,0,0,0,0.5,0,0,0,0,NaN,0,0,0
2.8822434396202,0,0,0,0.5,0,0,0,0,NaN,0,0,0
2.98764586961306,0,0,0,0.5,0,0,0,0,NaN,0,0,0
3.04827558598053,0,0,0,0.5,0,0,0,0,NaN,0,0,0
3.06879641305868,0,0,0,0.5,0,0,0,0,NaN,0,0,0
3.25348385676239,0,0,0,0.5,0,0,0,0,NaN,0,0,0
3.53424608178685,0,0,0,0.5,0,0,0,0,NaN,0,0,0
3.6209932144359,0,0,0,0.5,0,0,0,0,0,0,0,0
3.63311915770931,0,0,0,0.5,0,0,0,0,0,0,0,0
3.8150083068113,0,0,0,0.5,0,0,0,0,0,0,0,0
3.90735202866337,0,0,0,0.5,0,0,0,0,0,0,0,0
4.00062851538239,0,0,0,0.5,0,0,0,0,0,0,0,0
4.00156128024978,0,0,0,0.5,0,0,0,0,0,0,0,0
4.37000340279024,0,0,52,0.5,0,0,0,0,0,0,0,0
4.37653275686064,0,0,0,0.5,0,0,0,0,0,0,0,0
4.46980924357966,0,0,0,0.5,0,0,0,0,0,0,0,0
4.65822774675205,0,0,0,0.5,0,0,0,0,0,0,0,0
4.7477731740024,0,0,0,0.5,0,0,-0,0,0,0,0,0
4.84664624992486,0,0,0,0.5,0,0,-0,0,0,0,0,0
5.02666986929252,0,0,0,0.5,0,0,-0,0,0,0,0,0
5.30556656458306,0.245077841201716,0.0680771781115879,211,0.5,0.721264086656652,2.31895315301136e-05,-0.560832922027184,1.04902277598525,1.20947713014625,1.4229142707603,1.58101585640033,0.000122483360431111
5.40257411077076,0,0,0,0.5,0,0,-0,0,0,0,0,0.000122483360431111
5.58912708420881,0,0,0,0.5,0,0,-0,0,0,0,0,0.000122483360431111
5.6805380411935,0,0,0,0.5,0,0,-0,0,0,0,0,0.000122483360431111
5.78407494145202,0,0,0,0.5,0,0,-0,0,0,0,0,0.000122483360431111
5.95943473648361,0,0,0,0.5,0,0,-0,0,0,0,0,0.000122483360431111
6.34186833203225,0.367616761802575,0.102115767167382,316,0.5,1.08189612998498,7.82646689141333e-05,-3.03497243544467,1.57353416397788,-0.379463876812894,0,0,0.000122483360431111
6.42581717007916,0,0,0,0.5,0,0,-0,0,0,0,0,0.000122483360431111
6.42861546468088,0,0,0,0.5,0,0,-0,0,0,0,0,0.000122483360431111
6.79892311695569,0,0,0,0.5,0,0,-0,0,0,0,0,0.000122483360431111
6.89219960367471,0,0,0,0.5,0,0,0,0,NaN,0,0,0.000122483360431111
7.44999299425537,0.490155682403433,0.136154356223176,422,0.5,1.4425281733133,0.000185516252240908,0,2.09804555197051,NaN,0,0,0.000122483360431111
7.45652234832534,0,0,0,0.5,0,0,0,0,NaN,0,0,0.000122483360431111
7.64120979202948,0,0,0,0.5,0,0,0,0,NaN,0,0,0.000122483360431111
7.64120979202948,0,0,0,0.5,0,0,0,0,NaN,0,0,0.000122483360431111
8.3939510398525,0.612694603004291,0.17019294527897,528,0.5,1.80316021664163,0.000362336430158024,0,2.62255693996314,NaN,0,0,0.000122483360431111
8.48349646710285,0,0,0,0.5,0,0,0,0,NaN,0,0,0.000122483360431111
8.58330230789227,0,0,0,0.5,0,0,0,0,NaN,0,0,0.000122483360431111
9.50207570207562,0.612694603004291,0.17019294527897,528,0.5,1.80316021664163,0.000362336430158024,0,2.62255693996314,NaN,0,0,0.000122483360431111
9.59628495366202,0,0,0,0.5,0,0,0,0,NaN,0,0,0.000122483360431111
10.4469665125401,0.612694603004291,0.17019294527897,528,0.5,1.80316021664163,0.000362336430158024,-5.36856914414354,2.62255693996314,-0.942489651108616,0,0,0.000122483360431111
22.6456654456653,36.1489815772532,10.0413837714592,528,0.5,106.386452781856,74.4162936894249,-627.077389354649,154.730859457825,-291.543783425543,0,0,0.000122483360431111
22.8415460677754,36.1489815772532,10.0413837714592,528,0.5,106.386452781856,74.4162936894249,-199.90575240574,154.730859457825,135.627853523366,159.562180615725,177.29131179525,0.00976913126298123
23.5560439560439,37.5228540772532,10.4230150214592,528,0.5,110.429759549356,83.2276112749038,-222.785586291197,160.611536130726,131.483320663788,154.686259604457,171.87362178273,0.0438811700998731
23.7677815808961,37.5228540772532,10.4230150214592,528,0.5,110.429759549356,83.2276112749038,-159.732740385974,160.611536130726,194.536166569012,228.866078316484,254.295642573871,0.0588378243690033
23.9552673192016,36.5165983390558,10.1434995386266,528,0.5,107.468348911841,76.7097876355077,308.953392376296,156.304393621803,649.435922545448,764.042261818174,848.935846464638,0.103049869910216
24.4701535258912,37.3743707832618,10.3817696620172,528,0.5,109.992773215139,82.2434852536986,259.381116906887,159.975973337751,611.593348713477,719.521586721737,799.468429690819,0.217392999668996
24.8880321863927,37.2518318626609,10.3477310729614,528,0.5,109.632141171811,81.4371823437051,107.809719575749,159.451461949759,458.330505041024,539.212358871793,599.124843190881,0.286937857153932
24.9533257270962,37.3743707832618,10.3817696620172,528,0.5,109.992773215139,82.2434852536986,108.164356811195,159.975973337751,460.376588617784,541.619516020923,601.79946224547,0.2978527509549
25.0092916191276,37.5228540772532,10.4230150214592,528,0.5,110.429759549356,83.2276112749038,2280,160.611536130726,Inf,Inf,2280,0.333297815908129
25.405716687684,37.3743707832618,10.3817696620172,528,0.5,109.992773215139,82.2434852536986,2280,159.975973337751,Inf,Inf,2280,0.584367025993844
25.8860905942873,37.3743707832618,10.3817696620172,528,0.5,109.992773215139,82.2434852536986,2280,159.975973337751,Inf,Inf,2280,0.888603833509262
25.9131407754358,37.3743707832618,10.3817696620172,528,0.5,109.992773215139,82.2434852536986,2280,159.975973337751,Inf,Inf,2280,0.905735614903336
25.9131407754358,37.5228540772532,10.4230150214592,528,0.5,110.429759549356,83.2276112749038,2280,160.611536130726,Inf,Inf,2280,0.905735614903336
25.9224684241075,37.5228540772532,10.4230150214592,528,0.5,110.429759549356,83.2276112749038,2280,160.611536130726,Inf,Inf,2280,0.911643125728739
26.3384815548751,36.1489815772532,10.0413837714592,528,0.5,106.386452781856,74.4162936894249,2280,154.730859457825,Inf,Inf,2280,1.17511810854821
26.5632778878681,36.1489815772532,10.0413837714592,528,0.5,106.386452781856,74.4162936894249,2280,154.730859457825,Inf,Inf,2280,1.3174891194438
26.7554274505092,37.3743707832618,10.3817696620172,528,0.5,109.992773215139,82.2434852536986,2280,159.975973337751,Inf,Inf,2280,1.4391838424498
26.85150223183,37.5228540772532,10.4230150214592,528,0.5,110.429759549356,83.2276112749038,2280,160.611536130726,Inf,Inf,2280,1.50003120395294
26.939182129346,37.2518318626609,10.3477310729614,528,0.5,109.632141171811,81.4371823437051,0,159.451461949759,NaN,0,0,1.50003120395294
27.0380552052684,37.5228540772532,10.4230150214592,528,0.5,110.429759549356,83.2276112749038,0,160.611536130726,NaN,0,0,1.50003120395294
27.2675153625971,36.1489815772532,10.0413837714592,528,0.5,106.386452781856,74.4162936894249,0,154.730859457825,NaN,0,0,1.50003120395294
27.7516203286695,36.1489815772532,10.0413837714592,528,0.5,106.386452781856,74.4162936894249,0,154.730859457825,NaN,0,0,1.50003120395294
27.7516203286695,36.1489815772532,10.0413837714592,528,0.5,106.386452781856,74.4162936894249,0,154.730859457825,NaN,0,0,1.50003120395294
27.7824015692867,37.0067540214592,10.2796538948498,528,0.5,108.910877085154,79.840420771136,0,158.402439173773,NaN,0,0,1.50003120395294
27.9633579535217,37.5228540772532,10.4230150214592,528,0.5,110.429759549356,83.2276112749038,0,160.611536130726,NaN,0,0,1.50003120395294
27.9633579535217,37.3743707832618,10.3817696620172,528,0.5,109.992773215139,82.2434852536986,0,159.975973337751,NaN,0,0,1.50003120395294
28.0603654997099,37.5228540772532,10.4230150214592,528,0.5,110.429759549356,83.2276112749038,0,160.611536130726,NaN,0,0,1.50003120395294
28.2086751135929,34.3108977682403,9.53080493562231,528,0.5,100.976972131931,63.6320745186316,0,146.863188637936,NaN,0,0,1.50003120395294
28.6750575471885,34.3108977682403,9.53080493562231,528,0.5,100.976972131931,63.6320745186316,0,146.863188637936,-Inf,0,0,1.50003120395294
28.7291579094856,37.3743707832618,10.3817696620172,528,0.5,109.992773215139,82.2434852536986,0,159.975973337751,-Inf,0,0,1.50003120395294
28.8028463339938,36.7616761802575,10.2115767167382,528,0.5,108.189612998498,78.2646689141333,0,157.353416397788,-Inf,0,0,1.50003120395294
28.8047118637282,36.1489815772532,10.0413837714592,528,0.5,106.386452781856,74.4162936894249,0,154.730859457825,-Inf,0,0,1.50003120395294
28.8047118637282,35.9039037360515,9.97330659334763,528,0.5,105.665188695199,72.9129801315393,0,153.68183668184,-Inf,0,0,1.50003120395294
28.9903320722992,37.5228540772532,10.4230150214592,528,0.5,110.429759549356,83.2276112749038,0,160.611536130726,-Inf,0,0,1.50003120395294
29.0882723833543,37.5228540772532,10.4230150214592,528,0.5,110.429759549356,83.2276112749038,0,160.611536130726,-Inf,0,0,1.50003120395294
29.1405072159171,34.3108977682403,9.53080493562231,528,0.5,100.976972131931,63.6320745186316,0,146.863188637936,-Inf,0,0,1.50003120395294
29.3615724894414,34.3108977682403,9.53080493562231,528,0.5,100.976972131931,63.6320745186316,0,146.863188637936,-Inf,0,0,1.50003120395294
29.7365439660523,34.3108977682403,9.53080493562231,528,0.5,100.976972131931,63.6320745186316,0,146.863188637936,-Inf,0,0,1.50003120395294
29.7374767309193,36.1489815772532,10.0413837714592,528,0.5,106.386452781856,74.4162936894249,2280,154.730859457825,86638.3623947637,101927.48517031,2280,1.50062195503534
29.740275025521,35.5362869742489,9.87119082618025,528,0.5,104.583292565214,70.6961855609925,2280,152.108302517862,84807.1317516388,99773.0961783986,2280,1.5023942082831
29.83355151224,36.5165983390558,10.1434995386266,528,0.5,107.468348911841,76.7097876355077,2280,156.304393621803,80801.4103781976,95060.4827978796,2280,1.56146931653848
29.9230969394903,37.3743707832618,10.3817696620172,528,0.5,109.992773215139,82.2434852536986,2280,159.975973337751,86032.3756231894,101214.559556693,2280,1.6181814204637
29.9258952340921,37.3743707832618,10.3817696620172,528,0.5,109.992773215139,82.2434852536986,2280,159.975973337751,85042.4693330442,100049.963921228,2280,1.61995367371146
30.0303648992171,37.5228540772532,10.4230150214592,528,0.5,110.429759549356,83.2276112749038,2280,160.611536130726,85856.4365810522,101007.572448297,2280,1.68611779495733
30.0658099641704,33.0855085622317,9.19041904506437,528,0.5,97.370651698648,57.0549436384031,-14699.1575699976,141.618074758009,-14403.1138999026,0,0,1.68611779495733
30.4827558598049,34.1883588476394,9.49676634656651,528,0.5,100.616340088603,62.9527342937655,0,146.338677249943,-Inf,0,0,1.68611779495733
30.5405872815707,33.0855085622317,9.19041904506437,528,0.5,97.370651698648,57.0549436384031,0,141.618074758009,-Inf,0,0,1.68611779495733
30.6749054224464,34.3108977682403,9.53080493562231,528,0.5,100.976972131931,63.6320745186316,0,146.863188637936,-Inf,0,0,1.68611779495733
30.8577273364158,36.1489815772532,10.0413837714592,528,0.5,106.386452781856,74.4162936894249,0,154.730859457825,-Inf,0,0,1.68611779495733
30.8577273364158,35.1686702124463,9.76907505901286,528,0.5,103.50139643523,68.5247844984158,0,150.534768353884,-Inf,0,0,1.68611779495733
30.8614583958845,36.271520497854,10.075422360515,528,0.5,106.747084825184,75.1756377980699,0,155.255370845818,-Inf,0,0,1.68611779495733
30.9528693528691,37.3743707832618,10.3817696620172,528,0.5,109.992773215139,82.2434852536986,0,159.975973337751,-Inf,0,0,1.68611779495733
30.9649952961426,37.3743707832618,10.3817696620172,528,0.5,109.992773215139,82.2434852536986,0,159.975973337751,-Inf,0,0,1.68611779495733
31.0032386556975,33.0855085622317,9.19041904506437,528,0.5,97.370651698648,57.0549436384031,0,141.618074758009,-Inf,0,0,1.68611779495733
31.228967753558,33.0855085622317,9.19041904506437,528,0.5,97.370651698648,57.0549436384031,0,141.618074758009,-Inf,0,0,1.68611779495733
31.5143938029185,33.0855085622317,9.19041904506437,528,0.5,97.370651698648,57.0549436384031,0,141.618074758009,-Inf,0,0,1.68611779495733
31.6953501871535,34.3108977682403,9.53080493562231,528,0.5,100.976972131931,63.6320745186316,0,146.863188637936,-Inf,0,0,1.68611779495733
31.6953501871535,33.9432810064377,9.42868916845493,528,0.5,99.8950760019463,61.6085936803027,0,145.289654473958,-Inf,0,0,1.68611779495733
31.7876939090052,36.1489815772532,10.0413837714592,528,0.5,106.386452781856,74.4162936894249,0,154.730859457825,-Inf,0,0,1.68611779495733
31.7904922036069,34.8010534506437,9.66695929184548,528,0.5,102.419500305245,66.3983073557958,0,148.961234189906,-Inf,0,0,1.68611779495733
31.9257431093496,31.8601193562231,8.85003315450643,528,0.5,93.7643312653647,50.9474007716595,0,136.372960878083,-Inf,0,0,1.68611779495733
31.9770451770449,37.3743707832618,10.3817696620172,528,0.5,109.992773215139,82.2434852536986,0,159.975973337751,-Inf,0,0,1.68611779495733
32.069388898897,36.1489815772532,10.0413837714592,528,0.5,106.386452781856,74.4162936894249,0,154.730859457825,-Inf,0,0,1.68611779495733
32.1607998558817,31.8601193562231,8.85003315450643,528,0.5,93.7643312653647,50.9474007716595,-32404.7961973923,136.372960878083,-32123.7115044772,0,0,1.68611779495733
32.4406293160392,32.9629696416309,9.15638045600858,528,0.5,97.0100196553197,56.4233448615747,-35487.504827572,141.093563370017,-35192.9778996851,0,0,1.68611779495733
32.5385696270943,33.698203165236,9.36061199034334,528,0.5,99.1738119152896,60.2837235675413,-18023.9070917956,144.240631697972,-17720.2089246148,0,0,1.68611779495733
32.5404351568286,33.0855085622317,9.19041904506437,528,0.5,97.370651698648,57.0549436384031,-13231.4307154978,141.618074758009,-12935.3870454027,0,0,1.68611779495733
32.7213915410636,36.1489815772532,10.0413837714592,528,0.5,106.386452781856,74.4162936894249,-18929.693836913,154.730859457825,-18594.1602309839,0,0,1.68611779495733
32.8183990872513,34.3108977682403,9.53080493562231,528,0.5,100.976972131931,63.6320745186316,-20043.6273213714,146.863188637936,-19732.1550860829,0,0,1.68611779495733
32.8585079765407,30.6347301502146,8.50964726394849,528,0.5,90.1580108320815,45.2920537697531,-15673.4966799145,131.127846998157,-15406.9187683145,0,0,1.68611779495733
32.9088772793691,34.4334366888412,9.5648435246781,528,0.5,101.33760417526,64.316284545119,-16943.1545861892,147.387700025928,-16630.1129974429,0,0,1.68611779495733
33.0021537660881,36.1489815772532,10.0413837714592,528,0.5,106.386452781856,74.4162936894249,-18097.7982483933,154.730859457825,-17762.2646424642,0,0,1.68611779495733
33.0991613122758,30.6347301502146,8.50964726394849,528,0.5,90.1580108320815,45.2920537697531,-1200.22528875189,131.127846998157,-933.647377151901,0,0,1.68611779495733
33.3295542344723,31.8601193562231,8.85003315450643,528,0.5,93.7643312653647,50.9474007716595,2280,136.372960878083,30256.4350737519,35595.8059691199,2280,1.83203331234843
33.377125242699,32.7178918004292,9.08830327789699,528,0.5,96.288755568663,55.1741653797276,-13129.5768767781,140.044540594031,-12838.0694152357,0,0,1.83203331234843
33.6550891731217,33.0855085622317,9.19041904506437,528,0.5,97.370651698648,57.0549436384031,-13181.3791939017,141.618074758009,-12885.3355238067,0,0,1.83203331234843
33.7511639544424,33.4531253240343,9.29253481223175,528,0.5,98.452547828633,58.9779848182923,-15577.6967428541,143.191608921987,-15277.0746012852,0,0,1.83203331234843
33.7548950139115,36.1489815772532,10.0413837714592,528,0.5,106.386452781856,74.4162936894249,-19755.1678295882,154.730859457825,-19419.6342236591,0,0,1.83203331234843
33.7567605436459,34.3108977682403,9.53080493562231,528,0.5,100.976972131931,63.6320745186316,-16041.8447570699,146.863188637936,-15730.3725217814,0,0,1.83203331234843
33.7978021978022,30.6347301502146,8.50964726394849,528,0.5,90.1580108320815,45.2920537697531,-14133.12728036,131.127846998157,-13866.54936876,0,0,1.83203331234843
33.9339858684122,34.3108977682403,9.53080493562231,528,0.5,100.976972131931,63.6320745186316,-8341.18394949832,146.863188637936,-8029.71171420982,0,0,1.83203331234843
34.0263295902639,30.6347301502146,8.50964726394849,528,0.5,90.1580108320815,45.2920537697531,-7360.43319140274,131.127846998157,-7093.85527980275,0,0,1.83203331234843
34.2184791529054,30.6347301502146,8.50964726394849,528,0.5,90.1580108320815,45.2920537697531,-8186.04063239711,131.127846998157,-7919.46272079712,0,0,1.83203331234843
34.3061590504214,31.4925025944206,8.74791738733905,528,0.5,92.6824351353797,49.2041074480431,-36307.9931698426,134.799426714105,-36031.307200545,0,0,1.83203331234843
34.3117556396244,32.4728139592274,9.0202260997854,528,0.5,95.5674914820063,53.9435607126362,2280,138.995517818046,7826.53760818723,9207.69130374968,2280,1.83557781884368
34.4936447887268,33.0855085622317,9.19041904506437,528,0.5,97.370651698648,57.0549436384031,0,141.618074758009,NaN,0,0,1.83557781884368
34.7296343001259,29.409340944206,8.16926137339055,528,0.5,86.5516903987982,40.0715104840362,0,125.88273311823,NaN,0,0,1.83557781884368
34.7744070137513,33.2080474828326,9.22445763412016,528,0.5,97.7312837419763,57.6912382953665,0,142.142586146002,NaN,0,0,1.83557781884368
34.8667507356033,34.3108977682403,9.53080493562231,528,0.5,100.976972131931,63.6320745186316,0,146.863188637936,NaN,0,0,1.83557781884368
34.8667507356033,34.3108977682403,9.53080493562231,528,0.5,100.976972131931,63.6320745186316,0,146.863188637936,NaN,0,0,1.83557781884368
34.8686162653377,29.409340944206,8.16926137339055,528,0.5,86.5516903987982,40.0715104840362,0,125.88273311823,NaN,0,0,1.83557781884368
35.1428491362917,30.5121912296137,8.4756086748927,528,0.5,89.7973787887531,44.7507202444055,0,130.603335610164,NaN,0,0,1.83557781884368
35.2389239176125,30.6347301502146,8.50964726394849,528,0.5,90.1580108320815,45.2920537697531,0,131.127846998157,NaN,0,0,1.83557781884368
35.3331331691989,31.2474247532189,8.67984020922746,528,0.5,91.9611710487231,48.0642897968921,0,133.75040393812,NaN,0,0,1.83557781884368
35.4310734802535,32.2277361180257,8.95214892167381,528,0.5,94.8462273953497,52.7313917231112,0,137.946495042061,NaN,0,0,1.83557781884368
35.618559218559,33.0855085622317,9.19041904506437,528,0.5,97.370651698648,57.0549436384031,-122479.171827631,141.618074758009,-122183.128157536,0,0,1.83557781884368
35.6194919834264,33.0855085622317,9.19041904506437,528,0.5,97.370651698648,57.0549436384031,-3013.9668075755,141.618074758009,-2717.92313748044,0,0,1.83557781884368
35.6698612862548,28.1839517381974,7.82887548283261,528,0.5,82.945369965515,35.2683787658615,0,120.637619238304,-Inf,0,0,1.83557781884368
35.7995156027944,34.3108977682403,9.53080493562231,528,0.5,100.976972131931,63.6320745186316,0,146.863188637936,-Inf,0,0,1.83557781884368
36.0830761224202,30.267113388412,8.40753149678111,528,0.5,89.0761147020965,43.6810277366016,0,129.554312834179,-Inf,0,0,1.83557781884368
36.1185211873735,29.2868020236051,8.13522278433476,528,0.5,86.1910583554699,39.5727007621321,0,125.358221730238,-Inf,0,0,1.83557781884368
36.1185211873735,28.1839517381974,7.82887548283261,528,0.5,82.945369965515,35.2683787658615,0,120.637619238304,-Inf,0,0,1.83557781884368
36.2649652715226,30.6347301502146,8.50964726394849,528,0.5,90.1580108320815,45.2920537697531,0,131.127846998157,-Inf,0,0,1.83557781884368
36.3582417582416,31.0023469120171,8.61176303111587,528,0.5,91.2399069620664,46.9422121373616,0,132.701381162135,-Inf,0,0,1.83557781884368
36.453383774695,31.982658276824,8.88407174356222,528,0.5,94.124963308693,51.5375192739635,0,136.897472266076,-Inf,0,0,1.83557781884368
36.5475930262814,28.1839517381974,7.82887548283261,528,0.5,82.945369965515,35.2683787658615,0,120.637619238304,-Inf,0,0,1.83557781884368
36.5979623291098,29.409340944206,8.16926137339055,528,0.5,86.5516903987982,40.0715104840362,0,125.88273311823,-Inf,0,0,1.83557781884368
36.6446005724695,33.0855085622317,9.19041904506437,528,0.5,97.370651698648,57.0549436384031,2280,141.618074758009,Inf,Inf,2280,1.8651153729715
36.8255569567046,33.0855085622317,9.19041904506437,528,0.5,97.370651698648,57.0549436384031,2280,141.618074758009,Inf,Inf,2280,1.97972108298702
37.0512860545646,29.409340944206,8.16926137339055,528,0.5,86.5516903987982,40.0715104840362,2280,125.88273311823,Inf,Inf,2280,2.12268284496503
37.1044536519947,29.0417241824034,8.06714560622317,528,0.5,85.4697942688132,38.5875340967554,2280,124.309198954253,Inf,Inf,2280,2.15635565667077
37.1044536519947,30.0220355472103,8.33945431866952,528,0.5,88.3548506154398,42.6285186716614,2280,128.505290058194,Inf,Inf,2280,2.15635565667077
37.1967973738463,28.3064906587983,7.8629140718884,528,0.5,83.3060020088433,35.730404093376,2280,121.162130626297,Inf,Inf,2280,2.21484001384348
37.2014611981824,30.6347301502146,8.50964726394849,528,0.5,90.1580108320815,45.2920537697531,2280,131.127846998157,Inf,Inf,2280,2.21779376925631
37.3852158770191,30.7572690708154,8.54368585300428,528,0.5,90.5186428754098,45.8377353322625,2280,131.652358386149,Inf,Inf,2280,2.33417173251959
37.5717688504572,31.8601193562231,8.85003315450643,528,0.5,93.7643312653647,50.9474007716595,2280,136.372960878083,Inf,Inf,2280,2.45232194903035
37.5745671450589,33.0855085622317,9.19041904506437,528,0.5,97.370651698648,57.0549436384031,2280,141.618074758009,Inf,Inf,2280,2.45409420227811
37.7536579995596,28.1839517381974,7.82887548283261,528,0.5,82.945369965515,35.2683787658615,2280,120.637619238304,39327.1571634289,46267.2437216811,2280,2.56751841012855
37.941143737865,29.2868020236051,8.13522278433476,528,0.5,86.1910583554699,39.5727007621321,2280,125.358221730238,41994.9984437723,49405.880522085,2280,2.68625937772199
38.1332933005065,28.5515685,7.93099124999999,528,0.5,84.0272660954999,36.6665248995665,2280,122.211153402282,21142.5674113146,24873.6087191936,2280,2.80795410072827
38.1360915951078,28.7966463412017,7.99906842811158,528,0.5,84.7485301821566,37.6188551882966,2280,123.260176178267,20482.1365491009,24096.6312342364,2280,2.80972635397575
38.2237714926238,29.7769577060086,8.27137714055793,528,0.5,87.6335865287832,41.5930539123959,2280,127.456267282208,22315.5701926129,26253.6119913093,2280,2.86525695573589
38.3179807442102,30.6347301502146,8.50964726394849,528,0.5,90.1580108320815,45.2920537697531,2065.91437918283,131.127846998157,2332.49229078282,2744.10857739156,2280,2.92492281507395
38.3189135090772,30.6347301502146,8.50964726394849,528,0.5,90.1580108320815,45.2920537697531,2280,131.127846998157,3835.76528341856,4512.66503931595,2280,2.92551356615636
38.469088652695,27.5712571351931,7.65868253755364,528,0.5,81.1422097488733,33.01790719815,2280,118.015062298341,2852.37009154093,3355.72951945992,2280,3.02062449044764
38.5978102043677,31.8601193562231,8.85003315450643,528,0.5,93.7643312653647,50.9474007716595,2280,136.372960878083,3774.22619344377,4440.26610993385,2280,3.10214813984037
38.6892211613524,27.5712571351931,7.65868253755364,528,0.5,81.1422097488733,33.01790719815,-662.56257402224,118.015062298341,-430.387394776875,0,0,3.10214813984037
38.8739086050561,29.0417241824034,8.06714560622317,528,0.5,85.4697942688132,38.5875340967554,-11746.8232953022,124.309198954253,-11498.4567679824,0,0,3.10214813984037
38.9634540323065,28.1839517381974,7.82887548283261,528,0.5,82.945369965515,35.2683787658615,-10946.8171780757,120.637619238304,-10707.965810106,0,0,3.10214813984037
39.1649312436197,29.5318798648068,8.20329996244634,528,0.5,86.9123224421265,40.5744943216159,-11470.3606083315,126.407244506223,-11216.4665470615,0,0,3.10214813984037
39.2498128465339,28.7966463412017,7.99906842811158,528,0.5,84.7485301821566,37.6188551882966,-12120.3319953773,123.260176178267,-11874.7044338286,0,0,3.10214813984037
39.2507456114013,28.5515685,7.93099124999999,528,0.5,84.0272660954999,36.6665248995665,-13338.4402832332,122.211153402282,-13095.5353388359,0,0,3.10214813984037
39.3514842170581,30.6347301502146,8.50964726394849,528,0.5,90.1580108320815,45.2920537697531,-2999.27508332393,131.127846998157,-2732.69717172394,0,0,3.10214813984037
39.3552152765268,30.6347301502146,8.50964726394849,528,0.5,90.1580108320815,45.2920537697531,-3226.24813235298,131.127846998157,-2959.67022075299,0,0,3.10214813984037
39.425172641566,27.5712571351931,7.65868253755364,528,0.5,81.1422097488733,33.01790719815,0,118.015062298341,-Inf,0,0,3.10214813984037
39.8962188994976,27.5712571351931,7.65868253755364,528,0.5,81.1422097488733,33.01790719815,0,118.015062298341,-Inf,0,0,3.10214813984037
39.9018154887006,28.7966463412017,7.99906842811158,528,0.5,84.7485301821566,37.6188551882966,0,123.260176178267,-Inf,0,0,3.10214813984037
39.9950919754196,29.0417241824034,8.06714560622317,528,0.5,85.4697942688132,38.5875340967554,0,124.309198954253,NaN,0,0,3.10214813984037
39.9950919754196,27.9388738969957,7.76079830472102,528,0.5,82.2241058788583,34.3563113012506,0,119.588596462319,NaN,0,0,3.10214813984037
39.9950919754196,27.5712571351931,7.65868253755364,528,0.5,81.1422097488733,33.01790719815,0,118.015062298341,NaN,0,0,3.10214813984037
40.2758542004445,28.3064906587983,7.8629140718884,528,0.5,83.3060020088433,35.730404093376,0,121.162130626297,NaN,0,0,3.10214813984037
40.2758542004445,29.409340944206,8.16926137339055,528,0.5,86.5516903987982,40.0715104840362,0,125.88273311823,NaN,0,0,3.10214813984037
40.2879801437179,30.6347301502146,8.50964726394849,528,0.5,90.1580108320815,45.2920537697531,0,131.127846998157,NaN,0,0,3.10214813984037
40.3570047438901,30.6347301502146,8.50964726394849,528,0.5,90.1580108320815,45.2920537697531,0,131.127846998157,NaN,0,0,3.10214813984037
40.4586761144139,30.6347301502146,8.50964726394849,528,0.5,90.1580108320815,45.2920537697531,0,131.127846998157,NaN,0,0,3.10214813984037
40.8317820612904,27.8163349763948,7.72675971566523,528,0.5,81.86347383553,33.9062343798569,2280,119.064085074326,Inf,Inf,2280,3.33844857286217
40.9306551372124,27.5712571351931,7.65868253755364,528,0.5,81.1422097488733,33.01790719815,2280,118.015062298341,Inf,Inf,2280,3.40106818761279
40.9334534318141,27.8163349763948,7.72675971566523,528,0.5,81.86347383553,33.9062343798569,-7305.89426211325,119.064085074326,-7071.06046882354,0,0,3.40106818761279
41.0388558618066,28.1839517381974,7.82887548283261,528,0.5,82.945369965515,35.2683787658615,-10996.04412159,120.637619238304,-10757.1927536203,0,0,3.40106818761279
41.1134770511818,29.2868020236051,8.13522278433476,528,0.5,86.1910583554699,39.5727007621321,-11426.3241089566,125.358221730238,-11175.2021281087,0,0,3.40106818761279
41.1153425809161,28.5515685,7.93099124999999,528,0.5,84.0272660954999,36.6665248995665,-11069.7779462685,122.211153402282,-10826.8730018711,0,0,3.40106818761279
41.220745010909,29.409340944206,8.16926137339055,528,0.5,86.5516903987982,40.0715104840362,-11561.6079767327,125.88273311823,-11309.1020427317,0,0,3.40106818761279
41.2869713164795,30.0220355472103,8.33945431866952,528,0.5,88.3548506154398,42.6285186716614,-12024.535660382,128.505290058194,-11765.0470010367,0,0,3.40106818761279
41.4921795872613,30.0220355472103,8.33945431866952,528,0.5,88.3548506154398,42.6285186716614,2280,128.505290058194,11972.2687454324,14085.0220534499,2280,3.53103342577463
41.7710762825515,30.5121912296137,8.4756086748927,528,0.5,89.7973787887531,44.7507202444055,0,130.603335610164,-Inf,0,0,3.53103342577463
41.9529654316539,28.4290295793991,7.8969526609442,528,0.5,83.6666340521716,36.1964470072281,0,121.686642014289,-Inf,0,0,3.53103342577463
42.0471746832403,27.693796055794,7.69272112660943,528,0.5,81.5028417922017,33.4601054762063,0,118.539573686334,-Inf,0,0,3.53103342577463
42.0481074481072,28.3064906587983,7.8629140718884,528,0.5,83.3060020088433,35.730404093376,0,121.162130626297,-Inf,0,0,3.53103342577463
42.0481074481072,27.5712571351931,7.65868253755364,528,0.5,81.1422097488733,33.01790719815,0,118.015062298341,-Inf,0,0,3.53103342577463
42.1469805240297,29.409340944206,8.16926137339055,528,0.5,86.5516903987982,40.0715104840362,0,125.88273311823,-Inf,0,0,3.53103342577463
42.2244000080066,33.0855085622317,9.19041904506437,528,0.5,97.370651698648,57.0549436384031,0,141.618074758009,-Inf,0,0,3.53103342577463
42.231862126944,28.1839517381974,7.82887548283261,528,0.5,82.945369965515,35.2683787658615,0,120.637619238304,-Inf,0,0,3.53103342577463
42.6991773254069,30.267113388412,8.40753149678111,528,0.5,89.0761147020965,43.6810277366016,0,129.554312834179,-Inf,0,0,3.53103342577463
42.7038411497426,30.3896523090128,8.4415700858369,528,0.5,89.4367467454248,44.2137173640712,0,130.078824222171,-Inf,0,0,3.53103342577463
42.7924538121259,29.0417241824034,8.06714560622317,528,0.5,85.4697942688132,38.5875340967554,-10007.6610292983,124.309198954253,-9759.29450197849,0,0,3.53103342577463
42.9799395504314,27.5712571351931,7.65868253755364,528,0.5,81.1422097488733,33.01790719815,-10112.3854485792,118.015062298341,-9880.21026933386,0,0,3.53103342577463
43.0732160371504,27.5712571351931,7.65868253755364,528,0.5,81.1422097488733,33.01790719815,-12182.2339456359,118.015062298341,-11950.0587663905,0,0,3.53103342577463
43.1664925238694,28.1839517381974,7.82887548283261,528,0.5,82.945369965515,35.2683787658615,2280,120.637619238304,12281.7242830748,14449.0873918527,2280,3.59010853403001
43.1702235833381,29.409340944206,8.16926137339055,528,0.5,86.5516903987982,40.0715104840362,2280,125.88273311823,12636.9005028313,14866.9417680368,2280,3.59247153836018
43.7308152685201,30.8798079914163,8.57772444206008,528,0.5,90.8792749187381,46.3877823240825,2280,132.176869774142,13085.2464952811,15394.4076415071,2280,3.94751293897541
43.8240917552391,30.267113388412,8.40753149678111,528,0.5,89.0761147020965,43.6810277366016,2280,129.554312834179,12765.7000247334,15018.4706173334,2280,4.00658804723079
43.9108388878881,27.5712571351931,7.65868253755364,528,0.5,81.1422097488733,33.01790719815,2280,118.015062298341,12147.1211969147,14290.7308198997,2280,4.06152789790853
43.9136371824894,27.5712571351931,7.65868253755364,528,0.5,81.1422097488733,33.01790719815,2280,118.015062298341,11867.6394574386,13961.9287734572,2280,4.06330015115601
44.0087791989432,29.6544187854077,8.23733855150214,528,0.5,87.2729544854548,41.0816696670195,2280,126.931755894216,12548.976361528,14763.5016017976,2280,4.12355676157675
44.0973918613262,28.1839517381974,7.82887548283261,528,0.5,82.945369965515,35.2683787658615,-1773.85219947311,120.637619238304,-1535.00083150343,0,0,4.12355676157675
44.6607818411099,31.4925025944206,8.74791738733905,528,0.5,92.6824351353797,49.2041074480431,-2096.81869470895,134.799426714105,-1820.13272541142,0,0,4.12355676157675
44.8454692848136,30.1445744678111,8.37349290772531,528,0.5,88.7154826587682,43.1526339698478,-1441.33666880454,129.029801446186,-1180.43875072974,0,0,4.12355676157675
44.9471406553373,30.267113388412,8.40753149678111,528,0.5,89.0761147020965,43.6810277366016,-732.486682241168,129.554312834179,-470.175226968291,0,0,4.12355676157675
45.1225004503694,27.5712571351931,7.65868253755364,528,0.5,81.1422097488733,33.01790719815,-956.363994295723,118.015062298341,-724.188815050358,0,0,4.12355676157675
45.1252987449706,27.5712571351931,7.65868253755364,528,0.5,81.1422097488733,33.01790719815,-2790.98174946987,118.015062298341,-2558.8065702245,0,0,4.12355676157675
45.7782341520047,32.1051971974249,8.91811033261802,528,0.5,94.4855953520214,52.1321771270645,-2158.51698753939,137.421983654068,-1874.47723140623,0,0,4.12355676157675
45.8827038171301,30.6347301502146,8.50964726394849,528,0.5,90.1580108320815,45.2920537697531,-2720.79887054217,131.127846998157,-2454.22095894218,0,0,4.12355676157675
45.9638543605758,30.0220355472103,8.33945431866952,528,0.5,88.3548506154398,42.6285186716614,-2088.16622768184,128.505290058194,-1828.67756833654,0,0,4.12355676157675
46.0580636121618,27.5712571351931,7.65868253755364,528,0.5,81.1422097488733,33.01790719815,-1822.54563441687,118.015062298341,-1590.37045517151,0,0,4.12355676157675
46.7109990191958,32.7178918004292,9.08830327789699,528,0.5,96.288755568663,55.1741653797276,-150707.417582629,140.044540594031,-150415.910121087,0,0,4.12355676157675
46.9898957144859,30.0220355472103,8.33945431866952,528,0.5,88.3548506154398,42.6285186716614,-138174.206362677,128.505290058194,-137914.717703331,0,0,4.12355676157675
47.0831722012049,30.6347301502146,8.50964726394849,528,0.5,90.1580108320815,45.2920537697531,-141298.242779412,131.127846998157,-141031.664867812,0,0,4.12355676157675
47.747300786645,33.0855085622317,9.19041904506437,528,0.5,97.370651698648,57.0549436384031,-151955.301604692,141.618074758009,-151659.257934597,0,0,4.12355676157675
47.7482335515123,30.0220355472103,8.33945431866952,528,0.5,88.3548506154398,42.6285186716614,-137570.547759791,128.505290058194,-137311.059100445,0,0,4.12355676157675
48.8554254488681,33.0855085622317,9.19041904506437,528,0.5,97.370651698648,57.0549436384031,-150412.951711589,141.618074758009,-150116.908041494,0,0,4.12355676157675
60.8377229328049,30.6347301502146,8.50964726394849,528,0,90.1580108320815,45.2920537697531,-139606.629672175,0,-139471.179607574,0,0,4.12355676157675
61.771420564863,30.6347301502146,8.50964726394849,528,0,90.1580108320815,45.2920537697531,-139195.352196024,0,-139059.902131422,0,0,4.12355676157675
61.9934186032547,30.6347301502146,8.50964726394849,528,0,90.1580108320815,45.2920537697531,-139474.8339355,0,-139339.383870898,0,0,4.12355676157675
62.1883664604975,30.6347301502146,8.50964726394849,528,0,90.1580108320815,45.2920537697531,-139631.846148688,0,-139496.396084087,0,0,4.12355676157675
62.7079164915232,30.6347301502146,8.50964726394849,528,0,90.1580108320815,45.2920537697531,109.023561122202,0,244.473625724037,287.616030263573,319.573366959525,4.16967741510975
62.9261834704458,30.6347301502146,8.50964726394849,528,0,90.1580108320815,45.2920537697531,-168.863984929695,0,-33.4139203278605,0,0,4.16967741510975
62.9373766488519,30.6347301502146,8.50964726394849,528,0,90.1580108320815,45.2920537697531,-160.161455286977,0,-24.7113906851422,0,0,4.16967741510975
63.2172061090094,30.6347301502146,8.50964726394849,528,0,90.1580108320815,45.2920537697531,29.3176901203635,0,164.767754722198,193.844417320233,215.38268591137,4.18641919864471
63.3104825957284,30.6347301502146,8.50964726394849,528,0,90.1580108320815,45.2920537697531,29.3176901203635,0,164.767754722198,193.844417320233,215.38268591137,4.19199979315635
63.6360175343782,29.409340944206,8.16926137339055,528,0,86.5516903987982,40.0715104840362,28.144982515549,0,154.768183398383,182.080215762804,202.31135084756,4.210294074597
63.8720070457773,29.409340944206,8.16926137339055,528,0,86.5516903987982,40.0715104840362,28.144982515549,0,154.768183398383,182.080215762804,202.31135084756,4.22355611816283
64.1471726815987,30.6347301502146,8.50964726394849,528,0,90.1580108320815,45.2920537697531,29.3176901203635,0,164.767754722198,193.844417320233,215.38268591137,4.2400188719722
64.4279349066232,30.6347301502146,8.50964726394849,528,0,90.1580108320815,45.2920537697531,-220.964464634132,0,-85.5144000322976,0,0,4.2400188719722
64.5743789907723,30.6347301502146,8.50964726394849,528,0,90.1580108320815,45.2920537697531,170.309970632497,0,305.760035234332,359.717688510978,399.686320567754,4.25627767673956
64.791713204828,30.6347301502146,8.50964726394849,528,0,90.1580108320815,45.2920537697531,226.487204697986,0,361.937269299821,425.808552117436,473.120613463818,4.28484025915087
64.7991753237654,30.6347301502146,8.50964726394849,528,0,90.1580108320815,45.2920537697531,386.648659984963,0,522.098724586797,614.233793631526,682.481992923918,4.28625491520748
64.9866610620708,29.5318798648068,8.20329996244634,528,0,86.9123224421265,40.5744943216159,118.559122513442,0,246.045939277184,289.465810914334,321.628678793705,4.30300513473632
65.0799375487898,30.3896523090128,8.4415700858369,528,0,89.4367467454248,44.2137173640712,-65.960563765519,0,67.689900343977,79.6351768752671,88.4835298614078,4.30529775495798
65.2655577573609,30.6347301502146,8.50964726394849,528,0,90.1580108320815,45.2920537697531,-66.4925037958861,0,68.9575608059484,81.1265421246452,90.1406023607169,4.30994550979435
65.2664905222283,30.6347301502146,8.50964726394849,528,0,90.1580108320815,45.2920537697531,73.2483659421874,0,208.698430544022,245.527565345908,272.808405939898,4.31001619482118
65.4642366740728,29.409340944206,8.16926137339055,528,0,86.5516903987982,40.0715104840362,-242.266970516912,0,-115.643769634078,0,0,4.31001619482118
65.500614503893,29.409340944206,8.16926137339055,528,0,86.5516903987982,40.0715104840362,2280,0,5250.40562802654,6176.94779767829,2280,4.33305548704065
65.5808322824717,29.409340944206,8.16926137339055,528,0,86.5516903987982,40.0715104840362,2280,0,5562.70400528806,6544.35765328007,2280,4.38386008014047
65.9166276346602,30.5121912296137,8.4756086748927,528,0,89.7973787887531,44.7507202444055,2280,0,5384.77259607802,6335.0265836212,2280,4.59653046985985
66.0127024159809,29.7769577060086,8.27137714055793,528,0,87.6335865287832,41.5930539123959,2280,0,5019.02437569635,5904.73455964276,2280,4.65737783136298
66.0155007105826,30.1445744678111,8.37349290772531,528,0,88.7154826587682,43.1526339698478,2280,0,5285.74485970954,6218.52336436417,2280,4.65915008461074
66.2934646410054,30.6347301502146,8.50964726394849,528,0,90.1580108320815,45.2920537697531,2280,0,5581.17344331539,6566.08640390046,2280,4.83519390721181
66.3923377169278,30.6347301502146,8.50964726394849,528,0,90.1580108320815,45.2920537697531,2280,0,5526.90514438783,6502.24134633862,2280,4.8978135219627
66.6749654716866,29.409340944206,8.16926137339055,528,0,86.5516903987982,40.0715104840362,2280,0,5611.99985043451,6602.35276521707,2280,5.07681109997661
66.851258031586,30.267113388412,8.40753149678111,528,0,89.0761147020965,43.6810277366016,2280,0,5640.05996496775,6635.36466466794,2280,5.18846305457956
67.0387437698915,30.0220355472103,8.33945431866952,528,0,88.3548506154398,42.6285186716614,2280,0,4086.84287980943,4808.05044683463,2280,5.30720402217299
67.1348185512118,29.8994966266094,8.30541572961372,528,0,87.9942185721115,42.1086644498936,-1089.56075641479,0,-959.457873392783,0,0,5.30720402217299
67.2318260973999,30.6347301502146,8.50964726394849,528,0,90.1580108320815,45.2920537697531,-1191.38188892446,0,-1055.93182432263,0,0,5.30720402217299
67.3213715246503,30.6347301502146,8.50964726394849,528,0,90.1580108320815,45.2920537697531,-3054.59348561823,0,-2919.1434210164,0,0,5.30720402217299
67.3773374166817,28.1839517381974,7.82887548283261,528,0,82.945369965515,35.2683787658615,-2357.43630953642,0,-2239.22256080504,0,0,5.30720402217299
67.4967313196823,29.409340944206,8.16926137339055,528,0,86.5516903987982,40.0715104840362,-2545.70664967059,0,-2419.08344878775,0,0,5.30720402217299
67.7840228987771,29.409340944206,8.16926137339055,528,0,86.5516903987982,40.0715104840362,-2985.4095544849,0,-2858.78635360206,0,0,5.30720402217299
67.7868211933784,29.2868020236051,8.13522278433476,528,0,86.1910583554699,39.5727007621321,2280,0,3617.10293557411,4255.41521832248,2280,5.30897627542048
67.8884925639022,30.0220355472103,8.33945431866952,528,0,88.3548506154398,42.6285186716614,2280,0,3177.30405352173,3738.0047688491,2280,5.37336814341886
67.9771052262856,30.267113388412,8.40753149678111,528,0,89.0761147020965,43.6810277366016,2280,0,6162.45959276669,7249.95246207846,2280,5.42948949626168
68.1496667267159,28.1839517381974,7.82887548283261,528,0,82.945369965515,35.2683787658615,2280,0,7447.07110405886,8761.26012242219,2280,5.53877844653421
68.1589943753876,29.6544187854077,8.23733855150214,528,0,87.2729544854548,41.0816696670195,2280,0,7237.70656203208,8514.94889650832,2280,5.54468595735961
68.3240937568805,28.7966463412017,7.99906842811158,528,0,84.7485301821566,37.6188551882966,2280,0,6429.00228657807,7563.53210185656,2280,5.64924889897181
68.3502111731621,30.6347301502146,8.50964726394849,528,0,90.1580108320815,45.2920537697531,2280,0,8900.59375363489,10471.2867689822,2280,5.66578992928348
68.4434876598811,30.6347301502146,8.50964726394849,528,0,90.1580108320815,45.2920537697531,2280,0,Inf,Inf,2280,5.72486503753886
68.725182649773,29.409340944206,8.16926137339055,528,0,86.5516903987982,40.0715104840362,2280,0,Inf,Inf,2280,5.90327186447036
68.8072659580856,28.1839517381974,7.82887548283261,528,0,82.945369965515,35.2683787658615,2280,0,Inf,Inf,2280,5.95525795973499
68.9966172261253,29.0417241824034,8.06714560622317,528,0,85.4697942688132,38.5875340967554,2280,0,Inf,Inf,2280,6.0751804294935
68.9966172261253,29.7769577060086,8.27137714055793,528,0,87.6335865287832,41.5930539123959,2280,0,Inf,Inf,2280,6.0751804294935
69.0059448747974,30.5121912296137,8.4756086748927,528,0,89.7973787887531,44.7507202444055,2280,0,Inf,Inf,2280,6.08108794031917
69.082431593907,28.7966463412017,7.99906842811158,528,0,84.7485301821566,37.6188551882966,2280,0,Inf,Inf,2280,6.12952952908857
69.0917592425787,29.409340944206,8.16926137339055,528,0,86.5516903987982,40.0715104840362,0,0,NaN,0,0,6.12952952908857
69.2615224484077,28.7966463412017,7.99906842811158,528,0,84.7485301821566,37.6188551882966,0,0,NaN,0,0,6.12952952908857
69.2773794511498,30.6347301502146,8.50964726394849,528,0,90.1580108320815,45.2920537697531,0,0,NaN,0,0,6.12952952908857
69.648619868292,28.7966463412017,7.99906842811158,528,0,84.7485301821566,37.6188551882966,0,0,NaN,0,0,6.12952952908857
69.648619868292,28.3064906587983,7.8629140718884,528,0,83.3060020088433,35.730404093376,0,0,NaN,0,0,6.12952952908857
69.8342400768631,29.409340944206,8.16926137339055,528,0,86.5516903987982,40.0715104840362,0,0,NaN,0,0,6.12952952908857
70.0235913449028,28.7966463412017,7.99906842811158,528,0,84.7485301821566,37.6188551882966,0,0,NaN,0,0,6.12952952908857
70.0235913449028,29.5318798648068,8.20329996244634,528,0,86.9123224421265,40.5744943216159,0,0,NaN,0,0,6.12952952908857
70.0338517584419,30.6347301502146,8.50964726394849,528,0,90.1580108320815,45.2920537697531,0,0,NaN,0,0,6.12952952908857
70.1289937748952,29.409340944206,8.16926137339055,528,0,86.5516903987982,40.0715104840362,0,0,NaN,0,0,6.12952952908857
70.1896234912627,29.409340944206,8.16926137339055,528,0,86.5516903987982,40.0715104840362,2280,0,Inf,Inf,2280,6.16792834945463
70.2017494345361,28.7966463412017,7.99906842811158,528,0,84.7485301821566,37.6188551882966,2280,0,Inf,Inf,2280,6.1756081135278
70.3938989971776,29.409340944206,8.16926137339055,528,0,86.5516903987982,40.0715104840362,2280,0,Inf,Inf,2280,6.29730283653407
70.7679377089211,28.7966463412017,7.99906842811158,528,0,84.7485301821566,37.6188551882966,-2995.29185609317,0,-2872.92447072272,0,0,6.29730283653407
70.7688704737885,28.5515685,7.93099124999999,528,0,84.0272660954999,36.6665248995665,-6823.55926879368,0,-6702.86547779861,0,0,6.29730283653407
70.7744670629915,29.409340944206,8.16926137339055,528,0,86.5516903987982,40.0715104840362,-3852.5746919068,0,-3725.95149102396,0,0,6.29730283653407
70.8612141956406,28.7966463412017,7.99906842811158,528,0,84.7485301821566,37.6188551882966,-10077.4207617123,0,-9955.0533763418,0,0,6.29730283653407
70.9535579174922,28.4290295793991,7.8969526609442,528,0,83.6666340521716,36.1964470072281,-7143.20614465261,0,-7023.34306359321,0,0,6.29730283653407
71.048699933946,29.409340944206,8.16926137339055,528,0,86.5516903987982,40.0715104840362,-8001.50761091769,0,-7874.88441003486,0,0,6.29730283653407
71.1242538881882,34.3108977682403,9.53080493562231,528,0,100.976972131931,63.6320745186316,-21777.814402458,0,-21613.2053558075,0,0,6.29730283653407
71.147573009868,30.6347301502146,8.50964726394849,528,0,90.1580108320815,45.2920537697531,-8323.43293057251,0,-8187.98286597068,0,0,6.29730283653407
71.3266638643687,34.3108977682403,9.53080493562231,528,0,100.976972131931,63.6320745186316,2280,0,14840.5295350105,17459.446511777,2280,6.41072704438451
71.7007025761122,29.8994966266094,8.30541572961372,528,0,87.9942185721115,42.1086644498936,2280,0,12711.4110802137,14954.6012708396,2280,6.64761822848871
71.7044336355813,28.9191852618025,8.03310701716737,528,0,85.1091622254849,38.1011423689855,2280,0,12552.4209822139,14767.5540967223,2280,6.64998123281914
71.7939790628317,28.7966463412017,7.99906842811158,528,0,84.7485301821566,37.6188551882966,2280,0,15764.7930425957,18546.8153442302,2280,6.70669333674436
71.7949118276986,29.409340944206,8.16926137339055,528,0,86.5516903987982,40.0715104840362,2280,0,14265.0032755885,16782.35679481,2280,6.70728408782677
71.8863227846833,28.3064906587983,7.8629140718884,528,0,83.3060020088433,35.730404093376,2280,0,19925.0142826016,23441.1932736489,2280,6.76517769391706
71.9842630957384,28.5515685,7.93099124999999,528,0,84.0272660954999,36.6665248995665,2280,0,19960.3997457607,23482.8232303067,2280,6.82720655758528
71.9935907444105,29.409340944206,8.16926137339055,528,0,86.5516903987982,40.0715104840362,2280,0,20576.6860136498,24207.8658984115,2280,6.83311406841096
72.0551532256449,30.6347301502146,8.50964726394849,528,0,90.1580108320815,45.2920537697531,2280,0,31786.7246253387,37396.1466180455,2280,6.87210363985943
72.2650253207628,30.6347301502146,8.50964726394849,528,0,90.1580108320815,45.2920537697531,2280,0,27497.4562625595,32349.9485441877,2280,7.00502263343411
72.4590404131387,33.9432810064377,9.42868916845493,528,0,99.8950760019463,61.6085936803027,-320.042206892432,0,-158.538537210183,0,0,7.00502263343411
72.7267439300227,30.8798079914163,8.57772444206008,528,0,90.8792749187381,46.3877823240825,0,0,-Inf,0,0,7.00502263343411
72.8209531816087,29.0417241824034,8.06714560622317,528,0,85.4697942688132,38.5875340967554,0,0,-Inf,0,0,7.00502263343411
72.8293480654135,28.1839517381974,7.82887548283261,528,0,82.945369965515,35.2683787658615,0,0,-Inf,0,0,7.00502263343411
72.9170279629295,28.7966463412017,7.99906842811158,528,0,84.7485301821566,37.6188551882966,0,0,-Inf,0,0,7.00502263343411
72.9170279629295,28.6741074206008,7.96502983905578,528,0,84.3878981388282,37.1406551625398,0,0,-Inf,0,0,7.00502263343411
72.9179607277969,29.409340944206,8.16926137339055,528,0,86.5516903987982,40.0715104840362,0,0,-Inf,0,0,7.00502263343411
72.9925819171721,32.4728139592274,9.0202260997854,528,0,95.5674914820063,53.9435607126362,0,0,-Inf,0,0,7.00502263343411
73.4720230589084,30.7572690708154,8.54368585300428,528,0,90.5186428754098,45.8377353322625,0,0,-Inf,0,0,7.00502263343411
73.5662323104944,31.8601193562231,8.85003315450643,528,0,93.7643312653647,50.9474007716595,0,0,-Inf,0,0,7.00502263343411
73.5708961348304,33.2080474828326,9.22445763412016,528,0,97.7312837419763,57.6912382953665,0,0,-Inf,0,0,7.00502263343411
73.7462559298625,32.4728139592274,9.0202260997854,528,0,95.5674914820063,53.9435607126362,2280,0,18930.3846639335,22271.0407810983,2280,7.11608383695439
73.7537180487998,29.1642631030043,8.10118419527896,528,0,85.8304263121415,39.0780477637546,-13448.1183257407,0,-13323.2098516648,0,0,7.11608383695439
73.9272123140975,32.4728139592274,9.0202260997854,528,0,95.5674914820063,53.9435607126362,-224200.762366436,0,-224051.251314242,0,0,7.11608383695439
73.9402710222383,28.7966463412017,7.99906842811158,528,0,84.7485301821566,37.6188551882966,-197747.649184697,0,-197625.281799327,0,0,7.11608383695439
74.0326147440899,28.7966463412017,7.99906842811158,528,0,84.7485301821566,37.6188551882966,-198771.58896662,0,-198649.22158125,0,0,7.11608383695439
74.124958465942,32.4728139592274,9.0202260997854,528,0,95.5674914820063,53.9435607126362,-236860.653948276,0,-236711.142896081,0,0,7.11608383695439
74.1258912308094,28.1839517381974,7.82887548283261,528,0,82.945369965515,35.2683787658615,-205335.525576631,0,-205217.3118279,0,0,7.11608383695439
74.3105786745131,32.4728139592274,9.0202260997854,528,0,95.5674914820063,53.9435607126362,-216405.771685745,0,-216256.26063355,0,0,7.11608383695439
74.4075862207008,31.124885832618,8.64580162017167,528,0,91.6005390053948,47.5010421642486,-214534.812191952,0,-214395.710610783,0,0,7.11608383695439
74.5969374887406,32.4728139592274,9.0202260997854,528,0,95.5674914820063,53.9435607126362,-222979.259474754,0,-222829.748422559,0,0,7.11608383695439
74.7825576973117,32.84043072103,9.12234186695278,528,0,96.6493876119913,55.7964245727324,-224444.345416108,0,-224291.899603923,0,0,7.11608383695439
74.8441201785465,33.0855085622317,9.19041904506437,528,0,97.370651698648,57.0549436384031,-333592.735763697,0,-333438.310168359,0,0,7.11608383695439
74.8702375948277,29.2868020236051,8.13522278433476,528,0,86.1910583554699,39.5727007621321,-107574.138699296,0,-107448.374940179,0,0,7.11608383695439
74.872103124562,28.7966463412017,7.99906842811158,528,0,84.7485301821566,37.6188551882966,-106702.517454709,0,-106580.150069339,0,0,7.11608383695439
75.0567905682662,33.0855085622317,9.19041904506437,528,0,97.370651698648,57.0549436384031,-122196.144343312,0,-122041.718747975,0,0,7.11608383695439
75.0586560980005,28.7966463412017,7.99906842811158,528,0,84.7485301821566,37.6188551882966,-106532.281637542,0,-106409.914252172,0,0,7.11608383695439
75.2759903120558,32.4728139592274,9.0202260997854,528,0,95.5674914820063,53.9435607126362,-95040.1644532068,0,-94890.6534010122,0,0,7.11608383695439
75.3403510878919,32.4728139592274,9.0202260997854,528,0,95.5674914820063,53.9435607126362,-94659.2361069038,0,-94509.7250547092,0,0,7.11608383695439
75.5278368261973,31.4925025944206,8.74791738733905,528,0,92.6824351353797,49.2041074480431,-87381.0609359797,0,-87239.1743933963,0,0,7.11608383695439
75.6183150183151,31.7375804356223,8.81599456545063,528,0,93.4036992220364,50.3618042280039,-73463.2721362507,0,-73319.5066328007,0,0,7.11608383695439
75.6220460777837,33.8207420858369,9.39465057939913,528,0,99.534443958618,60.9437585074087,-164226.667546857,0,-164066.189344391,0,0,7.11608383695439
75.7600952781281,35.5362869742489,9.87119082618025,528,0,104.583292565214,70.6961855609925,-57941.2620896833,0,-57765.9826115571,0,0,7.11608383695439
75.8981444784721,29.409340944206,8.16926137339055,528,0,86.5516903987982,40.0715104840362,-50788.7167226306,0,-50662.0935217478,0,0,7.11608383695439
75.9876899057225,35.5362869742489,9.87119082618025,528,0,104.583292565214,70.6961855609925,-61431.4515289485,0,-61256.1720508223,0,0,7.11608383695439
75.9914209651916,28.7966463412017,7.99906842811158,528,0,84.7485301821566,37.6188551882966,-49663.0719259427,0,-49540.7045405723,0,0,7.11608383695439
76.1761084088953,33.0855085622317,9.19041904506437,528,0,97.370651698648,57.0549436384031,-56379.2624678967,0,-56224.8368725597,0,0,7.11608383695439
76.185436057567,32.5953528798283,9.05426468884119,528,0,95.9281235253347,54.5565498904118,-84097.4656790968,0,-83946.981005681,0,0,7.11608383695439
76.2833763686221,32.4728139592274,9.0202260997854,528,0,95.5674914820063,53.9435607126362,-85104.4094039418,0,-84954.8983517471,0,0,7.11608383695439
76.5510798855062,31.8601193562231,8.85003315450643,528,0,93.7643312653647,50.9474007716595,2280,0,Inf,Inf,2280,7.28562939764765
76.6909946155849,34.3108977682403,9.53080493562231,528,0,100.976972131931,63.6320745186316,2280,0,Inf,Inf,2280,7.37424206003085
76.7367000940772,31.0023469120171,8.61176303111587,528,0,91.2399069620664,46.9422121373616,2280,0,Inf,Inf,2280,7.403188863076
76.8309093456632,29.409340944206,8.16926137339055,528,0,86.5516903987982,40.0715104840362,2280,0,Inf,Inf,2280,7.4628547224138
76.8309093456632,34.3108977682403,9.53080493562231,528,0,100.976972131931,63.6320745186316,2280,0,Inf,Inf,2280,7.4628547224138
76.921387537781,34.3108977682403,9.53080493562231,528,0,100.976972131931,63.6320745186316,2280,0,Inf,Inf,2280,7.52015757742169
77.1172681598911,33.5756642446352,9.32657340128755,528,0,98.8131798719613,59.6284714685521,2280,0,Inf,Inf,2280,7.64421530475813
77.3010228387279,32.7178918004292,9.08830327789699,528,0,96.288755568663,55.1741653797276,2280,0,Inf,Inf,2280,7.76059326802141
77.3942993254469,32.4728139592274,9.0202260997854,528,0,95.5674914820063,53.9435607126362,2280,0,Inf,Inf,2280,7.81966837627679
77.4773153986269,35.413748053648,9.83715223712445,528,0,104.222660521886,69.9673646732239,2280,0,Inf,Inf,2280,7.8722452226241
77.4838447526973,32.2277361180257,8.95214892167381,528,0,94.8462273953497,52.7313917231112,-18106.9309441108,0,-17959.3533249924,0,0,7.8722452226241
77.5789867691506,30.6347301502146,8.50964726394849,528,0,90.1580108320815,45.2920537697531,2280,0,22050.982039219,25942.3318108459,2280,7.93250183304455
77.6274905422447,34.3108977682403,9.53080493562231,528,0,100.976972131931,63.6320745186316,2280,0,24381.2739041133,28683.851651898,2280,7.96322088933746
77.8560179347064,34.3108977682403,9.53080493562231,528,0,100.976972131931,63.6320745186316,2280,0,23983.8836549376,28216.3337116913,2280,8.10795490456321
78.0388398486758,34.3108977682403,9.53080493562231,528,-0.025321689785562,100.976972131931,63.6320745186316,2280,-7.43774236748592,24985.4736326919,29394.6748619904,2280,8.22374211674382
78.0397726135432,35.1686702124463,9.76907505901286,528,-0.0257544926840291,103.50139643523,68.5247844984158,2280,-7.75399133573743,23422.3387619117,27555.6926610726,2280,8.2243328678265
78.1433095138013,34.0658199270386,9.46272775751072,528,-0.0721428051001534,100.255708045275,62.2782464783721,2280,-21.0391473741404,45757.0030631132,53831.7683095449,2280,8.28990623798996
78.2375187653877,32.84043072103,9.12234186695278,528,-0.116334119978404,96.6493876119913,55.7964245727324,2280,-32.7063465651213,46730.6273085491,54977.208598293,2280,8.34957209732801
78.3168037790989,34.3108977682403,9.53080493562231,528,-0.156001889549468,100.976972131931,63.6320745186316,2280,-45.8223948435962,44226.7790682715,52031.5047862018,2280,8.39978593934515
78.5117516363417,32.4728139592274,9.0202260997854,528,-0.252758301807447,95.5674914820063,53.9435607126362,2280,-70.265206012198,42204.1186152287,49651.9042532102,2280,8.52325291559892
78.5201465201465,32.4728139592274,9.0202260997854,528,-0.256871794871763,95.5674914820063,53.9435607126362,2280,-71.4087234141207,49609.2411932648,58363.8131685468,2280,8.52856967534191
78.5499949958967,33.698203165236,9.36061199034334,528,-0.27149754798939,99.1738119152896,60.2837235675413,0,-78.3226566492901,NaN,0,0,8.52856967534191
78.6992373746472,30.6347301502146,8.50964726394849,528,-0.0440308893292213,90.1580108320815,45.2920537697531,0,-11.5474968665323,NaN,0,0,8.52856967534191
79.0630156728516,33.698203165236,9.36061199034334,528,-0.224799585660158,99.1738119152896,60.2837235675413,0,-64.8511252125675,NaN,0,0,8.52856967534191
79.0667467323207,34.3108977682403,9.53080493562231,528,-0.226605418443204,100.976972131931,63.6320745186316,0,-66.5606599182418,NaN,0,0,8.52856967534191
79.0667467323207,34.3108977682403,9.53080493562231,528,-0.226605418443204,100.976972131931,63.6320745186316,0,-66.5606599182418,NaN,0,0,8.52856967534191
79.1590904541723,34.9235923712446,9.70099788090128,528,-0.270581598911046,102.780132348573,67.102170510255,0,-80.896910181248,NaN,0,0,8.52856967534191
79.1665525731101,34.555975609442,9.59888211373389,528,-0.274178340239057,101.698236218588,65.0053817653765,0,-81.1093691671269,NaN,0,0,8.52856967534191
79.2551652354931,32.9629696416309,9.15638045600858,528,-0.3,97.0100196553197,56.4233448615747,0,-84.6568257000927,NaN,0,0,8.52856967534191
79.4445165035328,32.4728139592274,9.0202260997854,528,-0.3,95.5674914820063,53.9435607126362,0,-83.397988143214,NaN,0,0,8.52856967534191
79.4995496306973,33.698203165236,9.36061199034334,528,-0.3,99.1738119152896,60.2837235675413,0,-86.5450820354108,NaN,0,0,8.52856967534191
79.5396585199862,32.4728139592274,9.0202260997854,528,-0.3,95.5674914820063,53.9435607126362,-2445.78417157442,-83.397988143214,-2379.67110752299,0,0,8.52856967534191
79.7196821393543,33.698203165236,9.36061199034334,528,-0.3,99.1738119152896,60.2837235675413,-1171.72274312297,-86.5450820354108,-1098.81028967555,0,0,8.52856967534191
79.9995115995118,33.698203165236,9.36061199034334,528,-0.3,99.1738119152896,60.2837235675413,719.489364656898,-86.5450820354108,792.401818104318,932.237433063904,1035.819370071,8.60908433510515
80.0927880862308,34.0658199270386,9.46272775751072,528,-0.3,100.255708045275,62.2782464783721,974.440755655736,-87.4892102030698,1049.48549997631,1234.68882350154,1371.87647055727,8.64462983993461
80.1869973378172,34.6785145300429,9.63292070278969,528,-0.3,102.058868261916,65.6993835715525,803.404893106025,-89.0627571491682,882.100387790325,1037.76516210627,1153.07240234029,8.67480486439279
80.1972577513563,35.0461312918455,9.73503646995707,528,-0.3,103.140764391901,67.8109904270788,-77.6345858360456,-90.0068853168272,3.31028366610721,3.89445137189084,4.32716819098982,8.6748171973192
80.2802738245362,34.3108977682403,9.53080493562231,528,-0.3,100.976972131931,63.6320745186316,1285.04457864044,-88.1186289815091,1361.53499630949,1601.80587801116,1779.78430890129,8.71585905966151
80.376348605857,33.0855085622317,9.19041904506437,528,-0.3,97.370651698648,57.0549436384031,2280,-84.9715350893124,Inf,Inf,2280,8.77670642116464
80.4705578574429,32.4728139592274,9.0202260997854,528,-0.3,95.5674914820063,53.9435607126362,2280,-83.397988143214,Inf,Inf,2280,8.83637228050243
80.8389999799834,33.9432810064377,9.42868916845493,528,-0.3,99.8950760019463,61.6085936803027,2280,-87.1745008138501,Inf,Inf,2280,9.06971895811139
81.0236874236875,33.5756642446352,9.32657340128755,528,-0.3,98.8131798719613,59.6284714685521,2280,-86.2303726461911,Inf,Inf,2280,9.18668767245735
81.0236874236875,33.698203165236,9.36061199034334,528,-0.3,99.1738119152896,60.2837235675413,2280,-86.5450820354108,Inf,Inf,2280,9.18668767245735
81.2195680457977,34.3108977682403,9.53080493562231,528,-0.3,100.976972131931,63.6320745186316,2280,-88.1186289815091,Inf,Inf,2280,9.31074539979378
81.2232991052664,35.5362869742489,9.87119082618025,528,-0.3,104.583292565214,70.6961855609925,2280,-91.2657228737059,Inf,Inf,2280,9.31310840412395
81.310046237915,34.4334366888412,9.5648435246781,528,-0.3,101.33760417526,64.316284545119,2280,-88.4333383707288,Inf,Inf,2280,9.36804825480141
81.3212394163215,33.0855085622317,9.19041904506437,528,-0.3,97.370651698648,57.0549436384031,2280,-84.9715350893124,Inf,Inf,2280,9.37513726779216
81.8697051582296,33.4531253240343,9.29253481223175,528,-0.3,98.452547828633,58.9779848182923,2280,-85.9156632569714,Inf,Inf,2280,9.72249890433397
81.9564522908786,33.8207420858369,9.39465057939913,528,-0.3,99.534443958618,60.9437585074087,2280,-86.8597914246304,41066.0667189961,48313.0196694072,2280,9.77743875501171
82.1458035589184,33.698203165236,9.36061199034334,528,-0.3,99.1738119152896,60.2837235675413,2280,-86.5450820354108,40639.2487814306,47810.8809193301,2280,9.89736122477023
82.1467363237854,34.3108977682403,9.53080493562231,528,-0.3,100.976972131931,63.6320745186316,2280,-88.1186289815091,25729.4190860543,30269.9048071227,2280,9.89795197585264
82.2390800456374,34.3108977682403,9.53080493562231,528,-0.3,100.976972131931,63.6320745186316,2280,-88.1186289815091,26668.2628922946,31374.4269321113,2280,9.95643633302561
82.3323565323565,35.5362869742489,9.87119082618025,528,-0.3,104.583292565214,70.6961855609925,-18386.6872086789,-91.2657228737059,-18302.6734534264,0,0,9.95643633302561
82.9880902339918,33.698203165236,9.36061199034334,528,-0.3,99.1738119152896,60.2837235675413,-17301.959021967,-86.5450820354108,-17229.0465685195,0,0,9.95643633302561
82.9899557637261,33.698203165236,9.36061199034334,528,-0.3,99.1738119152896,60.2837235675413,-17543.8462151105,-86.5450820354108,-17470.933761663,0,0,9.95643633302561
83.0776356612421,34.3108977682403,9.53080493562231,528,-0.3,100.976972131931,63.6320745186316,-18084.9309623121,-88.1186289815091,-18008.440544643,0,0,9.95643633302561
83.0785684261095,33.3305864034334,9.25849622317596,528,-0.3,98.0919157853046,58.3322462246134,-41894.3092606437,-85.6009538677517,-41823.4860525016,0,0,9.95643633302561
83.3565323565322,34.3108977682403,9.53080493562231,528,-0.3,100.976972131931,63.6320745186316,-43486.2874112862,-88.1186289815091,-43409.7969936171,0,0,9.95643633302561
84.0150643527693,33.698203165236,9.36061199034334,528,-0.3,99.1738119152896,60.2837235675413,-43358.6141252894,-86.5450820354108,-43285.701671842,0,0,9.95643633302561
84.1074080746213,33.2080474828326,9.22445763412016,528,-0.3,97.7312837419763,57.6912382953665,-42283.0767584718,-85.2862444785321,-42212.9404809129,0,0,9.95643633302561
84.1158029584261,34.3108977682403,9.53080493562231,528,-0.3,100.976972131931,63.6320745186316,-43687.3117799708,-88.1186289815091,-43610.8213623018,0,0,9.95643633302561
84.1969535018717,33.698203165236,9.36061199034334,528,-0.3,99.1738119152896,60.2837235675413,-43265.0389124013,-86.5450820354108,-43192.1264589539,0,0,9.95643633302561
85.0401729418124,33.0855085622317,9.19041904506437,528,-0.3,97.370651698648,57.0549436384031,2280,-84.9715350893124,6181.41863212213,7272.25721426132,2280,10.4904753116547
85.1297183690628,33.698203165236,9.36061199034334,528,-0.3,99.1738119152896,60.2837235675413,2280,-86.5450820354108,6094.56977448825,7170.08208763323,2280,10.54718741558
85.2229948557818,33.698203165236,9.36061199034334,528,-0.3,99.1738119152896,60.2837235675413,2280,-86.5450820354108,6138.11508800431,7221.31186824037,2280,10.6062625238353
86.1538941932386,33.0855085622317,9.19041904506437,528,-0.446539602474071,97.370651698648,57.0549436384031,2280,-126.476482538065,6226.78667208798,7325.63137892704,2280,11.1958321042246
86.249036209692,33.698203165236,9.36061199034334,528,-0.478974238875879,99.1738119152896,60.2837235675413,323.501606507218,-138.175237962162,344.783904027887,405.628122385749,450.697913761943,11.207743300982
86.995248103445,33.0855085622317,9.19041904506437,528,-0.5,97.370651698648,57.0549436384031,664.56260812078,-141.618074758009,677.370128699821,796.906033764496,885.451148627217,11.3912805727717
99.0960067255151,33.0855085622317,9.19041904506437,528,0,97.370651698648,57.0549436384031,697.952019474096,0,852.377614811147,1002.79719389547,1114.2191043283,15.1365295820984
99.30028223143,33.0855085622317,9.19041904506437,528,0,97.370651698648,57.0549436384031,383.535062563747,0,537.960657900799,632.894891647998,703.216546275554,15.1764323364756
100.02410776837,35.5362869742489,9.87119082618025,528,0,104.583292565214,70.6961855609925,-856.659002427985,0,-681.379524301778,0,0,15.1764323364756
100.328189115074,35.5362869742489,9.87119082618025,528,0,104.583292565214,70.6961855609925,-445.240467812258,0,-269.960989686052,0,0,15.1764323364756
100.944746692288,35.5362869742489,9.87119082618025,528,0,104.583292565214,70.6961855609925,-1661.85144585869,0,-1486.57196773248,0,0,15.1764323364756
101.167677495546,35.5362869742489,9.87119082618025,528,0,104.583292565214,70.6961855609925,-1515.89608378367,0,-1340.61660565746,0,0,15.1764323364756
101.253491863328,33.3305864034334,9.25849622317596,528,0,98.0919157853046,58.3322462246134,-1421.80598203158,0,-1265.38182002166,0,0,15.1764323364756
101.540783442423,35.5362869742489,9.87119082618025,528,0,104.583292565214,70.6961855609925,-1515.89608378367,0,-1340.61660565746,0,0,15.1764323364756
101.634992694009,33.8207420858369,9.39465057939913,528,0,99.534443958618,60.9437585074087,2280,0,Inf,Inf,2280,15.2360981958137
101.864452851338,34.3108977682403,9.53080493562231,528,0,100.976972131931,63.6320745186316,2280,0,Inf,Inf,2280,15.3814229621221
102.100442362738,34.3108977682403,9.53080493562231,528,0,100.976972131931,63.6320745186316,2280,0,Inf,Inf,2280,15.5308829860085
102.477279369083,34.3108977682403,9.53080493562231,528,0,100.976972131931,63.6320745186316,2280,0,Inf,Inf,2280,15.7695464233604
102.477279369083,35.5362869742489,9.87119082618025,528,0,104.583292565214,70.6961855609925,2280,0,Inf,Inf,2280,15.7695464233604
102.8037470726,34.3108977682403,9.53080493562231,528,0,100.976972131931,63.6320745186316,2280,0,Inf,Inf,2280,15.9763093022544
103.03600552453,34.3108977682403,9.53080493562231,528,0,100.976972131931,63.6320745186316,2280,0,Inf,Inf,2280,16.1234063218103
103.109693949038,35.5362869742489,9.87119082618025,528,0,104.583292565214,70.6961855609925,2280,0,Inf,Inf,2280,16.1700756573322
103.40444764707,35.1686702124463,9.76907505901286,528,0,103.50139643523,68.5247844984158,2280,0,Inf,Inf,2280,16.3567529994193
103.59379891511,34.8010534506437,9.66695929184548,528,0,102.419500305245,66.3983073557958,2280,0,Inf,Inf,2280,16.4766754691778
103.59379891511,35.5362869742489,9.87119082618025,528,0,104.583292565214,70.6961855609925,2280,0,Inf,Inf,2280,16.4766754691778
103.737444704658,34.9235923712446,9.70099788090128,528,0.0298465781940233,102.780132348573,67.102170510255,2280,8.92338884371938,Inf,Inf,2280,16.5676511358911
104.033131167557,34.3108977682403,9.53080493562231,528,0.181929420124424,100.976972131931,63.6320745186316,2280,53.4380579516775,Inf,Inf,2280,16.7549192290609
104.058315818971,34.9235923712446,9.70099788090128,528,0.19487433095132,102.780132348573,67.102170510255,2280,58.2624964698605,Inf,Inf,2280,16.7708695082899
104.24486879241,34.3108977682403,9.53080493562231,528,0.29076255929869,100.976972131931,63.6320745186316,2280,85.4053506106513,Inf,Inf,2280,16.8890197248009
104.250465381613,34.9235923712446,9.70099788090128,528,0.290847847234712,102.780132348573,67.102170510255,2280,86.9559448138858,Inf,Inf,2280,16.8925642312962
104.344674633199,34.3108977682403,9.53080493562231,528,0.0421627614644523,100.976972131931,63.6320745186316,2280,12.3844712511503,6414.84599119479,7546.87763669975,2280,16.9522300906342
104.526563782301,35.5362869742489,9.87119082618025,528,0.135706911667484,104.583292565214,70.6961855609925,2280,41.2847813475849,7211.914708886,8484.60553986588,2280,17.0674265517322
104.665545747513,34.3108977682403,9.53080493562231,528,0.207190514221742,100.976972131931,63.6320745186316,2280,60.8579589441661,6955.59004696343,8183.04711407463,2280,17.155448463033
104.71311675574,35.2912091330472,9.80311364806866,528,0.231642012450258,103.862028478558,69.2435701164146,2280,69.9840487309037,5941.16897550984,6989.61055942334,2280,17.1855767682432
104.897804199443,34.3108977682403,9.53080493562231,528,0.3,100.976972131931,63.6320745186316,2280,88.1186289815091,6615.03583533459,7782.39510039364,2280,17.3025454825889
104.991080686163,34.9235923712446,9.70099788090128,528,0.3,102.780132348573,67.102170510255,-21136.8750553604,89.6921759276075,-20877.300576574,0,0,17.3025454825889
105.18136471907,34.4334366888412,9.5648435246781,528,0.3,101.33760417526,64.316284545119,-20715.8062785908,88.4333383707288,-20461.7190514997,0,0,17.3025454825889
105.369783222242,34.3108977682403,9.53080493562231,528,0.3,100.976972131931,63.6320745186316,2280,88.1186289815091,41893.5070685203,49286.4789041416,2280,17.4218772012647
105.457463119758,35.5362869742489,9.87119082618025,528,0.3,104.583292565214,70.6961855609925,2280,91.2657228737059,42606.2697196138,50125.0231995456,2280,17.4774078030248
105.459328649492,34.6785145300429,9.63292070278969,528,0.3,102.058868261916,65.6993835715525,2280,89.0627571491682,40582.008399619,47743.5392936694,2280,17.4785893051899
105.553537901079,34.3108977682403,9.53080493562231,528,0.3,100.976972131931,63.6320745186316,2280,88.1186289815091,40465.9885806698,47607.0453890233,2280,17.538255164528
105.554470665946,35.5362869742489,9.87119082618025,528,0.3,104.583292565214,70.6961855609925,2280,91.2657228737059,41559.8544074851,48893.9463617472,2280,17.5388459156107
105.603907203907,34.3108977682403,9.53080493562231,528,0.3,100.976972131931,63.6320745186316,2280,88.1186289815091,40118.4098873726,47198.1292792619,2280,17.570155722986
105.830569066635,34.3108977682403,9.53080493562231,528,0.3,100.976972131931,63.6320745186316,2280,88.1186289815091,Inf,Inf,2280,17.7137082360466
106.110398526792,34.6785145300429,9.63292070278969,528,0.3,102.058868261916,65.6993835715525,2280,89.0627571491682,Inf,Inf,2280,17.8909335608131
106.299749794832,34.555975609442,9.59888211373389,528,0.3,101.698236218588,65.0053817653765,2280,88.7480477599485,Inf,Inf,2280,18.0108560305716
106.392093516684,34.3108977682403,9.53080493562231,528,0.3,100.976972131931,63.6320745186316,2280,88.1186289815091,Inf,Inf,2280,18.0693403877443
106.392093516684,34.4334366888412,9.5648435246781,528,0.3,101.33760417526,64.316284545119,2280,88.4333383707288,Inf,Inf,2280,18.0693403877443
106.48630276827,34.3108977682403,9.53080493562231,528,0.3,100.976972131931,63.6320745186316,2280,88.1186289815091,Inf,Inf,2280,18.1290062470824
106.670990211974,35.5362869742489,9.87119082618025,528,0.3,104.583292565214,70.6961855609925,2280,91.2657228737059,Inf,Inf,2280,18.245974961428
106.760535639224,34.3108977682403,9.53080493562231,528,0.3,100.976972131931,63.6320745186316,2280,88.1186289815091,Inf,Inf,2280,18.3026870653533
106.764266698693,35.5362869742489,9.87119082618025,528,0.3,104.583292565214,70.6961855609925,2280,91.2657228737059,Inf,Inf,2280,18.3050500696837
106.856610420545,34.3108977682403,9.53080493562231,528,0.3,100.976972131931,63.6320745186316,2280,88.1186289815091,Inf,Inf,2280,18.3635344268564
106.958281791068,34.3108977682403,9.53080493562231,528,0.3,100.976972131931,63.6320745186316,2280,88.1186289815091,14892.5480951846,17520.6448178642,2280,18.4279262948548
107.053423807522,34.555975609442,9.59888211373389,528,0.3,101.698236218588,65.0053817653765,0,88.7480477599485,NaN,0,0,18.4279262948548
107.323925619008,34.6785145300429,9.63292070278969,528,0.3,102.058868261916,65.6993835715525,0,89.0627571491682,NaN,0,0,18.4279262948548
107.463840349086,34.3108977682403,9.53080493562231,528,0.3,100.976972131931,63.6320745186316,0,88.1186289815091,NaN,0,0,18.4279262948548
107.510478592446,34.3108977682403,9.53080493562231,528,0.3,100.976972131931,63.6320745186316,0,88.1186289815091,NaN,0,0,18.4279262948548
107.510478592446,34.3108977682403,9.53080493562231,528,0.3,100.976972131931,63.6320745186316,0,88.1186289815091,NaN,0,0,18.4279262948548
107.603755079165,35.5362869742489,9.87119082618025,528,0.3,104.583292565214,70.6961855609925,0,91.2657228737059,NaN,0,0,18.4279262948548
107.693300506415,34.3108977682403,9.53080493562231,528,0.3,100.976972131931,63.6320745186316,0,88.1186289815091,NaN,0,0,18.4279262948548
107.788442522869,34.3108977682403,9.53080493562231,528,0.3,100.976972131931,63.6320745186316,0,88.1186289815091,NaN,0,0,18.4279262948548
108.072003042495,34.4334366888412,9.5648435246781,528,0.3,101.33760417526,64.316284545119,0,88.4333383707288,NaN,0,0,18.4279262948548
108.074801337096,34.3108977682403,9.53080493562231,528,0.3,100.976972131931,63.6320745186316,0,88.1186289815091,NaN,0,0,18.4279262948548
108.256690486199,34.8010534506437,9.66695929184548,528,0.3,102.419500305245,66.3983073557958,-1798.79271638852,89.3774665383878,-1540.59744218909,0,0,18.4279262948548
108.408731159551,33.698203165236,9.36061199034334,528,0.3,99.1738119152896,60.2837235675413,-1941.20271975004,86.5450820354108,-1695.2001022318,0,0,18.4279262948548
108.443243459637,34.3108977682403,9.53080493562231,528,0.3,100.976972131931,63.6320745186316,-1324.37325587768,88.1186289815091,-1071.64558024561,0,0,18.4279262948548
108.533721651755,34.3108977682403,9.53080493562231,528,0.3,100.976972131931,63.6320745186316,-1324.37325587768,88.1186289815091,-1071.64558024561,0,0,18.4279262948548
108.627930903341,33.698203165236,9.36061199034334,528,0.3,99.1738119152896,60.2837235675413,-1028.1589919136,86.5450820354108,-782.156374395358,0,0,18.4279262948548
108.696955503513,34.3108977682403,9.53080493562231,528,0.3,100.976972131931,63.6320745186316,216.208543348572,88.1186289815091,468.936218980644,551.689669388993,612.988521543326,18.4396794303018
109.095246101803,34.3108977682403,9.53080493562231,528,0.3,100.976972131931,63.6320745186316,87.7902671587501,88.1186289815091,340.517942790822,400.609344459791,445.121493844212,18.4889260153283
109.195051942593,34.3108977682403,9.53080493562231,528,0.3,100.976972131931,63.6320745186316,388.417242006052,88.1186289815091,641.144917638124,754.288138397793,838.097931553103,18.5121613121957
109.292992253648,34.9235923712446,9.70099788090128,528,0.3,102.780132348573,67.102170510255,-147.143452823932,89.6921759276075,112.431025962503,132.271795250004,146.968661388893,18.5161596889767
109.328437318601,34.3108977682403,9.53080493562231,528,0.3,100.976972131931,63.6320745186316,-144.561988739302,88.1186289815091,108.16568689277,127.253749285612,141.393054761791,18.5175518239795
109.472083108149,34.3108977682403,9.53080493562231,528,0.3,100.976972131931,63.6320745186316,165.358356025658,88.1186289815091,418.08603165773,491.86591959733,546.517688441478,18.5393587586622
109.601737424688,34.1883588476394,9.49676634656651,528,0.3,100.616340088603,62.9527342937655,-318.179334443453,87.8039195922895,-66.8063404687948,0,0,18.5393587586622
109.620392722032,34.3108977682403,9.53080493562231,528,0.3,100.976972131931,63.6320745186316,0,88.1186289815091,-Inf,0,0,18.5393587586622
109.629720370704,34.3108977682403,9.53080493562231,528,0.3,100.976972131931,63.6320745186316,0,88.1186289815091,-Inf,0,0,18.5393587586622
109.651173962649,34.3108977682403,9.53080493562231,528,0.3,100.976972131931,63.6320745186316,0,88.1186289815091,-Inf,0,0,18.5393587586622
109.840525230689,34.0658199270386,9.46272775751072,528,0.3,100.255708045275,62.2782464783721,0,87.4892102030698,-Inf,0,0,18.5393587586622
109.840525230689,33.698203165236,9.36061199034334,528,0.3,99.1738119152896,60.2837235675413,0,86.5450820354108,-Inf,0,0,18.5393587586622
109.849852879361,34.3108977682403,9.53080493562231,528,0.3,100.976972131931,63.6320745186316,0,88.1186289815091,-Inf,0,0,18.5393587586622
109.933801717408,34.3108977682403,9.53080493562231,528,0.3,100.976972131931,63.6320745186316,0,88.1186289815091,-Inf,0,0,18.5393587586622
110.122220220581,34.3108977682403,9.53080493562231,528,0.3,100.976972131931,63.6320745186316,0,88.1186289815091,-Inf,0,0,18.5393587586622
110.12595128005,34.3108977682403,9.53080493562231,528,0.3,100.976972131931,63.6320745186316,0,88.1186289815091,-Inf,0,0,18.5393587586622
110.267731539863,34.3108977682403,9.53080493562231,528,0.3,100.976972131931,63.6320745186316,0,88.1186289815091,-Inf,0,0,18.5393587586622
110.317168077824,34.9235923712446,9.70099788090128,528,0.3,102.780132348573,67.102170510255,2280,89.6921759276075,6173.852495614,7263.35587719294,2280,18.5706685660375
110.492527872856,34.3108977682403,9.53080493562231,528,0.3,100.976972131931,63.6320745186316,2280,88.1186289815091,2933.05094693925,3450.64817286971,2280,18.6817297695578
110.772357333013,34.3108977682403,9.53080493562231,528,0.3,100.976972131931,63.6320745186316,2280,88.1186289815091,2747.09874007946,3231.88087068172,2280,18.8589550943242
110.866566584599,33.8207420858369,9.39465057939913,528,0.3,99.534443958618,60.9437585074087,2280,86.8597914246304,2885.81179203614,3395.07269651311,2280,18.918620953662
110.875894233271,34.3108977682403,9.53080493562231,528,0.3,100.976972131931,63.6320745186316,2280,88.1186289815091,2929.44022447531,3446.40026408861,2280,18.9245284644877
110.959843071319,34.3108977682403,9.53080493562231,528,0.3,100.976972131931,63.6320745186316,2280,88.1186289815091,2929.44022447531,3446.40026408861,2280,18.9776960619177
111.054052322905,33.9432810064377,9.42868916845493,528,0.3,99.8950760019463,61.6085936803027,2063.75845310293,87.1745008138501,2312.43662359903,2720.51367482239,2280,19.0373619212555
111.150127104225,34.3108977682403,9.53080493562231,528,0.3,100.976972131931,63.6320745186316,2252.60938737295,88.1186289815091,2505.33706300502,2947.4553682412,2280,19.0982092827586
111.194899817851,34.3108977682403,9.53080493562231,528,0.3,100.976972131931,63.6320745186316,2252.60938737295,88.1186289815091,2505.33706300502,2947.4553682412,2280,19.1265653347213
111.240605296343,34.3108977682403,9.53080493562231,528,0.3,100.976972131931,63.6320745186316,-16280.6272256694,88.1186289815091,-16027.8995500373,0,0,19.1265653347213
111.518569226766,34.3108977682403,9.53080493562231,528,0.3,100.976972131931,63.6320745186316,-18846.7676802727,88.1186289815091,-18594.0400046406,0,0,19.1265653347213
111.796533157189,34.3108977682403,9.53080493562231,528,0.3,100.976972131931,63.6320745186316,-15269.4014150125,88.1186289815091,-15016.6737393804,0,0,19.1265653347213
111.891675173642,34.3108977682403,9.53080493562231,528,0.3,100.976972131931,63.6320745186316,-15083.4492081527,88.1186289815091,-14830.7215325206,0,0,19.1265653347213
111.89260793851,33.9432810064377,9.42868916845493,528,0.3,99.8950760019463,61.6085936803027,-15102.2286494141,87.1745008138501,-14853.550478918,0,0,19.1265653347213
111.986817190096,33.8207420858369,9.39465057939913,528,0.3,99.534443958618,60.9437585074087,-15047.7079683693,86.8597914246304,-14800.3699744786,0,0,19.1265653347213
111.993346544166,34.3108977682403,9.53080493562231,528,0.3,100.976972131931,63.6320745186316,-15265.7906925485,88.1186289815091,-15013.0630169165,0,0,19.1265653347213
112.082891971417,34.3108977682403,9.53080493562231,528,0.3,100.976972131931,63.6320745186316,-15265.7906925485,88.1186289815091,-15013.0630169165,0,0,19.1265653347213
112.095950679557,34.3108977682403,9.53080493562231,528,0.3,100.976972131931,63.6320745186316,-15330.665210313,88.1186289815091,-15077.9375346809,0,0,19.1265653347213
112.126731920175,34.3108977682403,9.53080493562231,528,0.3,100.976972131931,63.6320745186316,-15207.9124463082,88.1186289815091,-14955.1847706762,0,0,19.1265653347213
112.448535799356,34.3108977682403,9.53080493562231,528,0.3,100.976972131931,63.6320745186316,2280,88.1186289815091,3516.06777341427,4136.55032166385,2280,19.3303744582027
112.643483656598,34.3108977682403,9.53080493562231,528,0.3,100.976972131931,63.6320745186316,2280,88.1186289815091,19229.0292534431,22622.3873569918,2280,19.4538414344565
112.823507275966,34.0658199270386,9.46272775751072,528,0.223347114634089,100.255708045275,62.2782464783721,2280,65.1350081938277,15516.6118801786,18254.8375060925,2280,19.5678563933894
112.91864929242,34.3108977682403,9.53080493562231,528,0.172541277847776,100.976972131931,63.6320745186316,2280,50.6804911276302,15000.4610303027,17647.6012121208,2280,19.6281130038101
113.012858544006,33.698203165236,9.36061199034334,528,0.121879234972556,99.1738119152896,60.2837235675413,2280,35.1602954370538,14715.768403935,17312.6687105118,2280,19.6877788631481
113.014724073741,34.3108977682403,9.53080493562231,528,0.120860655737611,100.976972131931,63.6320745186316,2280,35.5003868211342,15159.1806750036,17834.3302058865,2280,19.6889603653132
113.015656838608,34.3108977682403,9.53080493562231,528,0.120351366120251,100.976972131931,63.6320745186316,2280,35.3507934595664,15129.7769182576,17799.7375508913,2280,19.6895511163956
113.063227846834,33.698203165236,9.36061199034334,528,0.0944305070158181,99.1738119152896,60.2837235675413,2280,27.2417653962095,14910.7897132099,17542.1055449528,2280,19.7196794216059
113.202209812046,33.698203165236,9.36061199034334,528,0.0329699933956645,99.1738119152896,60.2837235675413,2280,9.51134554530704,14897.654200395,17526.6520004647,2280,19.8077013329067
113.37010748814,34.3108977682403,9.53080493562231,528,0.229962601333068,100.976972131931,63.6320745186316,2280,67.5467577751266,18236.0781205608,21454.2095536009,2280,19.9140365277663
113.569719169719,34.1883588476394,9.49676634656651,528,0.123369963369964,100.616340088603,62.9527342937655,2280,36.108024898281,18116.3029438714,21313.2975810252,2280,20.0404572594329
113.663928421306,34.3108977682403,9.53080493562231,528,0.0728343661802246,100.976972131931,63.6320745186316,2280,21.3936402929835,33817.8232326289,39785.6743913282,2280,20.100123118771
113.760935967493,34.1883588476394,9.49676634656651,528,0.0207039372285603,100.616340088603,62.9527342937655,2280,6.05965035508289,33480.1087731939,39388.363262581,2280,20.1615612313566
113.762801497228,34.3108977682403,9.53080493562231,528,0.0197152064693721,100.976972131931,63.6320745186316,2280,5.79094955994453,34432.9310552608,40509.3306532479,2280,20.1627427335216
113.850481394744,33.698203165236,9.36061199034334,528,0,99.1738119152896,60.2837235675413,2280,0,33514.551996781,39428.8847020952,2280,20.2182733352818
113.851414159611,34.3108977682403,9.53080493562231,528,0,100.976972131931,63.6320745186316,2280,0,34016.1415623257,40018.9900733243,2280,20.2188640863644
113.995992714025,33.698203165236,9.36061199034334,528,0,99.1738119152896,60.2837235675413,2280,0,27286.6318985802,32101.9198806826,2280,20.3104305041602
114.129378090034,34.3108977682403,9.53080493562231,528,0,100.976972131931,63.6320745186316,2280,0,28036.0402410645,32983.5767541935,2280,20.3949079089655
114.226385636222,33.698203165236,9.36061199034334,528,0,99.1738119152896,60.2837235675413,2280,0,27592.305738622,32461.5361630847,2280,20.4563460215513
114.500618507176,34.0658199270386,9.46272775751072,528,0,100.255708045275,62.2782464783721,2280,0,21961.506337725,25837.0662796764,2280,20.6300268398222
114.503416801778,33.698203165236,9.36061199034334,528,0,99.1738119152896,60.2837235675413,2280,0,22765.1955959363,26782.5830540428,2280,20.63179909307
114.596693288497,34.3108977682403,9.53080493562231,528,0,100.976972131931,63.6320745186316,-8285.2033355016,0,-8120.59428885104,0,0,20.63179909307
114.880253808123,34.3108977682403,9.53080493562231,528,0,100.976972131931,63.6320745186316,-8083.25523988001,0,-7918.64619322945,0,0,20.63179909307
114.890514221662,33.698203165236,9.36061199034334,528,0,99.1738119152896,60.2837235675413,-8153.89734975371,0,-7994.43981427088,0,0,20.63179909307
114.930623110951,34.3108977682403,9.53080493562231,528,0,100.976972131931,63.6320745186316,-8311.09003878568,0,-8146.48099213512,0,0,20.63179909307
114.969799235373,34.3108977682403,9.53080493562231,528,0,100.976972131931,63.6320745186316,-8374.97157923734,0,-8210.36253258678,0,0,20.63179909307
114.97073200024,34.3108977682403,9.53080493562231,528,0,100.976972131931,63.6320745186316,-2051.34434296536,0,-1886.7352963148,0,0,20.63179909307
115.158217738546,34.3108977682403,9.53080493562231,528,0,100.976972131931,63.6320745186316,-2166.66733441211,0,-2002.05828776154,0,0,20.63179909307
115.252426990132,33.698203165236,9.36061199034334,528,0,99.1738119152896,60.2837235675413,-2127.9768462976,0,-1968.51931081477,0,0,20.63179909307
115.440845493304,33.698203165236,9.36061199034334,528,0,99.1738119152896,60.2837235675413,117.858560213659,0,277.31609569649,326.254230231164,362.504700256849,20.6507720355742
115.625532937009,33.9432810064377,9.42868916845493,528,0,99.8950760019463,61.6085936803027,102.3486009366,0,263.852270618849,310.414436022175,344.904928913528,20.6684663715859
115.714145599391,34.3108977682403,9.53080493562231,528,0,100.976972131931,63.6320745186316,103.457069538801,0,268.066116189364,315.371901399252,350.413223776947,20.6770916628895
115.813018675314,34.3108977682403,9.53080493562231,528,0,100.976972131931,63.6320745186316,-3374.53791060306,0,-3209.92886395249,0,0,20.6770916628895
115.865253507877,33.698203165236,9.36061199034334,528,0,99.1738119152896,60.2837235675413,-3298.63301684164,0,-3139.17548135881,0,0,20.6770916628895
115.906295162033,34.3108977682403,9.53080493562231,528,0,100.976972131931,63.6320745186316,-3111.29172748008,0,-2946.68268082951,0,0,20.6770916628895
115.99677335415,34.3108977682403,9.53080493562231,528,0,100.976972131931,63.6320745186316,-3049.91534547771,0,-2885.30629882715,0,0,20.6770916628895
116.005168237955,33.698203165236,9.36061199034334,528,0,99.1738119152896,60.2837235675413,-2933.96970972402,0,-2774.51217424119,0,0,20.6770916628895
116.371744830761,33.8207420858369,9.39465057939913,528,0,99.534443958618,60.9437585074087,-3769.20048089402,0,-3608.72227842799,0,0,20.6770916628895
116.46502131748,33.698203165236,9.36061199034334,528,0,99.1738119152896,60.2837235675413,-3543.52332746524,0,-3384.0657919824,0,0,20.6770916628895
116.560163333934,33.8207420858369,9.39465057939913,528,0,99.534443958618,60.9437585074087,-3313.9784208245,0,-3153.50021835848,0,0,20.6770916628895
116.745783542505,34.3108977682403,9.53080493562231,528,0,100.976972131931,63.6320745186316,2280,0,11742.1713000134,13814.3191764864,2280,20.7946511283179
116.791489020997,33.698203165236,9.36061199034334,528,0,99.1738119152896,60.2837235675413,2280,0,11393.6420886731,13404.2848102037,2280,20.8235979313631
116.92673992674,34.3108977682403,9.53080493562231,528,0,100.976972131931,63.6320745186316,2280,0,15033.6192766751,17686.6109137354,2280,20.9092568383334
117.020016413459,33.698203165236,9.36061199034334,528,0,99.1738119152896,60.2837235675413,2280,0,14705.7598545755,17300.8939465594,2280,20.9683319465888
117.021881943193,34.3108977682403,9.53080493562231,528,0,100.976972131931,63.6320745186316,2280,0,15037.9934993694,17691.7570580816,2280,20.9695134487539
117.063856362217,34.1883588476394,9.49676634656651,528,0,100.616340088603,62.9527342937655,2280,0,15244.2251794252,17934.3825640296,2280,20.9960972474689
117.310106287156,33.9432810064377,9.42868916845493,528,0,99.8950760019463,61.6085936803027,2280,0,9848.46983988927,11586.4351057521,2280,21.1520555332633
117.586204687844,33.698203165236,9.36061199034334,528,0,99.1738119152896,60.2837235675413,2280,0,9720.71211287557,11436.1318975007,2280,21.3269178536993
117.587137452711,33.698203165236,9.36061199034334,528,0,99.1738119152896,60.2837235675413,2280,0,10875.0466536974,12794.1725337616,2280,21.327508604782
117.677615644829,34.3108977682403,9.53080493562231,528,0,100.976972131931,63.6320745186316,2280,0,11337.1491186226,13337.8224924972,2280,21.3848114597896
117.683212234032,33.698203165236,9.36061199034334,528,0,99.1738119152896,60.2837235675413,-5382.24096672298,0,-5222.78343124014,0,0,21.3848114597896
117.725186653055,33.0855085622317,9.19041904506437,528,0,97.370651698648,57.0549436384031,-5002.26988420826,0,-4847.84428887121,0,0,21.3848114597896
117.767161072079,34.3108977682403,9.53080493562231,528,0,100.976972131931,63.6320745186316,-3748.91394284987,0,-3584.3048961993,0,0,21.3848114597896
117.996621229408,34.0658199270386,9.46272775751072,528,0,100.255708045275,62.2782464783721,-1608.24689437,0,-1445.71293984635,0,0,21.3848114597896
118.043259472768,33.0855085622317,9.19041904506437,528,0,97.370651698648,57.0549436384031,-1623.77670416715,0,-1469.3511088301,0,0,21.3848114597896
118.233543505675,33.698203165236,9.36061199034334,528,0,99.1738119152896,60.2837235675413,-1970.78469820974,0,-1811.32716272691,0,0,21.3848114597896
118.241938389479,33.9432810064377,9.42868916845493,528,0,99.8950760019463,61.6085936803027,2280,0,3647.14788165066,4290.76221370666,2280,21.3901282195326
118.244736684081,34.0658199270386,9.46272775751072,528,0,100.255708045275,62.2782464783721,2280,0,4075.13997866492,4794.28232784109,2280,21.3919004727803
118.518036790168,33.698203165236,9.36061199034334,528,0,99.1738119152896,60.2837235675413,2280,0,2686.00835966775,3160.00983490324,2280,21.5649905399686
118.700858704138,33.698203165236,9.36061199034334,528,0,99.1738119152896,60.2837235675413,2234.95063530138,0,2394.40817078421,2816.95078915789,2280,21.6807777521495
118.794135190857,34.3108977682403,9.53080493562231,528,0,100.976972131931,63.6320745186316,2280,0,22223.0305997753,26144.7418820886,2280,21.7398528604048
118.920058447927,33.5756642446352,9.32657340128755,528,0,98.8131798719613,59.6284714685521,2280,0,22742.6997573119,26756.1173615434,2280,21.8196042565495
119.17470325667,33.698203165236,9.36061199034334,528,0,99.1738119152896,60.2837235675413,2280,0,21558.9557101572,25363.4773060673,2280,21.9808793020869
119.258652094718,33.0855085622317,9.19041904506437,528,0,97.370651698648,57.0549436384031,2280,0,19029.9987284441,22388.2337981695,2280,22.0340468995169
119.259584859585,33.4531253240343,9.29253481223175,528,0,98.452547828633,58.9779848182923,2280,0,19305.2293331542,22712.0345095932,2280,22.0346376505993
119.27450909746,33.8207420858369,9.39465057939913,528,0,99.534443958618,60.9437585074087,2280,0,19518.6923744075,22963.1674993029,2280,22.0440896679202
119.448003362758,34.1883588476394,9.49676634656651,528,0,100.616340088603,62.9527342937655,2280,0,13182.2645707716,15508.5465538489,2280,22.1539693692755
119.631758041594,33.698203165236,9.36061199034334,528,0,99.1738119152896,60.2837235675413,2280,0,13447.4077336573,15820.4796866556,2280,22.2703473325387
119.633623571329,33.698203165236,9.36061199034334,528,0,99.1738119152896,60.2837235675413,2280,0,17816.741301689,20960.8721196341,2280,22.2715288347038
120.282827918894,33.698203165236,9.36061199034334,528,0,99.1738119152896,60.2837235675413,2280,0,17876.2843022493,21030.9227085286,2280,22.6826915881616
120.285626213495,33.3305864034334,9.25849622317596,528,0,98.0919157853046,58.3322462246134,-816.337336211442,0,-659.913174201524,0,0,22.6826915881616
120.379835465081,33.698203165236,9.36061199034334,528,0,99.1738119152896,60.2837235675413,-1956.39969220551,0,-1796.94215672268,0,0,22.6826915881616
120.386364819152,34.3108977682403,9.53080493562231,528,0,100.976972131931,63.6320745186316,-2172.19009875433,0,-2007.58105210377,0,0,22.6826915881616
120.488036189675,33.698203165236,9.36061199034334,528,0,99.1738119152896,60.2837235675413,-1734.0653608262,0,-1574.60782534337,0,0,22.6826915881616
120.785588182309,33.0855085622317,9.19041904506437,528,0.223402305890733,97.370651698648,57.0549436384031,-1702.53689972027,63.2762517074557,-1484.83505267576,0,0,22.6826915881616
121.048627874857,33.2080474828326,9.22445763412016,528,0.456284297123673,97.7312837419763,57.6912382953665,-1414.70841175403,129.715135330799,-1129.57075438589,0,0,22.6826915881616
121.122316299366,33.0855085622317,9.19041904506437,528,0.0213937108430663,97.370651698648,57.0549436384031,2280,6.05954905212868,4701.31544631074,5530.95934860087,2280,22.7293609236835
121.226785964491,33.698203165236,9.36061199034334,528,0.112964504893866,99.1738119152896,60.2837235675413,2280,32.5885356027318,4634.33419130618,5452.15787212492,2280,22.7955250449293
121.407742348726,33.698203165236,9.36061199034334,528,0.271113266879054,99.1738119152896,60.2837235675413,2280,78.2117985848504,3703.98947519616,4357.63467670137,2280,22.9101307549452
121.503817130047,34.3108977682403,9.53080493562231,528,0.355789611481304,100.976972131931,63.6320745186316,2280,104.505448449181,4085.63253623752,4806.62651322061,2280,22.970978116448
122.154887007346,33.0855085622317,9.19041904506437,528,0.5,97.370651698648,57.0549436384031,2280,141.618074758009,4042.9817587422,4756.449127932,2280,23.3833223720712
122.242566904862,33.0855085622317,9.19041904506437,528,0.5,97.370651698648,57.0549436384031,2280,141.618074758009,4021.57464678236,4731.26429033218,2280,23.4388529738313
122.250961788667,33.698203165236,9.36061199034334,528,0.5,99.1738119152896,60.2837235675413,2280,144.240631697972,6737.96676133861,7927.0197192219,2280,23.4441697335743
122.26308773194,33.698203165236,9.36061199034334,528,0.5,99.1738119152896,60.2837235675413,2280,144.240631697972,6437.51040290012,7573.54165047073,2280,23.4518494976475
123.272339318241,33.0855085622317,9.19041904506437,528,0.5,97.370651698648,57.0549436384031,0,141.618074758009,NaN,0,0,23.4518494976475
123.273272083108,33.0855085622317,9.19041904506437,528,0.5,97.370651698648,57.0549436384031,0,141.618074758009,NaN,0,0,23.4518494976475
123.284465261514,33.698203165236,9.36061199034334,528,0.5,99.1738119152896,60.2837235675413,0,144.240631697972,NaN,0,0,23.4518494976475
124.388858864269,33.0855085622317,9.19041904506437,528,0.5,97.370651698648,57.0549436384031,0,141.618074758009,NaN,0,0,23.4518494976475
124.388858864269,33.0855085622317,9.19041904506437,528,0.5,97.370651698648,57.0549436384031,0,141.618074758009,NaN,0,0,23.4518494976475
125.32162373146,33.0855085622317,9.19041904506437,528,0.5,97.370651698648,57.0549436384031,0,141.618074758009,NaN,0,0,23.4518494976475
137.270341680178,28.1839517381974,7.82887548283261,528,0.486346562180951,82.945369965515,35.2683787658615,0,117.343463002329,NaN,0,0,23.4518494976475
137.306719509998,28.1839517381974,7.82887548283261,528,0.474282561700634,82.945369965515,35.2683787658615,0,114.432783748451,NaN,0,0,23.4518494976475
137.533381372725,28.1839517381974,7.82887548283261,528,0.399384147000597,82.945369965515,35.2683787658615,0,96.3619480235615,NaN,0,0,23.4518494976475
138.466146239917,28.1839517381974,7.82887548283261,528,0.3,82.945369965515,35.2683787658615,0,72.3831595205254,NaN,0,0,23.4518494976475
138.468944534518,28.1839517381974,7.82887548283261,528,0.3,82.945369965515,35.2683787658615,-92.468710049048,72.3831595205254,98.1281982028539,115.444939062181,128.272154513534,23.4519492041134
139.180644128185,28.1839517381974,7.82887548283261,528,0.3,82.945369965515,35.2683787658615,196.433762218382,72.3831595205254,387.030670470284,455.330200553276,505.922445059195,23.5519672037177
139.403574931444,28.1839517381974,7.82887548283261,528,0.3,82.945369965515,35.2683787658615,-171.274553428326,72.3831595205254,19.3223548235761,22.7321821453837,25.2579801615374,23.553531309775
139.505246301967,28.1839517381974,7.82887548283261,528,0.3,82.945369965515,35.2683787658615,82.0487966385092,72.3831595205254,272.645704890411,320.759652812248,356.399614235831,23.5635967645621
140.132997057587,26.9585625321888,7.48848959227467,528,0.3,79.3390495322317,30.8652664665812,29.2926715064191,69.2360656283286,208.733053133561,245.568297804189,272.853664226877,23.6111756795321
140.299029203947,28.1839517381974,7.82887548283261,528,0.3,82.945369965515,35.2683787658615,308.95339403207,72.3831595205254,499.550302283972,587.706237981143,653.006931090159,23.6412923857423
140.424019696151,26.9585625321888,7.48848959227467,528,0.3,79.3390495322317,30.8652664665812,295.520637769806,69.2360656283286,474.961019396948,558.777669878762,620.864077643069,23.6628485264801
140.613370964191,28.1839517381974,7.82887548283261,528,0.3,82.945369965515,35.2683787658615,-689.583306235197,72.3831595205254,-498.986397983295,0,0,23.6628485264801
140.70664745091,28.0614128175965,7.79483689377682,528,0.3,82.5847379221866,34.8103536325359,-868.517799522696,72.0684501313057,-679.054257836668,0,0,23.6628485264801
141.06856021938,30.6347301502146,8.50964726394849,528,0.3,90.1580108320815,45.2920537697531,-560.763105640629,78.6773473049189,-346.635693733876,0,0,23.6628485264801
141.266306371225,30.6347301502146,8.50964726394849,528,0.3,90.1580108320815,45.2920537697531,-3831.4884846303,78.6773473049189,-3617.36107272355,0,0,23.6628485264801
141.362381152545,28.1839517381974,7.82887548283261,528,0.3,82.945369965515,35.2683787658615,-3735.16069435651,72.3831595205254,-3544.56378610461,0,0,23.6628485264801
141.546135831382,27.3261792939914,7.59060535944205,528,0.3,80.4209456622167,32.1452329502259,-2979.88471429895,70.1801937959876,-2797.13834189052,0,0,23.6628485264801
141.640345082968,28.1839517381974,7.82887548283261,528,0.3,82.945369965515,35.2683787658615,-3326.74704642898,72.3831595205254,-3136.15013817708,0,0,23.6628485264801
141.645008907304,27.8163349763948,7.72675971566523,528,0.3,81.86347383553,33.9062343798569,-3079.31726781461,71.4390313528663,-2892.10852824636,0,0,23.6628485264801
141.827830821274,28.1839517381974,7.82887548283261,528,0.3,82.945369965515,35.2683787658615,-4365.73654721516,72.3831595205254,-4175.13963896326,0,0,23.6628485264801
142.000392321704,29.409340944206,8.16926137339055,528,0.3,86.5516903987982,40.0715104840362,0,75.5302534127221,-Inf,0,0,23.6628485264801
142.291414960267,29.409340944206,8.16926137339055,528,0.3,86.5516903987982,40.0715104840362,0,75.5302534127221,-Inf,0,0,23.6628485264801
142.569378890691,30.5121912296137,8.4756086748927,528,0.3,89.7973787887531,44.7507202444055,0,78.3626379156992,-Inf,0,0,23.6628485264801
142.663588142277,28.1839517381974,7.82887548283261,528,0.3,82.945369965515,35.2683787658615,0,72.3831595205254,-Inf,0,0,23.6628485264801
142.663588142277,27.5712571351931,7.65868253755364,528,0.3,81.1422097488733,33.01790719815,0,70.809612574427,-Inf,0,0,23.6628485264801
142.664520907144,28.0614128175965,7.79483689377682,528,0.3,82.5847379221866,34.8103536325359,0,72.0684501313057,-Inf,0,0,23.6628485264801
142.763393983066,28.1839517381974,7.82887548283261,528,0.3,82.945369965515,35.2683787658615,0,72.3831595205254,NaN,0,0,23.6628485264801
142.92476230509,30.6347301502146,8.50964726394849,528,0.3,90.1580108320815,45.2920537697531,0,78.6773473049189,NaN,0,0,23.6628485264801
143.222314297724,30.6347301502146,8.50964726394849,528,0.3,90.1580108320815,45.2920537697531,0,78.6773473049189,NaN,0,0,23.6628485264801
143.410732800897,29.409340944206,8.16926137339055,528,0.3,86.5516903987982,40.0715104840362,0,75.5302534127221,NaN,0,0,23.6628485264801
143.410732800897,30.267113388412,8.40753149678111,528,0.3,89.0761147020965,43.6810277366016,2280,77.7332191372599,Inf,Inf,2280,23.6628485264801
143.689629496187,27.3261792939914,7.59060535944205,528,0.3,80.4209456622167,32.1452329502259,2280,70.1801937959876,Inf,Inf,2280,23.8394831001639
143.692427790788,28.7966463412017,7.99906842811158,528,0.3,84.7485301821566,37.6188551882966,2280,73.9567064666237,Inf,Inf,2280,23.8412553534114
143.693360555656,28.1839517381974,7.82887548283261,528,0.3,82.945369965515,35.2683787658615,2280,72.3831595205254,Inf,Inf,2280,23.841846104494
143.856594407414,29.409340944206,8.16926137339055,528,0.3,86.5516903987982,40.0715104840362,2280,75.5302534127221,Inf,Inf,2280,23.9452275439409
143.878980764227,28.1839517381974,7.82887548283261,528,0.3,82.945369965515,35.2683787658615,2280,72.3831595205254,Inf,Inf,2280,23.9594055699224
144.063668207931,29.409340944206,8.16926137339055,528,0.3,86.5516903987982,40.0715104840362,-8378.26899035277,75.5302534127221,-8176.11553605721,0,0,23.9594055699224
144.436774154807,30.5121912296137,8.4756086748927,528,0.3,89.7973787887531,44.7507202444055,-141860.212449041,78.3626379156992,-141647.301712092,0,0,23.9594055699224
144.530050641526,29.6544187854077,8.23733855150214,528,0.3,87.2729544854548,41.0816696670195,-152558.540500152,76.1596721911614,-152354.026203809,0,0,23.9594055699224
144.535647230729,29.5318798648068,8.20329996244634,528,0.3,86.9123224421265,40.5744943216159,-123754.457528661,75.8449628019418,-123551.125749096,0,0,23.9594055699224
144.624259893112,30.0220355472103,8.33945431866952,528,0.3,88.3548506154398,42.6285186716614,-140729.071886211,77.1038003588205,-140520.984716565,0,0,23.9594055699224
144.625192657979,27.0811014527897,7.52252818133046,528,0.3,79.69968157556,31.2880724988954,-123915.648040822,69.5507750175483,-123735.10951173,0,0,23.9594055699224
144.63172201205,28.1839517381974,7.82887548283261,528,0.3,82.945369965515,35.2683787658615,-130544.054940529,72.3831595205254,-130353.458032277,0,0,23.9594055699224
144.794955863808,33.0855085622317,9.19041904506437,528,0.3,97.370651698648,57.0549436384031,-153257.430185851,84.9715350893124,-153018.033055424,0,0,23.9594055699224
144.808947336816,28.1839517381974,7.82887548283261,528,0.3,82.945369965515,35.2683787658615,-130340.993541304,72.3831595205254,-130150.396633052,0,0,23.9594055699224
144.999231369723,33.0855085622317,9.19041904506437,528,0.3,97.370651698648,57.0549436384031,-152022.980841156,84.9715350893124,-151783.58371073,0,0,23.9594055699224
145.097171680778,29.7769577060086,8.27137714055793,528,0.3,87.6335865287832,41.5930539123959,-144112.508435778,76.4743815803811,-143906.807413757,0,0,23.9594055699224
145.276262535279,30.267113388412,8.40753149678111,528,0.3,89.0761147020965,43.6810277366016,-11216.1209183258,77.7332191372599,-11005.6305567499,0,0,23.9594055699224
145.373270081467,29.8994966266094,8.30541572961372,528,0.3,87.9942185721115,42.1086644498936,-39006.7728302454,76.7890909696008,-38799.8808562538,0,0,23.9594055699224
145.653099541624,29.7769577060086,8.27137714055793,528,0.3,87.6335865287832,41.5930539123959,-41585.6475353464,76.4743815803811,-41379.9465133249,0,0,23.9594055699224
145.662427190296,28.1839517381974,7.82887548283261,528,0.3,82.945369965515,35.2683787658615,-23221.9730399373,72.3831595205254,-23031.3761316854,0,0,23.9594055699224
145.737981144539,33.0855085622317,9.19041904506437,528,0.3,97.370651698648,57.0549436384031,-28765.2085078113,84.9715350893124,-28525.8113773849,0,0,23.9594055699224
145.743577733742,30.267113388412,8.40753149678111,528,0.3,89.0761147020965,43.6810277366016,-25109.2205673042,77.7332191372599,-24898.7302057282,0,0,23.9594055699224
145.834988690726,26.9585625321888,7.48848959227467,528,0.3,79.3390495322317,30.8652664665812,-22415.7262735878,69.2360656283286,-22236.2858919607,0,0,23.9594055699224
145.933861766649,33.0855085622317,9.19041904506437,528,0.3,97.370651698648,57.0549436384031,-27623.5378273282,84.9715350893124,-27384.1406969018,0,0,23.9594055699224
146.302303889189,30.5121912296137,8.4756086748927,528,0.3,89.7973787887531,44.7507202444055,-23244.8251647534,78.3626379156992,-23031.9144278046,0,0,23.9594055699224
146.39837867051,30.0220355472103,8.33945431866952,528,0.3,88.3548506154398,42.6285186716614,-20315.0880081859,77.1038003588205,-20107.00083854,0,0,23.9594055699224
146.48792409776,30.1445744678111,8.37349290772531,528,0.3,88.7154826587682,43.1526339698478,-21991.6652703507,77.4185097480402,-21782.3786439741,0,0,23.9594055699224
146.585864408815,29.5318798648068,8.20329996244634,528,0.3,86.9123224421265,40.5744943216159,-3530.49288425039,75.8449628019418,-3327.16110468471,0,0,23.9594055699224
146.65395624412,33.0855085622317,9.19041904506437,528,0.3,97.370651698648,57.0549436384031,1344.5074202009,84.9715350893124,1583.90455062726,1863.41711838501,2070.46346487224,23.998567141382
146.676342600933,30.6347301502146,8.50964726394849,528,0.3,90.1580108320815,45.2920537697531,-1391.7059057658,78.6773473049189,-1177.57849385904,0,0,23.998567141382
146.767753557917,33.0855085622317,9.19041904506437,528,0.3,97.370651698648,57.0549436384031,-2061.24472711238,84.9715350893124,-1821.84759668601,0,0,23.998567141382
146.862895574371,26.9585625321888,7.48848959227467,528,0.3,79.3390495322317,30.8652664665812,-2056.07124547636,69.2360656283286,-1876.63086384922,0,0,23.998567141382
146.940315058348,33.0855085622317,9.19041904506437,528,0.3,97.370651698648,57.0549436384031,-1758.97760743619,84.9715350893124,-1519.58047700983,0,0,23.998567141382
147.143657799396,33.0855085622317,9.19041904506437,528,0.3,97.370651698648,57.0549436384031,-10670.4525003654,84.9715350893124,-10431.0553699391,0,0,23.998567141382
147.239732580716,31.2474247532189,8.67984020922746,528,0.3,91.9611710487231,48.0642897968921,-12808.0228803936,80.2508942510172,-12587.7465252969,0,0,23.998567141382
147.336740126904,29.7769577060086,8.27137714055793,528,0.3,87.6335865287832,41.5930539123959,-5208.08593263567,76.4743815803811,-5002.38491061411,0,0,23.998567141382
147.588586641046,34.3108977682403,9.53080493562231,528,0.3,100.976972131931,63.6320745186316,-10756.712460525,88.1186289815091,-10503.9847848929,0,0,23.998567141382
147.608174703257,30.3896523090128,8.4415700858369,528,0.3,89.4367467454248,44.2137173640712,2280,78.0479285264795,76576.1870859287,90089.6318657985,2280,24.0109729141158
147.699585660242,29.409340944206,8.16926137339055,528,0.3,86.5516903987982,40.0715104840362,2280,75.5302534127221,70372.8307943164,82791.5656403722,2280,24.0688665202061
147.761148141476,33.0855085622317,9.19041904506437,528,0.3,97.370651698648,57.0549436384031,2280,84.9715350893124,79151.2251100863,93119.0883648074,2280,24.1078560916546
147.794727676695,30.6347301502146,8.50964726394849,528,0.3,90.1580108320815,45.2920537697531,2280,78.6773473049189,74094.6592843907,87170.1873934008,2280,24.1291231306265
147.796593206429,34.3108977682403,9.53080493562231,528,0.3,100.976972131931,63.6320745186316,2280,88.1186289815091,83445.0824573726,98170.6852439677,2280,24.1303046327916
147.887071398547,33.2080474828326,9.22445763412016,528,0.3,97.7312837419763,57.6912382953665,2280,85.2862444785321,78679.3814883165,92563.9782215489,2280,24.1876074877995
148.073624371985,33.0855085622317,9.19041904506437,528,0.3,97.370651698648,57.0549436384031,2280,84.9715350893124,98453.8201119942,115828.02366117,2280,24.3057577043103
148.170631918173,33.0855085622317,9.19041904506437,528,0.3,97.370651698648,57.0549436384031,2280,84.9715350893124,92239.0588194905,108516.539787636,2280,24.3671958168958
148.36091595108,31.982658276824,8.88407174356222,528,0.3,94.124963308693,51.5375192739635,2280,82.1391505863353,92275.1934176668,108559.051079608,2280,24.487709037737
148.451394143198,29.5318798648068,8.20329996244634,528,0.3,86.9123224421265,40.5744943216159,2280,75.8449628019418,88190.8435456278,103753.933583091,2280,24.5450118927449
148.456057967533,30.6347301502146,8.50964726394849,528,0.3,90.1580108320815,45.2920537697531,2280,78.6773473049189,6917.64137953402,8138.4016229812,2280,24.5479656481575
148.464452851338,29.409340944206,8.16926137339055,528,0.3,86.5516903987982,40.0715104840362,-30629.0915145568,75.5302534127221,-30426.9380602612,0,0,24.5479656481575
148.52694809744,37.5228540772532,10.4230150214592,528,0.3,110.429759549356,83.2276112749038,-40912.0926283782,96.3677044854649,-40622.0675530685,0,0,24.5479656481575
148.817037971136,37.5228540772532,10.4230150214592,528,0.3,110.429759549356,83.2276112749038,-40912.0926283782,96.3677044854649,-40622.0675530685,0,0,24.5479656481575
149.005456474309,34.3108977682403,9.53080493562231,528,0.3,100.976972131931,63.6320745186316,-37223.2579370101,88.1186289815091,-36970.530261378,0,0,24.5479656481575
149.006389239176,33.4531253240343,9.29253481223175,528,0.3,98.452547828633,58.9779848182923,-32654.6651764149,85.9156632569714,-32411.318980511,0,0,24.5479656481575
149.016649652715,33.0855085622317,9.19041904506437,528,0.3,97.370651698648,57.0549436384031,-51786.0806945254,84.9715350893124,-51546.6835640991,0,0,24.5479656481575
149.192942212614,33.0855085622317,9.19041904506437,528,0.3,97.370651698648,57.0549436384031,-43506.4341625573,84.9715350893124,-43267.0370321309,0,0,24.5479656481575
149.388822834724,32.7178918004292,9.08830327789699,528,0.3,96.288755568663,55.1741653797276,-96680.3631490594,84.0274069216534,-96444.8728211894,0,0,24.5479656481575
149.443855961889,35.5362869742489,9.87119082618025,528,0.3,104.583292565214,70.6961855609925,-103785.562030196,91.2657228737059,-103519.016829196,0,0,24.5479656481575
149.47650273224,29.409340944206,8.16926137339055,528,0.3,86.5516903987982,40.0715104840362,0,75.5302534127221,-Inf,0,0,24.5479656481575
149.655593586741,35.5362869742489,9.87119082618025,528,0.3,104.583292565214,70.6961855609925,0,91.2657228737059,-Inf,0,0,24.5479656481575
149.660257411077,30.6347301502146,8.50964726394849,528,0.3,90.1580108320815,45.2920537697531,0,78.6773473049189,-Inf,0,0,24.5479656481575
149.9382213415,37.5228540772532,10.4230150214592,528,0.3,110.429759549356,83.2276112749038,0,96.3677044854649,-Inf,0,0,24.5479656481575
149.9382213415,35.7813648154506,9.93926800429183,528,0.3,105.304556651871,72.1689758980015,0,91.8951416521452,-Inf,0,0,24.5479656481575
150.032430593086,33.698203165236,9.36061199034334,528,0.3,99.1738119152896,60.2837235675413,0,86.5450820354108,-Inf,0,0,24.5479656481575
150.130370904141,33.0855085622317,9.19041904506437,528,0.3,97.370651698648,57.0549436384031,0,84.9715350893124,-Inf,0,0,24.5479656481575
150.22364739086,33.0855085622317,9.19041904506437,528,0.3,97.370651698648,57.0549436384031,0,84.9715350893124,-Inf,0,0,24.5479656481575
150.315058347845,33.0855085622317,9.19041904506437,528,0.3,97.370651698648,57.0549436384031,0,84.9715350893124,-Inf,0,0,24.5479656481575
150.364494885806,34.9235923712446,9.70099788090128,528,0.3,102.780132348573,67.102170510255,0,89.6921759276075,-Inf,0,0,24.5479656481575
150.40646930483,29.409340944206,8.16926137339055,528,0.3,86.5516903987982,40.0715104840362,-4018.08345711534,75.5302534127221,-3815.93000281978,0,0,24.5479656481575
150.593955043136,34.9235923712446,9.70099788090128,528,0.3,102.780132348573,67.102170510255,-3698.92834075802,89.6921759276075,-3439.35386197159,0,0,24.5479656481575
150.973590344082,33.9432810064377,9.42868916845493,528,0.3,99.8950760019463,61.6085936803027,-1579.81362077588,87.1745008138501,-1331.13545027978,0,0,24.5479656481575
151.055673652395,37.2518318626609,10.3477310729614,528,0.3,109.632141171811,81.4371823437051,-2472.60657667963,95.6716543227814,-2185.86559884133,0,0,24.5479656481575
151.152681198583,33.0855085622317,9.19041904506437,528,0.3,97.370651698648,57.0549436384031,2280,84.9715350893124,4472.83603256208,5262.16003830833,2280,24.609403760743
151.25341980424,33.0855085622317,9.19041904506437,528,0.3,97.370651698648,57.0549436384031,0,84.9715350893124,-Inf,0,0,24.609403760743
151.303789107068,34.9235923712446,9.70099788090128,528,0.3,102.780132348573,67.102170510255,0,89.6921759276075,-Inf,0,0,24.609403760743
151.43251065874,33.0855085622317,9.19041904506437,528,0.3,97.370651698648,57.0549436384031,0,84.9715350893124,-Inf,0,0,24.609403760743
151.464224664225,37.5228540772532,10.4230150214592,528,0.3,110.429759549356,83.2276112749038,0,96.3677044854649,NaN,0,0,24.609403760743
151.464224664225,35.413748053648,9.83715223712445,528,0.3,104.222660521886,69.9673646732239,0,90.9510134844862,NaN,0,0,24.609403760743
151.614399807842,34.9235923712446,9.70099788090128,528,0.3,102.780132348573,67.102170510255,0,89.6921759276075,NaN,0,0,24.609403760743
151.809347665085,35.2912091330472,9.80311364806866,528,0.3,103.862028478558,69.2435701164146,0,90.6363040952665,NaN,0,0,24.609403760743
151.809347665085,37.5228540772532,10.4230150214592,528,0.3,110.429759549356,83.2276112749038,0,96.3677044854649,NaN,0,0,24.609403760743
151.897027562601,34.9235923712446,9.70099788090128,528,0.3,102.780132348573,67.102170510255,0,89.6921759276075,NaN,0,0,24.609403760743
151.897027562601,37.5228540772532,10.4230150214592,528,0.3,110.429759549356,83.2276112749038,0,96.3677044854649,NaN,0,0,24.609403760743
152.082647771173,34.1883588476394,9.49676634656651,528,0.3,100.616340088603,62.9527342937655,2280,87.8039195922895,Inf,Inf,2280,24.7269632261714
152.184319141696,33.0855085622317,9.19041904506437,528,0.3,97.370651698648,57.0549436384031,2280,84.9715350893124,Inf,Inf,2280,24.7913550941698
152.236553974259,33.698203165236,9.36061199034334,528,0.3,99.1738119152896,60.2837235675413,2280,86.5450820354108,Inf,Inf,2280,24.8244371547929
152.276662863548,33.0855085622317,9.19041904506437,528,0.3,97.370651698648,57.0549436384031,2280,84.9715350893124,Inf,Inf,2280,24.8498394513425
152.453888188314,33.698203165236,9.36061199034334,528,0.3,99.1738119152896,60.2837235675413,2280,86.5450820354108,Inf,Inf,2280,24.9620821570279
152.735583178206,34.8010534506437,9.66695929184548,528,0.3,102.419500305245,66.3983073557958,-45386.5637507828,89.3774665383878,-45128.3684765834,0,0,24.9620821570279
152.834456254128,34.9235923712446,9.70099788090128,528,0.3,102.780132348573,67.102170510255,-43065.8910705614,89.6921759276075,-42806.316591775,0,0,24.9620821570279
152.923068916512,37.5228540772532,10.4230150214592,528,0.3,110.429759549356,83.2276112749038,-49733.1791630779,96.3677044854649,-49443.1540877681,0,0,24.9620821570279
153.017278168098,35.1686702124463,9.76907505901286,528,0.3,103.50139643523,68.5247844984158,-47840.642857941,90.3215947060469,-47578.2950823014,0,0,24.9620821570279
153.018210932965,34.3108977682403,9.53080493562231,528,0.3,100.976972131931,63.6320745186316,-45787.7547915605,88.1186289815091,-45535.0271159284,0,0,24.9620821570279
153.110554654817,37.3743707832618,10.3817696620172,528,0.3,109.992773215139,82.2434852536986,-50055.4038795381,95.986363712001,-49767.1812573572,0,0,24.9620821570279
153.158125663044,33.698203165236,9.36061199034334,528,0.3,99.1738119152896,60.2837235675413,-44875.972312365,86.5450820354108,-44629.9696948468,0,0,24.9620821570279
153.203831141536,33.0855085622317,9.19041904506437,528,0.3,97.370651698648,57.0549436384031,2280,84.9715350893124,Inf,Inf,2280,24.991028960073
153.38851858524,33.698203165236,9.36061199034334,528,0.3,99.1738119152896,60.2837235675413,2280,86.5450820354108,Inf,Inf,2280,25.1079976744187
153.761624532116,33.698203165236,9.36061199034334,528,0.3,99.1738119152896,60.2837235675413,2280,86.5450820354108,Inf,Inf,2280,25.3442981074405
153.853035489101,34.555975609442,9.59888211373389,528,0.3,101.698236218588,65.0053817653765,2280,88.7480477599485,Inf,Inf,2280,25.4021917135308
153.853035489101,34.9235923712446,9.70099788090128,528,0.3,102.780132348573,67.102170510255,2280,89.6921759276075,Inf,Inf,2280,25.4021917135308
153.95284132989,35.0461312918455,9.73503646995707,528,0.3,103.140764391901,67.8109904270788,2280,90.0068853168272,Inf,Inf,2280,25.4654020793641
154.04611781661,37.5228540772532,10.4230150214592,528,0.3,110.429759549356,83.2276112749038,2280,96.3677044854649,Inf,Inf,2280,25.5244771876197
154.057310995016,34.3108977682403,9.53080493562231,528,0.3,100.976972131931,63.6320745186316,2280,88.1186289815091,Inf,Inf,2280,25.5315662006102
154.084361176164,33.698203165236,9.36061199034334,528,0.3,99.1738119152896,60.2837235675413,2280,86.5450820354108,Inf,Inf,2280,25.5486979820043
154.13566324386,36.1489815772532,10.0413837714592,528,0.3,106.386452781856,74.4162936894249,2280,92.8392698198043,Inf,Inf,2280,25.581189291545
154.41455993915,33.698203165236,9.36061199034334,528,0.3,99.1738119152896,60.2837235675413,-9897.01549630125,86.5450820354108,-9651.01287878301,0,0,25.581189291545
154.601112912588,33.698203165236,9.36061199034334,528,0.3,99.1738119152896,60.2837235675413,-11544.9956973169,86.5450820354108,-11298.9930797986,0,0,25.581189291545
154.606709501791,33.698203165236,9.36061199034334,528,0.3,99.1738119152896,60.2837235675413,-15198.9483878331,86.5450820354108,-14952.9457703148,0,0,25.581189291545
154.787665886026,34.3108977682403,9.53080493562231,528,0.3,100.976972131931,63.6320745186316,981.739511555621,88.1186289815091,1234.46718718769,1452.31433786787,1613.68259763097,25.6623021160367
154.902395964691,37.5228540772532,10.4230150214592,528,0.3,110.429759549356,83.2276112749038,2280,96.3677044854649,11102.1488390375,13061.3515753383,2280,25.7349644991909
154.978882683801,34.9235923712446,9.70099788090128,528,0.3,102.780132348573,67.102170510255,2280,89.6921759276075,6473.79437067445,7616.22867138171,2280,25.7834060879606
155.026453692028,32.4728139592274,9.0202260997854,528,0.3,95.5674914820063,53.9435607126362,2280,83.397988143214,6559.28866444188,7716.81019346103,2280,25.8135343931708
155.068428111051,34.9235923712446,9.70099788090128,528,0.3,102.780132348573,67.102170510255,2280,89.6921759276075,7063.41671603038,8309.90201885927,2280,25.8401181918858
155.07215917052,35.5362869742489,9.87119082618025,528,0.3,104.583292565214,70.6961855609925,2280,91.2657228737059,7376.79087102375,8678.57749532206,2280,25.842481196216
155.169166716708,32.4728139592274,9.0202260997854,528,0.3,95.5674914820063,53.9435607126362,2280,83.397988143214,6394.24815904778,7522.64489299739,2280,25.9039193088015
155.532945014912,33.698203165236,9.36061199034334,528,0.3,99.1738119152896,60.2837235675413,2280,86.5450820354108,66815.5403090714,78606.5180106723,2280,26.1343122309976
155.627154266499,33.698203165236,9.36061199034334,528,0.3,99.1738119152896,60.2837235675413,2280,86.5450820354108,67394.7743649223,79287.969841085,2280,26.1939780903357
155.724161812687,34.0658199270386,9.46272775751072,528,0.3,100.255708045275,62.2782464783721,2280,87.4892102030698,71640.5140498891,84282.9577057518,2280,26.2554162029215
155.814640004804,33.698203165236,9.36061199034334,528,0.3,99.1738119152896,60.2837235675413,2280,86.5450820354108,68434.7840562749,80511.510654441,2280,26.3127190579291
155.815572769671,34.9235923712446,9.70099788090128,528,0.3,102.780132348573,67.102170510255,2280,89.6921759276075,15171.3409429051,17848.6364034178,2280,26.3133098090118
155.957353029484,31.8601193562231,8.85003315450643,528,0.3,93.7643312653647,50.9474007716595,2280,81.8244411971156,15519.2947643528,18257.9938404151,2280,26.4031039735601
156.092603935227,34.9235923712446,9.70099788090128,528,0.3,102.780132348573,67.102170510255,2280,89.6921759276075,16726.6474758757,19678.4087951478,2280,26.4887628805305
156.18774595168,35.5362869742489,9.87119082618025,528,0.3,104.583292565214,70.6961855609925,2280,91.2657228737059,17147.2060685786,20173.1836100924,2280,26.5490194909509
156.191477011149,31.8601193562231,8.85003315450643,528,0.3,93.7643312653647,50.9474007716595,2280,81.8244411971156,15212.871992333,17897.4964615682,2280,26.5513824952811
156.470373706439,33.698203165236,9.36061199034334,528,0.3,99.1738119152896,60.2837235675413,2280,86.5450820354108,71624.4819707387,84264.0964361632,2280,26.7280170689648
156.55991913369,33.4531253240343,9.29253481223175,528,0.3,98.452547828633,58.9779848182923,2280,85.9156632569714,10063.8974459364,11839.8793481604,2280,26.7847291728901
156.656926679878,33.698203165236,9.36061199034334,528,0.3,99.1738119152896,60.2837235675413,2280,86.5450820354108,9531.72973198568,11213.799684689,2280,26.8461672854759
156.933025080566,33.8207420858369,9.39465057939913,528,0.3,99.534443958618,60.9437585074087,2280,86.8597914246304,8249.96525260701,9705.8414736553,2280,27.0210296059118
156.933957845434,34.9235923712446,9.70099788090128,528,0.3,102.780132348573,67.102170510255,2280,89.6921759276075,8334.52675163383,9805.32559015745,2280,27.0216203569945
157.027234332153,34.9235923712446,9.70099788090128,528,0.3,102.780132348573,67.102170510255,2280,89.6921759276075,56354.6492577744,66299.5873620875,2280,27.0806954652499
157.098124462059,32.4728139592274,9.0202260997854,528,0.3,95.5674914820063,53.9435607126362,2280,83.397988143214,52328.8998702561,61563.411612066,2280,27.125592547524
157.211921775856,31.8601193562231,8.85003315450643,528,0.3,93.7643312653647,50.9474007716595,2280,81.8244411971156,51460.6925337193,60541.9912161403,2280,27.1976641795956
157.404071338498,32.3502750386266,8.98618751072961,528,0.3,95.206859438678,53.3351804542523,2280,83.0832787539943,52140.4868858757,61341.7492775009,2280,27.3193589026019
157.5859604876,33.2080474828326,9.22445763412016,528,0.3,97.7312837419763,57.6912382953665,2280,85.2862444785321,54099.507211392,63646.4790722259,2280,27.4345553636998
157.680169739186,33.698203165236,9.36061199034334,528,0.3,99.1738119152896,60.2837235675413,-911.732029430078,86.5450820354108,-665.729411911836,0,0,27.4345553636998
157.773446225905,33.698203165236,9.36061199034334,528,0.3,99.1738119152896,60.2837235675413,2280,86.5450820354108,Inf,Inf,2280,27.4936304719552
157.869521007226,33.698203165236,9.36061199034334,528,0.3,99.1738119152896,60.2837235675413,2280,86.5450820354108,Inf,Inf,2280,27.5544778334583
157.964663023679,34.9235923712446,9.70099788090128,528,0.3,102.780132348573,67.102170510255,2280,89.6921759276075,Inf,Inf,2280,27.6147344438788
158.517792589924,32.2277361180257,8.95214892167381,528,0.3,94.8462273953497,52.7313917231112,2280,82.7685693647746,Inf,Inf,2280,27.9650498358337
158.517792589924,32.9629696416309,9.15638045600858,528,0.3,97.0100196553197,56.4233448615747,2280,84.6568257000927,Inf,Inf,2280,27.9650498358337
158.518725354791,33.698203165236,9.36061199034334,528,0.3,99.1738119152896,60.2837235675413,2280,86.5450820354108,Inf,Inf,2280,27.9656405869161
158.891831301667,33.698203165236,9.36061199034334,528,0.3,99.1738119152896,60.2837235675413,2280,86.5450820354108,Inf,Inf,2280,28.2019410199379
158.954326547769,31.4925025944206,8.74791738733905,528,0.3,92.6824351353797,49.2041074480431,2280,80.8803130294566,Inf,Inf,2280,28.2415213424691
158.985107788386,33.698203165236,9.36061199034334,528,0.3,99.1738119152896,60.2837235675413,2280,86.5450820354108,Inf,Inf,2280,28.2610161281933
159.264004483677,31.2474247532189,8.67984020922746,528,0.3,91.9611710487231,48.0642897968921,2280,80.2508942510172,Inf,Inf,2280,28.437650701877
159.45895234092,32.1051971974249,8.91811033261802,528,0.3,94.4855953520214,52.1321771270645,2280,82.453859975555,40999.32220705,48234.4967141764,2280,28.5611176781311
159.640841490022,32.7178918004292,9.08830327789699,528,0.3,96.288755568663,55.1741653797276,2280,84.0274069216534,6207.84496081249,7303.34701272058,2280,28.676314139229
159.651101903561,33.698203165236,9.36061199034334,528,0.3,99.1738119152896,60.2837235675413,2280,86.5450820354108,6629.32678192399,7799.20797873411,2280,28.6828124011373
159.731319682139,33.698203165236,9.36061199034334,528,0.3,99.1738119152896,60.2837235675413,2280,86.5450820354108,8598.12705837975,10115.4435980938,2280,28.7336169942369
160.293776897056,31.0023469120171,8.61176303111587,528,0.3,91.2399069620664,46.9422121373616,2280,79.6214754725779,4591.88124697336,5402.21323173337,2280,29.0898398970172
160.477531575892,31.982658276824,8.88407174356222,528,0.3,94.124963308693,51.5375192739635,2280,82.1391505863353,5391.82432467082,6343.32273490685,2280,29.2062178602805
160.576404651815,32.4728139592274,9.0202260997854,528,0.3,95.5674914820063,53.9435607126362,2280,83.397988143214,5428.00947217905,6385.89349668124,2280,29.2688374750311
160.75736103605,33.698203165236,9.36061199034334,528,0.3,99.1738119152896,60.2837235675413,2280,86.5450820354108,5348.29478956222,6292.11151713202,2280,29.3834431850466
161.3216837807,30.7572690708154,8.54368585300428,528,0.3,90.5186428754098,45.8377353322625,1104.98485831763,78.9920566941385,1320.33329321944,1553.33328614051,1725.92587348946,29.6539929700442
161.509169519006,31.8601193562231,8.85003315450643,528,0.3,93.7643312653647,50.9474007716595,1091.12634284635,81.8244411971156,1317.66251608049,1550.19119538881,1722.43466154312,29.7436962851003
161.692924197842,32.4728139592274,9.0202260997854,528,0.3,95.5674914820063,53.9435607126362,1287.08874720094,83.397988143214,1519.9977875388,1788.23269122212,1986.92521246902,29.8451148418475
162.348657899478,30.6347301502146,8.50964726394849,528,0.3,90.1580108320815,45.2920537697531,987.244421911214,78.6773473049189,1201.37183381797,1413.37862802114,1570.42069780127,30.1311642244292
162.4475309754,31.8601193562231,8.85003315450643,528,0.3,93.7643312653647,50.9474007716595,845.86554639519,81.8244411971156,1072.40171962933,1261.64908191686,1401.83231324095,30.1696651890784
163.461446386036,30.6347301502146,8.50964726394849,528,0.3,90.1580108320815,45.2920537697531,525.206751534826,78.6773473049189,739.334163441579,869.804898166564,966.449886851738,30.4418591984914
175.537020356693,19.6062272961373,5.44617424892703,528,0.5,57.7011269325321,11.8730401434181,430.218618965887,83.9218220788203,583.714608120658,686.723068377245,763.025631530272,33.001295991561
175.772077103225,19.6062272961373,5.44617424892703,528,0.5,57.7011269325321,11.8730401434181,397.801120826359,83.9218220788203,551.29710998113,648.584835271917,720.649816968797,33.0483497697182
176.476314577954,20.2189218991416,5.616367194206,528,0.5,59.5042871491738,13.0212842905889,-913.120724022859,86.5443790187835,-754.050773564313,0,0,33.0483497697182
176.70670750015,20.2189218991416,5.616367194206,528,0.5,59.5042871491738,13.0212842905889,-789.414928793871,86.5443790187835,-630.344978335325,0,0,33.0483497697182
177.404415620809,18.993532693133,5.27598130364806,528,0.5,55.8979667158905,10.7943645908377,-1078.49974627609,81.2992651388572,-930.508149830503,0,0,33.0483497697182
177.535002702216,19.6062272961373,5.44617424892703,528,0.5,57.7011269325321,11.8730401434181,-957.867064117799,83.9218220788203,-804.371074963029,0,0,33.0483497697182
177.548994175224,18.993532693133,5.27598130364806,528,0.5,55.8979667158905,10.7943645908377,-1067.31166077535,81.2992651388572,-919.320064329766,0,0,33.0483497697182
178.007914489882,19.7287662167382,5.48021283798283,528,0.5,58.0617589758605,12.0970539166905,-2493.13649105039,84.446333466813,-2338.53134469103,0,0,33.0483497697182
178.331583898797,19.6062272961373,5.44617424892703,528,0.5,57.7011269325321,11.8730401434181,-2437.29741819955,83.9218220788203,-2283.80142904478,0,0,33.0483497697182
178.467767569407,20.2189218991416,5.616367194206,528,0.5,59.5042871491738,13.0212842905889,-2636.77746818121,86.5443790187835,-2477.70751772266,0,0,33.0483497697182
178.566640645329,19.6062272961373,5.44617424892703,528,0.5,57.7011269325321,11.8730401434181,-2154.0435558642,83.9218220788203,-2000.54756670942,0,0,33.0483497697182
178.578766588603,18.993532693133,5.27598130364806,528,0.5,55.8979667158905,10.7943645908377,-2429.20142404568,81.2992651388572,-2281.2098276001,0,0,33.0483497697182
178.943477651675,19.851305137339,5.51425142703862,528,0.5,58.4223910191888,12.3238678258951,-1141.81800512047,84.9708448548056,-986.10090142058,0,0,33.0483497697182
179.278340238996,18.3808380901287,5.10578835836909,528,0.5,54.0948064992489,9.78308361426667,-1063.02053605054,78.6767081988941,-920.465937738128,0,0,33.0483497697182
179.400532436598,19.9738440579399,5.54829001609441,528,0.5,58.7830230625171,12.5534992631806,-1610.7958112935,85.4953562427982,-1453.963932725,0,0,33.0483497697182
179.59268199924,18.3808380901287,5.10578835836909,528,0.5,54.0948064992489,9.78308361426667,-819.105780378241,78.6767081988941,-676.551182065832,0,0,33.0483497697182
179.78856262135,19.7287662167382,5.48021283798283,528,0.5,58.0617589758605,12.0970539166905,-889.361437995037,84.446333466813,-734.756291635673,0,0,33.0483497697182
179.966720710983,19.9738440579399,5.54829001609441,528,0.5,58.7830230625171,12.5534992631806,-1286.54040390392,85.4953562427982,-1129.70852533542,0,0,33.0483497697182
180.207374046718,15.9300596781116,4.42501657725321,528,0.5,46.8821656326824,6.36842509645744,-819.10680698847,68.1864804390415,-697.669735820289,0,0,33.0483497697182
180.323969655117,19.4836883755365,5.41213565987124,528,0.5,57.3404948892038,11.6518091139294,-1202.9509866944,83.3973106908277,-1050.56137200044,0,0,33.0483497697182
180.379935547149,19.1160716137339,5.31001989270386,528,0.5,56.2585987592188,11.0046385666785,2280,81.8237765268498,Inf,Inf,2280,33.0837948346717
180.42937208511,15.9300596781116,4.42501657725321,528,0.5,46.8821656326824,6.36842509645744,2280,68.1864804390415,Inf,Inf,2280,33.115104642047
180.711999839869,19.2386105343347,5.34405848175965,528,0.5,56.6192308025472,11.2176257177082,2280,82.3482879148424,Inf,Inf,2280,33.2941022200609
180.805276326588,18.135760248927,5.03771118025751,528,0.5,53.3735424125922,9.39695472475874,2280,77.6276854229088,Inf,Inf,2280,33.3531773283163
180.805276326588,19.2386105343347,5.34405848175965,528,0.5,56.6192308025472,11.2176257177082,2280,82.3482879148424,Inf,Inf,2280,33.3531773283163
180.90414940251,19.4836883755365,5.41213565987124,528,0.5,57.3404948892038,11.6518091139294,2280,83.3973106908277,Inf,Inf,2280,33.4157969430671
180.997425889229,20.0963829785408,5.58232860515021,528,0.5,59.1436551058455,12.7859656206957,2280,86.0198676307909,Inf,Inf,2280,33.4748720513225
181.128945735503,8.57772444206008,2.38270123390558,528,0.5,25.2442430329828,0.994251164353619,2280,36.7157971594839,Inf,Inf,2280,33.5581679539628
181.457278968754,8.57772444206008,2.38270123390558,528,0.5,25.2442430329828,0.994251164353619,2280,36.7157971594839,Inf,Inf,2280,33.7661123350218
181.462875557957,15.1948261545064,4.22078504291845,528,0.5,44.7183733727124,5.5267146705089,2280,65.0394121110857,Inf,Inf,2280,33.769656841517
181.738041193779,19.3611494549356,5.37809707081545,528,0.5,56.9798628458755,11.4333434360757,2280,82.8727993028351,19089.8994068153,22458.7051844885,2280,33.9439284108706
181.828519385897,18.993532693133,5.27598130364806,528,0.5,55.8979667158905,10.7943645908377,2280,81.2992651388572,27173.5579747994,31968.8917350582,2280,34.0012312658785
181.926459696952,19.2386105343347,5.34405848175965,528,0.5,56.6192308025472,11.2176257177082,2280,82.3482879148424,26619.5429322206,31317.1093320243,2280,34.0632601295467
182.022534478272,20.2189218991416,5.616367194206,528,0.5,59.5042871491738,13.0212842905889,2280,86.5443790187835,28308.9231481542,33304.6154684167,2280,34.1241074910499
182.064508897296,2.45077841201716,0.680771781115879,528,0.5,7.21264086656652,0.0231895315301136,2280,10.4902277598525,3527.51241412966,4150.01460485842,2280,34.1506912897649
182.117676494726,19.6062272961373,5.44617424892703,528,0.5,57.7011269325321,11.8730401434181,-1201.67434611639,83.9218220788203,-1048.17835696162,0,0,34.1506912897649
182.189499389499,17.6456045665236,4.90155682403433,528,0.5,51.9310142392789,8.65544626455183,-46527.3978141112,75.5296398709383,-46391.2817137365,0,0,34.1506912897649
182.390043835946,2.45077841201716,0.680771781115879,528,0.5,7.21264086656652,0.0231895315301136,2280,10.4902277598525,11903.4196104154,14004.0230710769,2280,34.2777027725141
182.582193398587,7.96502983905579,2.21250828862661,528,0.5,23.4410828163412,0.79605313705718,2280,34.0932402195208,38746.3507228634,45583.9420268982,2280,34.3993974955204
182.668007766369,17.1554488841202,4.76540246781115,528,0.5,50.4884860659656,7.95400931482896,2280,73.4315943189678,83155.1172054346,97829.5496534524,2280,34.4537465951155
182.669873296103,13.7243591072961,3.81232197424892,528,0.5,40.3907888527725,4.07245276919242,2280,58.7452754551742,69415.4948331153,81665.2880389591,2280,34.4549280972806
182.67080606097,18.7484548519313,5.20790412553647,528,0.5,55.1767026292338,10.3818865961287,2280,80.2502423628719,91018.1929839338,107080.227039922,2280,34.455518848363
182.764082547689,19.4836883755365,5.41213565987124,528,0.5,57.3404948892038,11.6518091139294,2280,83.3973106908277,89152.6124758103,104885.42644213,2280,34.5145939566186
182.953433815729,18.993532693133,5.27598130364806,528,0.5,55.8979667158905,10.7943645908377,2280,81.2992651388572,89079.9533105802,104799.945071271,2280,34.6345164263772
183.023391180768,0,0,0,0.5,0,0,0,0,0,0,0,34.6345164263772
183.138121259433,20.2189218991416,5.616367194206,528,0.5,59.5042871491738,13.0212842905889,2280,86.5443790187835,163069.11275828,191846.015009741,2280,34.7071788095314
183.226733921816,0,0,0,0.5,0,0,0,0,0,0,0,34.7071788095314
183.602638163294,2.45077841201716,0.680771781115879,528,0.5,7.21264086656652,0.0231895315301136,2280,10.4902277598525,17819.2050036936,20963.7705925807,2280,34.9452514958009
183.606369222763,12.2538920600858,3.4038589055794,528,0.5,36.0632043328326,2.8986914412642,2280,52.4511387992627,88727.9190538654,104385.787122195,2280,34.9476145001311
183.695914650013,6.7396406330472,1.87212239806867,528,0.5,19.8347623830579,0.482269788540331,2280,28.8481263395945,48865.5160958209,57488.8424656717,2280,35.0043266040563
183.699645709482,16.6652932017167,4.62924811158798,528,0.5,49.0459578926523,7.29153077807667,2280,71.3335487669973,121081.56504159,142448.90004893,2280,35.0066896083864
183.708973358154,19.6062272961373,5.44617424892703,528,0.5,57.7011269325321,11.8730401434181,2280,83.9218220788203,137653.288851936,161945.04570816,2280,35.0125971192121
183.788258371865,18.5033770107296,5.13982694742489,528,0.5,54.4554385425772,9.98005259639201,2280,79.2012195868867,135823.912087518,159792.837750022,2280,35.0628109612293
183.897391861326,18.993532693133,5.27598130364806,528,0.5,55.8979667158905,10.7943645908377,2280,81.2992651388572,139750.465817607,164412.312726596,2280,35.131928837888
183.965483696631,1.22538920600858,0.34038589055794,0,0.5,3.60632043328326,0.0028986914412642,2280,5.24511387992627,14157.9295818802,16656.3877433885,2280,35.1750536669144
184.16509537821,1.22538920600858,0.34038589055794,0,0.5,3.60632043328326,0.0028986914412642,2280,5.24511387992627,17541.9876438985,20637.6325222335,2280,35.3014743985812
184.535403030485,1.96062272961373,0.544617424892703,422,0.5,5.77011269325321,0.0118730401434181,2280,8.39218220788203,21742.9149603976,25579.899953409,2280,35.5360025783553
184.722888768791,5.51425142703862,1.53173650751073,528,0.5,16.2284419497747,0.2641432575852,2280,23.6030124596682,58840.1236088821,69223.6748339789,2280,35.6547435459487
184.723821533658,10.7834250128755,2.99539583690987,528,0.5,31.7356198128927,1.97537705386119,2280,46.1570021433512,111874.212216987,131616.720255279,2280,35.6553342970311
184.726619828259,16.1751375193133,4.4930937553648,528,0.5,47.603429719339,6.66689755678153,2280,69.2355032150268,166916.466091718,196372.31304908,2280,35.6571065502789
184.73314918233,18.3808380901287,5.10578835836909,528,0.5,54.0948064992489,9.78308361426667,2280,78.6767081988941,196628.276922219,231327.384614375,2280,35.6612418078568
184.824560139314,19.6062272961373,5.44617424892703,528,0.5,57.7011269325321,11.8730401434181,2280,83.9218220788203,209581.973767077,246567.027961268,2280,35.7191354139471
184.900114093557,2.45077841201716,0.680771781115879,0,0.5,7.21264086656652,0.0231895315301136,2280,10.4902277598525,26194.3358197772,30816.8656703262,2280,35.7669862516341
184.969138693729,0,0,0,0.5,0,0,0,0,0,0,0,35.7669862516341
185.187405672652,2.45077841201716,0.680771781115879,0,0.5,7.21264086656652,0.0231895315301136,2280,10.4902277598525,7001.87352656991,8237.49826655284,2280,35.905222004952
185.379555235293,1.34792812660944,0.374424479613734,0,0.5,3.96695247661158,0.00385815830832265,334.9404685432,5.7696252679189,344.680904446039,405.506946407105,450.563273785672,35.929270764952
185.466302367942,1.4704670472103,0.408463068669527,316,0.5,4.32758451993991,0.00500893881050453,-443.203281123823,6.29413665591152,-432.576551009161,0,0,35.929270764952
185.560511619528,0.245077841201716,0.0680771781115879,0,0.5,0.721264086656652,2.31895315301136e-05,-22.5338328005826,1.04902277598525,-20.7635227484092,0,0,35.929270764952
185.655653635982,4.28886222103004,1.19135061695279,528,0.5,12.6221215164914,0.124281395544202,0,18.3578985797419,-Inf,0,0,35.929270764952
185.748930122701,9.31295796566523,2.58693276824034,528,0.5,27.4080352929528,1.27245597412039,0,39.8628654874397,-Inf,0,0,35.929270764952
185.845937668888,3.67616761802575,1.02115767167382,0,0.5,10.8189612998498,0.0782646689141333,0,15.7353416397788,-Inf,0,0,35.929270764952
185.935483096139,18.3808380901287,5.10578835836909,528,0.5,54.0948064992489,9.78308361426667,0,78.6767081988941,-Inf,0,0,35.929270764952
185.935483096139,15.9300596781116,4.42501657725321,528,0.5,46.8821656326824,6.36842509645744,0,68.1864804390415,-Inf,0,0,35.929270764952
186.026894053123,3.67616761802575,1.02115767167382,0,0.5,10.8189612998498,0.0782646689141333,0,15.7353416397788,-Inf,0,0,35.929270764952
186.4,1.59300596781116,0.442501657725321,0,0.5,4.68821656326824,0.00636842509645744,0,6.81864804390415,-Inf,0,0,35.929270764952
186.4,0,0,0,0.5,0,0,0,0,NaN,0,0,35.929270764952
186.608333333333,0,0,0,0.5,0,0,0,0,NaN,0,0,35.929270764952
186.816666666667,0,0,0,0.5,0,0,0,0,NaN,0,0,35.929270764952
187.025,0,0,0,0.5,0,0,0,0,NaN,0,0,35.929270764952
187.233333333333,0,0,0,0.5,0,0,0,0,NaN,0,0,35.929270764952
187.441666666667,0,0,0,0.5,0,0,0,0,NaN,0,0,35.929270764952
187.65,0,0,0,0.5,0,0,0,0,0,0,0,35.929270764952
187.858333333333,0,0,0,0.5,0,0,0,0,0,0,0,35.929270764952
188.066666666667,0,0,0,0.5,0,0,0,0,0,0,0,35.929270764952
188.275,0,0,0,0.5,0,0,0,0,0,0,0,35.929270764952
188.483333333333,0,0,0,0.5,0,0,0,0,0,0,0,35.929270764952
188.691666666667,0,0,0,0.5,0,0,0,0,0,0,0,35.929270764952
188.9,0,0,0,0.5,0,0,0,0,0,0,0,35.929270764952
189.108333333333,0,0,0,0.5,0,0,0,0,0,0,0,35.929270764952
189.316666666667,0,0,0,0.5,0,0,0,0,0,0,0,35.929270764952
189.525,0,0,0,0.5,0,0,0,0,0,0,0,35.929270764952
189.733333333333,0,0,0,0.5,0,0,0,0,0,0,0,35.929270764952
189.941666666667,0,0,0,0.5,0,0,0,0,0,0,0,35.929270764952
190.15,0,0,0,0.5,0,0,0,0,0,0,0,35.929270764952
190.358333333333,0,0,0,0.5,0,0,0,0,0,0,0,35.929270764952
190.566666666667,0,0,0,0.5,0,0,0,0,0,0,0,35.929270764952
190.775,0,0,0,0.5,0,0,0,0,0,0,0,35.929270764952
