elapsed_sec,MotorRPM,Speed,Speed_kmh,Distance_km
0.0,0,0,0.0,0.0
1.003,0,0,0.0,0.0
1.204,0,0,0.0,0.0
2.003,0,0,0.0,0.0
2.099,0,0,0.0,0.0
2.203,0,0,0.0,0.0
3.003,0,0,0.0,0.0
3.105,0,0,0.0,0.0
3.298,0,0,0.0,0.0
3.301,0,0,0.0,0.0
3.905,0,0,0.0,0.0
4.104,0,0,0.0,0.0
4.3,0,0,0.0,0.0
4.4,0,0,0.0,0.0
4.905,0,0,0.0,0.0
5.1,0,0,0.0,0.0
5.202,0,0,0.0,0.0
5.226,0,0,0.0,0.0
5.306,0,0,0.0,0.0
5.5,0,0,0.0,0.0
5.808,0,0,0.0,0.0
5.999,0,0,0.0,0.0
6.11,0,0,0.0,0.0
6.221,0,0,0.0,0.0
6.303,0,0,0.0,0.0
6.603,0,0,0.0,0.0
6.91,0,0,0.0,0.0
6.998,0,0,0.0,0.0
7.101,0,0,0.0,0.0
7.206,0,0,0.0,0.0
7.226,0,0,0.0,0.0
7.324,0,0,0.0,0.0
7.603,0,0,0.0,0.0
7.8,0,0,0.0,0.0
7.805,0,0,0.0,0.0
7.904,0,0,0.0,0.0
7.998,0,0,0.0,0.0
8.008,0,0,0.0,0.0
8.097,0,0,0.0,0.0
8.1,0,0,0.0,0.0
8.226,0,0,0.0,0.0
8.503,0,0,0.0,0.0
8.9,0,0,0.0,0.0
8.998,0,0,0.0,0.0
9.0,0,0,0.0,0.0
9.097,0,0,0.0,0.0
9.1,0,0,0.0,0.0
9.106,0,0,0.0,0.0
9.225,0,0,0.0,0.0
9.294,0,0,0.0,0.0
9.499,0,0,0.0,0.0
9.803,0,0,0.0,0.0
9.806,0,0,0.0,0.0
10.099,0,0,0.0,0.0
10.197,0,0,0.0,0.0
10.213,0,0,0.0,0.0
10.218,0,0,0.0,0.0
10.294,0,0,0.0,0.0
10.296,0,0,0.0,0.0
10.412,0,0,0.0,0.0
10.602,0,0,0.0,0.0
10.804,0,0,0.0,0.0
11.296,0,0,0.0,0.0
11.296,0,0,0.0,0.0
11.344,0,0,0.0,0.0
11.505,0,0,0.0,0.0
11.596,0,0,0.0,0.0
11.899,0,0,0.0,0.0
12.218,0,0,0.0,0.0
12.284,0,0,0.0,0.0
12.398,0,0,0.0,0.0
12.499,0,0,0.0,0.0
12.502,0,0,0.0,0.0
12.519,0,0,0.0,0.0
12.805,0,0,0.0,0.0
13.22,0,0,0.0,0.0
13.596,0,0,0.0,0.0
13.603,0,0,0.0,0.0
14.219,0,0,0.0,0.0
14.254,0,0,0.0,0.0
14.424,0,0,0.0,0.0
14.598,0,0,0.0,0.0
14.621,0,0,0.0,0.0
14.796,0,0,0.0,0.0
15.314,0,0,0.0,0.0
15.896,0,0,0.0,0.0
15.898,0,0,0.0,0.0
16.244,0,0,0.0,0.0
16.996,0,0,0.0,0.0
17.304,0,0,0.0,0.0
1173.427,0,0,0.0,0.0
1174.522,0,0,0.0,0.0
1175.446,0,0,0.0,0.0
1176.447,0,0,0.0,0.0
1176.524,0,0,0.0,0.0
1176.822,0,0,0.0,0.0
1176.93,0,0,0.0,0.0
1178.022,0,0,0.0,0.0
1178.028,0,0,0.0,0.0
1179.123,0,0,0.0,0.0
1179.125,0,0,0.0,0.0
1180.222,0,0,0.0,0.0
1180.225,0,0,0.0,0.0
1181.323,0,0,0.0,0.0
1181.323,0,0,0.0,0.0
1252.072,0,0,0.0,0.0
1253.062,0,0,0.0,0.0
1253.362,0,0,0.0,0.0
1254.362,0,0,0.0,0.0
1255.362,0,0,0.0,0.0
1255.459,0,0,0.0,0.0
1255.462,0,0,0.0,0.0
1256.364,0,0,0.0,0.0
1256.559,0,0,0.0,0.0
1257.376,0,0,0.0,0.0
1257.559,0,0,0.0,0.0
1257.759,0,0,0.0,0.0
1258.382,0,0,0.0,0.0
1258.759,0,0,0.0,0.0
1258.862,0,0,0.0,0.0
1258.959,0,0,0.0,0.0
1259.377,0,0,0.0,0.0
1259.865,0,0,0.0,0.0
1259.904,0,0,0.0,0.0
1259.962,0,0,0.0,0.0
1260.059,0,0,0.0,0.0
1260.959,0,0,0.0,0.0
1261.059,0,0,0.0,0.0
1261.062,0,0,0.0,0.0
1261.159,0,0,0.0,0.0
1262.061,0,0,0.0,0.0
1262.159,0,0,0.0,0.0
1262.159,0,0,0.0,0.0
1263.159,0,0,0.0,0.0
1263.263,0,0,0.0,0.0
1264.161,0,0,0.0,0.0
1268.465,0,0,0.0,0.0
1269.37,0,0,0.0,0.0
1269.388,0,0,0.0,0.0
1269.564,0,0,0.0,0.0
1270.467,0,0,0.0,0.0
1271.267,0,0,0.0,0.0
1271.388,0,0,0.0,0.0
1271.566,0,0,0.0,0.0
1272.372,0,0,0.0,0.0
1272.866,0,0,0.0,0.0
1273.169,0,0,0.0,0.0
1273.381,0,0,0.0,0.0
1273.47,0,0,0.0,0.0
1273.872,0,0,0.0,0.0
1274.064,0,0,0.0,0.0
1274.074,0,0,0.0,0.0
1274.27,0,0,0.0,0.0
1274.465,0,0,0.0,0.0
1274.872,0,0,0.0,0.0
1274.966,0,0,0.0,0.0
1275.065,0,0,0.0,0.0
1275.165,0,0,0.0,0.0
1275.267,0,0,0.0,0.0
1275.369,0,0,0.0,0.0
1275.387,0,0,0.0,0.0
1275.866,0,0,0.0,0.0
1275.972,0,0,0.0,0.0
1275.984,0,0,0.0,0.0
1276.276,0,0,0.0,0.0
1276.364,0,0,0.0,0.0
1276.365,0,0,0.0,0.0
1276.388,0,0,0.0,0.0
1276.97,0,0,0.0,0.0
1277.166,0,0,0.0,0.0
1277.365,0,0,0.0,0.0
1277.367,0,0,0.0,0.0
1277.384,0,0,0.0,0.0
1277.463,0,0,0.0,0.0
1277.571,0,0,0.0,0.0
1278.066,0,0,0.0,0.0
1278.364,0,0,0.0,0.0
1278.367,0,0,0.0,0.0
1278.379,0,0,0.0,0.0
1278.565,0,0,0.0,0.0
1278.765,0,0,0.0,0.0
1278.765,0,0,0.0,0.0
1278.866,0,0,0.0,0.0
1279.169,0,0,0.0,0.0
1279.265,0,0,0.0,0.0
1279.378,0,0,0.0,0.0
1279.462,0,0,0.0,0.0
1279.562,0,0,0.0,0.0
1279.762,0,0,0.0,0.0
1279.762,0,0,0.0,0.0
1279.771,0,0,0.0,0.0
1279.969,0,0,0.0,0.0
1280.071,0,0,0.0,0.0
1280.268,0,0,0.0,0.0
1280.38,0,0,0.0,0.0
1280.564,0,0,0.0,0.0
1280.762,0,0,0.0,0.0
1280.865,0,0,0.0,0.0
1280.963,0,0,0.0,0.0
1280.965,0,0,0.0,0.0
1281.065,0,0,0.0,0.0
1281.363,0,0,0.0,0.0
1281.381,0,0,0.0,0.0
1281.764,0,0,0.0,0.0
1281.868,0,0,0.0,0.0
1281.965,0,0,0.0,0.0
1282.062,0,0,0.0,0.0
1282.065,0,0,0.0,0.0
1282.38,0,0,0.0,0.0
1282.564,0,0,0.0,0.0
1282.862,0,0,0.0,0.0
1282.962,0,0,0.0,0.0
1282.962,0,0,0.0,0.0
1283.065,0,0,0.0,0.0
1283.162,0,0,0.0,0.0
1283.377,0,0,0.0,0.0
1283.961,0,0,0.0,0.0
1283.969,0,0,0.0,0.0
1284.064,0,0,0.0,0.0
1284.162,0,0,0.0,0.0
1284.162,0,0,0.0,0.0
1284.384,0,0,0.0,0.0
1284.764,0,0,0.0,0.0
1284.964,0,0,0.0,0.0
1285.162,0,0,0.0,0.0
1285.164,0,0,0.0,0.0
1285.863,0,0,0.0,0.0
1286.064,0,0,0.0,0.0
1286.164,0,0,0.0,0.0
1287.063,0,0,0.0,0.0
1287.163,0,0,0.0,0.0
1287.262,0,0,0.0,0.0
1288.264,0,0,0.0,0.0
1423.856,0,0,0.0,0.0
1423.866,0,0,0.0,0.0
1424.444,0,0,0.0,0.0
1425.041,0,0,0.0,0.0
1425.441,0,0,0.0,0.0
1425.866,0,0,0.0,0.0
1426.243,0,0,0.0,0.0
1426.243,0,0,0.0,0.0
1426.542,0,0,0.0,0.0
1426.872,0,0,0.0,0.0
1427.043,0,0,0.0,0.0
1427.353,0,0,0.0,0.0
1427.544,0,0,0.0,0.0
1427.87,0,0,0.0,0.0
1428.049,0,0,0.0,0.0
1428.334,0,0,0.0,0.0
1428.351,0,0,0.0,0.0
1428.453,0,0,0.0,0.0
1428.549,0,0,0.0,0.0
1428.742,0,0,0.0,0.0
1428.857,0,0,0.0,0.0
1428.869,0,0,0.0,0.0
1429.048,0,0,0.0,0.0
1429.243,0,0,0.0,0.0
1429.348,0,0,0.0,0.0
1429.764,0,0,0.0,0.0
1429.767,0,0,0.0,0.0
1430.04,0,0,0.0,0.0
1430.153,0,0,0.0,0.0
1430.348,0,0,0.0,0.0
1430.534,0,0,0.0,0.0
1430.534,0,0,0.0,0.0
1430.543,0,0,0.0,0.0
1430.774,0,0,0.0,0.0
1430.846,0,0,0.0,0.0
1430.847,0,0,0.0,0.0
1430.944,0,0,0.0,0.0
1431.042,0,0,0.0,0.0
1431.14,0,0,0.0,0.0
1431.342,0,0,0.0,0.0
1431.448,0,0,0.0,0.0
1431.552,0,0,0.0,0.0
1431.745,0,0,0.0,0.0
1431.847,0,0,0.0,0.0
1432.044,0,0,0.0,0.0
1432.164,0,0,0.0,0.0
1432.342,0,0,0.0,0.0
1432.547,0,0,0.0,0.0
1432.814,0,0,0.0,0.0
1432.851,0,0,0.0,0.0
1433.044,0,0,0.0,0.0
1433.348,0,0,0.0,0.0
1433.447,0,0,0.0,0.0
1433.774,0,0,0.0,0.0
1433.846,0,0,0.0,0.0
1433.861,0,0,0.0,0.0
1433.952,0,0,0.0,0.0
1434.137,0,0,0.0,0.0
1434.442,0,0,0.0,0.0
1434.554,0,0,0.0,0.0
1434.752,0,0,0.0,0.0
1434.852,0,0,0.0,0.0
1434.865,0,0,0.0,0.0
1435.239,0,0,0.0,0.0
1435.243,0,0,0.0,0.0
1435.758,0,0,0.0,0.0
1435.862,0,0,0.0,0.0
1435.874,0,0,0.0,0.0
1436.238,0,0,0.0,0.0
1436.434,0,0,0.0,0.0
1436.439,0,0,0.0,0.0
1436.539,0,0,0.0,0.0
1436.846,0,0,0.0,0.0
1436.866,0,0,0.0,0.0
1437.138,0,0,0.0,0.0
1437.434,0,0,0.0,0.0
1437.438,0,0,0.0,0.0
1437.438,0,0,0.0,0.0
1437.842,0,0,0.0,0.0
1437.863,0,0,0.0,0.0
1438.134,0,0,0.0,0.0
1438.144,0,0,0.0,0.0
1438.236,0,0,0.0,0.0
1438.338,0,0,0.0,0.0
1438.866,0,0,0.0,0.0
1439.134,0,0,0.0,0.0
1439.134,0,0,0.0,0.0
1439.143,0,0,0.0,0.0
1439.247,0,0,0.0,0.0
1439.443,0,0,0.0,0.0
1439.539,0,0,0.0,0.0
1439.842,0,0,0.0,0.0
1439.869,0,0,0.0,0.0
1440.034,0,0,0.0,0.0
1440.042,0,0,0.0,0.0
1440.242,0,0,0.0,0.0
1440.44,0,0,0.0,0.0
1440.538,0,0,0.0,0.0
1440.739,0,0,0.0,0.0
1440.74,0,0,0.0,0.0
1440.839,0,0,0.0,0.0
1440.84,0,0,0.0,0.0
1440.873,0,0,0.0,0.0
1440.963,0,0,0.0,0.0
1441.039,0,0,0.0,0.0
1441.235,0,0,0.0,0.0
1441.34,0,0,0.0,0.0
1441.54,0,0,0.0,0.0
1441.739,0,0,0.0,0.0
1441.84,0,0,0.0,0.0
1441.847,0,0,0.0,0.0
1442.037,0,0,0.0,0.0
1442.134,0,0,0.0,0.0
1442.337,0,0,0.0,0.0
1442.337,0,0,0.0,0.0
1442.35,0,0,0.0,0.0
1442.534,0,0,0.0,0.0
1442.538,0,0,0.0,0.0
1442.541,0,0,0.0,0.0
1442.845,0,0,0.0,0.0
1442.938,0,0,0.0,0.0
1443.134,0,0,0.0,0.0
1443.436,0,0,0.0,0.0
1443.437,0,0,0.0,0.0
1443.45,0,0,0.0,0.0
1443.537,0,0,0.0,0.0
1443.74,0,0,0.0,0.0
1443.844,0,0,0.0,0.0
1443.862,0,0,0.0,0.0
1443.938,0,0,0.0,0.0
1444.136,0,0,0.0,0.0
1444.142,0,0,0.0,0.0
1444.434,0,0,0.0,0.0
1444.437,0,0,0.0,0.0
1444.744,0,0,0.0,0.0
1444.753,0,0,0.0,0.0
1444.86,0,0,0.0,0.0
1444.934,0,0,0.0,0.0
1444.942,0,0,0.0,0.0
1445.136,0,0,0.0,0.0
1445.434,0,0,0.0,0.0
1445.436,0,0,0.0,0.0
1445.436,0,0,0.0,0.0
1445.537,0,0,0.0,0.0
1445.557,0,0,0.0,0.0
1445.794,0,0,0.0,0.0
1445.85,0,0,0.0,0.0
1445.863,0,0,0.0,0.0
1446.235,0,0,0.0,0.0
1446.436,0,0,0.0,0.0
1446.436,0,0,0.0,0.0
1446.537,0,0,0.0,0.0
1446.54,0,0,0.0,0.0
1446.834,0,0,0.0,0.0
1446.837,0,0,0.0,0.0
1446.847,0,0,0.0,0.0
1446.855,0,0,0.0,0.0
1447.235,0,0,0.0,0.0
1447.235,0,0,0.0,0.0
1447.436,0,0,0.0,0.0
1447.738,0,0,0.0,0.0
1447.743,0,0,0.0,0.0
1447.763,0,0,0.0,0.0
1447.834,0,0,0.0,0.0
1448.234,0,0,0.0,0.0
1448.335,0,0,0.0,0.0
1448.433,0,0,0.0,0.0
1448.533,0,0,0.0,0.0
1448.536,0,0,0.0,0.0
1448.84,0,0,0.0,0.0
1448.84,0,0,0.0,0.0
1448.846,0,0,0.0,0.0
1449.439,0,0,0.0,0.0
1449.535,0,0,0.0,0.0
1449.737,0,0,0.0,0.0
1449.837,0,0,0.0,0.0
1449.839,0,0,0.0,0.0
1450.037,0,0,0.0,0.0
1450.533,0,0,0.0,0.0
1450.736,0,0,0.0,0.0
1450.737,0,0,0.0,0.0
1450.837,0,0,0.0,0.0
1450.936,0,0,0.0,0.0
1451.533,0,0,0.0,0.0
1451.736,0,0,0.0,0.0
1451.936,0,0,0.0,0.0
1451.936,0,0,0.0,0.0
1452.835,0,0,0.0,0.0
1452.936,0,0,0.0,0.0
1454.033,0,0,0.0,0.0
1467.856,0,0,0.0,0.0
1468.033,0,0,0.0,0.0
1468.832,0,0,0.0,0.0
1468.851,0,0,0.0,0.0
1469.229,0,0,0.0,0.0
1469.329,0,0,0.0,0.0
1469.335,0,0,0.0,0.0
1470.229,0,0,0.0,0.0
1470.329,0,0,0.0,0.0
1470.53,0,0,0.0,0.0
1470.63,0,0,0.0,0.0
1470.863,0,0,0.0,0.0
1471.134,0,0,0.0,0.0
1471.336,0,0,0.0,0.0
1471.53,0,0,0.0,0.0
1471.53,0,0,0.0,0.0
1471.841,0,0,0.0,0.0
1471.851,0,0,0.0,0.0
1472.129,0,0,0.0,0.0
1472.33,0,0,0.0,0.0
1472.334,0,0,0.0,0.0
1472.53,0,0,0.0,0.0
1472.604,0,0,0.0,0.0
1472.63,0,0,0.0,0.0
1472.843,0,0,0.0,0.0
1473.034,0,0,0.0,0.0
1473.234,0,0,0.0,0.0
1473.43,0,0,0.0,0.0
1473.533,0,0,0.0,0.0
1473.535,0,0,0.0,0.0
1473.574,0,0,0.0,0.0
1473.629,0,0,0.0,0.0
1473.928,0,0,0.0,0.0
1474.128,0,0,0.0,0.0
1474.129,0,0,0.0,0.0
1474.334,0,0,0.0,0.0
1474.529,0,0,0.0,0.0
1474.634,0,0,0.0,0.0
1474.833,0,0,0.0,0.0
1474.833,0,0,0.0,0.0
1474.849,0,0,0.0,0.0
1474.928,0,0,0.0,0.0
1475.128,0,0,0.0,0.0
1475.228,0,0,0.0,0.0
1475.239,0,0,0.0,0.0
1475.341,0,0,0.0,0.0
1475.629,0,0,0.0,0.0
1475.832,0,0,0.0,0.0
1475.845,0,0,0.0,0.0
1476.03,0,0,0.0,0.0
1476.127,0,0,0.0,0.0
1476.226,0,0,0.0,0.0
1476.329,0,0,0.0,0.0
1476.428,0,0,0.0,0.0
1476.537,0,0,0.0,0.0
1476.624,0,0,0.0,0.0
1476.63,0,0,0.0,0.0
1476.832,0,0,0.0,0.0
1476.853,0,0,0.0,0.0
1477.03,0,0,0.0,0.0
1477.127,0,0,0.0,0.0
1477.225,0,0,0.0,0.0
1477.328,0,0,0.0,0.0
1477.426,0,0,0.0,0.0
1477.528,0,0,0.0,0.0
1477.634,0,0,0.0,0.0
1477.743,0,0,0.0,0.0
1477.829,0,0,0.0,0.0
1477.843,0,0,0.0,0.0
1477.853,0,0,0.0,0.0
1478.227,0,0,0.0,0.0
1478.333,0,0,0.0,0.0
1478.336,0,0,0.0,0.0
1478.349,0,0,0.0,0.0
1478.425,0,0,0.0,0.0
1478.628,0,0,0.0,0.0
1478.736,0,0,0.0,0.0
1478.844,0,0,0.0,0.0
1479.224,0,0,0.0,0.0
1479.327,0,0,0.0,0.0
1479.527,0,0,0.0,0.0
1479.528,0,0,0.0,0.0
1479.534,0,0,0.0,0.0
1479.627,0,0,0.0,0.0
1479.629,0,0,0.0,0.0
1479.838,0,0,0.0,0.0
1479.858,0,0,0.0,0.0
1480.126,0,0,0.0,0.0
1480.431,0,0,0.0,0.0
1480.524,0,0,0.0,0.0
1480.527,0,0,0.0,0.0
1480.628,0,0,0.0,0.0
1480.633,0,0,0.0,0.0
1480.747,0,0,0.0,0.0
1480.849,0,0,0.0,0.0
1481.03,0,0,0.0,0.0
1481.424,0,0,0.0,0.0
1481.427,0,0,0.0,0.0
1481.533,0,0,0.0,0.0
1481.574,0,0,0.0,0.0
1481.625,0,0,0.0,0.0
1481.847,0,0,0.0,0.0
1481.928,0,0,0.0,0.0
1481.928,0,0,0.0,0.0
1482.126,0,0,0.0,0.0
1482.326,0,0,0.0,0.0
1482.426,0,0,0.0,0.0
1482.533,0,0,0.0,0.0
1482.614,0,0,0.0,0.0
1482.83,0,0,0.0,0.0
1482.834,0,0,0.0,0.0
1482.851,0,0,0.0,0.0
1483.027,0,0,0.0,0.0
1483.126,0,0,0.0,0.0
1483.231,0,0,0.0,0.0
1483.429,0,0,0.0,0.0
1483.574,0,0,0.0,0.0
1483.627,0,0,0.0,0.0
1483.83,0,0,0.0,0.0
1483.83,0,0,0.0,0.0
1483.834,0,0,0.0,0.0
1483.851,0,0,0.0,0.0
1484.025,0,0,0.0,0.0
1484.231,0,0,0.0,0.0
1484.335,0,0,0.0,0.0
1484.426,0,0,0.0,0.0
1484.564,0,0,0.0,0.0
1484.614,0,0,0.0,0.0
1484.828,0,0,0.0,0.0
1484.83,0,0,0.0,0.0
1484.926,0,0,0.0,0.0
1484.94,0,0,0.0,0.0
1485.027,0,0,0.0,0.0
1485.225,0,0,0.0,0.0
1485.331,0,0,0.0,0.0
1485.432,0,0,0.0,0.0
1485.564,0,0,0.0,0.0
1485.626,0,0,0.0,0.0
1485.631,0,0,0.0,0.0
1485.926,0,0,0.0,0.0
1486.027,0,0,0.0,0.0
1486.028,0,0,0.0,0.0
1486.125,0,0,0.0,0.0
1486.225,0,0,0.0,0.0
1486.431,0,0,0.0,0.0
1486.529,0,0,0.0,0.0
1486.853,0,0,0.0,0.0
1486.924,0,0,0.0,0.0
1486.926,0,0,0.0,0.0
1487.225,0,0,0.0,0.0
1487.228,0,0,0.0,0.0
1487.325,0,0,0.0,0.0
1487.339,0,0,0.0,0.0
1487.526,0,0,0.0,0.0
1487.564,0,0,0.0,0.0
1487.834,0,0,0.0,0.0
1487.841,0,0,0.0,0.0
1487.926,0,0,0.0,0.0
1488.222,0,0,0.0,0.0
1488.324,0,0,0.0,0.0
1488.325,0,0,0.0,0.0
1488.437,0,0,0.0,0.0
1488.524,0,0,0.0,0.0
1488.564,0,0,0.0,0.0
1488.626,0,0,0.0,0.0
1488.93,0,0,0.0,0.0
1489.425,0,0,0.0,0.0
1489.525,0,0,0.0,0.0
1489.531,0,0,0.0,0.0
1489.624,0,0,0.0,0.0
1489.625,0,0,0.0,0.0
1489.734,0,0,0.0,0.0
1489.839,0,0,0.0,0.0
1490.525,0,0,0.0,0.0
1490.622,0,0,0.0,0.0
1490.624,0,0,0.0,0.0
1490.837,0,0,0.0,0.0
1491.531,0,0,0.0,0.0
1491.544,0,0,0.0,0.0
1491.564,0,0,0.0,0.0
1491.622,0,0,0.0,0.0
1492.554,0,0,0.0,0.0
1492.828,0,0,0.0,0.0
1493.554,0,0,0.0,0.0
1493.614,0,0,0.0,0.0
1493.831,0,0,0.0,0.0
1494.024,0,0,0.0,0.0
1495.024,0,0,0.0,0.0
1506.822,0,0,0.0,0.0
1507.822,0,0,0.0,0.0
1508.116,0,0,0.0,0.0
1509.116,0,0,0.0,0.0
1509.419,0,0,0.0,0.0
1509.854,0,0,0.0,0.0
1510.218,0,0,0.0,0.0
1510.218,0,0,0.0,0.0
1510.416,0,0,0.0,0.0
1510.847,0,0,0.0,0.0
1511.118,0,0,0.0,0.0
1511.418,0,0,0.0,0.0
1511.518,0,0,0.0,0.0
1511.518,0,0,0.0,0.0
1511.845,0,0,0.0,0.0
1512.118,0,0,0.0,0.0
1512.418,0,0,0.0,0.0
1512.421,0,0,0.0,0.0
1512.522,0,0,0.0,0.0
1512.618,0,0,0.0,0.0
1512.838,0,0,0.0,0.0
1513.217,0,0,0.0,0.0
1513.217,0,0,0.0,0.0
1513.315,0,0,0.0,0.0
1513.624,0,0,0.0,0.0
1513.835,0,0,0.0,0.0
1514.217,0,0,0.0,0.0
1514.317,0,0,0.0,0.0
1514.484,0,0,0.0,0.0
1514.484,0,0,0.0,0.0
1514.515,0,0,0.0,0.0
1514.615,0,0,0.0,0.0
1514.618,0,0,0.0,0.0
1514.822,0,0,0.0,0.0
1514.844,0,0,0.0,0.0
1515.122,0,0,0.0,0.0
1515.325,0,0,0.0,0.0
1515.421,0,0,0.0,0.0
1515.464,0,0,0.0,0.0
1515.52,0,0,0.0,0.0
1515.821,0,0,0.0,0.0
1515.843,0,0,0.0,0.0
1515.916,0,0,0.0,0.0
1516.019,0,0,0.0,0.0
1516.022,0,0,0.0,0.0
1516.316,0,0,0.0,0.0
1516.416,0,0,0.0,0.0
1516.484,0,0,0.0,0.0
1516.515,0,0,0.0,0.0
1516.741,0,0,0.0,0.0
1516.819,0,0,0.0,0.0
1516.84,0,0,0.0,0.0
1516.918,0,0,0.0,0.0
1517.116,0,0,0.0,0.0
1517.224,0,0,0.0,0.0
1517.322,0,0,0.0,0.0
1517.484,0,0,0.0,0.0
1517.484,0,0,0.0,0.0
1517.517,0,0,0.0,0.0
1517.52,0,0,0.0,0.0
1517.615,0,0,0.0,0.0
1517.918,0,0,0.0,0.0
1517.922,0,0,0.0,0.0
1517.944,0,0,0.0,0.0
1518.121,0,0,0.0,0.0
1518.322,0,0,0.0,0.0
1518.517,0,0,0.0,0.0
1518.522,0,0,0.0,0.0
1518.821,0,0,0.0,0.0
1518.836,0,0,0.0,0.0
1518.915,0,0,0.0,0.0
1518.918,0,0,0.0,0.0
1519.036,0,0,0.0,0.0
1519.116,0,0,0.0,0.0
1519.316,0,0,0.0,0.0
1519.424,0,0,0.0,0.0
1519.528,0,0,0.0,0.0
1519.839,0,0,0.0,0.0
1520.018,0,0,0.0,0.0
1520.215,0,0,0.0,0.0
1520.316,0,0,0.0,0.0
1520.322,0,0,0.0,0.0
1520.416,0,0,0.0,0.0
1520.522,0,0,0.0,0.0
1520.534,0,0,0.0,0.0
1520.554,0,0,0.0,0.0
1520.62,0,0,0.0,0.0
1520.82,0,0,0.0,0.0
1520.832,0,0,0.0,0.0
1521.012,0,0,0.0,0.0
1521.017,0,0,0.0,0.0
1521.415,0,0,0.0,0.0
1521.415,0,0,0.0,0.0
1521.427,0,0,0.0,0.0
1521.516,0,0,0.0,0.0
1521.527,0,0,0.0,0.0
1521.819,0,0,0.0,0.0
1521.84,0,0,0.0,0.0
1521.918,0,0,0.0,0.0
1522.215,0,0,0.0,0.0
1522.215,0,0,0.0,0.0
1522.315,0,0,0.0,0.0
1522.416,0,0,0.0,0.0
1522.616,0,0,0.0,0.0
1522.616,0,0,0.0,0.0
1522.82,0,0,0.0,0.0
1522.839,0,0,0.0,0.0
1523.214,0,0,0.0,0.0
1523.315,0,0,0.0,0.0
1523.413,0,0,0.0,0.0
1523.416,0,0,0.0,0.0
1523.515,0,0,0.0,0.0
1523.516,0,0,0.0,0.0
1523.534,0,0,0.0,0.0
1523.627,0,0,0.0,0.0
1523.828,0,0,0.0,0.0
1523.847,0,0,0.0,0.0
1524.114,0,0,0.0,0.0
1524.42,0,0,0.0,0.0
1524.515,0,0,0.0,0.0
1524.515,0,0,0.0,0.0
1524.537,0,0,0.0,0.0
1524.613,0,0,0.0,0.0
1524.819,0,0,0.0,0.0
1524.841,0,0,0.0,0.0
1525.02,0,0,0.0,0.0
1525.414,0,0,0.0,0.0
1525.418,0,0,0.0,0.0
1525.454,0,0,0.0,0.0
1525.518,0,0,0.0,0.0
1525.842,0,0,0.0,0.0
1526.117,0,0,0.0,0.0
1526.32,0,0,0.0,0.0
1526.322,0,0,0.0,0.0
1526.454,0,0,0.0,0.0
1526.464,0,0,0.0,0.0
1526.504,0,0,0.0,0.0
1526.514,0,0,0.0,0.0
1526.612,0,0,0.0,0.0
1526.618,0,0,0.0,0.0
1526.822,0,0,0.0,0.0
1526.831,0,0,0.0,0.0
1526.915,0,0,0.0,0.0
1527.113,0,0,0.0,0.0
1527.219,0,0,0.0,0.0
1527.42,0,0,0.0,0.0
1527.454,0,0,0.0,0.0
1527.614,0,0,0.0,0.0
1527.614,0,0,0.0,0.0
1527.815,0,0,0.0,0.0
1527.815,0,0,0.0,0.0
1527.844,0,0,0.0,0.0
1527.919,0,0,0.0,0.0
1528.019,0,0,0.0,0.0
1528.219,0,0,0.0,0.0
1528.413,0,0,0.0,0.0
1528.514,0,0,0.0,0.0
1528.915,0,0,0.0,0.0
1529.012,0,0,0.0,0.0
1529.213,0,0,0.0,0.0
1529.313,0,0,0.0,0.0
1529.415,0,0,0.0,0.0
1529.444,0,0,0.0,0.0
1529.514,0,0,0.0,0.0
1529.612,0,0,0.0,0.0
1529.617,0,0,0.0,0.0
1529.82,0,0,0.0,0.0
1530.015,0,0,0.0,0.0
1530.224,0,0,0.0,0.0
1530.421,0,0,0.0,0.0
1530.613,0,0,0.0,0.0
1530.614,0,0,0.0,0.0
1530.915,0,0,0.0,0.0
1531.015,0,0,0.0,0.0
1531.413,0,0,0.0,0.0
1531.521,0,0,0.0,0.0
1531.818,0,0,0.0,0.0
1531.822,0,0,0.0,0.0
1532.424,0,0,0.0,0.0
1532.434,0,0,0.0,0.0
1532.619,0,0,0.0,0.0
1532.919,0,0,0.0,0.0
1533.504,0,0,0.0,0.0
1533.519,0,0,0.0,0.0
1533.618,0,0,0.0,0.0
1533.914,0,0,0.0,0.0
1534.625,0,0,0.0,0.0
1534.816,0,0,0.0,0.0
1548.84,0,0,0.0,0.0
1549.107,0,0,0.0,0.0
1549.842,0,0,0.0,0.0
1550.013,0,0,0.0,0.0
1550.207,0,0,0.0,0.0
1550.836,0,0,0.0,0.0
1550.938,0,0,0.0,0.0
1551.313,0,0,0.0,0.0
1551.407,0,0,0.0,0.0
1551.826,0,0,0.0,0.0
1552.006,0,0,0.0,0.0
1552.107,0,0,0.0,0.0
1552.307,0,0,0.0,0.0
1552.413,0,0,0.0,0.0
1552.828,0,0,0.0,0.0
1553.206,0,0,0.0,0.0
1553.21,0,0,0.0,0.0
1553.307,0,0,0.0,0.0
1553.405,0,0,0.0,0.0
1553.508,0,0,0.0,0.0
1553.826,0,0,0.0,0.0
1554.203,0,0,0.0,0.0
1554.307,0,0,0.0,0.0
1554.309,0,0,0.0,0.0
1554.374,0,0,0.0,0.0
1554.428,0,0,0.0,0.0
1554.506,0,0,0.0,0.0
1554.613,0,0,0.0,0.0
1554.84,0,0,0.0,0.0
1555.105,0,0,0.0,0.0
1555.406,0,0,0.0,0.0
1555.444,0,0,0.0,0.0
1555.506,0,0,0.0,0.0
1555.606,0,0,0.0,0.0
1555.606,0,0,0.0,0.0
1555.62,0,0,0.0,0.0
1555.821,0,0,0.0,0.0
1555.833,0,0,0.0,0.0
1556.011,0,0,0.0,0.0
1556.374,0,0,0.0,0.0
1556.405,0,0,0.0,0.0
1556.406,0,0,0.0,0.0
1556.507,0,0,0.0,0.0
1556.512,0,0,0.0,0.0
1556.604,0,0,0.0,0.0
1556.817,0,0,0.0,0.0
1556.834,0,0,0.0,0.0
1556.907,0,0,0.0,0.0
1557.103,0,0,0.0,0.0
1557.103,0,0,0.0,0.0
1557.306,0,0,0.0,0.0
1557.512,0,0,0.0,0.0
1557.526,0,0,0.0,0.0
1557.606,0,0,0.0,0.0
1557.81,0,0,0.0,0.0
1557.839,0,0,0.0,0.0
1558.205,0,0,0.0,0.0
1558.205,0,0,0.0,0.0
1558.364,0,0,0.0,0.0
1558.503,0,0,0.0,0.0
1558.605,0,0,0.0,0.0
1558.609,0,0,0.0,0.0
1558.627,0,0,0.0,0.0
1558.81,0,0,0.0,0.0
1558.828,0,0,0.0,0.0
1559.104,0,0,0.0,0.0
1559.305,0,0,0.0,0.0
1559.405,0,0,0.0,0.0
1559.414,0,0,0.0,0.0
1559.505,0,0,0.0,0.0
1559.812,0,0,0.0,0.0
1559.832,0,0,0.0,0.0
1559.906,0,0,0.0,0.0
1560.006,0,0,0.0,0.0
1560.01,0,0,0.0,0.0
1560.305,0,0,0.0,0.0
1560.354,0,0,0.0,0.0
1560.405,0,0,0.0,0.0
1560.408,0,0,0.0,0.0
1560.605,0,0,0.0,0.0
1560.819,0,0,0.0,0.0
1560.833,0,0,0.0,0.0
1560.906,0,0,0.0,0.0
1561.006,0,0,0.0,0.0
1561.016,0,0,0.0,0.0
1561.21,0,0,0.0,0.0
1561.31,0,0,0.0,0.0
1561.334,0,0,0.0,0.0
1561.509,0,0,0.0,0.0
1561.605,0,0,0.0,0.0
1561.804,0,0,0.0,0.0
1561.903,0,0,0.0,0.0
1561.906,0,0,0.0,0.0
1562.101,0,0,0.0,0.0
1562.113,0,0,0.0,0.0
1562.309,0,0,0.0,0.0
1562.354,0,0,0.0,0.0
1562.504,0,0,0.0,0.0
1562.605,0,0,0.0,0.0
1562.809,0,0,0.0,0.0
1562.813,0,0,0.0,0.0
1562.906,0,0,0.0,0.0
1563.026,0,0,0.0,0.0
1563.101,0,0,0.0,0.0
1563.304,0,0,0.0,0.0
1563.41,0,0,0.0,0.0
1563.516,0,0,0.0,0.0
1563.83,0,0,0.0,0.0
1564.005,0,0,0.0,0.0
1564.103,0,0,0.0,0.0
1564.122,0,0,0.0,0.0
1564.201,0,0,0.0,0.0
1564.315,0,0,0.0,0.0
1564.354,0,0,0.0,0.0
1564.384,0,0,0.0,0.0
1564.51,0,0,0.0,0.0
1564.827,0,0,0.0,0.0
1565.005,0,0,0.0,0.0
1565.109,0,0,0.0,0.0
1565.303,0,0,0.0,0.0
1565.309,0,0,0.0,0.0
1565.354,0,0,0.0,0.0
1565.364,0,0,0.0,0.0
1565.403,0,0,0.0,0.0
1565.412,0,0,0.0,0.0
1565.604,0,0,0.0,0.0
1565.807,0,0,0.0,0.0
1565.821,0,0,0.0,0.0
1565.911,0,0,0.0,0.0
1566.1,0,0,0.0,0.0
1566.403,0,0,0.0,0.0
1566.403,0,0,0.0,0.0
1566.404,0,0,0.0,0.0
1566.518,0,0,0.0,0.0
1566.603,0,0,0.0,0.0
1566.814,0,0,0.0,0.0
1566.822,0,0,0.0,0.0
1567.102,0,0,0.0,0.0
1567.202,0,0,0.0,0.0
1567.414,0,0,0.0,0.0
1567.501,0,0,0.0,0.0
1567.603,0,0,0.0,0.0
1567.607,0,0,0.0,0.0
1567.609,0,0,0.0,0.0
1567.823,0,0,0.0,0.0
1568.102,0,0,0.0,0.0
1568.308,0,0,0.0,0.0
1568.334,0,0,0.0,0.0
1568.403,0,0,0.0,0.0
1568.503,0,0,0.0,0.0
1568.574,0,0,0.0,0.0
1568.603,0,0,0.0,0.0
1568.603,0,0,0.0,0.0
1568.807,0,0,0.0,0.0
1568.807,0,0,0.0,0.0
1568.828,0,0,0.0,0.0
1569.102,0,0,0.0,0.0
1569.401,0,0,0.0,0.0
1569.402,0,0,0.0,0.0
1569.502,0,0,0.0,0.0
1569.603,0,0,0.0,0.0
1569.803,0,0,0.0,0.0
1570.305,0,0,0.0,0.0
1570.334,0,0,0.0,0.0
1570.344,0,0,0.0,0.0
1570.402,0,0,0.0,0.0
1570.602,0,0,0.0,0.0
1570.602,0,0,0.0,0.0
1570.607,0,0,0.0,0.0
1570.807,0,0,0.0,0.0
1570.904,0,0,0.0,0.0
1571.407,0,0,0.0,0.0
1571.502,0,0,0.0,0.0
1571.602,0,0,0.0,0.0
1571.806,0,0,0.0,0.0
1571.903,0,0,0.0,0.0
1571.904,0,0,0.0,0.0
1572.502,0,0,0.0,0.0
1572.607,0,0,0.0,0.0
1572.803,0,0,0.0,0.0
1573.003,0,0,0.0,0.0
1573.334,0,0,0.0,0.0
1574.0,0,0,0.0,0.0
1574.324,0,0,0.0,0.0
1574.384,0,0,0.0,0.0
1574.902,0,0,0.0,0.0
1574.902,0,0,0.0,0.0
1575.902,0,0,0.0,0.0
1592.817,0,0,0.0,0.0
1593.095,0,0,0.0,0.0
1593.808,0,0,0.0,0.0
1593.818,0,0,0.0,0.0
1594.006,0,0,0.0,0.0
1594.195,0,0,0.0,0.0
1594.909,0,0,0.0,0.0
1595.194,0,0,0.0,0.0
1595.301,0,0,0.0,0.0
1595.81,0,0,0.0,0.0
1596.206,0,0,0.0,0.0
1596.292,0,0,0.0,0.0
1596.395,0,0,0.0,0.0
1596.401,0,0,0.0,0.0
1596.595,0,0,0.0,0.0
1596.811,0,0,0.0,0.0
1597.292,0,0,0.0,0.0
1597.292,0,0,0.0,0.0
1597.392,0,0,0.0,0.0
1597.395,0,0,0.0,0.0
1597.501,0,0,0.0,0.0
1597.811,0,0,0.0,0.0
1598.191,0,0,0.0,0.0
1598.213,0,0,0.0,0.0
1598.254,0,0,0.0,0.0
1598.392,0,0,0.0,0.0
1598.396,0,0,0.0,0.0
1598.492,0,0,0.0,0.0
1598.601,0,0,0.0,0.0
1598.811,0,0,0.0,0.0
1599.194,0,0,0.0,0.0
1599.364,0,0,0.0,0.0
1599.394,0,0,0.0,0.0
1599.492,0,0,0.0,0.0
1599.495,0,0,0.0,0.0
1599.592,0,0,0.0,0.0
1599.595,0,0,0.0,0.0
1599.811,0,0,0.0,0.0
1599.896,0,0,0.0,0.0
1600.314,0,0,0.0,0.0
1600.391,0,0,0.0,0.0
1600.393,0,0,0.0,0.0
1600.491,0,0,0.0,0.0
1600.492,0,0,0.0,0.0
1600.495,0,0,0.0,0.0
1600.804,0,0,0.0,0.0
1600.816,0,0,0.0,0.0
1601.224,0,0,0.0,0.0
1601.254,0,0,0.0,0.0
1601.391,0,0,0.0,0.0
1601.393,0,0,0.0,0.0
1601.494,0,0,0.0,0.0
1601.591,0,0,0.0,0.0
1601.795,0,0,0.0,0.0
1601.815,0,0,0.0,0.0
1602.193,0,0,0.0,0.0
1602.224,0,0,0.0,0.0
1602.244,0,0,0.0,0.0
1602.393,0,0,0.0,0.0
1602.394,0,0,0.0,0.0
1602.491,0,0,0.0,0.0
1602.591,0,0,0.0,0.0
1602.794,0,0,0.0,0.0
1602.795,0,0,0.0,0.0
1602.81,0,0,0.0,0.0
1603.098,0,0,0.0,0.0
1603.244,0,0,0.0,0.0
1603.254,0,0,0.0,0.0
1603.292,0,0,0.0,0.0
1603.494,0,0,0.0,0.0
1603.593,0,0,0.0,0.0
1603.597,0,0,0.0,0.0
1603.794,0,0,0.0,0.0
1603.794,0,0,0.0,0.0
1603.809,0,0,0.0,0.0
1603.992,0,0,0.0,0.0
1604.103,0,0,0.0,0.0
1604.293,0,0,0.0,0.0
1604.396,0,0,0.0,0.0
1604.493,0,0,0.0,0.0
1604.797,0,0,0.0,0.0
1604.807,0,0,0.0,0.0
1604.814,0,0,0.0,0.0
1604.991,0,0,0.0,0.0
1605.198,0,0,0.0,0.0
1605.204,0,0,0.0,0.0
1605.214,0,0,0.0,0.0
1605.295,0,0,0.0,0.0
1605.393,0,0,0.0,0.0
1605.496,0,0,0.0,0.0
1605.797,0,0,0.0,0.0
1605.891,0,0,0.0,0.0
1605.989,0,0,0.0,0.0
1605.991,0,0,0.0,0.0
1606.103,0,0,0.0,0.0
1606.234,0,0,0.0,0.0
1606.3,0,0,0.0,0.0
1606.492,0,0,0.0,0.0
1606.598,0,0,0.0,0.0
1606.797,0,0,0.0,0.0
1606.81,0,0,0.0,0.0
1606.891,0,0,0.0,0.0
1606.895,0,0,0.0,0.0
1607.092,0,0,0.0,0.0
1607.189,0,0,0.0,0.0
1607.292,0,0,0.0,0.0
1607.398,0,0,0.0,0.0
1607.498,0,0,0.0,0.0
1607.799,0,0,0.0,0.0
1607.812,0,0,0.0,0.0
1607.897,0,0,0.0,0.0
1608.191,0,0,0.0,0.0
1608.264,0,0,0.0,0.0
1608.303,0,0,0.0,0.0
1608.389,0,0,0.0,0.0
1608.389,0,0,0.0,0.0
1608.498,0,0,0.0,0.0
1608.802,0,0,0.0,0.0
1608.808,0,0,0.0,0.0
1608.993,0,0,0.0,0.0
1609.224,0,0,0.0,0.0
1609.388,0,0,0.0,0.0
1609.391,0,0,0.0,0.0
1609.392,0,0,0.0,0.0
1609.492,0,0,0.0,0.0
1609.492,0,0,0.0,0.0
1609.6,0,0,0.0,0.0
1609.795,0,0,0.0,0.0
1609.813,0,0,0.0,0.0
1609.896,0,0,0.0,0.0
1610.388,0,0,0.0,0.0
1610.389,0,0,0.0,0.0
1610.391,0,0,0.0,0.0
1610.392,0,0,0.0,0.0
1610.589,0,0,0.0,0.0
1610.592,0,0,0.0,0.0
1610.806,0,0,0.0,0.0
1610.813,0,0,0.0,0.0
1611.188,0,0,0.0,0.0
1611.294,0,0,0.0,0.0
1611.39,0,0,0.0,0.0
1611.489,0,0,0.0,0.0
1611.589,0,0,0.0,0.0
1611.603,0,0,0.0,0.0
1611.796,0,0,0.0,0.0
1611.808,0,0,0.0,0.0
1612.19,0,0,0.0,0.0
1612.194,0,0,0.0,0.0
1612.224,0,0,0.0,0.0
1612.288,0,0,0.0,0.0
1612.488,0,0,0.0,0.0
1612.591,0,0,0.0,0.0
1612.592,0,0,0.0,0.0
1612.792,0,0,0.0,0.0
1612.795,0,0,0.0,0.0
1612.808,0,0,0.0,0.0
1613.214,0,0,0.0,0.0
1613.29,0,0,0.0,0.0
1613.39,0,0,0.0,0.0
1613.488,0,0,0.0,0.0
1613.491,0,0,0.0,0.0
1613.797,0,0,0.0,0.0
1613.807,0,0,0.0,0.0
1613.89,0,0,0.0,0.0
1614.184,0,0,0.0,0.0
1614.244,0,0,0.0,0.0
1614.289,0,0,0.0,0.0
1614.293,0,0,0.0,0.0
1614.49,0,0,0.0,0.0
1614.588,0,0,0.0,0.0
1614.588,0,0,0.0,0.0
1614.795,0,0,0.0,0.0
1614.798,0,0,0.0,0.0
1614.812,0,0,0.0,0.0
1614.889,0,0,0.0,0.0
1615.089,0,0,0.0,0.0
1615.29,0,0,0.0,0.0
1615.396,0,0,0.0,0.0
1615.59,0,0,0.0,0.0
1615.791,0,0,0.0,0.0
1615.802,0,0,0.0,0.0
1615.81,0,0,0.0,0.0
1615.889,0,0,0.0,0.0
1615.989,0,0,0.0,0.0
1616.089,0,0,0.0,0.0
1616.099,0,0,0.0,0.0
1616.204,0,0,0.0,0.0
1616.389,0,0,0.0,0.0
1616.493,0,0,0.0,0.0
1616.59,0,0,0.0,0.0
1616.791,0,0,0.0,0.0
1616.891,0,0,0.0,0.0
1616.989,0,0,0.0,0.0
1616.991,0,0,0.0,0.0
1617.189,0,0,0.0,0.0
1617.295,0,0,0.0,0.0
1617.489,0,0,0.0,0.0
1617.593,0,0,0.0,0.0
1617.793,0,0,0.0,0.0
1617.794,0,0,0.0,0.0
1617.804,0,0,0.0,0.0
1617.988,0,0,0.0,0.0
1618.2,0,0,0.0,0.0
1618.287,0,0,0.0,0.0
1618.388,0,0,0.0,0.0
1618.395,0,0,0.0,0.0
1618.589,0,0,0.0,0.0
1618.8,0,0,0.0,0.0
1618.891,0,0,0.0,0.0
1618.987,0,0,0.0,0.0
1619.264,0,0,0.0,0.0
1619.285,0,0,0.0,0.0
1619.289,0,0,0.0,0.0
1619.386,0,0,0.0,0.0
1619.389,0,0,0.0,0.0
1619.495,0,0,0.0,0.0
1619.796,0,0,0.0,0.0
1619.99,0,0,0.0,0.0
1620.204,0,0,0.0,0.0
1620.207,0,0,0.0,0.0
1620.388,0,0,0.0,0.0
1620.401,0,0,0.0,0.0
1620.486,0,0,0.0,0.0
1620.595,0,0,0.0,0.0
1620.792,0,0,0.0,0.0
1620.89,0,0,0.0,0.0
1621.486,0,0,0.0,0.0
1621.488,0,0,0.0,0.0
1621.586,0,0,0.0,0.0
1621.589,0,0,0.0,0.0
1621.89,0,0,0.0,0.0
1622.264,0,0,0.0,0.0
1622.488,0,0,0.0,0.0
1622.489,0,0,0.0,0.0
1622.799,0,0,0.0,0.0
1623.154,0,0,0.0,0.0
1623.204,0,0,0.0,0.0
1623.789,0,0,0.0,0.0
1624.154,0,0,0.0,0.0
1624.184,0,0,0.0,0.0
1624.334,0,0,0.0,0.0
1624.788,0,0,0.0,0.0
1624.886,0,0,0.0,0.0
1625.194,0,0,0.0,0.0
1625.888,0,0,0.0,0.0
1625.986,0,0,0.0,0.0
1663.357,0,0,0.0,0.0
1664.455,0,0,0.0,0.0
1664.462,0,0,0.0,0.0
1665.457,0,0,0.0,0.0
1665.457,0,0,0.0,0.0
1665.904,0,0,0.0,0.0
1666.362,0,0,0.0,0.0
1666.463,0,0,0.0,0.0
1666.874,0,0,0.0,0.0
1667.004,0,0,0.0,0.0
1667.265,0,0,0.0,0.0
1667.375,0,0,0.0,0.0
1667.755,0,0,0.0,0.0
1667.757,0,0,0.0,0.0
1667.904,0,0,0.0,0.0
1667.955,0,0,0.0,0.0
1668.366,0,0,0.0,0.0
1668.456,0,0,0.0,0.0
1668.558,0,0,0.0,0.0
1668.857,0,0,0.0,0.0
1668.914,0,0,0.0,0.0
1668.957,0,0,0.0,0.0
1668.961,0,0,0.0,0.0
1669.456,0,0,0.0,0.0
1669.555,0,0,0.0,0.0
1669.557,0,0,0.0,0.0
1669.757,0,0,0.0,0.0
1669.857,0,0,0.0,0.0
1669.963,0,0,0.0,0.0
1670.055,0,0,0.0,0.0
1670.554,0,0,0.0,0.0
1670.557,0,0,0.0,0.0
1670.864,0,0,0.0,0.0
1670.894,0,0,0.0,0.0
1670.957,0,0,0.0,0.0
1671.034,0,0,0.0,0.0
1671.161,0,0,0.0,0.0
1671.255,0,0,0.0,0.0
1671.554,0,0,0.0,0.0
1671.754,0,0,0.0,0.0
1671.754,0,0,0.0,0.0
1671.862,0,0,0.0,0.0
1671.878,0,0,0.0,0.0
1671.884,0,0,0.0,0.0
1671.964,0,0,0.0,0.0
1672.357,0,0,0.0,0.0
1672.457,0,0,0.0,0.0
1672.556,0,0,0.0,0.0
1672.754,0,0,0.0,0.0
1672.844,0,0,0.0,0.0
1672.853,0,0,0.0,0.0
1672.856,0,0,0.0,0.0
1672.867,0,0,0.0,0.0
1672.874,0,0,0.0,0.0
1673.104,0,0,0.0,0.0
1673.162,0,0,0.0,0.0
1673.262,0,0,0.0,0.0
1673.454,0,0,0.0,0.0
1673.755,0,0,0.0,0.0
1673.759,0,0,0.0,0.0
1673.844,0,0,0.0,0.0
1673.953,0,0,0.0,0.0
1673.956,0,0,0.0,0.0
1674.154,0,0,0.0,0.0
1674.168,0,0,0.0,0.0
1674.556,0,0,0.0,0.0
1674.853,0,0,0.0,0.0
1674.859,0,0,0.0,0.0
1674.871,0,0,0.0,0.0
1674.874,0,0,0.0,0.0
1674.884,0,0,0.0,0.0
1674.953,0,0,0.0,0.0
1675.156,0,0,0.0,0.0
1675.254,0,0,0.0,0.0
1675.459,0,0,0.0,0.0
1675.559,0,0,0.0,0.0
1675.755,0,0,0.0,0.0
1675.852,0,0,0.0,0.0
1675.873,0,0,0.0,0.0
1675.955,0,0,0.0,0.0
1676.053,0,0,0.0,0.0
1676.354,0,0,0.0,0.0
1676.356,0,0,0.0,0.0
1676.36,0,0,0.0,0.0
1676.555,0,0,0.0,0.0
1676.755,0,0,0.0,0.0
1676.855,0,0,0.0,0.0
1676.868,0,0,0.0,0.0
1676.955,0,0,0.0,0.0
1677.052,0,0,0.0,0.0
1677.264,0,0,0.0,0.0
1677.453,0,0,0.0,0.0
1677.456,0,0,0.0,0.0
1677.555,0,0,0.0,0.0
1677.755,0,0,0.0,0.0
1677.873,0,0,0.0,0.0
1677.874,0,0,0.0,0.0
1677.955,0,0,0.0,0.0
1678.052,0,0,0.0,0.0
1678.253,0,0,0.0,0.0
1678.351,0,0,0.0,0.0
1678.456,0,0,0.0,0.0
1678.555,0,0,0.0,0.0
1678.561,0,0,0.0,0.0
1678.759,0,0,0.0,0.0
1678.855,0,0,0.0,0.0
1678.87,0,0,0.0,0.0
1679.054,0,0,0.0,0.0
1679.252,0,0,0.0,0.0
1679.353,0,0,0.0,0.0
1679.354,0,0,0.0,0.0
1679.552,0,0,0.0,0.0
1679.854,0,0,0.0,0.0
1679.864,0,0,0.0,0.0
1679.869,0,0,0.0,0.0
1679.974,0,0,0.0,0.0
1680.054,0,0,0.0,0.0
1680.255,0,0,0.0,0.0
1680.353,0,0,0.0,0.0
1680.451,0,0,0.0,0.0
1680.453,0,0,0.0,0.0
1680.552,0,0,0.0,0.0
1680.565,0,0,0.0,0.0
1680.766,0,0,0.0,0.0
1680.869,0,0,0.0,0.0
1680.959,0,0,0.0,0.0
1681.361,0,0,0.0,0.0
1681.455,0,0,0.0,0.0
1681.554,0,0,0.0,0.0
1681.554,0,0,0.0,0.0
1681.751,0,0,0.0,0.0
1681.824,0,0,0.0,0.0
1681.857,0,0,0.0,0.0
1681.872,0,0,0.0,0.0
1682.004,0,0,0.0,0.0
1682.354,0,0,0.0,0.0
1682.452,0,0,0.0,0.0
1682.455,0,0,0.0,0.0
1682.555,0,0,0.0,0.0
1682.754,0,0,0.0,0.0
1682.764,0,0,0.0,0.0
1682.824,0,0,0.0,0.0
1682.824,0,0,0.0,0.0
1682.866,0,0,0.0,0.0
1683.159,0,0,0.0,0.0
1683.354,0,0,0.0,0.0
1683.751,0,0,0.0,0.0
1683.824,0,0,0.0,0.0
1683.851,0,0,0.0,0.0
1683.853,0,0,0.0,0.0
1683.854,0,0,0.0,0.0
1683.874,0,0,0.0,0.0
1684.064,0,0,0.0,0.0
1684.354,0,0,0.0,0.0
1684.75,0,0,0.0,0.0
1684.85,0,0,0.0,0.0
1684.853,0,0,0.0,0.0
1684.862,0,0,0.0,0.0
1684.873,0,0,0.0,0.0
1684.95,0,0,0.0,0.0
1685.067,0,0,0.0,0.0
1685.354,0,0,0.0,0.0
1685.853,0,0,0.0,0.0
1685.95,0,0,0.0,0.0
1686.05,0,0,0.0,0.0
1686.151,0,0,0.0,0.0
1686.251,0,0,0.0,0.0
1686.873,0,0,0.0,0.0
1686.95,0,0,0.0,0.0
1687.052,0,0,0.0,0.0
1687.251,0,0,0.0,0.0
1687.353,0,0,0.0,0.0
1687.87,0,0,0.0,0.0
1687.953,0,0,0.0,0.0
1688.25,0,0,0.0,0.0
1688.351,0,0,0.0,0.0
1688.869,0,0,0.0,0.0
1689.252,0,0,0.0,0.0
1689.45,0,0,0.0,0.0
1690.45,0,0,0.0,0.0
1704.446,0,0,0.0,0.0
1705.544,0,0,0.0,0.0
1705.544,0,0,0.0,0.0
1706.451,0,0,0.0,0.0
1706.547,0,0,0.0,0.0
1706.744,0,0,0.0,0.0
1706.744,0,0,0.0,0.0
1707.548,0,0,0.0,0.0
1707.553,0,0,0.0,0.0
1707.746,0,0,0.0,0.0
1707.854,0,0,0.0,0.0
1707.944,0,0,0.0,0.0
1708.346,0,0,0.0,0.0
1708.746,0,0,0.0,0.0
1708.754,0,0,0.0,0.0
1708.784,0,0,0.0,0.0
1708.946,0,0,0.0,0.0
1708.946,0,0,0.0,0.0
1709.351,0,0,0.0,0.0
1709.548,0,0,0.0,0.0
1709.843,0,0,0.0,0.0
1709.844,0,0,0.0,0.0
1709.846,0,0,0.0,0.0
1709.946,0,0,0.0,0.0
1710.256,0,0,0.0,0.0
1710.451,0,0,0.0,0.0
1710.784,0,0,0.0,0.0
1710.845,0,0,0.0,0.0
1710.867,0,0,0.0,0.0
1710.904,0,0,0.0,0.0
1711.043,0,0,0.0,0.0
1711.15,0,0,0.0,0.0
1711.166,0,0,0.0,0.0
1711.35,0,0,0.0,0.0
1711.552,0,0,0.0,0.0
1711.851,0,0,0.0,0.0
1711.868,0,0,0.0,0.0
1711.894,0,0,0.0,0.0
1712.046,0,0,0.0,0.0
1712.143,0,0,0.0,0.0
1712.348,0,0,0.0,0.0
1712.353,0,0,0.0,0.0
1712.446,0,0,0.0,0.0
1712.456,0,0,0.0,0.0
1712.794,0,0,0.0,0.0
1712.845,0,0,0.0,0.0
1712.873,0,0,0.0,0.0
1713.045,0,0,0.0,0.0
1713.143,0,0,0.0,0.0
1713.344,0,0,0.0,0.0
1713.364,0,0,0.0,0.0
1713.447,0,0,0.0,0.0
1713.56,0,0,0.0,0.0
1713.745,0,0,0.0,0.0
1713.774,0,0,0.0,0.0
1713.851,0,0,0.0,0.0
1713.876,0,0,0.0,0.0
1714.245,0,0,0.0,0.0
1714.251,0,0,0.0,0.0
1714.343,0,0,0.0,0.0
1714.464,0,0,0.0,0.0
1714.542,0,0,0.0,0.0
1714.547,0,0,0.0,0.0
1714.85,0,0,0.0,0.0
1714.874,0,0,0.0,0.0
1714.884,0,0,0.0,0.0
1715.149,0,0,0.0,0.0
1715.445,0,0,0.0,0.0
1715.447,0,0,0.0,0.0
1715.449,0,0,0.0,0.0
1715.543,0,0,0.0,0.0
1715.545,0,0,0.0,0.0
1715.572,0,0,0.0,0.0
1715.844,0,0,0.0,0.0
1715.869,0,0,0.0,0.0
1716.051,0,0,0.0,0.0
1716.346,0,0,0.0,0.0
1716.443,0,0,0.0,0.0
1716.567,0,0,0.0,0.0
1716.744,0,0,0.0,0.0
1716.764,0,0,0.0,0.0
1716.824,0,0,0.0,0.0
1716.853,0,0,0.0,0.0
1716.872,0,0,0.0,0.0
1716.974,0,0,0.0,0.0
1717.144,0,0,0.0,0.0
1717.251,0,0,0.0,0.0
1717.34,0,0,0.0,0.0
1717.734,0,0,0.0,0.0
1717.743,0,0,0.0,0.0
1717.743,0,0,0.0,0.0
1717.844,0,0,0.0,0.0
1717.855,0,0,0.0,0.0
1717.943,0,0,0.0,0.0
1718.142,0,0,0.0,0.0
1718.155,0,0,0.0,0.0
1718.446,0,0,0.0,0.0
1718.544,0,0,0.0,0.0
1718.754,0,0,0.0,0.0
1718.841,0,0,0.0,0.0
1718.943,0,0,0.0,0.0
1718.944,0,0,0.0,0.0
1719.044,0,0,0.0,0.0
1719.067,0,0,0.0,0.0
1719.442,0,0,0.0,0.0
1719.55,0,0,0.0,0.0
1719.742,0,0,0.0,0.0
1719.841,0,0,0.0,0.0
1719.868,0,0,0.0,0.0
1719.874,0,0,0.0,0.0
1719.941,0,0,0.0,0.0
1720.147,0,0,0.0,0.0
1720.25,0,0,0.0,0.0
1720.251,0,0,0.0,0.0
1720.448,0,0,0.0,0.0
1720.746,0,0,0.0,0.0
1720.814,0,0,0.0,0.0
1720.849,0,0,0.0,0.0
1720.872,0,0,0.0,0.0
1721.041,0,0,0.0,0.0
1721.241,0,0,0.0,0.0
1721.253,0,0,0.0,0.0
1721.444,0,0,0.0,0.0
1721.448,0,0,0.0,0.0
1721.544,0,0,0.0,0.0
1721.754,0,0,0.0,0.0
1721.87,0,0,0.0,0.0
1721.942,0,0,0.0,0.0
1722.043,0,0,0.0,0.0
1722.141,0,0,0.0,0.0
1722.163,0,0,0.0,0.0
1722.344,0,0,0.0,0.0
1722.439,0,0,0.0,0.0
1722.553,0,0,0.0,0.0
1722.742,0,0,0.0,0.0
1722.846,0,0,0.0,0.0
1722.864,0,0,0.0,0.0
1722.942,0,0,0.0,0.0
1723.243,0,0,0.0,0.0
1723.249,0,0,0.0,0.0
1723.267,0,0,0.0,0.0
1723.339,0,0,0.0,0.0
1723.453,0,0,0.0,0.0
1723.746,0,0,0.0,0.0
1723.804,0,0,0.0,0.0
1723.865,0,0,0.0,0.0
1723.946,0,0,0.0,0.0
1724.243,0,0,0.0,0.0
1724.441,0,0,0.0,0.0
1724.443,0,0,0.0,0.0
1724.447,0,0,0.0,0.0
1724.542,0,0,0.0,0.0
1724.553,0,0,0.0,0.0
1724.868,0,0,0.0,0.0
1724.894,0,0,0.0,0.0
1724.942,0,0,0.0,0.0
1725.046,0,0,0.0,0.0
1725.443,0,0,0.0,0.0
1725.463,0,0,0.0,0.0
1725.734,0,0,0.0,0.0
1725.734,0,0,0.0,0.0
1725.842,0,0,0.0,0.0
1725.866,0,0,0.0,0.0
1725.874,0,0,0.0,0.0
1726.146,0,0,0.0,0.0
1726.246,0,0,0.0,0.0
1726.747,0,0,0.0,0.0
1726.749,0,0,0.0,0.0
1726.857,0,0,0.0,0.0
1727.144,0,0,0.0,0.0
1727.345,0,0,0.0,0.0
1727.534,0,0,0.0,0.0
1727.838,0,0,0.0,0.0
1727.865,0,0,0.0,0.0
1727.934,0,0,0.0,0.0
1728.056,0,0,0.0,0.0
1728.25,0,0,0.0,0.0
1728.762,0,0,0.0,0.0
1728.862,0,0,0.0,0.0
1728.938,0,0,0.0,0.0
1729.042,0,0,0.0,0.0
1729.153,0,0,0.0,0.0
1730.062,0,0,0.0,0.0
1730.138,0,0,0.0,0.0
1730.86,0,0,0.0,0.0
1731.138,0,0,0.0,0.0
1731.241,0,0,0.0,0.0
1732.241,0,0,0.0,0.0
1744.236,0,0,0.0,0.0
1745.255,0,0,0.0,0.0
1745.536,0,0,0.0,0.0
1746.433,0,0,0.0,0.0
1746.536,0,0,0.0,0.0
1746.536,0,0,0.0,0.0
1747.432,0,0,0.0,0.0
1747.536,0,0,0.0,0.0
1747.536,0,0,0.0,0.0
1747.735,0,0,0.0,0.0
1748.337,0,0,0.0,0.0
1748.536,0,0,0.0,0.0
1748.562,0,0,0.0,0.0
1748.735,0,0,0.0,0.0
1749.535,0,0,0.0,0.0
1749.624,0,0,0.0,0.0
1749.734,0,0,0.0,0.0
1749.784,0,0,0.0,0.0
1749.832,0,0,0.0,0.0
1749.904,0,0,0.0,0.0
1750.034,0,0,0.0,0.0
1750.535,0,0,0.0,0.0
1750.538,0,0,0.0,0.0
1750.734,0,0,0.0,0.0
1750.756,0,0,0.0,0.0
1750.835,0,0,0.0,0.0
1750.838,0,0,0.0,0.0
1750.935,0,0,0.0,0.0
1751.439,0,0,0.0,0.0
1751.734,0,0,0.0,0.0
1751.94,0,0,0.0,0.0
1752.035,0,0,0.0,0.0
1752.041,0,0,0.0,0.0
1752.058,0,0,0.0,0.0
1752.346,0,0,0.0,0.0
1752.534,0,0,0.0,0.0
1752.614,0,0,0.0,0.0
1752.734,0,0,0.0,0.0
1752.857,0,0,0.0,0.0
1752.931,0,0,0.0,0.0
1752.934,0,0,0.0,0.0
1753.032,0,0,0.0,0.0
1753.235,0,0,0.0,0.0
1753.24,0,0,0.0,0.0
1753.341,0,0,0.0,0.0
1753.534,0,0,0.0,0.0
1753.54,0,0,0.0,0.0
1753.774,0,0,0.0,0.0
1753.834,0,0,0.0,0.0
1753.837,0,0,0.0,0.0
1753.862,0,0,0.0,0.0
1753.934,0,0,0.0,0.0
1754.232,0,0,0.0,0.0
1754.335,0,0,0.0,0.0
1754.432,0,0,0.0,0.0
1754.44,0,0,0.0,0.0
1754.834,0,0,0.0,0.0
1754.881,0,0,0.0,0.0
1754.939,0,0,0.0,0.0
1755.034,0,0,0.0,0.0
1755.134,0,0,0.0,0.0
1755.43,0,0,0.0,0.0
1755.434,0,0,0.0,0.0
1755.534,0,0,0.0,0.0
1755.537,0,0,0.0,0.0
1755.539,0,0,0.0,0.0
1755.754,0,0,0.0,0.0
1755.889,0,0,0.0,0.0
1755.934,0,0,0.0,0.0
1756.037,0,0,0.0,0.0
1756.234,0,0,0.0,0.0
1756.336,0,0,0.0,0.0
1756.432,0,0,0.0,0.0
1756.454,0,0,0.0,0.0
1756.633,0,0,0.0,0.0
1756.841,0,0,0.0,0.0
1756.887,0,0,0.0,0.0
1756.933,0,0,0.0,0.0
1757.131,0,0,0.0,0.0
1757.434,0,0,0.0,0.0
1757.434,0,0,0.0,0.0
1757.53,0,0,0.0,0.0
1757.533,0,0,0.0,0.0
1757.559,0,0,0.0,0.0
1757.774,0,0,0.0,0.0
1757.897,0,0,0.0,0.0
1757.941,0,0,0.0,0.0
1758.233,0,0,0.0,0.0
1758.434,0,0,0.0,0.0
1758.537,0,0,0.0,0.0
1758.624,0,0,0.0,0.0
1758.754,0,0,0.0,0.0
1758.83,0,0,0.0,0.0
1758.834,0,0,0.0,0.0
1758.838,0,0,0.0,0.0
1758.894,0,0,0.0,0.0
1758.904,0,0,0.0,0.0
1759.139,0,0,0.0,0.0
1759.434,0,0,0.0,0.0
1759.532,0,0,0.0,0.0
1759.735,0,0,0.0,0.0
1759.832,0,0,0.0,0.0
1759.836,0,0,0.0,0.0
1759.896,0,0,0.0,0.0
1760.133,0,0,0.0,0.0
1760.341,0,0,0.0,0.0
1760.532,0,0,0.0,0.0
1760.614,0,0,0.0,0.0
1760.614,0,0,0.0,0.0
1760.632,0,0,0.0,0.0
1760.887,0,0,0.0,0.0
1760.936,0,0,0.0,0.0
1760.993,0,0,0.0,0.0
1761.032,0,0,0.0,0.0
1761.233,0,0,0.0,0.0
1761.531,0,0,0.0,0.0
1761.584,0,0,0.0,0.0
1761.614,0,0,0.0,0.0
1761.734,0,0,0.0,0.0
1761.834,0,0,0.0,0.0
1761.899,0,0,0.0,0.0
1761.929,0,0,0.0,0.0
1762.032,0,0,0.0,0.0
1762.155,0,0,0.0,0.0
1762.233,0,0,0.0,0.0
1762.434,0,0,0.0,0.0
1762.531,0,0,0.0,0.0
1762.604,0,0,0.0,0.0
1762.831,0,0,0.0,0.0
1762.837,0,0,0.0,0.0
1762.893,0,0,0.0,0.0
1762.931,0,0,0.0,0.0
1763.029,0,0,0.0,0.0
1763.232,0,0,0.0,0.0
1763.438,0,0,0.0,0.0
1763.534,0,0,0.0,0.0
1763.634,0,0,0.0,0.0
1763.831,0,0,0.0,0.0
1763.894,0,0,0.0,0.0
1764.031,0,0,0.0,0.0
1764.129,0,0,0.0,0.0
1764.131,0,0,0.0,0.0
1764.339,0,0,0.0,0.0
1764.534,0,0,0.0,0.0
1764.537,0,0,0.0,0.0
1764.604,0,0,0.0,0.0
1764.736,0,0,0.0,0.0
1764.89,0,0,0.0,0.0
1765.031,0,0,0.0,0.0
1765.031,0,0,0.0,0.0
1765.232,0,0,0.0,0.0
1765.232,0,0,0.0,0.0
1765.234,0,0,0.0,0.0
1765.431,0,0,0.0,0.0
1765.734,0,0,0.0,0.0
1765.83,0,0,0.0,0.0
1765.831,0,0,0.0,0.0
1765.891,0,0,0.0,0.0
1765.928,0,0,0.0,0.0
1766.228,0,0,0.0,0.0
1766.432,0,0,0.0,0.0
1766.549,0,0,0.0,0.0
1766.897,0,0,0.0,0.0
1766.931,0,0,0.0,0.0
1767.031,0,0,0.0,0.0
1767.131,0,0,0.0,0.0
1767.533,0,0,0.0,0.0
1767.594,0,0,0.0,0.0
1767.794,0,0,0.0,0.0
1767.839,0,0,0.0,0.0
1767.893,0,0,0.0,0.0
1768.031,0,0,0.0,0.0
1768.23,0,0,0.0,0.0
1768.533,0,0,0.0,0.0
1768.736,0,0,0.0,0.0
1768.839,0,0,0.0,0.0
1768.88,0,0,0.0,0.0
1769.23,0,0,0.0,0.0
1769.334,0,0,0.0,0.0
1769.845,0,0,0.0,0.0
1769.902,0,0,0.0,0.0
1770.136,0,0,0.0,0.0
1770.336,0,0,0.0,0.0
1770.893,0,0,0.0,0.0
1771.13,0,0,0.0,0.0
1771.338,0,0,0.0,0.0
1771.896,0,0,0.0,0.0
1772.239,0,0,0.0,0.0
1785.329,0,0,0.0,0.0
1786.33,0,0,0.0,0.0
1786.427,0,0,0.0,0.0
1787.234,0,0,0.0,0.0
1787.432,0,0,0.0,0.0
1787.534,0,0,0.0,0.0
1788.326,0,0,0.0,0.0
1788.335,0,0,0.0,0.0
1788.531,0,0,0.0,0.0
1788.633,0,0,0.0,0.0
1789.323,0,0,0.0,0.0
1789.423,0,0,0.0,0.0
1789.521,0,0,0.0,0.0
1789.627,0,0,0.0,0.0
1789.823,0,0,0.0,0.0
1790.426,0,0,0.0,0.0
1790.524,0,0,0.0,0.0
1790.524,0,0,0.0,0.0
1790.542,0,0,0.0,0.0
1790.827,0,0,0.0,0.0
1791.523,0,0,0.0,0.0
1791.527,0,0,0.0,0.0
1791.534,0,0,0.0,0.0
1791.627,0,0,0.0,0.0
1791.627,0,0,0.0,0.0
1791.832,0,0,0.0,0.0
1791.844,0,0,0.0,0.0
1792.129,0,0,0.0,0.0
1792.234,0,0,0.0,0.0
1792.52,0,0,0.0,0.0
1792.523,0,0,0.0,0.0
1792.832,0,0,0.0,0.0
1792.844,0,0,0.0,0.0
1792.934,0,0,0.0,0.0
1793.029,0,0,0.0,0.0
1793.324,0,0,0.0,0.0
1793.421,0,0,0.0,0.0
1793.524,0,0,0.0,0.0
1793.524,0,0,0.0,0.0
1793.584,0,0,0.0,0.0
1793.622,0,0,0.0,0.0
1793.82,0,0,0.0,0.0
1793.834,0,0,0.0,0.0
1793.923,0,0,0.0,0.0
1794.035,0,0,0.0,0.0
1794.223,0,0,0.0,0.0
1794.421,0,0,0.0,0.0
1794.494,0,0,0.0,0.0
1794.524,0,0,0.0,0.0
1794.625,0,0,0.0,0.0
1794.625,0,0,0.0,0.0
1795.123,0,0,0.0,0.0
1795.135,0,0,0.0,0.0
1795.426,0,0,0.0,0.0
1795.494,0,0,0.0,0.0
1795.52,0,0,0.0,0.0
1795.524,0,0,0.0,0.0
1795.574,0,0,0.0,0.0
1795.625,0,0,0.0,0.0
1795.822,0,0,0.0,0.0
1795.822,0,0,0.0,0.0
1795.84,0,0,0.0,0.0
1795.922,0,0,0.0,0.0
1796.223,0,0,0.0,0.0
1796.323,0,0,0.0,0.0
1796.421,0,0,0.0,0.0
1796.427,0,0,0.0,0.0
1796.841,0,0,0.0,0.0
1796.922,0,0,0.0,0.0
1797.022,0,0,0.0,0.0
1797.12,0,0,0.0,0.0
1797.32,0,0,0.0,0.0
1797.32,0,0,0.0,0.0
1797.43,0,0,0.0,0.0
1797.484,0,0,0.0,0.0
1797.514,0,0,0.0,0.0
1797.631,0,0,0.0,0.0
1797.631,0,0,0.0,0.0
1797.84,0,0,0.0,0.0
1797.921,0,0,0.0,0.0
1798.02,0,0,0.0,0.0
1798.122,0,0,0.0,0.0
1798.233,0,0,0.0,0.0
1798.42,0,0,0.0,0.0
1798.426,0,0,0.0,0.0
1798.527,0,0,0.0,0.0
1798.827,0,0,0.0,0.0
1798.84,0,0,0.0,0.0
1798.921,0,0,0.0,0.0
1799.219,0,0,0.0,0.0
1799.324,0,0,0.0,0.0
1799.325,0,0,0.0,0.0
1799.332,0,0,0.0,0.0
1799.429,0,0,0.0,0.0
1799.504,0,0,0.0,0.0
1799.634,0,0,0.0,0.0
1799.821,0,0,0.0,0.0
1799.845,0,0,0.0,0.0
1799.925,0,0,0.0,0.0
1799.959,0,0,0.0,0.0
1800.221,0,0,0.0,0.0
1800.238,0,0,0.0,0.0
1800.417,0,0,0.0,0.0
1800.43,0,0,0.0,0.0
1800.632,0,0,0.0,0.0
1800.842,0,0,0.0,0.0
1800.924,0,0,0.0,0.0
1801.125,0,0,0.0,0.0
1801.317,0,0,0.0,0.0
1801.32,0,0,0.0,0.0
1801.34,0,0,0.0,0.0
1801.419,0,0,0.0,0.0
1801.504,0,0,0.0,0.0
1801.535,0,0,0.0,0.0
1801.849,0,0,0.0,0.0
1801.921,0,0,0.0,0.0
1802.221,0,0,0.0,0.0
1802.419,0,0,0.0,0.0
1802.421,0,0,0.0,0.0
1802.444,0,0,0.0,0.0
1802.494,0,0,0.0,0.0
1802.518,0,0,0.0,0.0
1802.619,0,0,0.0,0.0
1802.631,0,0,0.0,0.0
1802.827,0,0,0.0,0.0
1802.847,0,0,0.0,0.0
1803.121,0,0,0.0,0.0
1803.321,0,0,0.0,0.0
1803.419,0,0,0.0,0.0
1803.54,0,0,0.0,0.0
1803.623,0,0,0.0,0.0
1803.623,0,0,0.0,0.0
1803.627,0,0,0.0,0.0
1803.839,0,0,0.0,0.0
1804.123,0,0,0.0,0.0
1804.227,0,0,0.0,0.0
1804.494,0,0,0.0,0.0
1804.517,0,0,0.0,0.0
1804.517,0,0,0.0,0.0
1804.623,0,0,0.0,0.0
1804.819,0,0,0.0,0.0
1804.832,0,0,0.0,0.0
1804.844,0,0,0.0,0.0
1805.032,0,0,0.0,0.0
1805.226,0,0,0.0,0.0
1805.424,0,0,0.0,0.0
1805.519,0,0,0.0,0.0
1805.524,0,0,0.0,0.0
1805.534,0,0,0.0,0.0
1805.823,0,0,0.0,0.0
1805.919,0,0,0.0,0.0
1805.919,0,0,0.0,0.0
1806.02,0,0,0.0,0.0
1806.134,0,0,0.0,0.0
1806.464,0,0,0.0,0.0
1806.464,0,0,0.0,0.0
1806.525,0,0,0.0,0.0
1806.629,0,0,0.0,0.0
1806.917,0,0,0.0,0.0
1806.917,0,0,0.0,0.0
1807.22,0,0,0.0,0.0
1807.22,0,0,0.0,0.0
1807.484,0,0,0.0,0.0
1807.619,0,0,0.0,0.0
1807.824,0,0,0.0,0.0
1807.842,0,0,0.0,0.0
1807.919,0,0,0.0,0.0
1808.217,0,0,0.0,0.0
1808.323,0,0,0.0,0.0
1808.484,0,0,0.0,0.0
1808.816,0,0,0.0,0.0
1808.818,0,0,0.0,0.0
1808.84,0,0,0.0,0.0
1808.919,0,0,0.0,0.0
1809.119,0,0,0.0,0.0
1809.219,0,0,0.0,0.0
1809.633,0,0,0.0,0.0
1809.836,0,0,0.0,0.0
1810.016,0,0,0.0,0.0
1810.122,0,0,0.0,0.0
1810.417,0,0,0.0,0.0
1810.836,0,0,0.0,0.0
1811.018,0,0,0.0,0.0
1811.216,0,0,0.0,0.0
1811.419,0,0,0.0,0.0
1811.834,0,0,0.0,0.0
1812.116,0,0,0.0,0.0
1812.319,0,0,0.0,0.0
1813.224,0,0,0.0,0.0
1830.323,0,0,0.0,0.0
1831.309,0,0,0.0,0.0
1831.417,0,0,0.0,0.0
1832.21,0,0,0.0,0.0
1832.323,0,0,0.0,0.0
1832.522,0,0,0.0,0.0
1832.624,0,0,0.0,0.0
1833.409,0,0,0.0,0.0
1833.41,0,0,0.0,0.0
1833.51,0,0,0.0,0.0
1833.621,0,0,0.0,0.0
1833.811,0,0,0.0,0.0
1834.408,0,0,0.0,0.0
1834.411,0,0,0.0,0.0
1834.413,0,0,0.0,0.0
1834.615,0,0,0.0,0.0
1834.912,0,0,0.0,0.0
1835.454,0,0,0.0,0.0
1835.508,0,0,0.0,0.0
1835.509,0,0,0.0,0.0
1835.51,0,0,0.0,0.0
1835.611,0,0,0.0,0.0
1835.628,0,0,0.0,0.0
1835.822,0,0,0.0,0.0
1836.508,0,0,0.0,0.0
1836.61,0,0,0.0,0.0
1836.615,0,0,0.0,0.0
1836.811,0,0,0.0,0.0
1836.826,0,0,0.0,0.0
1837.122,0,0,0.0,0.0
1837.374,0,0,0.0,0.0
1837.374,0,0,0.0,0.0
1837.511,0,0,0.0,0.0
1837.613,0,0,0.0,0.0
1837.808,0,0,0.0,0.0
1837.81,0,0,0.0,0.0
1837.811,0,0,0.0,0.0
1837.828,0,0,0.0,0.0
1838.211,0,0,0.0,0.0
1838.223,0,0,0.0,0.0
1838.374,0,0,0.0,0.0
1838.409,0,0,0.0,0.0
1838.414,0,0,0.0,0.0
1838.61,0,0,0.0,0.0
1838.907,0,0,0.0,0.0
1838.91,0,0,0.0,0.0
1839.014,0,0,0.0,0.0
1839.122,0,0,0.0,0.0
1839.364,0,0,0.0,0.0
1839.374,0,0,0.0,0.0
1839.412,0,0,0.0,0.0
1839.612,0,0,0.0,0.0
1839.807,0,0,0.0,0.0
1839.817,0,0,0.0,0.0
1839.907,0,0,0.0,0.0
1839.91,0,0,0.0,0.0
1840.01,0,0,0.0,0.0
1840.211,0,0,0.0,0.0
1840.394,0,0,0.0,0.0
1840.409,0,0,0.0,0.0
1840.514,0,0,0.0,0.0
1840.807,0,0,0.0,0.0
1840.818,0,0,0.0,0.0
1840.91,0,0,0.0,0.0
1841.007,0,0,0.0,0.0
1841.208,0,0,0.0,0.0
1841.21,0,0,0.0,0.0
1841.314,0,0,0.0,0.0
1841.394,0,0,0.0,0.0
1841.511,0,0,0.0,0.0
1841.616,0,0,0.0,0.0
1841.809,0,0,0.0,0.0
1841.813,0,0,0.0,0.0
1841.819,0,0,0.0,0.0
1842.007,0,0,0.0,0.0
1842.219,0,0,0.0,0.0
1842.314,0,0,0.0,0.0
1842.408,0,0,0.0,0.0
1842.413,0,0,0.0,0.0
1842.612,0,0,0.0,0.0
1842.828,0,0,0.0,0.0
1842.909,0,0,0.0,0.0
1843.006,0,0,0.0,0.0
1843.207,0,0,0.0,0.0
1843.305,0,0,0.0,0.0
1843.384,0,0,0.0,0.0
1843.406,0,0,0.0,0.0
1843.408,0,0,0.0,0.0
1843.517,0,0,0.0,0.0
1843.813,0,0,0.0,0.0
1843.824,0,0,0.0,0.0
1844.009,0,0,0.0,0.0
1844.207,0,0,0.0,0.0
1844.228,0,0,0.0,0.0
1844.384,0,0,0.0,0.0
1844.405,0,0,0.0,0.0
1844.41,0,0,0.0,0.0
1844.509,0,0,0.0,0.0
1844.617,0,0,0.0,0.0
1844.824,0,0,0.0,0.0
1845.008,0,0,0.0,0.0
1845.209,0,0,0.0,0.0
1845.407,0,0,0.0,0.0
1845.474,0,0,0.0,0.0
1845.506,0,0,0.0,0.0
1845.506,0,0,0.0,0.0
1845.508,0,0,0.0,0.0
1845.527,0,0,0.0,0.0
1845.823,0,0,0.0,0.0
1845.917,0,0,0.0,0.0
1846.309,0,0,0.0,0.0
1846.374,0,0,0.0,0.0
1846.409,0,0,0.0,0.0
1846.506,0,0,0.0,0.0
1846.508,0,0,0.0,0.0
1846.509,0,0,0.0,0.0
1846.608,0,0,0.0,0.0
1846.622,0,0,0.0,0.0
1846.811,0,0,0.0,0.0
1846.827,0,0,0.0,0.0
1847.213,0,0,0.0,0.0
1847.406,0,0,0.0,0.0
1847.409,0,0,0.0,0.0
1847.607,0,0,0.0,0.0
1847.805,0,0,0.0,0.0
1847.826,0,0,0.0,0.0
1848.108,0,0,0.0,0.0
1848.311,0,0,0.0,0.0
1848.364,0,0,0.0,0.0
1848.374,0,0,0.0,0.0
1848.424,0,0,0.0,0.0
1848.505,0,0,0.0,0.0
1848.505,0,0,0.0,0.0
1848.611,0,0,0.0,0.0
1848.805,0,0,0.0,0.0
1848.805,0,0,0.0,0.0
1848.825,0,0,0.0,0.0
1849.008,0,0,0.0,0.0
1849.213,0,0,0.0,0.0
1849.384,0,0,0.0,0.0
1849.507,0,0,0.0,0.0
1849.61,0,0,0.0,0.0
1849.804,0,0,0.0,0.0
1849.807,0,0,0.0,0.0
1849.818,0,0,0.0,0.0
1849.905,0,0,0.0,0.0
1849.907,0,0,0.0,0.0
1850.208,0,0,0.0,0.0
1850.208,0,0,0.0,0.0
1850.334,0,0,0.0,0.0
1850.41,0,0,0.0,0.0
1850.504,0,0,0.0,0.0
1850.806,0,0,0.0,0.0
1850.907,0,0,0.0,0.0
1851.004,0,0,0.0,0.0
1851.205,0,0,0.0,0.0
1851.205,0,0,0.0,0.0
1851.315,0,0,0.0,0.0
1851.334,0,0,0.0,0.0
1851.51,0,0,0.0,0.0
1851.819,0,0,0.0,0.0
1851.904,0,0,0.0,0.0
1852.004,0,0,0.0,0.0
1852.205,0,0,0.0,0.0
1852.308,0,0,0.0,0.0
1852.311,0,0,0.0,0.0
1852.354,0,0,0.0,0.0
1852.354,0,0,0.0,0.0
1852.512,0,0,0.0,0.0
1852.615,0,0,0.0,0.0
1852.806,0,0,0.0,0.0
1852.822,0,0,0.0,0.0
1852.904,0,0,0.0,0.0
1853.006,0,0,0.0,0.0
1853.105,0,0,0.0,0.0
1853.305,0,0,0.0,0.0
1853.307,0,0,0.0,0.0
1853.405,0,0,0.0,0.0
1853.61,0,0,0.0,0.0
1853.82,0,0,0.0,0.0
1853.906,0,0,0.0,0.0
1854.003,0,0,0.0,0.0
1854.204,0,0,0.0,0.0
1854.302,0,0,0.0,0.0
1854.307,0,0,0.0,0.0
1854.384,0,0,0.0,0.0
1854.405,0,0,0.0,0.0
1854.512,0,0,0.0,0.0
1854.619,0,0,0.0,0.0
1854.805,0,0,0.0,0.0
1854.82,0,0,0.0,0.0
1855.006,0,0,0.0,0.0
1855.404,0,0,0.0,0.0
1855.404,0,0,0.0,0.0
1855.406,0,0,0.0,0.0
1855.503,0,0,0.0,0.0
1855.506,0,0,0.0,0.0
1855.617,0,0,0.0,0.0
1855.807,0,0,0.0,0.0
1855.824,0,0,0.0,0.0
1856.006,0,0,0.0,0.0
1856.31,0,0,0.0,0.0
1856.404,0,0,0.0,0.0
1856.407,0,0,0.0,0.0
1856.502,0,0,0.0,0.0
1856.506,0,0,0.0,0.0
1856.608,0,0,0.0,0.0
1856.814,0,0,0.0,0.0
1856.907,0,0,0.0,0.0
1857.206,0,0,0.0,0.0
1857.404,0,0,0.0,0.0
1857.406,0,0,0.0,0.0
1857.605,0,0,0.0,0.0
1857.607,0,0,0.0,0.0
1857.622,0,0,0.0,0.0
1857.808,0,0,0.0,0.0
1857.819,0,0,0.0,0.0
1858.11,0,0,0.0,0.0
1858.31,0,0,0.0,0.0
1858.314,0,0,0.0,0.0
1858.605,0,0,0.0,0.0
1858.803,0,0,0.0,0.0
1858.82,0,0,0.0,0.0
1859.117,0,0,0.0,0.0
1859.311,0,0,0.0,0.0
1859.314,0,0,0.0,0.0
1859.314,0,0,0.0,0.0
1859.802,0,0,0.0,0.0
1859.804,0,0,0.0,0.0
1859.816,0,0,0.0,0.0
1859.82,0,0,0.0,0.0
1859.902,0,0,0.0,0.0
1860.203,0,0,0.0,0.0
1860.211,0,0,0.0,0.0
1860.901,0,0,0.0,0.0
1860.904,0,0,0.0,0.0
1861.102,0,0,0.0,0.0
1861.119,0,0,0.0,0.0
1861.816,0,0,0.0,0.0
1861.904,0,0,0.0,0.0
1862.202,0,0,0.0,0.0
1862.208,0,0,0.0,0.0
1862.821,0,0,0.0,0.0
1863.402,0,0,0.0,0.0
1863.404,0,0,0.0,0.0
1863.818,0,0,0.0,0.0
1864.402,0,0,0.0,0.0
1883.4,0,0,0.0,0.0
1884.397,0,0,0.0,0.0
1884.503,0,0,0.0,0.0
1885.302,0,0,0.0,0.0
1885.402,0,0,0.0,0.0
1885.604,0,0,0.0,0.0
1885.797,0,0,0.0,0.0
1886.207,0,0,0.0,0.0
1886.402,0,0,0.0,0.0
1886.501,0,0,0.0,0.0
1886.797,0,0,0.0,0.0
1886.898,0,0,0.0,0.0
1887.396,0,0,0.0,0.0
1887.396,0,0,0.0,0.0
1887.503,0,0,0.0,0.0
1887.8,0,0,0.0,0.0
1887.999,0,0,0.0,0.0
1888.264,0,0,0.0,0.0
1888.299,0,0,0.0,0.0
1888.494,0,0,0.0,0.0
1888.497,0,0,0.0,0.0
1888.605,0,0,0.0,0.0
1888.797,0,0,0.0,0.0
1888.9,0,0,0.0,0.0
1889.493,0,0,0.0,0.0
1889.496,0,0,0.0,0.0
1889.515,0,0,0.0,0.0
1889.596,0,0,0.0,0.0
1889.611,0,0,0.0,0.0
1889.811,0,0,0.0,0.0
1889.902,0,0,0.0,0.0
1890.296,0,0,0.0,0.0
1890.493,0,0,0.0,0.0
1890.501,0,0,0.0,0.0
1890.598,0,0,0.0,0.0
1890.611,0,0,0.0,0.0
1890.801,0,0,0.0,0.0
1890.815,0,0,0.0,0.0
1891.224,0,0,0.0,0.0
1891.297,0,0,0.0,0.0
1891.3,0,0,0.0,0.0
1891.394,0,0,0.0,0.0
1891.594,0,0,0.0,0.0
1891.602,0,0,0.0,0.0
1891.793,0,0,0.0,0.0
1891.814,0,0,0.0,0.0
1892.097,0,0,0.0,0.0
1892.284,0,0,0.0,0.0
1892.297,0,0,0.0,0.0
1892.334,0,0,0.0,0.0
1892.492,0,0,0.0,0.0
1892.594,0,0,0.0,0.0
1892.792,0,0,0.0,0.0
1892.813,0,0,0.0,0.0
1893.002,0,0,0.0,0.0
1893.204,0,0,0.0,0.0
1893.244,0,0,0.0,0.0
1893.284,0,0,0.0,0.0
1893.314,0,0,0.0,0.0
1893.495,0,0,0.0,0.0
1893.598,0,0,0.0,0.0
1893.792,0,0,0.0,0.0
1893.794,0,0,0.0,0.0
1893.81,0,0,0.0,0.0
1893.895,0,0,0.0,0.0
1893.992,0,0,0.0,0.0
1894.096,0,0,0.0,0.0
1894.196,0,0,0.0,0.0
1894.214,0,0,0.0,0.0
1894.394,0,0,0.0,0.0
1894.494,0,0,0.0,0.0
1894.794,0,0,0.0,0.0
1894.894,0,0,0.0,0.0
1894.992,0,0,0.0,0.0
1895.214,0,0,0.0,0.0
1895.293,0,0,0.0,0.0
1895.294,0,0,0.0,0.0
1895.393,0,0,0.0,0.0
1895.498,0,0,0.0,0.0
1895.594,0,0,0.0,0.0
1895.807,0,0,0.0,0.0
1895.891,0,0,0.0,0.0
1895.992,0,0,0.0,0.0
1896.192,0,0,0.0,0.0
1896.234,0,0,0.0,0.0
1896.293,0,0,0.0,0.0
1896.299,0,0,0.0,0.0
1896.494,0,0,0.0,0.0
1896.603,0,0,0.0,0.0
1896.794,0,0,0.0,0.0
1896.809,0,0,0.0,0.0
1896.892,0,0,0.0,0.0
1896.994,0,0,0.0,0.0
1897.092,0,0,0.0,0.0
1897.292,0,0,0.0,0.0
1897.295,0,0,0.0,0.0
1897.401,0,0,0.0,0.0
1897.599,0,0,0.0,0.0
1897.808,0,0,0.0,0.0
1897.894,0,0,0.0,0.0
1897.991,0,0,0.0,0.0
1898.192,0,0,0.0,0.0
1898.194,0,0,0.0,0.0
1898.274,0,0,0.0,0.0
1898.304,0,0,0.0,0.0
1898.392,0,0,0.0,0.0
1898.5,0,0,0.0,0.0
1898.602,0,0,0.0,0.0
1898.794,0,0,0.0,0.0
1898.808,0,0,0.0,0.0
1898.994,0,0,0.0,0.0
1899.392,0,0,0.0,0.0
1899.392,0,0,0.0,0.0
1899.394,0,0,0.0,0.0
1899.491,0,0,0.0,0.0
1899.493,0,0,0.0,0.0
1899.603,0,0,0.0,0.0
1899.793,0,0,0.0,0.0
1899.811,0,0,0.0,0.0
1899.893,0,0,0.0,0.0
1900.297,0,0,0.0,0.0
1900.392,0,0,0.0,0.0
1900.392,0,0,0.0,0.0
1900.392,0,0,0.0,0.0
1900.593,0,0,0.0,0.0
1900.596,0,0,0.0,0.0
1900.806,0,0,0.0,0.0
1900.893,0,0,0.0,0.0
1901.194,0,0,0.0,0.0
1901.284,0,0,0.0,0.0
1901.394,0,0,0.0,0.0
1901.49,0,0,0.0,0.0
1901.491,0,0,0.0,0.0
1901.593,0,0,0.0,0.0
1901.609,0,0,0.0,0.0
1901.798,0,0,0.0,0.0
1901.808,0,0,0.0,0.0
1902.099,0,0,0.0,0.0
1902.194,0,0,0.0,0.0
1902.299,0,0,0.0,0.0
1902.489,0,0,0.0,0.0
1902.514,0,0,0.0,0.0
1902.595,0,0,0.0,0.0
1902.79,0,0,0.0,0.0
1902.792,0,0,0.0,0.0
1902.805,0,0,0.0,0.0
1902.808,0,0,0.0,0.0
1903.104,0,0,0.0,0.0
1903.194,0,0,0.0,0.0
1903.293,0,0,0.0,0.0
1903.489,0,0,0.0,0.0
1903.496,0,0,0.0,0.0
1903.79,0,0,0.0,0.0
1903.792,0,0,0.0,0.0
1903.804,0,0,0.0,0.0
1903.89,0,0,0.0,0.0
1904.184,0,0,0.0,0.0
1904.19,0,0,0.0,0.0
1904.199,0,0,0.0,0.0
1904.492,0,0,0.0,0.0
1904.591,0,0,0.0,0.0
1904.889,0,0,0.0,0.0
1904.892,0,0,0.0,0.0
1905.09,0,0,0.0,0.0
1905.104,0,0,0.0,0.0
1905.184,0,0,0.0,0.0
1905.204,0,0,0.0,0.0
1905.394,0,0,0.0,0.0
1905.594,0,0,0.0,0.0
1905.788,0,0,0.0,0.0
1905.805,0,0,0.0,0.0
1905.888,0,0,0.0,0.0
1905.892,0,0,0.0,0.0
1906.09,0,0,0.0,0.0
1906.192,0,0,0.0,0.0
1906.204,0,0,0.0,0.0
1906.39,0,0,0.0,0.0
1906.497,0,0,0.0,0.0
1906.789,0,0,0.0,0.0
1906.81,0,0,0.0,0.0
1906.891,0,0,0.0,0.0
1906.988,0,0,0.0,0.0
1907.192,0,0,0.0,0.0
1907.204,0,0,0.0,0.0
1907.296,0,0,0.0,0.0
1907.39,0,0,0.0,0.0
1907.491,0,0,0.0,0.0
1907.597,0,0,0.0,0.0
1907.79,0,0,0.0,0.0
1907.791,0,0,0.0,0.0
1907.806,0,0,0.0,0.0
1907.988,0,0,0.0,0.0
1908.29,0,0,0.0,0.0
1908.39,0,0,0.0,0.0
1908.391,0,0,0.0,0.0
1908.396,0,0,0.0,0.0
1908.495,0,0,0.0,0.0
1908.81,0,0,0.0,0.0
1908.891,0,0,0.0,0.0
1908.988,0,0,0.0,0.0
1909.254,0,0,0.0,0.0
1909.301,0,0,0.0,0.0
1909.387,0,0,0.0,0.0
1909.389,0,0,0.0,0.0
1909.389,0,0,0.0,0.0
1909.499,0,0,0.0,0.0
1909.794,0,0,0.0,0.0
1909.808,0,0,0.0,0.0
1909.89,0,0,0.0,0.0
1910.189,0,0,0.0,0.0
1910.194,0,0,0.0,0.0
1910.293,0,0,0.0,0.0
1910.391,0,0,0.0,0.0
1910.491,0,0,0.0,0.0
1910.599,0,0,0.0,0.0
1910.805,0,0,0.0,0.0
1910.896,0,0,0.0,0.0
1911.19,0,0,0.0,0.0
1911.284,0,0,0.0,0.0
1911.391,0,0,0.0,0.0
1911.505,0,0,0.0,0.0
1911.59,0,0,0.0,0.0
1911.805,0,0,0.0,0.0
1911.896,0,0,0.0,0.0
1912.254,0,0,0.0,0.0
1912.29,0,0,0.0,0.0
1912.391,0,0,0.0,0.0
1912.593,0,0,0.0,0.0
1912.604,0,0,0.0,0.0
1912.795,0,0,0.0,0.0
1912.808,0,0,0.0,0.0
1913.29,0,0,0.0,0.0
1913.294,0,0,0.0,0.0
1913.593,0,0,0.0,0.0
1913.807,0,0,0.0,0.0
1914.09,0,0,0.0,0.0
1914.184,0,0,0.0,0.0
1914.29,0,0,0.0,0.0
1914.787,0,0,0.0,0.0
1914.807,0,0,0.0,0.0
1915.001,0,0,0.0,0.0
1915.195,0,0,0.0,0.0
1915.803,0,0,0.0,0.0
1916.19,0,0,0.0,0.0
1916.192,0,0,0.0,0.0
1917.089,0,0,0.0,0.0
1936.48,0,0,0.0,0.0
1936.585,0,0,0.0,0.0
1937.482,0,0,0.0,0.0
1937.483,0,0,0.0,0.0
1938.094,0,0,0.0,0.0
1938.387,0,0,0.0,0.0
1938.585,0,0,0.0,0.0
1938.782,0,0,0.0,0.0
1939.094,0,0,0.0,0.0
1939.293,0,0,0.0,0.0
1939.486,0,0,0.0,0.0
1939.782,0,0,0.0,0.0
1939.88,0,0,0.0,0.0
1940.104,0,0,0.0,0.0
1940.287,0,0,0.0,0.0
1940.482,0,0,0.0,0.0
1940.585,0,0,0.0,0.0
1940.781,0,0,0.0,0.0
1940.879,0,0,0.0,0.0
1940.885,0,0,0.0,0.0
1941.28,0,0,0.0,0.0
1941.386,0,0,0.0,0.0
1941.584,0,0,0.0,0.0
1941.781,0,0,0.0,0.0
1941.979,0,0,0.0,0.0
1942.144,0,0,0.0,0.0
1942.28,0,0,0.0,0.0
1942.38,0,0,0.0,0.0
1942.488,0,0,0.0,0.0
1942.785,0,0,0.0,0.0
1942.8,0,0,0.0,0.0
1942.981,0,0,0.0,0.0
1943.114,0,0,0.0,0.0
1943.38,0,0,0.0,0.0
1943.385,0,0,0.0,0.0
1943.392,0,0,0.0,0.0
1943.479,0,0,0.0,0.0
1943.59,0,0,0.0,0.0
1943.78,0,0,0.0,0.0
1943.799,0,0,0.0,0.0
1943.887,0,0,0.0,0.0
1944.179,0,0,0.0,0.0
1944.382,0,0,0.0,0.0
1944.478,0,0,0.0,0.0
1944.481,0,0,0.0,0.0
1944.58,0,0,0.0,0.0
1944.584,0,0,0.0,0.0
1944.786,0,0,0.0,0.0
1944.796,0,0,0.0,0.0
1945.114,0,0,0.0,0.0
1945.181,0,0,0.0,0.0
1945.281,0,0,0.0,0.0
1945.478,0,0,0.0,0.0
1945.583,0,0,0.0,0.0
1945.597,0,0,0.0,0.0
1945.786,0,0,0.0,0.0
1945.796,0,0,0.0,0.0
1946.074,0,0,0.0,0.0
1946.094,0,0,0.0,0.0
1946.186,0,0,0.0,0.0
1946.285,0,0,0.0,0.0
1946.477,0,0,0.0,0.0
1946.48,0,0,0.0,0.0
1946.78,0,0,0.0,0.0
1946.78,0,0,0.0,0.0
1946.795,0,0,0.0,0.0
1947.074,0,0,0.0,0.0
1947.094,0,0,0.0,0.0
1947.281,0,0,0.0,0.0
1947.281,0,0,0.0,0.0
1947.48,0,0,0.0,0.0
1947.58,0,0,0.0,0.0
1947.58,0,0,0.0,0.0
1947.78,0,0,0.0,0.0
1947.791,0,0,0.0,0.0
1947.799,0,0,0.0,0.0
1947.877,0,0,0.0,0.0
1948.084,0,0,0.0,0.0
1948.094,0,0,0.0,0.0
1948.188,0,0,0.0,0.0
1948.382,0,0,0.0,0.0
1948.579,0,0,0.0,0.0
1948.777,0,0,0.0,0.0
1948.877,0,0,0.0,0.0
1948.879,0,0,0.0,0.0
1948.978,0,0,0.0,0.0
1949.084,0,0,0.0,0.0
1949.091,0,0,0.0,0.0
1949.382,0,0,0.0,0.0
1949.477,0,0,0.0,0.0
1949.582,0,0,0.0,0.0
1949.776,0,0,0.0,0.0
1949.791,0,0,0.0,0.0
1949.879,0,0,0.0,0.0
1949.98,0,0,0.0,0.0
1950.179,0,0,0.0,0.0
1950.278,0,0,0.0,0.0
1950.378,0,0,0.0,0.0
1950.485,0,0,0.0,0.0
1950.776,0,0,0.0,0.0
1950.779,0,0,0.0,0.0
1950.797,0,0,0.0,0.0
1950.976,0,0,0.0,0.0
1951.084,0,0,0.0,0.0
1951.286,0,0,0.0,0.0
1951.377,0,0,0.0,0.0
1951.479,0,0,0.0,0.0
1951.584,0,0,0.0,0.0
1951.585,0,0,0.0,0.0
1951.778,0,0,0.0,0.0
1951.797,0,0,0.0,0.0
1951.876,0,0,0.0,0.0
1951.976,0,0,0.0,0.0
1952.188,0,0,0.0,0.0
1952.278,0,0,0.0,0.0
1952.377,0,0,0.0,0.0
1952.383,0,0,0.0,0.0
1952.581,0,0,0.0,0.0
1952.798,0,0,0.0,0.0
1952.879,0,0,0.0,0.0
1952.978,0,0,0.0,0.0
1953.164,0,0,0.0,0.0
1953.176,0,0,0.0,0.0
1953.375,0,0,0.0,0.0
1953.377,0,0,0.0,0.0
1953.379,0,0,0.0,0.0
1953.485,0,0,0.0,0.0
1953.778,0,0,0.0,0.0
1953.793,0,0,0.0,0.0
1953.878,0,0,0.0,0.0
1954.074,0,0,0.0,0.0
1954.178,0,0,0.0,0.0
1954.277,0,0,0.0,0.0
1954.277,0,0,0.0,0.0
1954.475,0,0,0.0,0.0
1954.478,0,0,0.0,0.0
1954.587,0,0,0.0,0.0
1954.778,0,0,0.0,0.0
1954.793,0,0,0.0,0.0
1954.882,0,0,0.0,0.0
1955.285,0,0,0.0,0.0
1955.376,0,0,0.0,0.0
1955.475,0,0,0.0,0.0
1955.478,0,0,0.0,0.0
1955.492,0,0,0.0,0.0
1955.577,0,0,0.0,0.0
1955.793,0,0,0.0,0.0
1955.878,0,0,0.0,0.0
1956.124,0,0,0.0,0.0
1956.378,0,0,0.0,0.0
1956.379,0,0,0.0,0.0
1956.475,0,0,0.0,0.0
1956.478,0,0,0.0,0.0
1956.577,0,0,0.0,0.0
1956.577,0,0,0.0,0.0
1956.592,0,0,0.0,0.0
1956.779,0,0,0.0,0.0
1956.796,0,0,0.0,0.0
1957.081,0,0,0.0,0.0
1957.284,0,0,0.0,0.0
1957.477,0,0,0.0,0.0
1957.577,0,0,0.0,0.0
1957.774,0,0,0.0,0.0
1957.774,0,0,0.0,0.0
1957.792,0,0,0.0,0.0
1957.981,0,0,0.0,0.0
1958.064,0,0,0.0,0.0
1958.124,0,0,0.0,0.0
1958.183,0,0,0.0,0.0
1958.474,0,0,0.0,0.0
1958.481,0,0,0.0,0.0
1958.584,0,0,0.0,0.0
1958.774,0,0,0.0,0.0
1958.774,0,0,0.0,0.0
1958.777,0,0,0.0,0.0
1958.794,0,0,0.0,0.0
1958.992,0,0,0.0,0.0
1959.183,0,0,0.0,0.0
1959.374,0,0,0.0,0.0
1959.58,0,0,0.0,0.0
1959.776,0,0,0.0,0.0
1959.777,0,0,0.0,0.0
1959.792,0,0,0.0,0.0
1959.974,0,0,0.0,0.0
1960.034,0,0,0.0,0.0
1960.034,0,0,0.0,0.0
1960.175,0,0,0.0,0.0
1960.177,0,0,0.0,0.0
1960.381,0,0,0.0,0.0
1960.58,0,0,0.0,0.0
1960.773,0,0,0.0,0.0
1960.874,0,0,0.0,0.0
1960.974,0,0,0.0,0.0
1961.034,0,0,0.0,0.0
1961.075,0,0,0.0,0.0
1961.077,0,0,0.0,0.0
1961.288,0,0,0.0,0.0
1961.48,0,0,0.0,0.0
1961.776,0,0,0.0,0.0
1961.789,0,0,0.0,0.0
1961.874,0,0,0.0,0.0
1961.976,0,0,0.0,0.0
1962.054,0,0,0.0,0.0
1962.174,0,0,0.0,0.0
1962.277,0,0,0.0,0.0
1962.281,0,0,0.0,0.0
1962.476,0,0,0.0,0.0
1962.579,0,0,0.0,0.0
1962.776,0,0,0.0,0.0
1962.791,0,0,0.0,0.0
1962.874,0,0,0.0,0.0
1962.874,0,0,0.0,0.0
1963.177,0,0,0.0,0.0
1963.28,0,0,0.0,0.0
1963.383,0,0,0.0,0.0
1963.579,0,0,0.0,0.0
1963.79,0,0,0.0,0.0
1963.876,0,0,0.0,0.0
1963.974,0,0,0.0,0.0
1964.084,0,0,0.0,0.0
1964.374,0,0,0.0,0.0
1964.477,0,0,0.0,0.0
1964.482,0,0,0.0,0.0
1964.588,0,0,0.0,0.0
1964.779,0,0,0.0,0.0
1964.795,0,0,0.0,0.0
1964.976,0,0,0.0,0.0
1965.374,0,0,0.0,0.0
1965.379,0,0,0.0,0.0
1965.491,0,0,0.0,0.0
1965.775,0,0,0.0,0.0
1965.794,0,0,0.0,0.0
1965.881,0,0,0.0,0.0
1966.174,0,0,0.0,0.0
1966.376,0,0,0.0,0.0
1966.781,0,0,0.0,0.0
1966.79,0,0,0.0,0.0
1967.044,0,0,0.0,0.0
1967.175,0,0,0.0,0.0
1967.276,0,0,0.0,0.0
1967.791,0,0,0.0,0.0
1968.183,0,0,0.0,0.0
1968.279,0,0,0.0,0.0
1968.79,0,0,0.0,0.0
1969.273,0,0,0.0,0.0
1969.275,0,0,0.0,0.0
1970.183,0,0,0.0,0.0
1989.465,0,0,0.0,0.0
1989.571,0,0,0.0,0.0
1990.465,0,0,0.0,0.0
1990.468,0,0,0.0,0.0
1990.944,0,0,0.0,0.0
1991.468,0,0,0.0,0.0
1991.567,0,0,0.0,0.0
1991.767,0,0,0.0,0.0
1991.944,0,0,0.0,0.0
1992.37,0,0,0.0,0.0
1992.567,0,0,0.0,0.0
1992.764,0,0,0.0,0.0
1992.865,0,0,0.0,0.0
1992.964,0,0,0.0,0.0
1993.37,0,0,0.0,0.0
1993.465,0,0,0.0,0.0
1993.57,0,0,0.0,0.0
1993.764,0,0,0.0,0.0
1993.867,0,0,0.0,0.0
1993.871,0,0,0.0,0.0
1994.366,0,0,0.0,0.0
1994.473,0,0,0.0,0.0
1994.764,0,0,0.0,0.0
1994.767,0,0,0.0,0.0
1994.964,0,0,0.0,0.0
1994.964,0,0,0.0,0.0
1995.271,0,0,0.0,0.0
1995.467,0,0,0.0,0.0
1995.573,0,0,0.0,0.0
1995.766,0,0,0.0,0.0
1995.785,0,0,0.0,0.0
1995.864,0,0,0.0,0.0
1995.964,0,0,0.0,0.0
1996.167,0,0,0.0,0.0
1996.371,0,0,0.0,0.0
1996.466,0,0,0.0,0.0
1996.476,0,0,0.0,0.0
1996.785,0,0,0.0,0.0
1996.867,0,0,0.0,0.0
1996.954,0,0,0.0,0.0
1996.964,0,0,0.0,0.0
1997.165,0,0,0.0,0.0
1997.362,0,0,0.0,0.0
1997.365,0,0,0.0,0.0
1997.367,0,0,0.0,0.0
1997.472,0,0,0.0,0.0
1997.766,0,0,0.0,0.0
1997.781,0,0,0.0,0.0
1997.867,0,0,0.0,0.0
1997.954,0,0,0.0,0.0
1998.07,0,0,0.0,0.0
1998.265,0,0,0.0,0.0
1998.267,0,0,0.0,0.0
1998.463,0,0,0.0,0.0
1998.466,0,0,0.0,0.0
1998.575,0,0,0.0,0.0
1998.781,0,0,0.0,0.0
1998.869,0,0,0.0,0.0
1999.054,0,0,0.0,0.0
1999.272,0,0,0.0,0.0
1999.364,0,0,0.0,0.0
1999.463,0,0,0.0,0.0
1999.466,0,0,0.0,0.0
1999.48,0,0,0.0,0.0
1999.565,0,0,0.0,0.0
1999.781,0,0,0.0,0.0
1999.866,0,0,0.0,0.0
2000.004,0,0,0.0,0.0
2000.274,0,0,0.0,0.0
2000.366,0,0,0.0,0.0
2000.383,0,0,0.0,0.0
2000.465,0,0,0.0,0.0
2000.565,0,0,0.0,0.0
2000.565,0,0,0.0,0.0
2000.58,0,0,0.0,0.0
2000.771,0,0,0.0,0.0
2000.784,0,0,0.0,0.0
2001.069,0,0,0.0,0.0
2001.271,0,0,0.0,0.0
2001.465,0,0,0.0,0.0
2001.565,0,0,0.0,0.0
2001.762,0,0,0.0,0.0
2001.762,0,0,0.0,0.0
2001.782,0,0,0.0,0.0
2001.944,0,0,0.0,0.0
2002.034,0,0,0.0,0.0
2002.066,0,0,0.0,0.0
2002.266,0,0,0.0,0.0
2002.462,0,0,0.0,0.0
2002.564,0,0,0.0,0.0
2002.568,0,0,0.0,0.0
2002.762,0,0,0.0,0.0
2002.762,0,0,0.0,0.0
2002.764,0,0,0.0,0.0
2002.782,0,0,0.0,0.0
2002.977,0,0,0.0,0.0
2003.171,0,0,0.0,0.0
2003.464,0,0,0.0,0.0
2003.567,0,0,0.0,0.0
2003.764,0,0,0.0,0.0
2003.764,0,0,0.0,0.0
2003.779,0,0,0.0,0.0
2003.914,0,0,0.0,0.0
2003.914,0,0,0.0,0.0
2003.962,0,0,0.0,0.0
2004.165,0,0,0.0,0.0
2004.265,0,0,0.0,0.0
2004.369,0,0,0.0,0.0
2004.567,0,0,0.0,0.0
2004.764,0,0,0.0,0.0
2004.862,0,0,0.0,0.0
2004.904,0,0,0.0,0.0
2004.962,0,0,0.0,0.0
2005.062,0,0,0.0,0.0
2005.065,0,0,0.0,0.0
2005.269,0,0,0.0,0.0
2005.468,0,0,0.0,0.0
2005.782,0,0,0.0,0.0
2005.861,0,0,0.0,0.0
2005.924,0,0,0.0,0.0
2005.964,0,0,0.0,0.0
2005.964,0,0,0.0,0.0
2006.162,0,0,0.0,0.0
2006.265,0,0,0.0,0.0
2006.269,0,0,0.0,0.0
2006.464,0,0,0.0,0.0
2006.567,0,0,0.0,0.0
2006.763,0,0,0.0,0.0
2006.779,0,0,0.0,0.0
2006.861,0,0,0.0,0.0
2006.864,0,0,0.0,0.0
2007.164,0,0,0.0,0.0
2007.262,0,0,0.0,0.0
2007.269,0,0,0.0,0.0
2007.371,0,0,0.0,0.0
2007.566,0,0,0.0,0.0
2007.778,0,0,0.0,0.0
2007.863,0,0,0.0,0.0
2007.961,0,0,0.0,0.0
2007.964,0,0,0.0,0.0
2008.162,0,0,0.0,0.0
2008.362,0,0,0.0,0.0
2008.362,0,0,0.0,0.0
2008.364,0,0,0.0,0.0
2008.47,0,0,0.0,0.0
2008.576,0,0,0.0,0.0
2008.767,0,0,0.0,0.0
2008.782,0,0,0.0,0.0
2008.963,0,0,0.0,0.0
2009.361,0,0,0.0,0.0
2009.373,0,0,0.0,0.0
2009.373,0,0,0.0,0.0
2009.46,0,0,0.0,0.0
2009.463,0,0,0.0,0.0
2009.479,0,0,0.0,0.0
2009.763,0,0,0.0,0.0
2009.781,0,0,0.0,0.0
2009.869,0,0,0.0,0.0
2010.161,0,0,0.0,0.0
2010.362,0,0,0.0,0.0
2010.364,0,0,0.0,0.0
2010.46,0,0,0.0,0.0
2010.562,0,0,0.0,0.0
2010.566,0,0,0.0,0.0
2010.777,0,0,0.0,0.0
2010.863,0,0,0.0,0.0
2010.984,0,0,0.0,0.0
2011.163,0,0,0.0,0.0
2011.263,0,0,0.0,0.0
2011.459,0,0,0.0,0.0
2011.565,0,0,0.0,0.0
2011.569,0,0,0.0,0.0
2011.578,0,0,0.0,0.0
2011.768,0,0,0.0,0.0
2011.778,0,0,0.0,0.0
2011.884,0,0,0.0,0.0
2012.063,0,0,0.0,0.0
2012.267,0,0,0.0,0.0
2012.459,0,0,0.0,0.0
2012.462,0,0,0.0,0.0
2012.762,0,0,0.0,0.0
2012.777,0,0,0.0,0.0
2012.884,0,0,0.0,0.0
2012.884,0,0,0.0,0.0
2012.954,0,0,0.0,0.0
2013.168,0,0,0.0,0.0
2013.263,0,0,0.0,0.0
2013.461,0,0,0.0,0.0
2013.561,0,0,0.0,0.0
2013.762,0,0,0.0,0.0
2013.782,0,0,0.0,0.0
2013.859,0,0,0.0,0.0
2013.884,0,0,0.0,0.0
2013.914,0,0,0.0,0.0
2013.914,0,0,0.0,0.0
2014.16,0,0,0.0,0.0
2014.163,0,0,0.0,0.0
2014.36,0,0,0.0,0.0
2014.561,0,0,0.0,0.0
2014.566,0,0,0.0,0.0
2014.761,0,0,0.0,0.0
2014.859,0,0,0.0,0.0
2014.861,0,0,0.0,0.0
2015.059,0,0,0.0,0.0
2015.073,0,0,0.0,0.0
2015.363,0,0,0.0,0.0
2015.564,0,0,0.0,0.0
2015.564,0,0,0.0,0.0
2015.758,0,0,0.0,0.0
2015.764,0,0,0.0,0.0
2015.774,0,0,0.0,0.0
2015.865,0,0,0.0,0.0
2016.162,0,0,0.0,0.0
2016.26,0,0,0.0,0.0
2016.467,0,0,0.0,0.0
2016.758,0,0,0.0,0.0
2016.78,0,0,0.0,0.0
2016.861,0,0,0.0,0.0
2016.904,0,0,0.0,0.0
2016.959,0,0,0.0,0.0
2017.359,0,0,0.0,0.0
2017.566,0,0,0.0,0.0
2017.567,0,0,0.0,0.0
2017.76,0,0,0.0,0.0
2017.779,0,0,0.0,0.0
2017.858,0,0,0.0,0.0
2017.958,0,0,0.0,0.0
2018.359,0,0,0.0,0.0
2018.462,0,0,0.0,0.0
2018.779,0,0,0.0,0.0
2018.86,0,0,0.0,0.0
2018.894,0,0,0.0,0.0
2018.96,0,0,0.0,0.0
2019.159,0,0,0.0,0.0
2019.361,0,0,0.0,0.0
2019.775,0,0,0.0,0.0
2019.86,0,0,0.0,0.0
2020.158,0,0,0.0,0.0
2020.261,0,0,0.0,0.0
2020.775,0,0,0.0,0.0
2021.26,0,0,0.0,0.0
2021.358,0,0,0.0,0.0
2021.774,0,0,0.0,0.0
2022.268,0,0,0.0,0.0
2022.36,0,0,0.0,0.0
2023.266,0,0,0.0,0.0
2041.351,0,0,0.0,0.0
2042.254,0,0,0.0,0.0
2042.452,0,0,0.0,0.0
2043.354,0,0,0.0,0.0
2043.451,0,0,0.0,0.0
2043.554,0,0,0.0,0.0
2044.45,0,0,0.0,0.0
2044.454,0,0,0.0,0.0
2044.553,0,0,0.0,0.0
2044.804,0,0,0.0,0.0
2045.355,0,0,0.0,0.0
2045.552,0,0,0.0,0.0
2045.751,0,0,0.0,0.0
2045.751,0,0,0.0,0.0
2045.814,0,0,0.0,0.0
2046.45,0,0,0.0,0.0
2046.45,0,0,0.0,0.0
2046.553,0,0,0.0,0.0
2046.749,0,0,0.0,0.0
2046.751,0,0,0.0,0.0
2046.753,0,0,0.0,0.0
2047.452,0,0,0.0,0.0
2047.555,0,0,0.0,0.0
2047.749,0,0,0.0,0.0
2047.752,0,0,0.0,0.0
2047.753,0,0,0.0,0.0
2047.784,0,0,0.0,0.0
2047.951,0,0,0.0,0.0
2048.357,0,0,0.0,0.0
2048.555,0,0,0.0,0.0
2048.751,0,0,0.0,0.0
2048.784,0,0,0.0,0.0
2048.85,0,0,0.0,0.0
2048.949,0,0,0.0,0.0
2049.051,0,0,0.0,0.0
2049.256,0,0,0.0,0.0
2049.456,0,0,0.0,0.0
2049.558,0,0,0.0,0.0
2049.761,0,0,0.0,0.0
2049.814,0,0,0.0,0.0
2049.849,0,0,0.0,0.0
2049.952,0,0,0.0,0.0
2050.15,0,0,0.0,0.0
2050.251,0,0,0.0,0.0
2050.256,0,0,0.0,0.0
2050.451,0,0,0.0,0.0
2050.561,0,0,0.0,0.0
2050.749,0,0,0.0,0.0
2050.751,0,0,0.0,0.0
2050.766,0,0,0.0,0.0
2050.851,0,0,0.0,0.0
2051.15,0,0,0.0,0.0
2051.25,0,0,0.0,0.0
2051.252,0,0,0.0,0.0
2051.356,0,0,0.0,0.0
2051.554,0,0,0.0,0.0
2051.766,0,0,0.0,0.0
2051.844,0,0,0.0,0.0
2051.851,0,0,0.0,0.0
2051.949,0,0,0.0,0.0
2052.25,0,0,0.0,0.0
2052.252,0,0,0.0,0.0
2052.261,0,0,0.0,0.0
2052.35,0,0,0.0,0.0
2052.457,0,0,0.0,0.0
2052.563,0,0,0.0,0.0
2052.757,0,0,0.0,0.0
2052.766,0,0,0.0,0.0
2052.951,0,0,0.0,0.0
2053.349,0,0,0.0,0.0
2053.349,0,0,0.0,0.0
2053.351,0,0,0.0,0.0
2053.448,0,0,0.0,0.0
2053.451,0,0,0.0,0.0
2053.554,0,0,0.0,0.0
2053.75,0,0,0.0,0.0
2053.769,0,0,0.0,0.0
2053.855,0,0,0.0,0.0
2054.149,0,0,0.0,0.0
2054.349,0,0,0.0,0.0
2054.35,0,0,0.0,0.0
2054.45,0,0,0.0,0.0
2054.55,0,0,0.0,0.0
2054.553,0,0,0.0,0.0
2054.756,0,0,0.0,0.0
2054.765,0,0,0.0,0.0
2054.854,0,0,0.0,0.0
2055.151,0,0,0.0,0.0
2055.351,0,0,0.0,0.0
2055.447,0,0,0.0,0.0
2055.55,0,0,0.0,0.0
2055.553,0,0,0.0,0.0
2055.566,0,0,0.0,0.0
2055.756,0,0,0.0,0.0
2055.764,0,0,0.0,0.0
2055.765,0,0,0.0,0.0
2056.056,0,0,0.0,0.0
2056.255,0,0,0.0,0.0
2056.448,0,0,0.0,0.0
2056.55,0,0,0.0,0.0
2056.553,0,0,0.0,0.0
2056.564,0,0,0.0,0.0
2056.75,0,0,0.0,0.0
2056.764,0,0,0.0,0.0
2056.765,0,0,0.0,0.0
2057.068,0,0,0.0,0.0
2057.251,0,0,0.0,0.0
2057.45,0,0,0.0,0.0
2057.549,0,0,0.0,0.0
2057.749,0,0,0.0,0.0
2057.761,0,0,0.0,0.0
2057.764,0,0,0.0,0.0
2057.769,0,0,0.0,0.0
2057.794,0,0,0.0,0.0
2057.847,0,0,0.0,0.0
2058.147,0,0,0.0,0.0
2058.156,0,0,0.0,0.0
2058.346,0,0,0.0,0.0
2058.549,0,0,0.0,0.0
2058.784,0,0,0.0,0.0
2058.824,0,0,0.0,0.0
2058.847,0,0,0.0,0.0
2058.847,0,0,0.0,0.0
2059.048,0,0,0.0,0.0
2059.061,0,0,0.0,0.0
2059.351,0,0,0.0,0.0
2059.552,0,0,0.0,0.0
2059.552,0,0,0.0,0.0
2059.746,0,0,0.0,0.0
2059.762,0,0,0.0,0.0
2059.846,0,0,0.0,0.0
2059.849,0,0,0.0,0.0
2060.15,0,0,0.0,0.0
2060.25,0,0,0.0,0.0
2060.348,0,0,0.0,0.0
2060.455,0,0,0.0,0.0
2060.746,0,0,0.0,0.0
2060.768,0,0,0.0,0.0
2060.784,0,0,0.0,0.0
2060.849,0,0,0.0,0.0
2060.946,0,0,0.0,0.0
2061.253,0,0,0.0,0.0
2061.347,0,0,0.0,0.0
2061.35,0,0,0.0,0.0
2061.357,0,0,0.0,0.0
2061.554,0,0,0.0,0.0
2061.748,0,0,0.0,0.0
2061.767,0,0,0.0,0.0
2061.849,0,0,0.0,0.0
2061.946,0,0,0.0,0.0
2062.158,0,0,0.0,0.0
2062.347,0,0,0.0,0.0
2062.352,0,0,0.0,0.0
2062.353,0,0,0.0,0.0
2062.452,0,0,0.0,0.0
2062.767,0,0,0.0,0.0
2062.774,0,0,0.0,0.0
2062.848,0,0,0.0,0.0
2062.946,0,0,0.0,0.0
2063.147,0,0,0.0,0.0
2063.344,0,0,0.0,0.0
2063.347,0,0,0.0,0.0
2063.349,0,0,0.0,0.0
2063.455,0,0,0.0,0.0
2063.751,0,0,0.0,0.0
2063.768,0,0,0.0,0.0
2063.774,0,0,0.0,0.0
2063.948,0,0,0.0,0.0
2064.146,0,0,0.0,0.0
2064.247,0,0,0.0,0.0
2064.249,0,0,0.0,0.0
2064.445,0,0,0.0,0.0
2064.448,0,0,0.0,0.0
2064.557,0,0,0.0,0.0
2064.75,0,0,0.0,0.0
2064.763,0,0,0.0,0.0
2064.851,0,0,0.0,0.0
2065.148,0,0,0.0,0.0
2065.346,0,0,0.0,0.0
2065.445,0,0,0.0,0.0
2065.448,0,0,0.0,0.0
2065.462,0,0,0.0,0.0
2065.547,0,0,0.0,0.0
2065.762,0,0,0.0,0.0
2065.834,0,0,0.0,0.0
2065.847,0,0,0.0,0.0
2066.248,0,0,0.0,0.0
2066.349,0,0,0.0,0.0
2066.447,0,0,0.0,0.0
2066.448,0,0,0.0,0.0
2066.547,0,0,0.0,0.0
2066.562,0,0,0.0,0.0
2066.734,0,0,0.0,0.0
2066.753,0,0,0.0,0.0
2066.766,0,0,0.0,0.0
2067.148,0,0,0.0,0.0
2067.251,0,0,0.0,0.0
2067.346,0,0,0.0,0.0
2067.547,0,0,0.0,0.0
2067.744,0,0,0.0,0.0
2067.746,0,0,0.0,0.0
2067.754,0,0,0.0,0.0
2067.76,0,0,0.0,0.0
2067.824,0,0,0.0,0.0
2068.048,0,0,0.0,0.0
2068.248,0,0,0.0,0.0
2068.444,0,0,0.0,0.0
2068.546,0,0,0.0,0.0
2068.55,0,0,0.0,0.0
2068.744,0,0,0.0,0.0
2068.744,0,0,0.0,0.0
2068.747,0,0,0.0,0.0
2068.764,0,0,0.0,0.0
2068.958,0,0,0.0,0.0
2069.153,0,0,0.0,0.0
2069.549,0,0,0.0,0.0
2069.743,0,0,0.0,0.0
2069.761,0,0,0.0,0.0
2069.846,0,0,0.0,0.0
2069.944,0,0,0.0,0.0
2070.147,0,0,0.0,0.0
2070.147,0,0,0.0,0.0
2070.534,0,0,0.0,0.0
2070.734,0,0,0.0,0.0
2070.745,0,0,0.0,0.0
2070.757,0,0,0.0,0.0
2070.844,0,0,0.0,0.0
2070.944,0,0,0.0,0.0
2071.245,0,0,0.0,0.0
2071.344,0,0,0.0,0.0
2071.759,0,0,0.0,0.0
2071.843,0,0,0.0,0.0
2071.946,0,0,0.0,0.0
2072.144,0,0,0.0,0.0
2072.247,0,0,0.0,0.0
2072.763,0,0,0.0,0.0
2072.845,0,0,0.0,0.0
2073.05,0,0,0.0,0.0
2073.244,0,0,0.0,0.0
2073.76,0,0,0.0,0.0
2074.343,0,0,0.0,0.0
2074.344,0,0,0.0,0.0
2074.76,0,0,0.0,0.0
2075.343,0,0,0.0,0.0
2075.351,0,0,0.0,0.0
2076.343,0,0,0.0,0.0
2097.796,0,0,0.0,0.0
2098.382,0,0,0.0,0.0
2098.796,0,0,0.0,0.0
2099.172,0,0,0.0,0.0
2099.372,0,0,0.0,0.0
2099.792,0,0,0.0,0.0
2100.172,0,0,0.0,0.0
2100.272,0,0,0.0,0.0
2100.473,0,0,0.0,0.0
2100.791,0,0,0.0,0.0
2101.072,0,0,0.0,0.0
2101.275,0,0,0.0,0.0
2101.472,0,0,0.0,0.0
2101.572,0,0,0.0,0.0
2101.784,0,0,0.0,0.0
2101.797,0,0,0.0,0.0
2102.272,0,0,0.0,0.0
2102.372,0,0,0.0,0.0
2102.372,0,0,0.0,0.0
2102.572,0,0,0.0,0.0
2102.774,0,0,0.0,0.0
2102.971,0,0,0.0,0.0
2103.024,0,0,0.0,0.0
2103.177,0,0,0.0,0.0
2103.272,0,0,0.0,0.0
2103.476,0,0,0.0,0.0
2103.576,0,0,0.0,0.0
2104.064,0,0,0.0,0.0
2104.08,0,0,0.0,0.0
2104.168,0,0,0.0,0.0
2104.275,0,0,0.0,0.0
2104.472,0,0,0.0,0.0
2104.475,0,0,0.0,0.0
2104.776,0,0,0.0,0.0
2104.8,0,0,0.0,0.0
2104.873,0,0,0.0,0.0
2104.873,0,0,0.0,0.0
2105.071,0,0,0.0,0.0
2105.271,0,0,0.0,0.0
2105.371,0,0,0.0,0.0
2105.372,0,0,0.0,0.0
2105.571,0,0,0.0,0.0
2105.778,0,0,0.0,0.0
2105.793,0,0,0.0,0.0
2105.973,0,0,0.0,0.0
2106.054,0,0,0.0,0.0
2106.07,0,0,0.0,0.0
2106.271,0,0,0.0,0.0
2106.369,0,0,0.0,0.0
2106.372,0,0,0.0,0.0
2106.475,0,0,0.0,0.0
2106.577,0,0,0.0,0.0
2106.778,0,0,0.0,0.0
2106.783,0,0,0.0,0.0
2106.798,0,0,0.0,0.0
2106.972,0,0,0.0,0.0
2107.168,0,0,0.0,0.0
2107.274,0,0,0.0,0.0
2107.371,0,0,0.0,0.0
2107.38,0,0,0.0,0.0
2107.469,0,0,0.0,0.0
2107.571,0,0,0.0,0.0
2107.775,0,0,0.0,0.0
2107.872,0,0,0.0,0.0
2107.973,0,0,0.0,0.0
2108.27,0,0,0.0,0.0
2108.47,0,0,0.0,0.0
2108.48,0,0,0.0,0.0
2108.571,0,0,0.0,0.0
2108.571,0,0,0.0,0.0
2108.776,0,0,0.0,0.0
2108.793,0,0,0.0,0.0
2109.024,0,0,0.0,0.0
2109.073,0,0,0.0,0.0
2109.179,0,0,0.0,0.0
2109.468,0,0,0.0,0.0
2109.471,0,0,0.0,0.0
2109.568,0,0,0.0,0.0
2109.571,0,0,0.0,0.0
2109.778,0,0,0.0,0.0
2109.793,0,0,0.0,0.0
2109.871,0,0,0.0,0.0
2110.069,0,0,0.0,0.0
2110.37,0,0,0.0,0.0
2110.37,0,0,0.0,0.0
2110.47,0,0,0.0,0.0
2110.471,0,0,0.0,0.0
2110.771,0,0,0.0,0.0
2110.796,0,0,0.0,0.0
2110.871,0,0,0.0,0.0
2110.984,0,0,0.0,0.0
2111.069,0,0,0.0,0.0
2111.369,0,0,0.0,0.0
2111.37,0,0,0.0,0.0
2111.57,0,0,0.0,0.0
2111.576,0,0,0.0,0.0
2111.804,0,0,0.0,0.0
2111.968,0,0,0.0,0.0
2111.994,0,0,0.0,0.0
2112.004,0,0,0.0,0.0
2112.075,0,0,0.0,0.0
2112.175,0,0,0.0,0.0
2112.375,0,0,0.0,0.0
2112.57,0,0,0.0,0.0
2112.776,0,0,0.0,0.0
2112.776,0,0,0.0,0.0
2112.793,0,0,0.0,0.0
2112.871,0,0,0.0,0.0
2113.004,0,0,0.0,0.0
2113.069,0,0,0.0,0.0
2113.175,0,0,0.0,0.0
2113.369,0,0,0.0,0.0
2113.373,0,0,0.0,0.0
2113.47,0,0,0.0,0.0
2113.77,0,0,0.0,0.0
2113.773,0,0,0.0,0.0
2113.782,0,0,0.0,0.0
2113.796,0,0,0.0,0.0
2113.876,0,0,0.0,0.0
2113.975,0,0,0.0,0.0
2114.175,0,0,0.0,0.0
2114.369,0,0,0.0,0.0
2114.469,0,0,0.0,0.0
2114.575,0,0,0.0,0.0
2114.773,0,0,0.0,0.0
2114.968,0,0,0.0,0.0
2115.004,0,0,0.0,0.0
2115.069,0,0,0.0,0.0
2115.078,0,0,0.0,0.0
2115.187,0,0,0.0,0.0
2115.204,0,0,0.0,0.0
2115.375,0,0,0.0,0.0
2115.575,0,0,0.0,0.0
2115.78,0,0,0.0,0.0
2115.869,0,0,0.0,0.0
2115.967,0,0,0.0,0.0
2116.054,0,0,0.0,0.0
2116.065,0,0,0.0,0.0
2116.066,0,0,0.0,0.0
2116.169,0,0,0.0,0.0
2116.378,0,0,0.0,0.0
2116.38,0,0,0.0,0.0
2116.87,0,0,0.0,0.0
2116.873,0,0,0.0,0.0
2116.994,0,0,0.0,0.0
2117.065,0,0,0.0,0.0
2117.068,0,0,0.0,0.0
2117.166,0,0,0.0,0.0
2117.366,0,0,0.0,0.0
2117.475,0,0,0.0,0.0
2117.575,0,0,0.0,0.0
2117.793,0,0,0.0,0.0
2117.87,0,0,0.0,0.0
2118.004,0,0,0.0,0.0
2118.071,0,0,0.0,0.0
2118.19,0,0,0.0,0.0
2118.265,0,0,0.0,0.0
2118.273,0,0,0.0,0.0
2118.374,0,0,0.0,0.0
2118.782,0,0,0.0,0.0
2118.791,0,0,0.0,0.0
2118.964,0,0,0.0,0.0
2119.074,0,0,0.0,0.0
2119.166,0,0,0.0,0.0
2119.367,0,0,0.0,0.0
2119.368,0,0,0.0,0.0
2119.373,0,0,0.0,0.0
2119.388,0,0,0.0,0.0
2119.466,0,0,0.0,0.0
2119.771,0,0,0.0,0.0
2119.782,0,0,0.0,0.0
2119.793,0,0,0.0,0.0
2119.971,0,0,0.0,0.0
2120.365,0,0,0.0,0.0
2120.368,0,0,0.0,0.0
2120.567,0,0,0.0,0.0
2120.568,0,0,0.0,0.0
2120.568,0,0,0.0,0.0
2120.582,0,0,0.0,0.0
2121.184,0,0,0.0,0.0
2121.468,0,0,0.0,0.0
2121.565,0,0,0.0,0.0
2121.568,0,0,0.0,0.0
2121.77,0,0,0.0,0.0
2121.771,0,0,0.0,0.0
2122.044,0,0,0.0,0.0
2122.373,0,0,0.0,0.0
2122.567,0,0,0.0,0.0
2122.768,0,0,0.0,0.0
2122.77,0,0,0.0,0.0
2122.868,0,0,0.0,0.0
2123.571,0,0,0.0,0.0
2123.866,0,0,0.0,0.0
2123.974,0,0,0.0,0.0
2123.984,0,0,0.0,0.0
2124.868,0,0,0.0,0.0
2124.965,0,0,0.0,0.0
2125.014,0,0,0.0,0.0
2125.867,0,0,0.0,0.0
2125.871,0,0,0.0,0.0
2126.867,0,0,0.0,0.0
2139.785,0,0,0.0,0.0
2140.059,0,0,0.0,0.0
2140.789,0,0,0.0,0.0
2141.061,0,0,0.0,0.0
2141.359,0,0,0.0,0.0
2141.784,0,0,0.0,0.0
2142.061,0,0,0.0,0.0
2142.261,0,0,0.0,0.0
2142.359,0,0,0.0,0.0
2142.788,0,0,0.0,0.0
2143.058,0,0,0.0,0.0
2143.361,0,0,0.0,0.0
2143.367,0,0,0.0,0.0
2143.559,0,0,0.0,0.0
2143.795,0,0,0.0,0.0
2144.061,0,0,0.0,0.0
2144.061,0,0,0.0,0.0
2144.461,0,0,0.0,0.0
2144.561,0,0,0.0,0.0
2144.562,0,0,0.0,0.0
2144.798,0,0,0.0,0.0
2145.068,0,0,0.0,0.0
2145.266,0,0,0.0,0.0
2145.461,0,0,0.0,0.0
2145.461,0,0,0.0,0.0
2145.775,0,0,0.0,0.0
2145.788,0,0,0.0,0.0
2145.914,0,0,0.0,0.0
2145.924,0,0,0.0,0.0
2146.06,0,0,0.0,0.0
2146.26,0,0,0.0,0.0
2146.366,0,0,0.0,0.0
2146.464,0,0,0.0,0.0
2146.862,0,0,0.0,0.0
2146.914,0,0,0.0,0.0
2146.914,0,0,0.0,0.0
2146.962,0,0,0.0,0.0
2146.968,0,0,0.0,0.0
2147.06,0,0,0.0,0.0
2147.114,0,0,0.0,0.0
2147.266,0,0,0.0,0.0
2147.56,0,0,0.0,0.0
2147.561,0,0,0.0,0.0
2147.76,0,0,0.0,0.0
2147.859,0,0,0.0,0.0
2147.862,0,0,0.0,0.0
2147.974,0,0,0.0,0.0
2148.06,0,0,0.0,0.0
2148.16,0,0,0.0,0.0
2148.171,0,0,0.0,0.0
2148.366,0,0,0.0,0.0
2148.568,0,0,0.0,0.0
2148.763,0,0,0.0,0.0
2148.771,0,0,0.0,0.0
2148.954,0,0,0.0,0.0
2148.959,0,0,0.0,0.0
2149.169,0,0,0.0,0.0
2149.26,0,0,0.0,0.0
2149.269,0,0,0.0,0.0
2149.466,0,0,0.0,0.0
2149.763,0,0,0.0,0.0
2149.764,0,0,0.0,0.0
2149.778,0,0,0.0,0.0
2149.961,0,0,0.0,0.0
2149.965,0,0,0.0,0.0
2150.16,0,0,0.0,0.0
2150.257,0,0,0.0,0.0
2150.36,0,0,0.0,0.0
2150.466,0,0,0.0,0.0
2150.566,0,0,0.0,0.0
2150.769,0,0,0.0,0.0
2150.786,0,0,0.0,0.0
2150.961,0,0,0.0,0.0
2151.059,0,0,0.0,0.0
2151.257,0,0,0.0,0.0
2151.26,0,0,0.0,0.0
2151.357,0,0,0.0,0.0
2151.371,0,0,0.0,0.0
2151.469,0,0,0.0,0.0
2151.764,0,0,0.0,0.0
2151.776,0,0,0.0,0.0
2151.776,0,8,0.9144,0.0
2152.156,0,8,0.9144,9.652000000002772e-05
2152.262,0,0,0.0,9.652000000002772e-05
2152.365,0,0,0.0,9.652000000002772e-05
2152.459,0,0,0.0,9.652000000002772e-05
2152.466,0,0,0.0,9.652000000002772e-05
2152.557,0,0,0.0,9.652000000002772e-05
2152.772,0,0,0.0,9.652000000002772e-05
2152.793,0,10,1.143,0.00010318750000008662
2152.914,0,0,0.0,0.00010318750000008662
2153.056,0,10,1.143,0.00014827250000003117
2153.258,0,10,1.143,0.0002124074999999584
2153.459,0,0,0.0,0.0002124074999999584
2153.462,0,0,0.0,0.0002124074999999584
2153.56,0,0,0.0,0.0002124074999999584
2153.565,0,0,0.0,0.0002124074999999584
2153.566,0,0,0.0,0.0002124074999999584
2153.764,0,0,0.0,0.0002124074999999584
2153.787,0,10,1.143,0.0002197099999998579
2153.956,0,10,1.143,0.0002733674999999607
2154.256,0,10,1.143,0.0003686174999998741
2154.36,0,0,0.0,0.0003686174999998741
2154.458,0,10,1.143,0.00039973249999986023
2154.762,0,0,0.0,0.00039973249999986023
2154.771,0,20,2.286,0.0004054474999998695
2154.781,0,19,2.1717,0.0004114799999997268
2154.894,0,0,0.0,0.0004114799999997268
2154.904,0,0,0.0,0.0004114799999997268
2155.004,0,0,0.0,0.0004114799999997268
2155.058,0,19,2.1717,0.0004440554999997795
2155.261,0,10,1.143,0.0005085079999997714
2155.364,0,10,1.143,0.0005412104999997922
2155.556,0,10,1.143,0.0006021704999997945
2155.759,0,0,0.0,0.0006021704999997945
2155.864,0,0,0.0,0.0006021704999997945
2155.874,0,0,0.0,0.0006021704999997945
2155.894,0,0,0.0,0.0006021704999997945
2156.06,0,20,2.286,0.0007075804999999007
2156.163,0,20,2.286,0.0007729854999999423
2156.358,0,10,1.143,0.0008348979999999943
2156.558,0,10,1.143,0.0008983979999999366
2156.564,0,10,1.143,0.0009003029999998916
2156.762,0,1,0.1143,0.0009065894999999017
2156.763,0,0,0.0,0.0009065894999999017
2156.781,0,28,3.2004,0.0009225914999999276
2156.857,0,0,0.0,0.0009225914999999276
2157.057,0,28,3.2004,0.0011003914999997658
2157.166,0,20,2.286,0.0011696065000000061
2157.36,0,20,2.286,0.0012927964999999808
2157.458,0,10,1.143,0.0013239114999999669
2157.761,0,4,0.4572,0.001362392499999952
2157.762,0,10,1.143,0.0013627100000000167
2157.771,0,0,0.0,0.0013627100000000167
2157.772,0,30,3.429,0.0013636624999997776
2157.791,0,30,3.429,0.0013817599999999992
2157.894,0,10,1.143,0.0014144624999998757
2157.957,0,30,3.429,0.0014744699999999728
2158.257,0,30,3.429,0.001760220000000146
2158.357,0,20,2.286,0.0018237200000000883
2158.363,0,20,2.286,0.0018275299999999982
2158.858,0,10,1.143,0.001984692500000108
2158.858,0,10,1.143,0.001984692500000108
2158.904,0,10,1.143,0.001999297500000051
2158.958,0,6,0.6858,0.002009584500000068
2158.968,0,30,3.429,0.0020191094999998426
2159.063,0,30,3.429,0.002109597000000085
2159.263,0,30,3.429,0.0023000969999999116
2159.458,0,20,2.286,0.0024239220000000154
2159.558,0,20,2.286,0.0024874219999999575
2159.563,0,12,1.3716,0.002489326999999999
2159.776,0,30,3.429,0.0026922094999997496
2159.956,0,10,1.143,0.002749359499999842
2159.958,0,10,1.143,0.002749994499999827
2160.054,0,30,3.429,0.0028414344999998305
2160.157,0,30,3.429,0.0029395419999998927
2160.163,0,30,3.429,0.0029452569999997577
2160.363,0,30,3.429,0.0031357569999995844
2160.465,0,20,2.286,0.003200526999999785
2160.561,0,20,2.286,0.0032614869999997875
2160.766,0,14,1.6002,0.003352609499999755
2160.856,0,10,1.143,0.0033811844999998013
2161.26,0,30,3.429,0.0037659944999997976
2161.266,0,30,3.429,0.0037717094999996626
2161.357,0,30,3.429,0.003858386999999562
2161.376,0,30,3.429,0.0038764844999997837
2161.563,0,21,2.4003,0.0040011667499997156
2161.76,0,20,2.286,0.00412626174999979
2161.858,0,17,1.9431,0.004179157249999766
2162.257,0,30,3.429,0.004559204749999659
2162.354,0,30,3.429,0.004651597249999423
2162.457,0,30,3.429,0.004749704749999485
2162.566,0,23,2.6289,0.004829301999999429
2162.569,0,30,3.429,0.004832159499999578
2162.864,0,20,2.286,0.0050194844999996244
2163.256,0,30,3.429,0.005392864499999458
2163.355,0,30,3.429,0.005487161999999611
2163.463,0,30,3.429,0.005590031999999777
2163.767,0,26,2.9718,0.005840983999999474
2164.024,0,30,3.429,0.0060857764999995324
2164.378,0,30,3.429,0.006422961499999789
2164.455,0,30,3.429,0.00649630399999957
2164.563,0,30,3.429,0.0065991739999997365
2165.094,0,30,3.429,0.007104951499999688
2165.576,0,30,3.429,0.007564056499999661
2165.757,0,29,3.3146999999999998,0.007730712249999698
2165.854,0,30,3.429,0.007823104749999463
2166.76,0,30,3.429,0.008686069749999848
2179.765,528,36,4.1148,0.02355078474999945
2181.014,528,35,4.0005,0.02493873599999973
2181.051,528,36,4.1148,0.02498102699999951
2182.048,528,35,4.0005,0.026088943249999337
2182.251,528,35,4.0005,0.026314526999999813
2182.772,528,39,4.4577,0.02695965524999948
2183.048,528,39,4.4577,0.02730141224999928
2183.051,528,35,4.0005,0.027304745999999453
2183.149,528,35,4.0005,0.027413648499999405
2183.782,528,32,3.6576,0.028056776499999676
2184.053,528,32,3.6576,0.028332112499999403
2184.156,528,40,4.572,0.028462922499999484
2184.172,528,35,4.0005,0.02848070249999957
2184.248,528,35,4.0005,0.028565157499999595
2184.357,528,40,4.572,0.028703587499999496
2184.787,528,34,3.8862,0.029167772499999318
2185.15,528,34,3.8862,0.029559630999999625
2185.35,528,35,4.0005,0.029781880999999424
2185.369,528,39,4.4577,0.02980540774999971
2185.449,528,35,4.0005,0.02989430774999963
2185.45,528,30,3.429,0.029895260249999393
2185.45,528,40,4.572,0.029895260249999393
2185.776,528,30,3.429,0.030205775249999414
2186.049,528,30,3.429,0.030465807749999546
2186.348,528,35,4.0005,0.03079807149999952
2186.449,528,35,4.0005,0.030910307749999647
2186.454,528,30,3.429,0.03091507024999975
2186.55,528,40,4.572,0.031036990249999754
2186.565,528,38,4.3434,0.0310550877499996
2186.776,528,34,3.8862,0.03128286224999937
2186.814,528,35,4.0005,0.03132508974999938
2187.149,528,34,3.8862,0.031686722249999424
2187.155,528,30,3.429,0.03169243724999972
2187.35,528,35,4.0005,0.0319091309999994
2187.753,528,35,4.0005,0.03235696474999967
2187.754,528,35,4.0005,0.03235807599999939
2187.774,528,35,4.0005,0.03238030099999937
2187.804,528,30,3.429,0.03240887599999956
2187.804,528,40,4.572,0.03240887599999956
2187.874,528,37,4.2291,0.03249110849999922
2188.149,528,35,4.0005,0.032796702249999324
2188.255,528,35,4.0005,0.03291449474999957
2188.353,528,35,4.0005,0.033023397249999524
2188.45,528,30,3.429,0.03311578974999929
2188.55,528,30,3.429,0.03321103974999964
2188.751,528,39,4.4577,0.03345992799999967
2188.753,528,37,4.2291,0.03346227749999961
2188.783,528,35,4.0005,0.033495614999999326
2188.851,528,35,4.0005,0.03357117999999956
2188.961,528,35,4.0005,0.0336934174999992
2189.349,528,35,4.0005,0.03412458249999961
2189.449,528,35,4.0005,0.03423570749999951
2189.453,528,30,3.429,0.03423951749999942
2189.764,528,40,4.572,0.03463448749999961
2189.793,528,39,4.4577,0.0346703967499996
2189.804,528,35,4.0005,0.03468262049999957
2189.814,528,37,4.2291,0.03469436799999929
2189.848,528,31,3.5433,0.03472783249999939
2189.849,528,38,4.3434,0.034729038999999635
2189.96,528,39,4.4577,0.03486648474999948
2190.155,528,35,4.0005,0.035083178499999666
2190.349,528,35,4.0005,0.03529876099999962
2190.455,528,35,4.0005,0.035416553499999365
2190.772,528,40,4.572,0.03581914349999937
2190.794,528,30,3.429,0.035840098499999314
2190.814,528,34,3.8862,0.035861688499999295
2190.946,528,40,4.572,0.036029328499999375
2190.948,528,34,3.8862,0.03603148749999932
2190.95,528,32,3.6576,0.03603351949999927
2191.148,528,40,4.572,0.036284979499999676
2191.249,528,35,4.0005,0.036397215749999295
2191.45,528,35,4.0005,0.03662057699999932
2191.455,528,35,4.0005,0.03662613324999944
2191.794,528,31,3.5433,0.03695979399999939
2191.85,528,33,3.7719,0.03701846799999943
2191.95,528,33,3.7719,0.037123242999999334
2192.046,528,40,4.572,0.03724516299999934
2192.148,528,40,4.572,0.03737470299999974
2192.248,528,40,4.572,0.03750170299999962
2192.449,528,35,4.0005,0.03772506424999965
2192.555,528,35,4.0005,0.03784285674999939
2192.75,528,31,3.5433,0.03803478549999955
2192.774,528,32,3.6576,0.038059169499999435
2192.823,528,36,4.1148,0.03811517649999941
2192.834,528,35,4.0005,0.038127400249999374
2193.051,528,36,4.1148,0.03837543124999949
2193.246,528,40,4.572,0.0386230812499997
2193.248,528,40,4.572,0.03862562124999964
2193.249,528,40,4.572,0.038626891249999316
2193.549,528,35,4.0005,0.03896026624999952
2193.752,528,35,4.0005,0.039185849999999495
2193.752,528,35,4.0005,0.039185849999999495
2193.761,528,25,2.8575,0.03919299374999951
2193.811,528,30,3.429,0.039240618749999685
2193.95,528,33,3.7719,0.039386255999999335
2194.048,528,30,3.429,0.039479600999999295
2194.348,528,40,4.572,0.039860600999999524
2194.359,528,40,4.572,0.039874570999999484
2194.36,528,40,4.572,0.039875840999999745
2194.448,528,35,4.0005,0.039973630999999454
2194.548,528,35,4.0005,0.040084755999999354
2194.764,528,35,4.0005,0.040324785999999745
2194.853,528,35,4.0005,0.04042368724999968
2195.045,528,25,2.8575,0.040576087249999684
2195.245,528,30,3.429,0.040766587249999514
2195.446,528,40,4.572,0.041021857249999544
2195.451,528,35,4.0005,0.041027413499999665
2195.458,528,40,4.572,0.041036303499999746
2195.784,528,40,4.572,0.041450323499999775
2195.814,528,13,1.4859,0.04146270599999967
2195.851,528,35,4.0005,0.04150382224999996
2195.854,528,36,4.1148,0.04150725124999962
2196.147,528,13,1.4859,0.04162818699999967
2196.248,528,25,2.8575,0.04170835574999976
2196.446,528,30,3.429,0.041896950749999634
2196.752,528,40,4.572,0.04228557074999968
2196.758,528,38,4.3434,0.04229280974999951
2196.784,528,35,4.0005,0.042321702249999836
2196.811,105,2,0.2286,0.042323416749999836
2196.824,528,40,4.572,0.042339926749999736
2196.854,528,40,4.572,0.04237802674999941
2197.146,105,2,0.2286,0.04239656874999943
2197.354,528,30,3.429,0.04259468874999908
2197.447,528,10,1.143,0.04262421624999918
2197.545,528,25,2.8575,0.04270200374999915
2197.748,528,39,4.4577,0.04295336849999912
2197.751,528,35,4.0005,0.04295670224999929
2197.758,528,40,4.572,0.04296559224999879
2197.794,528,40,4.572,0.043011312249998865
2197.816,0,0,0.0,0.043011312249998865
2198.147,0,0,0.0,0.043011312249998865
2198.448,0,0,0.0,0.043011312249998865
2198.451,528,10,1.143,0.04301226474999891
2198.548,528,25,2.8575,0.043089258499998714
2198.748,528,40,4.572,0.04334325849999906
2198.754,528,34,3.8862,0.043349735499998904
2198.754,528,38,4.3434,0.043349735499998904
2198.784,528,30,3.429,0.043378310499999094
2198.809,0,0,0.0,0.043378310499999094
2199.05,0,0,0.0,0.043378310499999094
2199.15,0,0,0.0,0.043378310499999094
2199.448,0,0,0.0,0.043378310499999094
2199.752,528,25,2.8575,0.04361961049999916
2199.784,528,10,1.143,0.043629770499999214
2199.784,528,29,3.3146999999999998,0.043629770499999214
2199.812,0,0,0.0,0.043629770499999214
2199.846,528,37,4.2291,0.04366971199999934
2199.946,528,32,3.6576,0.04377131199999925
2200.052,0,0,0.0,0.04377131199999925
2200.252,0,0,0.0,0.04377131199999925
2200.352,0,0,0.0,0.04377131199999925
2200.774,0,0,0.0,0.04377131199999925
2200.784,528,10,1.143,0.04377448699999932
2200.818,0,0,0.0,0.04377448699999932
2200.848,528,23,2.6289,0.043796394499999135
2200.848,528,28,3.2004,0.043796394499999135
2200.947,0,0,0.0,0.043796394499999135
2200.948,528,31,3.5433,0.04379737874999889
2201.246,0,0,0.0,0.04379737874999889
2201.447,0,0,0.0,0.04379737874999889
2201.452,0,0,0.0,0.04379737874999889
2201.814,0,0,0.0,0.04379737874999889
2201.848,475,9,1.0287,0.043807094249998915
2201.848,528,19,2.1717,0.043807094249998915
2201.946,528,26,2.9718,0.043887993249998876
2202.158,0,0,0.0,0.043887993249998876
2202.246,0,0,0.0,0.043887993249998876
2202.458,0,0,0.0,0.043887993249998876
2202.751,0,0,0.0,0.043887993249998876
2202.76,316,6,0.6858,0.043889707749998876
2202.764,0,0,0.0,0.043889707749998876
2203.045,528,16,1.8288,0.04403245574999885
2203.246,0,0,0.0,0.04403245574999885
2203.358,0,0,0.0,0.04403245574999885
2203.548,0,0,0.0,0.04403245574999885
2203.774,0,0,0.0,0.04403245574999885
2203.851,0,0,0.0,0.04403245574999885
2204.047,211,4,0.4572,0.044057347749998844
2204.456,0,0,0.0,0.044057347749998844
2204.744,0,0,0.0,0.044057347749998844
2204.814,0,0,0.0,0.044057347749998844
2204.947,0,0,0.0,0.044057347749998844
2205.755,0,0,0.0,0.044057347749998844
2205.824,0,0,0.0,0.044057347749998844
2205.85,0,0,0.0,0.044057347749998844
2206.758,0,0,0.0,0.044057347749998844
2206.946,0,0,0.0,0.044057347749998844
2207.759,0,0,0.0,0.044057347749998844
2221.805,0,0,0.0,0.044057347749998844
2222.042,0,0,0.0,0.044057347749998844
2222.8,0,0,0.0,0.044057347749998844
2223.04,0,0,0.0,0.044057347749998844
2223.146,0,0,0.0,0.044057347749998844
2223.35,0,0,0.0,0.044057347749998844
2223.81,0,0,0.0,0.044057347749998844
2224.039,0,0,0.0,0.044057347749998844
2224.14,0,0,0.0,0.044057347749998844
2224.34,0,0,0.0,0.044057347749998844
2224.349,0,0,0.0,0.044057347749998844
2224.809,0,0,0.0,0.044057347749998844
2225.039,0,0,0.0,0.044057347749998844
2225.137,0,0,0.0,0.044057347749998844
2225.338,0,0,0.0,0.044057347749998844
2225.352,0,0,0.0,0.044057347749998844
2225.546,0,0,0.0,0.044057347749998844
2225.812,0,0,0.0,0.044057347749998844
2226.039,0,0,0.0,0.044057347749998844
2226.16,0,0,0.0,0.044057347749998844
2226.237,0,0,0.0,0.044057347749998844
2226.346,0,0,0.0,0.044057347749998844
2226.54,0,0,0.0,0.044057347749998844
2226.764,0,0,0.0,0.044057347749998844
2226.807,0,0,0.0,0.044057347749998844
2227.137,0,0,0.0,0.044057347749998844
2227.339,0,0,0.0,0.044057347749998844
2227.359,0,0,0.0,0.044057347749998844
2227.437,0,0,0.0,0.044057347749998844
2227.445,0,0,0.0,0.044057347749998844
2227.546,0,0,0.0,0.044057347749998844
2227.807,0,0,0.0,0.044057347749998844
2227.84,0,0,0.0,0.044057347749998844
2227.942,0,0,0.0,0.044057347749998844
2228.339,0,0,0.0,0.044057347749998844
2228.443,0,0,0.0,0.044057347749998844
2228.449,0,0,0.0,0.044057347749998844
2228.539,0,0,0.0,0.044057347749998844
2228.553,0,0,0.0,0.044057347749998844
2228.554,0,0,0.0,0.044057347749998844
2228.801,0,0,0.0,0.044057347749998844
2228.846,0,0,0.0,0.044057347749998844
2229.042,0,0,0.0,0.044057347749998844
2229.436,0,0,0.0,0.044057347749998844
2229.437,0,0,0.0,0.044057347749998844
2229.537,0,0,0.0,0.044057347749998844
2229.743,0,0,0.0,0.044057347749998844
2229.749,0,0,0.0,0.044057347749998844
2229.764,0,0,0.0,0.044057347749998844
2229.806,0,0,0.0,0.044057347749998844
2230.136,0,0,0.0,0.044057347749998844
2230.234,0,0,0.0,0.044057347749998844
2230.344,0,0,0.0,0.044057347749998844
2230.439,0,0,0.0,0.044057347749998844
2230.739,0,0,0.0,0.044057347749998844
2230.743,0,0,0.0,0.044057347749998844
2230.752,0,0,0.0,0.044057347749998844
2230.807,0,0,0.0,0.044057347749998844
2230.84,0,0,0.0,0.044057347749998844
2230.934,0,0,0.0,0.044057347749998844
2231.035,0,0,0.0,0.044057347749998844
2231.338,0,0,0.0,0.044057347749998844
2231.538,0,0,0.0,0.044057347749998844
2231.544,0,0,0.0,0.044057347749998844
2231.801,0,0,0.0,0.044057347749998844
2231.837,0,0,0.0,0.044057347749998844
2231.839,0,0,0.0,0.044057347749998844
2231.924,0,0,0.0,0.044057347749998844
2232.043,0,0,0.0,0.044057347749998844
2232.134,0,0,0.0,0.044057347749998844
2232.241,0,0,0.0,0.044057347749998844
2232.44,0,0,0.0,0.044057347749998844
2232.538,0,0,0.0,0.044057347749998844
2232.748,0,0,0.0,0.044057347749998844
2232.752,0,0,0.0,0.044057347749998844
2232.809,0,0,0.0,0.044057347749998844
2232.839,0,0,0.0,0.044057347749998844
2233.037,0,0,0.0,0.044057347749998844
2233.134,0,0,0.0,0.044057347749998844
2233.337,0,0,0.0,0.044057347749998844
2233.438,0,0,0.0,0.044057347749998844
2233.439,0,0,0.0,0.044057347749998844
2233.739,0,0,0.0,0.044057347749998844
2233.742,0,0,0.0,0.044057347749998844
2233.807,0,0,0.0,0.044057347749998844
2233.839,0,0,0.0,0.044057347749998844
2233.943,0,0,0.0,0.044057347749998844
2234.039,0,0,0.0,0.044057347749998844
2234.237,0,0,0.0,0.044057347749998844
2234.343,0,0,0.0,0.044057347749998844
2234.538,0,0,0.0,0.044057347749998844
2234.799,0,0,0.0,0.044057347749998844
2234.936,0,0,0.0,0.044057347749998844
2235.037,0,0,0.0,0.044057347749998844
2235.039,0,0,0.0,0.044057347749998844
2235.134,0,0,0.0,0.044057347749998844
2235.145,0,0,0.0,0.044057347749998844
2235.337,0,0,0.0,0.044057347749998844
2235.534,0,0,0.0,0.044057347749998844
2235.537,0,0,0.0,0.044057347749998844
2235.747,0,0,0.0,0.044057347749998844
2235.751,0,0,0.0,0.044057347749998844
2235.803,0,0,0.0,0.044057347749998844
2235.939,0,0,0.0,0.044057347749998844
2236.134,0,0,0.0,0.044057347749998844
2236.136,0,0,0.0,0.044057347749998844
2236.242,0,0,0.0,0.044057347749998844
2236.246,0,0,0.0,0.044057347749998844
2236.351,0,0,0.0,0.044057347749998844
2236.544,0,0,0.0,0.044057347749998844
2236.748,0,0,0.0,0.044057347749998844
2236.801,0,0,0.0,0.044057347749998844
2236.844,0,0,0.0,0.044057347749998844
2236.848,0,0,0.0,0.044057347749998844
2236.946,0,0,0.0,0.044057347749998844
2237.237,0,0,0.0,0.044057347749998844
2237.334,0,0,0.0,0.044057347749998844
2237.337,0,0,0.0,0.044057347749998844
2237.543,0,0,0.0,0.044057347749998844
2237.546,0,0,0.0,0.044057347749998844
2237.74,0,0,0.0,0.044057347749998844
2237.798,0,0,0.0,0.044057347749998844
2238.038,0,0,0.0,0.044057347749998844
2238.136,0,0,0.0,0.044057347749998844
2238.236,0,0,0.0,0.044057347749998844
2238.334,0,0,0.0,0.044057347749998844
2238.335,0,0,0.0,0.044057347749998844
2238.534,0,0,0.0,0.044057347749998844
2238.546,0,0,0.0,0.044057347749998844
2238.748,0,0,0.0,0.044057347749998844
2238.803,0,0,0.0,0.044057347749998844
2238.939,0,0,0.0,0.044057347749998844
2239.133,0,0,0.0,0.044057347749998844
2239.336,0,0,0.0,0.044057347749998844
2239.358,0,0,0.0,0.044057347749998844
2239.434,0,0,0.0,0.044057347749998844
2239.437,0,0,0.0,0.044057347749998844
2239.542,0,0,0.0,0.044057347749998844
2239.746,0,0,0.0,0.044057347749998844
2239.802,0,0,0.0,0.044057347749998844
2239.843,0,0,0.0,0.044057347749998844
2240.035,0,0,0.0,0.044057347749998844
2240.336,0,0,0.0,0.044057347749998844
2240.44,0,0,0.0,0.044057347749998844
2240.536,0,0,0.0,0.044057347749998844
2240.555,0,0,0.0,0.044057347749998844
2240.734,0,0,0.0,0.044057347749998844
2240.75,0,0,0.0,0.044057347749998844
2240.809,0,0,0.0,0.044057347749998844
2241.034,0,0,0.0,0.044057347749998844
2241.036,0,0,0.0,0.044057347749998844
2241.433,0,0,0.0,0.044057347749998844
2241.435,0,0,0.0,0.044057347749998844
2241.536,0,0,0.0,0.044057347749998844
2241.74,0,0,0.0,0.044057347749998844
2241.752,0,0,0.0,0.044057347749998844
2241.809,0,0,0.0,0.044057347749998844
2242.032,0,0,0.0,0.044057347749998844
2242.034,0,0,0.0,0.044057347749998844
2242.034,0,0,0.0,0.044057347749998844
2242.341,0,0,0.0,0.044057347749998844
2242.341,0,0,0.0,0.044057347749998844
2242.634,0,0,0.0,0.044057347749998844
2242.736,0,0,0.0,0.044057347749998844
2242.74,0,0,0.0,0.044057347749998844
2242.937,0,0,0.0,0.044057347749998844
2242.937,0,0,0.0,0.044057347749998844
2243.238,0,0,0.0,0.044057347749998844
2243.439,0,0,0.0,0.044057347749998844
2243.541,0,0,0.0,0.044057347749998844
2243.834,0,0,0.0,0.044057347749998844
2243.834,0,0,0.0,0.044057347749998844
2243.834,0,0,0.0,0.044057347749998844
2243.937,0,0,0.0,0.044057347749998844
2244.535,0,0,0.0,0.044057347749998844
2244.745,0,0,0.0,0.044057347749998844
2244.836,0,0,0.0,0.044057347749998844
2244.936,0,0,0.0,0.044057347749998844
2245.434,0,0,0.0,0.044057347749998844
2245.736,0,0,0.0,0.044057347749998844
2245.739,0,0,0.0,0.044057347749998844
2245.835,0,0,0.0,0.044057347749998844
2246.036,0,0,0.0,0.044057347749998844
2246.834,0,0,0.0,0.044057347749998844
2246.933,0,0,0.0,0.044057347749998844
2246.935,0,0,0.0,0.044057347749998844
2247.749,0,0,0.0,0.044057347749998844
2247.839,0,0,0.0,0.044057347749998844
2248.943,0,0,0.0,0.044057347749998844
2262.13,528,18,2.0574,0.05159371824999878
2262.794,528,28,3.2004,0.05218401424999857
2263.127,528,28,3.2004,0.05248005124999865
2263.33,528,20,2.286,0.05260895624999863
2263.798,528,30,3.429,0.053054726249998484
2264.029,528,30,3.429,0.053274753749998696
2264.43,528,30,3.429,0.05365670624999854
2264.529,528,20,2.286,0.05371957124999864
2264.792,528,30,3.429,0.05397007874999856
2265.032,528,30,3.429,0.054198678749998785
2265.331,528,30,3.429,0.05448347624999877
2265.43,528,30,3.429,0.05457777374999849
2265.533,528,20,2.286,0.05464317874999853
2265.792,528,30,3.429,0.05488987624999854
2266.028,528,30,3.429,0.055114666249998424
2266.229,528,30,3.429,0.05530611874999845
2266.335,528,30,3.429,0.055407083749998656
2266.628,528,20,2.286,0.05559313874999873
2266.631,528,30,3.429,0.05559599624999845
2266.796,528,30,3.429,0.055753158749998415
2266.932,528,30,3.429,0.055882698749998384
2267.14,528,30,3.429,0.056080818749998464
2267.335,528,30,3.429,0.05626655624999862
2267.529,528,30,3.429,0.056451341249998586
2267.533,528,30,3.429,0.056455151249998496
2267.795,528,30,3.429,0.05670470624999866
2267.83,528,21,2.4003,0.05672804249999856
2267.902,528,30,3.429,0.05679662249999867
2268.14,528,30,3.429,0.05702331749999851
2268.328,528,30,3.429,0.057202387499998605
2268.43,528,30,3.429,0.057299542499998475
2268.734,528,30,3.429,0.05758910249999856
2268.738,528,24,2.7432,0.05759215049999849
2268.739,528,30,3.429,0.05759310299999868
2268.793,528,22,2.5146,0.05763082199999874
2269.026,528,22,2.5146,0.057793572499998544
2269.24,528,30,3.429,0.05799740749999849
2269.328,528,30,3.429,0.058081227499998674
2269.34,528,30,3.429,0.05809265749999884
2269.53,528,30,3.429,0.058273632499998895
2269.79,528,12,1.3716,0.0583726924999988
2269.833,528,30,3.429,0.058413649999998915
2270.025,528,12,1.3716,0.058486801999998915
2270.03,528,26,2.9718,0.058490929499999005
2270.328,528,20,2.286,0.058680159499998864
2270.332,528,30,3.429,0.058683969499998774
2270.428,528,30,3.429,0.05877540949999878
2270.438,528,30,3.429,0.058784934499998984
2270.624,528,30,3.429,0.05896209949999869
2270.63,528,30,3.429,0.05896781449999899
2270.791,528,18,2.0574,0.05905982599999902
2270.835,528,30,3.429,0.05910173599999889
2270.929,528,30,3.429,0.05919127099999894
2271.031,528,18,2.0574,0.05924956399999886
2271.227,528,10,1.143,0.059311793999998835
2271.328,528,30,3.429,0.05940799649999894
2271.426,528,20,2.286,0.05947022649999892
2271.429,528,30,3.429,0.059473083999999066
2271.79,528,12,1.3716,0.059610624999999015
2271.829,528,30,3.429,0.05964777249999922
2271.834,528,30,3.429,0.05965253499999889
2272.127,528,12,1.3716,0.05976416799999894
2272.427,528,20,2.286,0.05995466799999905
2272.428,528,20,2.286,0.05995530299999889
2272.428,528,30,3.429,0.05995530299999889
2272.525,528,10,1.143,0.05998610049999896
2272.614,528,30,3.429,0.06007087299999891
2272.627,528,30,3.429,0.06008325549999883
2272.798,528,10,1.143,0.06013754799999877
2272.835,528,30,3.429,0.06017279049999902
2273.025,528,10,1.143,0.06023311549999904
2273.234,528,30,3.429,0.06043218799999888
2273.427,528,10,1.143,0.06049346549999895
2273.431,528,20,2.286,0.06049600549999889
2273.528,528,29,3.3146999999999998,0.06058531824999866
2273.629,528,10,1.143,0.0606173857499987
2273.741,528,30,3.429,0.06072406574999877
2273.802,528,6,0.6858,0.0607356862499988
2273.834,528,30,3.429,0.06076616624999852
2274.027,528,6,0.6858,0.06080293274999856
2274.227,528,10,1.143,0.060866432749998506
2274.426,528,10,1.143,0.06092961524999853
2274.574,528,20,2.286,0.06102359524999862
2274.628,528,20,2.286,0.061057885249998674
2274.632,528,10,1.143,0.061059155249998644
2274.792,528,5,0.5715,0.06108455524999862
2275.127,528,5,0.5715,0.061137736499998624
2275.23,528,5,0.5715,0.061154087749998635
2275.425,528,10,1.143,0.06121600024999869
2275.526,528,20,2.286,0.06128013524999847
2275.527,528,10,1.143,0.061280452749998535
2275.604,528,19,2.1717,0.0613269029999984
2275.604,528,26,2.9718,0.0613269029999984
2275.614,528,30,3.429,0.061336427999998604
2275.774,528,24,2.7432,0.06145834799999849
2275.793,52,0,0.0,0.06145834799999849
2275.828,528,11,1.2573,0.06147057174999844
2275.928,528,16,1.8288,0.061521371749998395
2276.026,52,0,0.0,0.061521371749998395
2276.332,528,5,0.5715,0.0615699492499984
2276.43,528,5,0.5715,0.061585506749998395
2276.527,528,10,1.143,0.06161630424999846
2276.794,0,0,0.0,0.06161630424999846
2276.825,528,19,2.1717,0.06163500499999843
2276.925,528,14,1.6002,0.06167945499999859
2277.032,0,0,0.0,0.06167945499999859
2277.232,0,0,0.0,0.06167945499999859
2277.33,528,5,0.5715,0.061695012499998585
2277.574,528,10,1.143,0.06177248249999863
2277.574,528,14,1.6002,0.06177248249999863
2277.627,528,5,0.5715,0.061780896249998614
2277.792,0,0,0.0,0.061780896249998614
2277.925,528,16,1.8288,0.06184846024999875
2278.025,528,16,1.8288,0.06189926024999871
2278.026,0,0,0.0,0.06189926024999871
2278.136,0,0,0.0,0.06189926024999871
2278.332,0,0,0.0,0.06189926024999871
2278.528,528,5,0.5715,0.06193037524999869
2278.594,528,10,1.143,0.06195133024999877
2278.604,528,10,1.143,0.061954505249998695
2278.627,528,5,0.5715,0.061958156499998716
2278.734,528,9,1.0287,0.06198873174999871
2278.788,0,0,0.0,0.06198873174999871
2278.927,528,10,1.143,0.062032864249998744
2278.928,528,14,1.6002,0.062033308749998635
2278.932,0,0,0.0,0.062033308749998635
2279.132,0,0,0.0,0.062033308749998635
2279.332,0,0,0.0,0.062033308749998635
2279.432,0,0,0.0,0.062033308749998635
2279.532,528,5,0.5715,0.062049183749998696
2279.791,0,0,0.0,0.062049183749998696
2279.825,528,8,0.9144,0.062057819749998605
2279.827,528,5,0.5715,0.06205813724999867
2279.927,528,10,1.143,0.062089887249998636
2280.029,0,0,0.0,0.062089887249998636
2280.145,0,0,0.0,0.062089887249998636
2280.223,0,0,0.0,0.062089887249998636
2280.335,0,0,0.0,0.062089887249998636
2280.627,0,0,0.0,0.062089887249998636
2280.735,528,5,0.5715,0.06210703224999867
2280.801,0,0,0.0,0.06210703224999867
2281.027,528,7,0.8001,0.062157260749998694
2281.123,0,0,0.0,0.062157260749998694
2281.226,0,0,0.0,0.062157260749998694
2281.337,0,0,0.0,0.062157260749998694
2281.425,0,0,0.0,0.062157260749998694
2281.526,0,0,0.0,0.062157260749998694
2281.594,422,4,0.4572,0.06216589674999872
2281.628,0,0,0.0,0.06216589674999872
2281.796,0,0,0.0,0.06216589674999872
2281.832,264,2,0.2286,0.062168182749998725
2281.933,528,5,0.5715,0.062184216499998744
2282.023,0,0,0.0,0.062184216499998744
2282.425,0,0,0.0,0.062184216499998744
2282.431,0,0,0.0,0.062184216499998744
2282.432,0,0,0.0,0.062184216499998744
2282.526,0,0,0.0,0.062184216499998744
2282.537,0,0,0.0,0.062184216499998744
2282.735,0,0,0.0,0.062184216499998744
2282.788,0,0,0.0,0.062184216499998744
2282.83,158,1,0.1143,0.06218554999999874
2283.025,0,0,0.0,0.06218554999999874
2283.224,0,0,0.0,0.06218554999999874
2283.523,0,0,0.0,0.06218554999999874
2283.523,0,0,0.0,0.06218554999999874
2283.525,0,0,0.0,0.06218554999999874
2283.624,0,0,0.0,0.06218554999999874
2283.745,0,0,0.0,0.06218554999999874
2284.034,0,0,0.0,0.06218554999999874
2284.423,0,0,0.0,0.06218554999999874
2284.522,0,0,0.0,0.06218554999999874
2284.523,0,0,0.0,0.06218554999999874
2284.623,0,0,0.0,0.06218554999999874
2284.633,0,0,0.0,0.06218554999999874
2284.826,0,0,0.0,0.06218554999999874
2285.623,0,0,0.0,0.06218554999999874
2285.626,0,0,0.0,0.06218554999999874
2285.627,0,0,0.0,0.06218554999999874
2285.735,0,0,0.0,0.06218554999999874
2286.554,0,0,0.0,0.06218554999999874
2286.629,0,0,0.0,0.06218554999999874
2286.784,0,0,0.0,0.06218554999999874
2286.825,0,0,0.0,0.06218554999999874
2286.923,0,0,0.0,0.06218554999999874
2287.825,0,0,0.0,0.06218554999999874
2287.829,0,0,0.0,0.06218554999999874
2287.925,0,0,0.0,0.06218554999999874
2289.024,0,0,0.0,0.06218554999999874
2289.574,0,0,0.0,0.06218554999999874
2290.022,0,0,0.0,0.06218554999999874
2302.783,422,4,0.4572,0.06380619699999873
2303.017,422,4,0.4572,0.06383591499999872
2303.782,528,5,0.5715,0.06395735874999876
2304.119,528,5,0.5715,0.06401085749999876
2304.417,528,5,0.5715,0.06405816499999872
2304.781,105,1,0.1143,0.06406972199999872
2305.116,105,1,0.1143,0.06408035824999872
2305.318,528,5,0.5715,0.06411242574999876
2305.319,528,5,0.5715,0.06411258449999872
2305.793,0,0,0.0,0.06411258449999872
2305.922,0,0,0.0,0.06411258449999872
2306.319,0,0,0.0,0.06411258449999872
2306.419,528,5,0.5715,0.06412845949999871
2306.62,528,5,0.5715,0.06416036824999871
2306.79,0,0,0.0,0.06416036824999871
2307.021,0,0,0.0,0.06416036824999871
2307.418,0,0,0.0,0.06416036824999871
2307.419,528,5,0.5715,0.06416052699999868
2307.516,0,0,0.0,0.06416052699999868
2307.781,475,4,0.4572,0.06419418199999866
2308.118,475,4,0.4572,0.06423698099999865
2308.324,0,0,0.0,0.06423698099999865
2308.324,0,0,0.0,0.06423698099999865
2308.519,0,0,0.0,0.06423698099999865
2308.524,528,5,0.5715,0.06423777474999867
2308.604,528,5,0.5715,0.06425047474999866
2308.617,528,5,0.5715,0.06425253849999872
2308.819,528,5,0.5715,0.06428460599999869
2309.017,528,5,0.5715,0.06431603849999867
2309.217,528,5,0.5715,0.06434778849999871
2309.418,0,0,0.0,0.06434778849999871
2309.522,0,0,0.0,0.06434778849999871
2309.524,475,4,0.4572,0.0643480424999987
2309.619,0,0,0.0,0.0643480424999987
2309.782,105,1,0.1143,0.0643532177499987
2309.917,528,5,0.5715,0.06437464899999867
2309.917,316,3,0.3429,0.06437464899999867
2310.023,105,1,0.1143,0.06437801449999868
2310.127,528,5,0.5715,0.06439452449999865
2310.418,528,5,0.5715,0.06444072074999868
2310.617,0,0,0.0,0.06444072074999868
2310.619,0,0,0.0,0.06444072074999868
2310.784,0,12,1.3716,0.06450358574999866
2310.819,0,0,0.0,0.06450358574999866
2310.819,316,3,0.3429,0.06450358574999866
2310.819,528,5,0.5715,0.06450358574999866
2310.926,0,12,1.3716,0.06454435274999865
2311.222,0,0,0.0,0.06454435274999865
2311.323,528,5,0.5715,0.0645603864999986
2311.323,528,5,0.5715,0.0645603864999986
2311.778,0,15,1.7145,0.06477708024999856
2311.818,0,0,0.0,0.06477708024999856
2311.818,0,0,0.0,0.06477708024999856
2311.864,0,15,1.7145,0.06479898774999848
2311.919,211,2,0.2286,0.06480248024999848
2312.122,0,15,1.7145,0.06489915899999846
2312.317,0,0,0.0,0.06489915899999846
2312.514,0,0,0.0,0.06489915899999846
2312.517,528,5,0.5715,0.06489963524999841
2312.523,528,5,0.5715,0.06490058774999846
2312.619,105,1,0.1143,0.06490363574999847
2312.779,0,27,3.0861,0.06504079574999834
2312.822,0,0,0.0,0.06504079574999834
2313.018,0,0,0.0,0.06504079574999834
2313.116,0,15,1.7145,0.06508746824999832
2313.117,0,27,3.0861,0.0650883254999985
2313.222,0,15,1.7145,0.06513833174999852
2313.417,0,0,0.0,0.06513833174999852
2313.523,528,5,0.5715,0.06515515924999855
2313.618,528,5,0.5715,0.06517024049999852
2313.788,0,26,2.9718,0.06531057549999858
2313.821,264,2,0.2286,0.06531267099999857
2314.014,0,26,2.9718,0.06547199249999874
2314.316,0,30,3.429,0.06575964749999844
2314.317,0,15,1.7145,0.06576012374999854
2314.323,0,15,1.7145,0.06576298124999848
2314.417,0,0,0.0,0.06576298124999848
2314.614,0,0,0.0,0.06576298124999848
2314.79,0,25,2.8575,0.06590268124999843
2314.818,528,5,0.5715,0.06590712624999846
2314.918,369,3,0.3429,0.06591665124999846
2314.92,0,25,2.8575,0.06591823874999843
2315.317,0,15,1.7145,0.06610730999999839
2315.416,0,25,2.8575,0.06618589124999852
2315.426,0,15,1.7145,0.06619065374999841
2315.504,475,4,0.4572,0.0662005597499984
2315.516,0,30,3.429,0.06621198974999856
2315.528,0,1,0.1143,0.06621237074999856
2315.779,0,11,1.2573,0.06630003249999862
2315.918,528,5,0.5715,0.06632209874999864
2316.115,0,11,1.2573,0.06639090099999853
2316.414,0,25,2.8575,0.06662823224999888
2316.416,0,25,2.8575,0.06662981974999885
2316.504,316,3,0.3429,0.06663820174999882
2316.516,0,30,3.429,0.06664963174999898
2316.522,0,15,1.7145,0.06665248924999892
2316.618,0,15,1.7145,0.06669820924999892
2316.772,0,1,0.1143,0.06670309874999891
2316.817,211,2,0.2286,0.06670595624999892
2317.113,0,1,0.1143,0.06671535424999891
2317.219,0,10,1.143,0.06674900924999899
2317.322,0,25,2.8575,0.06683076549999904
2317.416,0,30,3.429,0.06692030049999909
2317.516,0,16,1.8288,0.06697110049999903
2317.574,0,6,0.6858,0.06698214949999903
2317.614,0,25,2.8575,0.067013899499999
2317.784,0,16,1.8288,0.06710025949999904
2318.013,0,16,1.8288,0.06721659149999894
2318.416,0,0,0.0,0.06721659149999894
2318.416,0,10,1.143,0.06721659149999894
2318.464,0,15,1.7145,0.06723945149999883
2318.522,0,25,2.8575,0.06728548899999882
2318.538,0,21,2.4003,0.06729615699999887
2318.615,0,29,3.3146999999999998,0.06736705474999866
2318.617,0,25,2.8575,0.06736864224999899
2318.624,0,9,1.0287,0.06737064249999887
2318.778,0,20,2.286,0.06746843249999887
2318.934,0,15,1.7145,0.06754272749999907
2319.018,0,20,2.286,0.06759606749999895
2319.415,0,20,2.286,0.0678481624999989
2319.416,0,10,1.143,0.06784847999999898
2319.515,0,0,0.0,0.06784847999999898
2319.778,0,32,3.6576,0.0681156879999989
2319.814,0,24,2.7432,0.06814311999999895
2319.816,0,25,2.8575,0.06814470749999892
2320.115,0,32,3.6576,0.06844849149999889
2320.315,0,20,2.286,0.06857549149999906
2320.415,0,20,2.286,0.068638991499999
2320.484,0,28,3.2004,0.06870033249999896
2320.494,0,25,2.8575,0.06870826999999914
2320.614,0,10,1.143,0.06874636999999911
2320.616,0,0,0.0,0.06874636999999911
2320.772,0,35,4.0005,0.06891972499999906
2320.916,0,25,2.8575,0.06903402499999924
2321.016,0,27,3.0861,0.06911974999999916
2321.016,0,35,4.0005,0.06911974999999916
2321.118,0,35,4.0005,0.06923309749999901
2321.415,0,20,2.286,0.06942169249999902
2321.494,0,22,2.5146,0.06947687399999915
2321.52,0,20,2.286,0.06949338399999905
2321.521,0,0,0.0,0.06949338399999905
2321.623,0,8,0.9144,0.06951929199999901
2321.792,0,31,3.5433,0.06968563024999888
2321.912,0,31,3.5433,0.06980374024999877
2321.914,0,17,1.9431,0.069804819749999
2321.916,0,25,2.8575,0.06980640724999897
2322.12,0,35,4.0005,0.07003310224999866
2322.316,0,35,4.0005,0.07025090724999856
2322.515,0,20,2.286,0.07037727224999861
2322.618,0,20,2.286,0.07044267724999866
2322.786,0,30,3.429,0.07060269724999876
2322.815,0,2,0.2286,0.07060453874999877
2322.883,0,30,3.429,0.07066930874999854
2323.214,0,30,3.429,0.07098458624999866
2323.32,0,35,4.0005,0.0711023787499989
2323.32,0,35,4.0005,0.0711023787499989
2323.484,0,5,0.5715,0.07112841374999887
2323.584,0,14,1.6002,0.07117286374999883
2323.621,0,20,2.286,0.071196358749999
2323.815,0,20,2.286,0.07131954874999898
2323.819,0,8,0.9144,0.07132056474999895
2323.916,0,3,0.3429,0.07132980399999897
2324.111,0,30,3.429,0.0715155414999987
2324.214,0,30,3.429,0.07161364899999877
2324.42,0,35,4.0005,0.07184256649999891
2324.514,0,35,4.0005,0.07194702399999897
2324.616,0,21,2.4003,0.07201503249999888
2324.915,0,20,2.286,0.07220489749999887
2325.015,0,12,1.3716,0.07224299749999884
2325.214,0,30,3.429,0.0724325449999989
2325.32,0,30,3.429,0.07253350999999912
2325.424,0,35,4.0005,0.07264907999999891
2325.621,0,35,4.0005,0.07286799624999904
2326.314,0,30,3.429,0.07352807874999881
2326.335,0,30,3.429,0.07354808124999898
2326.564,0,26,2.9718,0.07373712074999883
2326.574,0,20,2.286,0.07374347074999897
2326.616,0,34,3.8862,0.07378880974999888
2326.62,0,35,4.0005,0.07379325474999877
2326.82,0,29,3.3146999999999998,0.07397740474999903
2327.514,0,30,3.429,0.074638439749999
2327.525,0,30,3.429,0.07464891724999896
2327.616,0,33,3.7719,0.07474426249999885
2327.821,0,35,4.0005,0.07497206874999877
2328.514,0,27,3.0861,0.07556614299999896
2328.625,0,30,3.429,0.07567187049999885
2329.584,0,32,3.6576,0.07664621449999869
2330.434,0,22,2.5146,0.07723993949999894
2330.524,0,30,3.429,0.07732566449999864
2331.034,0,19,2.1717,0.07763332199999877
2343.77,105,1,0.1143,0.07803768999999877
2344.008,105,1,0.1143,0.07804524649999876
2344.604,422,4,0.4572,0.07812093849999877
2345.008,422,4,0.4572,0.07817224649999877
2345.114,0,0,0.0,0.07817224649999877
2345.774,52,0,0.0,0.07817224649999877
2346.011,52,0,0.0,0.07817224649999877
2346.205,528,5,0.5715,0.07820304399999876
2346.214,0,0,0.0,0.07820304399999876
2346.775,0,0,0.0,0.07820304399999876
2347.008,0,0,0.0,0.07820304399999876
2347.205,528,5,0.5715,0.07823431774999878
2347.308,0,0,0.0,0.07823431774999878
2347.408,0,0,0.0,0.07823431774999878
2347.765,0,0,0.0,0.07823431774999878
2348.005,0,0,0.0,0.07823431774999878
2348.305,0,0,0.0,0.07823431774999878
2348.411,0,0,0.0,0.07823431774999878
2348.417,0,0,0.0,0.07823431774999878
2348.508,528,5,0.5715,0.07824876399999876
2348.769,422,4,0.4572,0.07828191099999876
2349.107,422,4,0.4572,0.07832483699999879
2349.207,0,0,0.0,0.07832483699999879
2349.405,0,0,0.0,0.07832483699999879
2349.408,528,5,0.5715,0.07832531324999874
2349.505,0,0,0.0,0.07832531324999874
2349.606,52,0,0.0,0.07832531324999874
2349.769,528,5,0.5715,0.07835118949999867
2350.106,528,5,0.5715,0.07840468824999874
2350.312,528,5,0.5715,0.0784373907499987
2350.313,0,0,0.0,0.0784373907499987
2350.404,316,3,0.3429,0.0784460584999987
2350.505,0,0,0.0,0.0784460584999987
2350.505,422,4,0.4572,0.0784460584999987
2350.609,0,0,0.0,0.0784460584999987
2350.616,211,2,0.2286,0.0784465029999987
2350.773,528,9,1.0287,0.07849136574999874
2351.01,528,9,1.0287,0.07855908849999876
2351.406,528,5,0.5715,0.07862195349999872
2351.411,0,0,0.0,0.07862195349999872
2351.504,211,2,0.2286,0.0786278589999987
2351.507,528,5,0.5715,0.07862833524999872
2351.608,0,0,0.0,0.07862833524999872
2351.609,0,0,0.0,0.07862833524999872
2351.609,264,2,0.2286,0.07862833524999872
2351.775,528,26,2.9718,0.07876536824999886
2352.106,528,26,2.9718,0.07903860874999896
2352.11,528,10,1.143,0.07903987874999893
2352.407,528,5,0.5715,0.07908702749999894
2352.464,316,3,0.3429,0.07909245674999892
2352.608,528,5,0.5715,0.07911531674999896
2352.612,0,0,0.0,0.07911531674999896
2352.632,158,1,0.1143,0.07911595174999896
2352.779,528,42,4.8006,0.07931197624999888
2352.905,0,0,0.0,0.07931197624999888
2353.106,528,42,4.8006,0.0795800097499989
2353.306,528,30,3.429,0.07977050974999873
2353.394,0,0,0.0,0.07977050974999873
2353.406,528,10,1.143,0.07977431974999878
2353.605,528,5,0.5715,0.07980591099999879
2353.608,528,5,0.5715,0.0798063872499988
2353.775,528,45,5.1434999999999995,0.08004498849999869
2353.807,52,0,0.0,0.08004498849999869
2353.808,0,0,0.0,0.08004498849999869
2353.812,0,0,0.0,0.08004498849999869
2353.915,528,45,5.1434999999999995,0.08019214974999879
2354.306,528,45,5.1434999999999995,0.08075079099999889
2354.41,528,10,1.143,0.08078381099999883
2354.412,528,30,3.429,0.08078571599999879
2354.773,528,33,3.7719,0.08116395374999913
2354.805,528,5,0.5715,0.08116903374999908
2354.905,0,0,0.0,0.08116903374999908
2355.005,528,33,3.7719,0.08127380874999898
2355.117,528,45,5.1434999999999995,0.08143382874999909
2355.306,528,45,5.1434999999999995,0.08170386249999888
2355.394,528,5,0.5715,0.08171783249999884
2355.404,211,2,0.2286,0.08171846749999885
2355.506,528,30,3.429,0.08181562249999871
2355.608,528,10,1.143,0.08184800749999882
2355.768,528,30,3.429,0.08200040749999868
2355.868,528,30,3.429,0.08209565749999859
2356.005,316,3,0.3429,0.08210870674999861
2356.105,528,30,3.429,0.08220395674999852
2356.214,528,45,5.1434999999999995,0.0823596904999984
2356.394,528,5,0.5715,0.08238826549999838
2356.412,528,45,5.1434999999999995,0.08241398299999841
2356.474,528,5,0.5715,0.08242382549999847
2356.564,528,22,2.5146,0.08248669049999825
2356.607,528,30,3.429,0.08252764799999837
2356.607,528,12,1.3716,0.08252764799999837
2356.907,528,7,0.8001,0.08259432299999842
2356.907,528,5,0.5715,0.08259432299999842
2357.003,528,22,2.5146,0.08266137899999841
2357.105,528,30,3.429,0.08275853399999827
2357.303,528,30,3.429,0.08294712899999815
2357.411,528,45,5.1434999999999995,0.08310143399999839
2357.513,528,45,5.1434999999999995,0.0832471664999982
2357.772,528,12,1.3716,0.0833458454999982
2357.806,528,16,1.8288,0.08336311749999825
2357.907,528,8,0.9144,0.08338877149999828
2358.008,528,12,1.3716,0.08342725249999815
2358.202,528,20,2.286,0.0835504424999984
2358.205,528,30,3.429,0.08355329999999812
2358.305,528,30,3.429,0.08364854999999803
2358.384,528,31,3.5433,0.0837263057499982
2358.511,528,45,5.1434999999999995,0.08390775699999814
2358.768,528,10,1.143,0.08398935449999816
2358.906,528,22,2.5146,0.0840857474999981
2359.105,528,10,1.143,0.08414892999999812
2359.305,528,20,2.286,0.08427592999999801
2359.394,528,45,5.1434999999999995,0.08440308874999793
2359.405,528,10,1.143,0.08440658124999806
2359.405,528,30,3.429,0.08440658124999806
2359.411,528,30,3.429,0.08441229624999792
2359.444,528,36,4.1148,0.08445001524999782
2359.474,528,18,2.0574,0.08446716024999794
2359.514,528,43,4.9149,0.0845217702499979
2359.906,528,39,4.4577,0.08500716424999767
2360.002,528,18,2.0574,0.08506202824999767
2360.202,528,10,1.143,0.08512552824999776
2360.405,528,10,1.143,0.08518998074999776
2360.405,528,30,3.429,0.08518998074999776
2360.494,528,45,5.1434999999999995,0.08531713949999767
2360.505,528,30,3.429,0.08532761699999764
2360.606,528,20,2.286,0.08539175199999771
2360.776,528,20,2.286,0.08549970199999747
2360.806,528,45,5.1434999999999995,0.08554256449999775
2361.104,528,20,2.286,0.08573179449999761
2361.205,528,20,2.286,0.08579592949999769
2361.374,528,39,4.4577,0.08600519374999753
2361.402,528,10,1.143,0.08601408374999761
2361.606,528,10,1.143,0.08607885374999767
2361.609,528,20,2.286,0.08608075874999749
2361.616,528,30,3.429,0.08608742624999755
2361.768,528,20,2.286,0.08618394624999758
2362.104,528,20,2.286,0.08639730624999743
2362.31,528,10,1.143,0.08646271124999748
2362.384,528,29,3.3146999999999998,0.08653084674999754
2362.404,528,20,2.286,0.08654354674999754
2362.494,528,36,4.1148,0.0866464167499977
2362.502,528,20,2.286,0.08665149674999759
2362.606,528,26,2.9718,0.0867373487499978
2362.773,528,15,1.7145,0.08681688249999776
2363.103,528,15,1.7145,0.08697404499999772
2363.344,528,10,1.143,0.08705056249999772
2363.344,528,19,2.1717,0.08705056249999772
2363.404,528,20,2.286,0.0870886624999977
2363.407,528,20,2.286,0.08709056749999779
2363.474,528,30,3.429,0.0871543849999978
2363.51,528,20,2.286,0.08717724499999784
2363.605,528,10,1.143,0.08720740749999777
2363.606,528,10,1.143,0.08720772499999783
2363.765,528,7,0.8001,0.08724306274999775
2363.805,528,16,1.8288,0.08726338274999773
2364.007,528,7,0.8001,0.08730827724999778
2364.109,528,15,1.7145,0.08735685474999771
2364.344,528,24,2.7432,0.08753592474999781
2364.404,528,20,2.286,0.08757402474999779
2364.605,528,20,2.286,0.0877016597499978
2364.606,528,11,1.2573,0.08770200899999787
2364.803,528,14,1.6002,0.08778957549999772
2364.903,528,10,1.143,0.08782132549999769
2365.209,528,5,0.5715,0.0878699029999977
2365.309,528,15,1.7145,0.08791752799999787
2365.374,528,20,2.286,0.08795880299999762
2365.402,528,20,2.286,0.08797658299999778
2365.605,528,20,2.286,0.08810548799999776
2365.805,528,20,2.286,0.08823248799999765
2365.805,528,13,1.4859,0.08823248799999765
2365.905,528,10,1.143,0.08826423799999777
2366.404,528,5,0.5715,0.08834345424999775
2366.41,528,15,1.7145,0.08834631174999769
2366.608,528,20,2.286,0.08847204174999788
2366.804,528,20,2.286,0.08859650174999784
2366.804,528,20,2.286,0.08859650174999784
2366.903,528,16,1.8288,0.08864679374999769
2367.503,528,5,0.5715,0.08874204374999775
2367.605,528,15,1.7145,0.08879062124999769
2367.81,528,20,2.286,0.08892079624999764
2368.002,528,20,2.286,0.08904271624999766
2368.364,528,19,2.1717,0.0892610927499977
2368.503,528,5,0.5715,0.08928315899999772
2368.605,528,14,1.6002,0.08932849799999766
2368.807,528,17,1.9431,0.08943752749999753
2368.904,528,20,2.286,0.08949912249999767
2369.602,528,12,1.3716,0.08976506049999762
2369.907,528,16,1.8288,0.08992000049999777
2370.807,528,9,1.0287,0.09017717549999767
2384.763,0,0,0.0,0.09017717549999767
2385.001,0,0,0.0,0.09017717549999767
2385.76,0,0,0.0,0.09017717549999767
2386.0,0,0,0.0,0.09017717549999767
2386.298,0,0,0.0,0.09017717549999767
2386.762,0,0,0.0,0.09017717549999767
2386.999,0,0,0.0,0.09017717549999767
2387.297,0,0,0.0,0.09017717549999767
2387.398,0,0,0.0,0.09017717549999767
2387.766,0,0,0.0,0.09017717549999767
2387.997,0,0,0.0,0.09017717549999767
2388.108,0,0,0.0,0.09017717549999767
2388.302,0,0,0.0,0.09017717549999767
2388.503,0,0,0.0,0.09017717549999767
2388.604,0,0,0.0,0.09017717549999767
2388.768,0,0,0.0,0.09017717549999767
2388.996,0,0,0.0,0.09017717549999767
2389.108,0,0,0.0,0.09017717549999767
2389.303,0,0,0.0,0.09017717549999767
2389.306,0,0,0.0,0.09017717549999767
2389.598,0,0,0.0,0.09017717549999767
2389.758,0,0,0.0,0.09017717549999767
2389.799,0,0,0.0,0.09017717549999767
2389.902,0,0,0.0,0.09017717549999767
2390.094,0,0,0.0,0.09017717549999767
2390.202,0,0,0.0,0.09017717549999767
2390.397,0,0,0.0,0.09017717549999767
2390.503,0,0,0.0,0.09017717549999767
2390.598,0,0,0.0,0.09017717549999767
2390.762,0,0,0.0,0.09017717549999767
2390.798,0,0,0.0,0.09017717549999767
2391.096,0,0,0.0,0.09017717549999767
2391.117,0,0,0.0,0.09017717549999767
2391.194,0,0,0.0,0.09017717549999767
2391.302,0,0,0.0,0.09017717549999767
2391.502,0,0,0.0,0.09017717549999767
2391.604,0,0,0.0,0.09017717549999767
2391.766,0,0,0.0,0.09017717549999767
2391.997,0,0,0.0,0.09017717549999767
2392.093,0,0,0.0,0.09017717549999767
2392.296,0,0,0.0,0.09017717549999767
2392.319,0,0,0.0,0.09017717549999767
2392.384,0,0,0.0,0.09017717549999767
2392.394,0,0,0.0,0.09017717549999767
2392.496,0,0,0.0,0.09017717549999767
2392.598,0,0,0.0,0.09017717549999767
2392.77,0,0,0.0,0.09017717549999767
2392.897,0,0,0.0,0.09017717549999767
2392.899,0,0,0.0,0.09017717549999767
2393.296,0,0,0.0,0.09017717549999767
2393.384,0,0,0.0,0.09017717549999767
2393.4,0,0,0.0,0.09017717549999767
2393.496,0,0,0.0,0.09017717549999767
2393.496,0,0,0.0,0.09017717549999767
2393.508,0,0,0.0,0.09017717549999767
2393.598,0,0,0.0,0.09017717549999767
2393.758,0,0,0.0,0.09017717549999767
2393.809,0,0,0.0,0.09017717549999767
2393.995,0,0,0.0,0.09017717549999767
2394.393,0,0,0.0,0.09017717549999767
2394.393,0,0,0.0,0.09017717549999767
2394.496,0,0,0.0,0.09017717549999767
2394.496,0,0,0.0,0.09017717549999767
2394.598,0,0,0.0,0.09017717549999767
2394.598,0,0,0.0,0.09017717549999767
2394.751,0,0,0.0,0.09017717549999767
2395.093,0,0,0.0,0.09017717549999767
2395.295,0,0,0.0,0.09017717549999767
2395.301,0,0,0.0,0.09017717549999767
2395.414,0,0,0.0,0.09017717549999767
2395.594,0,0,0.0,0.09017717549999767
2395.759,0,0,0.0,0.09017717549999767
2395.796,0,0,0.0,0.09017717549999767
2395.992,0,0,0.0,0.09017717549999767
2396.264,0,0,0.0,0.09017717549999767
2396.264,0,0,0.0,0.09017717549999767
2396.295,0,0,0.0,0.09017717549999767
2396.394,0,0,0.0,0.09017717549999767
2396.395,0,0,0.0,0.09017717549999767
2396.501,0,0,0.0,0.09017717549999767
2396.597,0,0,0.0,0.09017717549999767
2396.62,0,0,0.0,0.09017717549999767
2396.758,0,8,0.9144,0.09021222749999765
2396.794,0,0,0.0,0.09021222749999765
2396.794,0,0,0.0,0.09021222749999765
2397.0,0,8,0.9144,0.09026455149999768
2397.294,0,0,0.0,0.09026455149999768
2397.395,0,0,0.0,0.09026455149999768
2397.495,0,0,0.0,0.09026455149999768
2397.597,0,0,0.0,0.09026455149999768
2397.76,0,2,0.2286,0.09027490199999769
2397.796,0,0,0.0,0.09027490199999769
2398.0,0,2,0.2286,0.0902878559999977
2398.284,0,0,0.0,0.0902878559999977
2398.294,0,10,1.143,0.09029103099999762
2398.3,0,0,0.0,0.09029103099999762
2398.334,0,0,0.0,0.09029103099999762
2398.354,0,0,0.0,0.09029103099999762
2398.392,0,0,0.0,0.09029103099999762
2398.593,0,0,0.0,0.09029103099999762
2398.796,0,0,0.0,0.09029103099999762
2398.906,0,0,0.0,0.09029103099999762
2398.995,0,0,0.0,0.09029103099999762
2399.1,0,0,0.0,0.09029103099999762
2399.254,0,0,0.0,0.09029103099999762
2399.3,0,10,1.143,0.0903056359999977
2399.494,0,0,0.0,0.0903056359999977
2399.498,0,0,0.0,0.0903056359999977
2399.599,0,0,0.0,0.0903056359999977
2399.763,0,0,0.0,0.0903056359999977
2399.893,0,0,0.0,0.0903056359999977
2399.996,0,0,0.0,0.0903056359999977
2400.093,0,0,0.0,0.0903056359999977
2400.099,0,0,0.0,0.0903056359999977
2400.2,0,0,0.0,0.0903056359999977
2400.494,0,10,1.143,0.09039898099999781
2400.596,0,0,0.0,0.09039898099999781
2400.765,0,0,0.0,0.09039898099999781
2400.795,0,0,0.0,0.09039898099999781
2401.093,0,0,0.0,0.09039898099999781
2401.203,0,0,0.0,0.09039898099999781
2401.294,0,0,0.0,0.09039898099999781
2401.3,0,0,0.0,0.09039898099999781
2401.334,0,0,0.0,0.09039898099999781
2401.374,0,0,0.0,0.09039898099999781
2401.5,0,10,1.143,0.09043898599999788
2401.761,0,0,0.0,0.09043898599999788
2401.8,0,0,0.0,0.09043898599999788
2401.895,0,0,0.0,0.09043898599999788
2401.996,0,0,0.0,0.09043898599999788
2402.193,0,0,0.0,0.09043898599999788
2402.291,0,0,0.0,0.09043898599999788
2402.305,0,0,0.0,0.09043898599999788
2402.334,0,1,0.1143,0.09043990674999787
2402.494,0,0,0.0,0.09043990674999787
2402.503,0,9,1.0287,0.09044247849999787
2402.755,0,0,0.0,0.09044247849999787
2402.995,0,0,0.0,0.09044247849999787
2403.093,0,0,0.0,0.09044247849999787
2403.093,0,0,0.0,0.09044247849999787
2403.193,0,0,0.0,0.09044247849999787
2403.291,0,0,0.0,0.09044247849999787
2403.304,0,4,0.4572,0.09044412949999786
2403.394,0,0,0.0,0.09044412949999786
2403.494,0,0,0.0,0.09044412949999786
2403.759,0,0,0.0,0.09044412949999786
2403.795,0,6,0.6858,0.09045098749999787
2404.09,0,0,0.0,0.09045098749999787
2404.293,0,0,0.0,0.09045098749999787
2404.314,0,0,0.0,0.09045098749999787
2404.324,0,6,0.6858,0.09045289249999791
2404.391,0,0,0.0,0.09045289249999791
2404.393,0,0,0.0,0.09045289249999791
2404.499,0,0,0.0,0.09045289249999791
2404.759,0,0,0.0,0.09045289249999791
2404.8,0,4,0.4572,0.09045809949999793
2404.993,0,0,0.0,0.09045809949999793
2405.264,0,0,0.0,0.09045809949999793
2405.393,0,0,0.0,0.09045809949999793
2405.396,0,0,0.0,0.09045809949999793
2405.493,0,0,0.0,0.09045809949999793
2405.512,0,0,0.0,0.09045809949999793
2405.592,0,0,0.0,0.09045809949999793
2405.6,0,0,0.0,0.09045809949999793
2406.324,0,0,0.0,0.09045809949999793
2406.39,0,0,0.0,0.09045809949999793
2406.392,0,0,0.0,0.09045809949999793
2406.49,0,0,0.0,0.09045809949999793
2406.493,0,0,0.0,0.09045809949999793
2406.598,0,0,0.0,0.09045809949999793
2406.605,0,0,0.0,0.09045809949999793
2407.393,0,0,0.0,0.09045809949999793
2407.393,0,0,0.0,0.09045809949999793
2407.404,0,0,0.0,0.09045809949999793
2407.591,0,0,0.0,0.09045809949999793
2407.591,0,0,0.0,0.09045809949999793
2407.893,0,0,0.0,0.09045809949999793
2408.234,0,0,0.0,0.09045809949999793
2408.498,0,0,0.0,0.09045809949999793
2408.592,0,0,0.0,0.09045809949999793
2408.594,0,0,0.0,0.09045809949999793
2408.791,0,0,0.0,0.09045809949999793
2408.893,0,0,0.0,0.09045809949999793
2409.793,0,0,0.0,0.09045809949999793
2409.891,0,0,0.0,0.09045809949999793
2410.304,0,0,0.0,0.09045809949999793
2410.793,0,0,0.0,0.09045809949999793
2410.992,0,0,0.0,0.09045809949999793
2411.89,0,0,0.0,0.09045809949999793
2425.753,0,15,1.7145,0.09706035324999807
2426.184,0,15,1.7145,0.09726561699999808
2426.744,0,23,2.6289,0.09767455699999804
2427.086,0,23,2.6289,0.09792430249999778
2427.092,0,15,1.7145,0.09792715999999793
2427.387,0,15,1.7145,0.09806765374999797
2427.749,0,17,1.9431,0.09826304324999777
2427.986,0,17,1.9431,0.0983909639999978
2428.19,0,25,2.8575,0.09855288899999795
2428.385,0,15,1.7145,0.09864575774999802
2428.386,0,15,1.7145,0.0986462339999979
2428.753,0,11,1.2573,0.09877440874999797
2428.986,0,11,1.2573,0.09885578399999788
2429.386,0,15,1.7145,0.09904628399999792
2429.39,0,15,1.7145,0.09904818899999787
2429.486,0,25,2.8575,0.09912438899999787
2429.753,0,2,0.2286,0.09914134349999788
2429.989,0,2,0.2286,0.09915632949999788
2430.174,0,15,1.7145,0.09924443574999785
2430.286,0,10,1.143,0.09927999574999788
2430.386,0,15,1.7145,0.09932762074999783
2430.585,0,15,1.7145,0.09942239449999786
2430.587,0,25,2.8575,0.09942398199999783
2430.753,0,0,0.0,0.09942398199999783
2430.991,0,0,0.0,0.09942398199999783
2431.191,0,0,0.0,0.09942398199999783
2431.204,0,15,1.7145,0.099430173249998
2431.297,0,10,1.143,0.09945970074999795
2431.587,0,15,1.7145,0.09959781324999793
2431.588,0,25,2.8575,0.09959860699999809
2431.591,0,16,1.8288,0.09960013099999794
2431.756,0,0,0.0,0.09960013099999794
2431.885,0,0,0.0,0.09960013099999794
2431.887,0,15,1.7145,0.09960108349999792
2432.085,0,0,0.0,0.09960108349999792
2432.386,0,0,0.0,0.09960108349999792
2432.486,0,10,1.143,0.0996328334999979
2432.486,0,15,1.7145,0.0996328334999979
2432.588,0,18,2.0574,0.09969112649999808
2432.757,0,0,0.0,0.09969112649999808
2432.787,0,24,2.7432,0.09971398649999788
2432.851,0,0,0.0,0.09971398649999788
2432.886,0,15,1.7145,0.09973065524999782
2433.096,0,0,0.0,0.09973065524999782
2433.286,0,0,0.0,0.09973065524999782
2433.386,0,0,0.0,0.09973065524999782
2433.592,0,10,1.143,0.09979606024999786
2433.748,0,0,0.0,0.09979606024999786
2433.884,0,21,2.4003,0.09988673824999784
2434.082,0,0,0.0,0.09988673824999784
2434.19,0,0,0.0,0.09988673824999784
2434.224,0,21,2.4003,0.09990940774999792
2434.244,0,14,1.6002,0.09991829774999791
2434.285,0,0,0.0,0.09991829774999791
2434.297,0,0,0.0,0.09991829774999791
2434.49,0,0,0.0,0.09991829774999791
2434.59,0,9,1.0287,0.09994687274999801
2434.747,0,0,0.0,0.09994687274999801
2434.79,0,13,1.4859,0.09996462099999806
2434.982,0,0,0.0,0.09996462099999806
2434.986,0,19,2.1717,0.099967033999998
2435.284,0,0,0.0,0.099967033999998
2435.385,0,0,0.0,0.099967033999998
2435.385,0,0,0.0,0.099967033999998
2435.395,0,0,0.0,0.099967033999998
2435.591,0,0,0.0,0.099967033999998
2435.75,0,0,0.0,0.099967033999998
2435.792,0,6,0.6858,0.09997503499999798
2435.89,0,12,1.3716,0.10001237299999796
2435.988,0,0,0.0,0.10001237299999796
2436.184,0,0,0.0,0.10001237299999796
2436.285,0,0,0.0,0.10001237299999796
2436.383,0,0,0.0,0.10001237299999796
2436.397,0,0,0.0,0.10001237299999796
2436.594,0,0,0.0,0.10001237299999796
2436.748,0,0,0.0,0.10001237299999796
2436.984,0,0,0.0,0.10001237299999796
2437.234,0,0,0.0,0.10001237299999796
2437.314,0,4,0.4572,0.10002253299999796
2437.384,0,0,0.0,0.10002253299999796
2437.385,0,0,0.0,0.10002253299999796
2437.385,0,0,0.0,0.10002253299999796
2437.482,0,0,0.0,0.10002253299999796
2437.491,0,0,0.0,0.10002253299999796
2437.596,0,0,0.0,0.10002253299999796
2437.749,0,0,0.0,0.10002253299999796
2437.885,0,0,0.0,0.10002253299999796
2437.981,0,0,0.0,0.10002253299999796
2438.384,0,0,0.0,0.10002253299999796
2438.388,0,0,0.0,0.10002253299999796
2438.485,0,0,0.0,0.10002253299999796
2438.586,0,0,0.0,0.10002253299999796
2438.592,0,0,0.0,0.10002253299999796
2438.752,0,0,0.0,0.10002253299999796
2438.785,0,0,0.0,0.10002253299999796
2439.084,0,0,0.0,0.10002253299999796
2439.144,0,0,0.0,0.10002253299999796
2439.184,0,0,0.0,0.10002253299999796
2439.387,0,0,0.0,0.10002253299999796
2439.585,0,0,0.0,0.10002253299999796
2439.59,0,0,0.0,0.10002253299999796
2439.75,0,0,0.0,0.10002253299999796
2440.083,0,0,0.0,0.10002253299999796
2440.164,0,0,0.0,0.10002253299999796
2440.174,0,0,0.0,0.10002253299999796
2440.184,0,0,0.0,0.10002253299999796
2440.187,0,0,0.0,0.10002253299999796
2440.384,0,0,0.0,0.10002253299999796
2440.484,0,0,0.0,0.10002253299999796
2440.585,0,0,0.0,0.10002253299999796
2440.759,0,0,0.0,0.10002253299999796
2440.785,0,0,0.0,0.10002253299999796
2440.785,0,0,0.0,0.10002253299999796
2440.885,0,0,0.0,0.10002253299999796
2440.983,0,0,0.0,0.10002253299999796
2441.289,0,0,0.0,0.10002253299999796
2441.387,0,0,0.0,0.10002253299999796
2441.483,0,0,0.0,0.10002253299999796
2441.583,0,0,0.0,0.10002253299999796
2441.751,0,0,0.0,0.10002253299999796
2441.785,0,0,0.0,0.10002253299999796
2441.882,0,0,0.0,0.10002253299999796
2441.989,0,0,0.0,0.10002253299999796
2442.144,0,0,0.0,0.10002253299999796
2442.188,0,0,0.0,0.10002253299999796
2442.287,0,0,0.0,0.10002253299999796
2442.585,0,0,0.0,0.10002253299999796
2442.586,0,0,0.0,0.10002253299999796
2442.749,0,0,0.0,0.10002253299999796
2442.882,0,0,0.0,0.10002253299999796
2442.982,0,0,0.0,0.10002253299999796
2442.982,0,0,0.0,0.10002253299999796
2443.174,0,0,0.0,0.10002253299999796
2443.183,0,0,0.0,0.10002253299999796
2443.289,0,0,0.0,0.10002253299999796
2443.486,0,0,0.0,0.10002253299999796
2443.585,0,0,0.0,0.10002253299999796
2443.744,422,4,0.4572,0.10004272599999797
2443.786,0,0,0.0,0.10004272599999797
2443.884,0,0,0.0,0.10004272599999797
2443.884,0,0,0.0,0.10004272599999797
2443.888,422,4,0.4572,0.10004323399999795
2444.183,0,0,0.0,0.10004323399999795
2444.289,0,0,0.0,0.10004323399999795
2444.389,0,0,0.0,0.10004323399999795
2444.495,0,0,0.0,0.10004323399999795
2444.748,105,1,0.1143,0.10005126674999797
2444.784,0,0,0.0,0.10005126674999797
2444.784,0,0,0.0,0.10005126674999797
2444.884,0,0,0.0,0.10005126674999797
2444.98,0,0,0.0,0.10005126674999797
2444.982,105,1,0.1143,0.10005133024999796
2445.101,0,0,0.0,0.10005133024999796
2445.18,528,5,0.5715,0.10006387149999792
2445.283,0,0,0.0,0.10006387149999792
2445.585,0,0,0.0,0.10006387149999792
2445.984,0,0,0.0,0.10006387149999792
2446.154,0,0,0.0,0.10006387149999792
2446.174,0,0,0.0,0.10006387149999792
2446.179,0,0,0.0,0.10006387149999792
2446.182,528,5,0.5715,0.10006434774999787
2446.294,0,0,0.0,0.10006434774999787
2446.383,0,0,0.0,0.10006434774999787
2446.483,0,0,0.0,0.10006434774999787
2446.584,0,0,0.0,0.10006434774999787
2446.789,0,0,0.0,0.10006434774999787
2446.889,0,0,0.0,0.10006434774999787
2447.282,0,0,0.0,0.10006434774999787
2447.383,0,0,0.0,0.10006434774999787
2447.482,0,0,0.0,0.10006434774999787
2447.482,528,5,0.5715,0.10006434774999787
2447.494,0,0,0.0,0.10006434774999787
2447.787,0,0,0.0,0.10006434774999787
2448.214,0,0,0.0,0.10006434774999787
2448.38,0,0,0.0,0.10006434774999787
2448.485,528,5,0.5715,0.10008101649999787
2448.581,52,0,0.0,0.10008101649999787
2448.594,0,0,0.0,0.10008101649999787
2448.789,0,0,0.0,0.10008101649999787
2449.071,0,0,0.0,0.10008101649999787
2449.383,0,0,0.0,0.10008101649999787
2449.482,475,4,0.4572,0.10009358949999789
2449.58,0,0,0.0,0.10009358949999789
2449.584,211,2,0.2286,0.10009384349999788
2449.783,0,0,0.0,0.10009384349999788
2450.584,316,3,0.3429,0.10017013874999788
2451.134,0,0,0.0,0.10017013874999788
2451.254,316,3,0.3429,0.10018156874999787
2451.606,211,2,0.2286,0.10020392074999789
2451.88,0,0,0.0,0.10020392074999789
2452.886,0,0,0.0,0.10020392074999789
2471.772,0,0,0.0,0.10020392074999789
2472.775,0,0,0.0,0.10020392074999789
2473.024,0,0,0.0,0.10020392074999789
2473.474,0,0,0.0,0.10020392074999789
2473.775,0,0,0.0,0.10020392074999789
2473.972,0,0,0.0,0.10020392074999789
2474.775,0,0,0.0,0.10020392074999789
2474.877,475,4,0.4572,0.10021687474999787
2474.974,0,0,0.0,0.10021687474999787
2475.024,0,0,0.0,0.10021687474999787
2475.064,105,1,0.1143,0.10021814474999786
2475.774,475,4,0.4572,0.10030831474999787
2475.872,264,2,0.2286,0.10031453774999786
2475.972,0,0,0.0,0.10031453774999786
2475.979,475,4,0.4572,0.10031542674999781
2476.044,0,0,0.0,0.10031542674999781
2476.172,0,0,0.0,0.10031542674999781
2476.872,0,0,0.0,0.10031542674999781
2476.877,475,4,0.4572,0.10031606174999783
2476.974,369,3,0.3429,0.10032530099999784
2476.974,0,0,0.0,0.10032530099999784
2476.983,475,4,0.4572,0.10032644399999784
2477.272,0,0,0.0,0.10032644399999784
2477.972,0,0,0.0,0.10032644399999784
2477.974,475,4,0.4572,0.10032669799999783
2478.044,528,5,0.5715,0.10033781049999778
2478.172,0,0,0.0,0.10033781049999778
2478.177,475,4,0.4572,0.10033844549999779
2478.274,0,0,0.0,0.10033844549999779
2478.375,475,4,0.4572,0.10035127249999781
2478.477,528,5,0.5715,0.1003674649999978
2478.773,528,5,0.5715,0.10041445499999783
2478.974,0,0,0.0,0.10041445499999783
2479.174,0,0,0.0,0.10041445499999783
2479.273,475,4,0.4572,0.10042702799999785
2479.472,0,0,0.0,0.10042702799999785
2479.473,528,5,0.5715,0.10042718674999782
2479.477,475,4,0.4572,0.1004276947499978
2479.777,528,5,0.5715,0.10047531974999782
2480.044,528,5,0.5715,0.10051770599999779
2480.172,0,0,0.0,0.10051770599999779
2480.272,0,0,0.0,0.10051770599999779
2480.374,528,5,0.5715,0.10053389849999778
2480.378,475,4,0.4572,0.10053440649999783
2480.472,475,4,0.4572,0.10054634449999783
2480.475,0,0,0.0,0.10054634449999783
2480.476,528,5,0.5715,0.10054650324999787
2480.574,475,4,0.4572,0.10055894924999786
2480.773,528,5,0.5715,0.10059054049999787
2480.973,528,5,0.5715,0.10062229049999784
2481.374,528,5,0.5715,0.10068594924999781
2481.472,0,0,0.0,0.10068594924999781
2481.473,475,4,0.4572,0.10068607624999779
2481.771,528,5,0.5715,0.10073338374999782
2481.776,528,5,0.5715,0.10073417749999777
2481.973,528,5,0.5715,0.10076545124999779
2482.034,528,5,0.5715,0.10077513499999781
2482.084,475,4,0.4572,0.10078148499999777
2482.573,528,5,0.5715,0.10085911374999777
2482.573,0,0,0.0,0.10085911374999777
2482.577,475,4,0.4572,0.10085962174999782
2482.78,475,4,0.4572,0.10088540274999783
2482.874,528,5,0.5715,0.10090032524999776
2482.973,528,5,0.5715,0.10091604149999778
2483.034,528,5,0.5715,0.1009257252499978
2483.173,528,5,0.5715,0.10094779149999775
2483.872,528,5,0.5715,0.10105875774999776
2483.873,528,5,0.5715,0.10105891649999779
2483.976,528,5,0.5715,0.1010752677499978
2484.034,528,5,0.5715,0.1010844752499978
2484.084,475,4,0.4572,0.10109082524999775
2484.273,528,5,0.5715,0.1011208289999978
2484.972,528,5,0.5715,0.10123179524999781
2485.074,528,5,0.5715,0.1012479877499978
2485.173,528,5,0.5715,0.10126370399999775
2485.374,528,5,0.5715,0.10129561274999775
2485.474,528,5,0.5715,0.1013114877499978
2485.872,528,5,0.5715,0.10137467024999776
2485.976,528,5,0.5715,0.1013911802499978
2486.173,528,5,0.5715,0.10142245399999775
2486.473,528,5,0.5715,0.10147007899999777
2486.873,528,5,0.5715,0.10153357899999778
2487.173,528,5,0.5715,0.10158120399999773
2487.374,528,5,0.5715,0.10161311274999774
2488.073,528,5,0.5715,0.10172407899999775
2488.176,528,5,0.5715,0.10174043024999775
2507.734,0,0,0.0,0.10174043024999775
2508.735,0,0,0.0,0.10174043024999775
2510.034,0,0,0.0,0.10174043024999775
2510.734,0,0,0.0,0.10174043024999775
2510.938,0,0,0.0,0.10174043024999775
2511.361,0,0,0.0,0.10174043024999775
2511.934,0,0,0.0,0.10174043024999775
2511.937,0,0,0.0,0.10174043024999775
2512.035,0,0,0.0,0.10174043024999775
2512.354,0,0,0.0,0.10174043024999775
2512.837,0,0,0.0,0.10174043024999775
2512.937,0,0,0.0,0.10174043024999775
2513.038,0,0,0.0,0.10174043024999775
2513.137,0,0,0.0,0.10174043024999775
2513.355,0,0,0.0,0.10174043024999775
2513.842,0,0,0.0,0.10174043024999775
2513.937,0,0,0.0,0.10174043024999775
2514.037,0,0,0.0,0.10174043024999775
2514.236,0,0,0.0,0.10174043024999775
2514.239,0,0,0.0,0.10174043024999775
2514.361,0,0,0.0,0.10174043024999775
2514.836,0,0,0.0,0.10174043024999775
2514.942,0,0,0.0,0.10174043024999775
2515.137,0,0,0.0,0.10174043024999775
2515.234,0,0,0.0,0.10174043024999775
2515.338,0,0,0.0,0.10174043024999775
2515.341,0,0,0.0,0.10174043024999775
2515.361,0,0,0.0,0.10174043024999775
2515.536,0,0,0.0,0.10174043024999775
2515.742,0,0,0.0,0.10174043024999775
2515.94,0,0,0.0,0.10174043024999775
2516.136,0,0,0.0,0.10174043024999775
2516.137,0,0,0.0,0.10174043024999775
2516.438,0,0,0.0,0.10174043024999775
2516.438,0,0,0.0,0.10174043024999775
2516.739,0,0,0.0,0.10174043024999775
2516.936,0,0,0.0,0.10174043024999775
2517.036,0,0,0.0,0.10174043024999775
2517.237,0,0,0.0,0.10174043024999775
2517.341,0,0,0.0,0.10174043024999775
2517.535,0,0,0.0,0.10174043024999775
2517.538,0,0,0.0,0.10174043024999775
2517.836,0,0,0.0,0.10174043024999775
2518.036,0,0,0.0,0.10174043024999775
2518.14,0,0,0.0,0.10174043024999775
2518.241,0,0,0.0,0.10174043024999775
2518.437,0,0,0.0,0.10174043024999775
2518.939,0,0,0.0,0.10174043024999775
2519.042,0,0,0.0,0.10174043024999775
2519.238,0,0,0.0,0.10174043024999775
2519.437,0,0,0.0,0.10174043024999775
2519.536,0,0,0.0,0.10174043024999775
2520.036,0,0,0.0,0.10174043024999775
2520.237,0,0,0.0,0.10174043024999775
2520.342,0,0,0.0,0.10174043024999775
2520.437,0,0,0.0,0.10174043024999775
2521.139,0,0,0.0,0.10174043024999775
2521.243,0,0,0.0,0.10174043024999775
2521.44,0,0,0.0,0.10174043024999775
2522.241,0,0,0.0,0.10174043024999775
2522.436,0,0,0.0,0.10174043024999775
2523.339,0,0,0.0,0.10174043024999775
2538.357,0,0,0.0,0.10174043024999775
2538.541,0,0,0.0,0.10174043024999775
2538.828,0,0,0.0,0.10174043024999775
2539.25,0,0,0.0,0.10174043024999775
2539.35,0,0,0.0,0.10174043024999775
2539.629,0,0,0.0,0.10174043024999775
2539.83,0,0,0.0,0.10174043024999775
2540.249,0,0,0.0,0.10174043024999775
2540.594,0,0,0.0,0.10174043024999775
2540.736,0,0,0.0,0.10174043024999775
2540.83,0,0,0.0,0.10174043024999775
2540.941,0,0,0.0,0.10174043024999775
2541.564,0,0,0.0,0.10174043024999775
2541.626,0,0,0.0,0.10174043024999775
2541.629,0,0,0.0,0.10174043024999775
2541.927,0,0,0.0,0.10174043024999775
2541.93,0,0,0.0,0.10174043024999775
2542.041,0,0,0.0,0.10174043024999775
2542.352,0,0,0.0,0.10174043024999775
2542.632,0,0,0.0,0.10174043024999775
2542.748,0,0,0.0,0.10174043024999775
2542.827,0,0,0.0,0.10174043024999775
2542.829,0,0,0.0,0.10174043024999775
2543.027,0,0,0.0,0.10174043024999775
2543.231,0,0,0.0,0.10174043024999775
2543.352,0,0,0.0,0.10174043024999775
2543.928,0,0,0.0,0.10174043024999775
2543.929,0,0,0.0,0.10174043024999775
2544.027,0,0,0.0,0.10174043024999775
2544.029,0,0,0.0,0.10174043024999775
2544.03,0,0,0.0,0.10174043024999775
2544.332,0,0,0.0,0.10174043024999775
2544.347,0,0,0.0,0.10174043024999775
2544.528,0,0,0.0,0.10174043024999775
2544.574,0,0,0.0,0.10174043024999775
2544.926,0,0,0.0,0.10174043024999775
2544.928,0,0,0.0,0.10174043024999775
2545.129,0,0,0.0,0.10174043024999775
2545.129,0,0,0.0,0.10174043024999775
2545.129,0,0,0.0,0.10174043024999775
2545.141,0,0,0.0,0.10174043024999775
2545.345,0,0,0.0,0.10174043024999775
2545.355,0,0,0.0,0.10174043024999775
2545.934,0,0,0.0,0.10174043024999775
2546.128,0,0,0.0,0.10174043024999775
2546.129,0,0,0.0,0.10174043024999775
2546.245,0,0,0.0,0.10174043024999775
2546.332,0,0,0.0,0.10174043024999775
2546.333,0,0,0.0,0.10174043024999775
2546.355,0,0,0.0,0.10174043024999775
2546.574,0,0,0.0,0.10174043024999775
2546.624,0,0,0.0,0.10174043024999775
2546.627,0,0,0.0,0.10174043024999775
2546.936,0,0,0.0,0.10174043024999775
2547.028,0,0,0.0,0.10174043024999775
2547.128,0,0,0.0,0.10174043024999775
2547.227,0,0,0.0,0.10174043024999775
2547.332,0,0,0.0,0.10174043024999775
2547.355,0,0,0.0,0.10174043024999775
2547.43,0,0,0.0,0.10174043024999775
2547.537,0,0,0.0,0.10174043024999775
2547.574,0,0,0.0,0.10174043024999775
2547.827,0,0,0.0,0.10174043024999775
2548.028,0,0,0.0,0.10174043024999775
2548.028,0,0,0.0,0.10174043024999775
2548.132,0,0,0.0,0.10174043024999775
2548.132,0,0,0.0,0.10174043024999775
2548.227,0,0,0.0,0.10174043024999775
2548.229,0,0,0.0,0.10174043024999775
2548.25,0,0,0.0,0.10174043024999775
2548.362,0,0,0.0,0.10174043024999775
2548.628,0,0,0.0,0.10174043024999775
2548.833,0,0,0.0,0.10174043024999775
2549.128,0,0,0.0,0.10174043024999775
2549.229,0,0,0.0,0.10174043024999775
2549.233,0,0,0.0,0.10174043024999775
2549.33,528,5,0.5715,0.10175582899999772
2549.428,0,0,0.0,0.10175582899999772
2549.526,0,0,0.0,0.10175582899999772
2549.624,0,0,0.0,0.10175582899999772
2549.624,0,0,0.0,0.10175582899999772
2549.833,0,0,0.0,0.10175582899999772
2550.028,0,0,0.0,0.10175582899999772
2550.028,0,0,0.0,0.10175582899999772
2550.233,0,0,0.0,0.10175582899999772
2550.428,0,0,0.0,0.10175582899999772
2550.432,0,0,0.0,0.10175582899999772
2550.536,528,5,0.5715,0.10177233899999776
2550.564,0,0,0.0,0.10177233899999776
2550.627,52,0,0.0,0.10177233899999776
2550.827,0,0,0.0,0.10177233899999776
2550.931,0,0,0.0,0.10177233899999776
2551.033,0,0,0.0,0.10177233899999776
2551.229,0,0,0.0,0.10177233899999776
2551.235,0,0,0.0,0.10177233899999776
2551.348,0,0,0.0,0.10177233899999776
2551.428,0,0,0.0,0.10177233899999776
2551.629,0,0,0.0,0.10177233899999776
2551.738,211,2,0.2286,0.10177926049999775
2551.832,0,0,0.0,0.10177926049999775
2552.031,0,0,0.0,0.10177926049999775
2552.233,0,0,0.0,0.10177926049999775
2552.234,0,0,0.0,0.10177926049999775
2552.35,0,0,0.0,0.10177926049999775
2552.528,0,0,0.0,0.10177926049999775
2552.554,475,4,0.4572,0.10178256249999779
2552.626,0,0,0.0,0.10178256249999779
2552.826,316,3,0.3429,0.10180161249999777
2552.926,0,0,0.0,0.10180161249999777
2552.927,316,3,0.3429,0.10180170774999779
2552.936,0,0,0.0,0.10180170774999779
2553.127,0,0,0.0,0.10180170774999779
2553.334,0,0,0.0,0.10180170774999779
2553.348,0,0,0.0,0.10180170774999779
2553.432,0,0,0.0,0.10180170774999779
2553.529,0,0,0.0,0.10180170774999779
2553.924,0,0,0.0,0.10180170774999779
2554.026,0,0,0.0,0.10180170774999779
2554.026,211,2,0.2286,0.10180170774999779
2554.027,422,4,0.4572,0.10180183474999782
2554.127,0,0,0.0,0.10180183474999782
2554.232,0,0,0.0,0.10180183474999782
2554.331,0,0,0.0,0.10180183474999782
2554.353,528,5,0.5715,0.10180532724999782
2554.824,0,0,0.0,0.10180532724999782
2554.926,105,1,0.1143,0.10180856574999782
2555.024,0,0,0.0,0.10180856574999782
2555.124,528,5,0.5715,0.1018244407499978
2555.234,0,0,0.0,0.1018244407499978
2555.336,0,0,0.0,0.1018244407499978
2555.349,0,0,0.0,0.1018244407499978
2555.544,528,5,0.5715,0.10185539699999775
2555.604,52,0,0.0,0.10185539699999775
2555.825,528,5,0.5715,0.10189048074999775
2555.926,0,0,0.0,0.10189048074999775
2556.024,0,0,0.0,0.10189048074999775
2556.026,158,1,0.1143,0.10189054424999774
2556.026,0,0,0.0,0.10189054424999774
2556.228,528,5,0.5715,0.10192261174999778
2556.331,0,0,0.0,0.10192261174999778
2556.362,0,0,0.0,0.10192261174999778
2556.524,0,0,0.0,0.10192261174999778
2556.625,0,0,0.0,0.10192261174999778
2556.925,0,0,0.0,0.10192261174999778
2556.925,369,3,0.3429,0.10192261174999778
2557.025,264,2,0.2286,0.10192896174999777
2557.126,0,0,0.0,0.10192896174999777
2557.138,0,0,0.0,0.10192896174999777
2557.227,0,0,0.0,0.10192896174999777
2557.233,528,5,0.5715,0.10192991424999782
2557.36,0,0,0.0,0.10192991424999782
2557.628,0,0,0.0,0.10192991424999782
2557.825,0,0,0.0,0.10192991424999782
2557.83,0,0,0.0,0.10192991424999782
2558.123,264,2,0.2286,0.10194851974999783
2558.226,369,3,0.3429,0.10195833049999783
2558.231,0,0,0.0,0.10195833049999783
2558.33,0,0,0.0,0.10195833049999783
2558.336,0,0,0.0,0.10195833049999783
2558.426,0,0,0.0,0.10195833049999783
2558.624,0,0,0.0,0.10195833049999783
2558.925,0,0,0.0,0.10195833049999783
2559.026,158,1,0.1143,0.10196153724999782
2559.125,0,0,0.0,0.10196153724999782
2559.329,475,4,0.4572,0.10198744524999784
2559.426,0,0,0.0,0.10198744524999784
2559.43,0,0,0.0,0.10198744524999784
2559.574,0,0,0.0,0.10198744524999784
2559.928,0,0,0.0,0.10198744524999784
2560.025,0,0,0.0,0.10198744524999784
2560.029,0,0,0.0,0.10198744524999784
2560.227,528,5,0.5715,0.10201887774999782
2560.329,52,0,0.0,0.10201887774999782
2560.423,0,0,0.0,0.10201887774999782
2560.925,0,0,0.0,0.10201887774999782
2561.226,0,0,0.0,0.10201887774999782
2561.328,0,0,0.0,0.10201887774999782
2561.329,0,0,0.0,0.10201887774999782
2561.525,528,5,0.5715,0.1020499927499978
2562.125,0,0,0.0,0.1020499927499978
2562.125,0,0,0.0,0.1020499927499978
2562.425,0,0,0.0,0.1020499927499978
2562.525,0,0,0.0,0.1020499927499978
2563.136,0,0,0.0,0.1020499927499978
2563.331,0,0,0.0,0.1020499927499978
2563.332,0,0,0.0,0.1020499927499978
2564.229,0,0,0.0,0.1020499927499978
2564.328,0,0,0.0,0.1020499927499978
2565.43,0,0,0.0,0.1020499927499978
2578.342,0,0,0.0,0.1020499927499978
2578.619,0,0,0.0,0.1020499927499978
2579.346,0,0,0.0,0.1020499927499978
2579.822,0,0,0.0,0.1020499927499978
2580.34,0,0,0.0,0.1020499927499978
2580.484,0,0,0.0,0.1020499927499978
2580.618,0,0,0.0,0.1020499927499978
2580.919,0,0,0.0,0.1020499927499978
2581.349,0,0,0.0,0.1020499927499978
2581.484,0,0,0.0,0.1020499927499978
2581.618,0,0,0.0,0.1020499927499978
2581.917,0,0,0.0,0.1020499927499978
2581.918,0,0,0.0,0.1020499927499978
2582.355,0,0,0.0,0.1020499927499978
2582.518,0,0,0.0,0.1020499927499978
2582.534,0,0,0.0,0.1020499927499978
2582.818,0,0,0.0,0.1020499927499978
2582.918,0,0,0.0,0.1020499927499978
2582.919,0,0,0.0,0.1020499927499978
2583.122,0,0,0.0,0.1020499927499978
2583.346,0,0,0.0,0.1020499927499978
2583.529,0,0,0.0,0.1020499927499978
2583.827,0,0,0.0,0.1020499927499978
2583.915,0,0,0.0,0.1020499927499978
2584.018,0,0,0.0,0.1020499927499978
2584.119,0,0,0.0,0.1020499927499978
2584.124,0,0,0.0,0.1020499927499978
2584.338,0,0,0.0,0.1020499927499978
2584.618,0,0,0.0,0.1020499927499978
2584.815,0,0,0.0,0.1020499927499978
2585.016,0,0,0.0,0.1020499927499978
2585.018,0,0,0.0,0.1020499927499978
2585.122,0,0,0.0,0.1020499927499978
2585.327,0,0,0.0,0.1020499927499978
2585.328,0,0,0.0,0.1020499927499978
2585.345,528,5,0.5715,0.10205269149999778
2585.464,0,0,0.0,0.10205269149999778
2585.917,0,0,0.0,0.10205269149999778
2585.917,0,0,0.0,0.10205269149999778
2586.015,0,0,0.0,0.10205269149999778
2586.018,0,0,0.0,0.10205269149999778
2586.121,0,0,0.0,0.10205269149999778
2586.321,0,0,0.0,0.10205269149999778
2586.322,0,0,0.0,0.10205269149999778
2586.343,0,0,0.0,0.10205269149999778
2586.444,528,5,0.5715,0.1020687252499978
2586.617,0,0,0.0,0.1020687252499978
2586.821,0,0,0.0,0.1020687252499978
2587.017,158,1,0.1143,0.1020749482499978
2587.117,0,0,0.0,0.1020749482499978
2587.127,0,0,0.0,0.1020749482499978
2587.129,0,0,0.0,0.1020749482499978
2587.34,0,10,1.143,0.10214194074999787
2587.419,0,0,0.0,0.10214194074999787
2587.504,528,5,0.5715,0.10215543449999788
2587.62,0,10,1.143,0.10219226449999788
2587.817,264,2,0.2286,0.10220477399999789
2587.917,0,0,0.0,0.10220477399999789
2588.115,0,0,0.0,0.10220477399999789
2588.219,0,0,0.0,0.10220477399999789
2588.233,0,0,0.0,0.10220477399999789
2588.328,0,0,0.0,0.10220477399999789
2588.332,0,10,1.143,0.10220604399999786
2588.554,369,3,0.3429,0.10222718949999787
2588.616,0,10,1.143,0.10224687449999784
2588.916,0,10,1.143,0.1023421244999979
2588.916,0,3,0.3429,0.1023421244999979
2589.015,369,3,0.3429,0.10235155424999787
2589.018,0,0,0.0,0.10235155424999787
2589.115,264,2,0.2286,0.10235771374999784
2589.331,0,0,0.0,0.10235771374999784
2589.338,0,10,1.143,0.10235993624999787
2589.418,0,0,0.0,0.10235993624999787
2589.616,0,10,1.143,0.10242280124999782
2589.922,0,10,1.143,0.10251995624999784
2590.116,0,5,0.5715,0.10255075374999784
2590.117,158,1,0.1143,0.10255078549999784
2590.12,475,4,0.4572,0.1025511664999978
2590.216,0,0,0.0,0.1025511664999978
2590.321,0,0,0.0,0.1025511664999978
2590.351,0,20,2.286,0.10257021649999794
2590.484,0,10,1.143,0.10261244399999787
2590.619,0,20,2.286,0.10269816899999801
2590.816,0,10,1.143,0.1027607164999979
2591.016,0,10,1.143,0.102824216499998
2591.017,0,10,1.143,0.10282453399999791
2591.114,0,7,0.8001,0.10284609224999795
2591.222,528,5,0.5715,0.10286323724999798
2591.321,52,0,0.0,0.10286323724999798
2591.321,0,0,0.0,0.10286323724999798
2591.349,528,5,0.5715,0.10286768224999801
2591.615,528,5,0.5715,0.10290990974999795
2591.915,105,17,1.9431,0.10307183474999805
2591.921,0,13,1.4859,0.103074311249998
2591.922,0,10,1.143,0.10307462874999807
2592.215,0,10,1.143,0.1031676562499981
2592.215,0,9,1.0287,0.1031676562499981
2592.32,0,0,0.0,0.1031676562499981
2592.328,0,0,0.0,0.1031676562499981
2592.344,528,5,0.5715,0.10317019624999811
2592.517,528,5,0.5715,0.10319765999999808
2592.524,528,5,0.5715,0.10319877124999809
2592.915,211,14,1.6002,0.10337257074999812
2593.019,0,15,1.7145,0.10342210074999802
2593.122,0,10,1.143,0.10345480324999805
2593.217,0,10,1.143,0.10348496574999813
2593.318,0,0,0.0,0.10348496574999813
2593.417,0,10,1.143,0.10351639824999803
2593.484,528,5,0.5715,0.10352703449999803
2593.514,0,0,0.0,0.10352703449999803
2593.615,0,0,0.0,0.10352703449999803
2593.624,475,4,0.4572,0.10352817749999803
2594.019,316,11,1.2573,0.10366613124999802
2594.116,0,17,1.9431,0.10371848699999812
2594.217,0,10,1.143,0.10375055449999816
2594.326,0,10,1.143,0.10378516199999814
2594.327,0,10,1.143,0.10378547949999821
2594.416,0,10,1.143,0.10381373699999819
2594.534,528,5,0.5715,0.10383246949999818
2594.624,0,0,0.0,0.10383246949999818
2594.82,316,3,0.3429,0.10385113849999822
2594.921,528,5,0.5715,0.10386717224999817
2595.116,422,8,0.9144,0.10391670224999822
2595.316,0,10,1.143,0.10398020224999815
2595.32,0,19,2.1717,0.10398261524999837
2595.414,0,0,0.0,0.10398261524999837
2595.416,0,10,1.143,0.10398325024999835
2595.614,0,10,1.143,0.10404611524999831
2595.614,0,1,0.1143,0.10404611524999831
2595.813,0,0,0.0,0.10404611524999831
2595.915,211,2,0.2286,0.1040525922499983
2596.115,528,5,0.5715,0.10408434224999827
2596.217,0,20,2.286,0.10414911224999847
2596.22,528,5,0.5715,0.10414958849999842
2596.337,0,20,2.286,0.10422388349999855
2596.516,0,10,1.143,0.10428071599999858
2596.617,0,20,2.286,0.10434485099999866
2596.82,0,0,0.0,0.10434485099999866
2597.015,105,1,0.1143,0.10435104224999865
2597.121,528,5,0.5715,0.10436786974999869
2597.324,528,5,0.5715,0.10440009599999868
2597.341,0,30,3.429,0.10441628849999851
2597.422,0,20,2.286,0.1044677234999986
2597.434,0,3,0.3429,0.10446886649999862
2597.474,0,10,1.143,0.10448156649999861
2597.818,0,13,1.4859,0.10462355249999863
2597.914,0,20,2.286,0.10468451249999863
2597.915,0,5,0.5715,0.1046846712499986
2597.921,0,0,0.0,0.1046846712499986
2598.015,0,0,0.0,0.1046846712499986
2598.22,528,5,0.5715,0.10471721499999859
2598.343,0,20,2.286,0.10479531999999862
2598.414,0,30,3.429,0.10486294749999897
2598.421,528,5,0.5715,0.1048640587499989
2598.611,0,20,2.286,0.10498470874999895
2598.814,0,30,3.429,0.10517806624999892
2599.014,0,23,2.6289,0.10532411624999913
2599.015,0,7,0.8001,0.10532433849999907
2599.114,0,15,1.7145,0.10537148724999915
2599.115,0,0,0.0,0.10537148724999915
2599.124,0,0,0.0,0.10537148724999915
2599.319,528,5,0.5715,0.10540244349999917
2600.014,0,27,3.0861,0.10599823224999931
2600.014,0,25,2.8575,0.10599823224999931
2600.112,0,17,1.9431,0.1060511277499993
2600.124,0,0,0.0,0.1060511277499993
2600.216,0,9,1.0287,0.10607741674999932
2600.325,0,0,0.0,0.10607741674999932
2600.484,0,20,2.286,0.10617838174999938
2600.919,0,25,2.8575,0.10652366299999934
2601.012,0,27,3.0861,0.1066033872499996
2601.014,0,20,2.286,0.10660465724999957
2601.112,0,19,2.1717,0.10666377574999954
2601.216,0,10,1.143,0.10669679574999948
2601.315,0,0,0.0,0.10669679574999948
2602.113,0,20,2.286,0.10720352574999933
2602.12,0,29,3.3146999999999998,0.10720997099999939
2602.213,0,20,2.286,0.10726902599999959
2602.215,0,23,2.6289,0.10727048649999955
2602.216,0,10,1.143,0.10727080399999947
2603.117,0,20,2.286,0.10784293899999965
2603.221,0,21,2.4003,0.10791228099999953
2603.318,0,20,2.286,0.10797387599999966
2603.414,0,30,3.429,0.10806531599999966
2604.314,0,20,2.286,0.10863681599999943
2604.314,0,20,2.286,0.10863681599999943
2604.414,0,30,3.429,0.10873206599999978
2605.215,0,20,2.286,0.10924070099999973
2605.514,0,20,2.286,0.10943056599999972
2618.322,528,35,4.0005,0.1236634559999997
2619.606,528,35,4.0005,0.12509030099999982
2620.331,528,40,4.572,0.1260110509999997
2621.331,528,30,3.429,0.1269635509999997
2621.364,528,40,4.572,0.12700546099999957
2621.434,528,35,4.0005,0.12708324849999975
2621.611,528,30,3.429,0.12725184099999945
2621.807,528,40,4.572,0.12750076099999935
2622.009,528,36,4.1148,0.12773164699999962
2622.342,528,40,4.572,0.12815455699999972
2622.515,528,40,4.572,0.12837426699999943
2622.907,528,30,3.429,0.1287476469999997
2622.907,528,37,4.2291,0.1287476469999997
2623.009,528,37,4.2291,0.12886747149999953
2623.21,528,36,4.1148,0.12909721449999956
2623.342,528,35,4.0005,0.12924389949999962
2623.61,528,35,4.0005,0.12954171449999966
2623.807,528,33,3.7719,0.1297481212499993
2623.813,528,40,4.572,0.1297557412499997
2624.105,528,35,4.0005,0.1300802262499996
2624.21,528,38,4.3434,0.13020690874999963
2624.213,528,35,4.0005,0.1302102424999998
2624.329,528,45,5.1434999999999995,0.13037597749999977
2624.606,528,45,5.1434999999999995,0.13077174124999982
2624.913,528,38,4.3434,0.13114213674999955
2625.007,528,33,3.7719,0.1312406252499996
2625.107,528,35,4.0005,0.1313517502499995
2625.313,528,39,4.4577,0.13160682974999968
2625.33,528,40,4.572,0.13162841974999945
2625.394,528,36,4.1148,0.13170157174999927
2625.409,528,35,4.0005,0.13171824049999964
2625.516,528,40,4.572,0.1318541304999996
2625.91,528,39,4.4577,0.13234200099999935
2626.007,528,37,4.2291,0.13245595174999958
2626.011,528,37,4.2291,0.13246065074999946
2626.208,528,40,4.572,0.13271084074999961
2626.311,528,31,3.5433,0.1328122184999997
2626.319,528,45,5.1434999999999995,0.13282364849999942
2626.337,528,45,5.1434999999999995,0.13284936599999947
2626.374,528,44,5.0292,0.1329010549999992
2626.413,528,35,4.0005,0.13294439374999945
2626.515,528,45,5.1434999999999995,0.13309012624999925
2626.81,528,43,4.9149,0.13349287499999934
2626.907,528,41,4.6863,0.1336191447499996
2627.208,528,36,4.1148,0.13396318774999955
2627.208,528,39,4.4577,0.13396318774999955
2627.213,528,30,3.429,0.13396795024999966
2627.227,528,45,5.1434999999999995,0.1339879527499992
2627.474,528,40,4.572,0.13430164274999956
2627.508,528,40,4.572,0.13434482274999912
2627.609,528,45,5.1434999999999995,0.13448912649999928
2627.815,528,41,4.6863,0.13475728699999945
2627.912,528,42,4.8006,0.13488663649999913
2628.107,528,43,4.9149,0.13515286024999934
2628.107,528,35,4.0005,0.13515286024999934
2628.324,528,45,5.1434999999999995,0.13546289899999947
2628.407,528,40,4.572,0.13556830899999958
2628.508,528,30,3.429,0.13566451149999925
2628.526,528,45,5.1434999999999995,0.1356902289999993
2628.603,528,45,5.1434999999999995,0.13580024274999963
2629.007,528,42,4.8006,0.13633897674999962
2629.016,528,41,4.6863,0.13635069249999965
2629.118,528,45,5.1434999999999995,0.13649642499999945
2629.311,528,40,4.572,0.13674153499999972
2629.314,528,35,4.0005,0.1367448687499994
2629.322,528,45,5.1434999999999995,0.13675629874999976
2629.354,528,45,5.1434999999999995,0.1368020187499993
2629.803,528,45,5.1434999999999995,0.1374435274999994
2629.811,528,45,5.1434999999999995,0.13745495749999978
2630.016,528,43,4.9149,0.13773483374999967
2630.208,528,40,4.572,0.1379786737499997
2630.212,528,45,5.1434999999999995,0.13798438874999958
2630.317,528,35,4.0005,0.1381010699999996
2630.337,528,50,5.715,0.13813281999999957
2630.344,528,45,5.1434999999999995,0.13814282124999966
2630.344,528,45,5.1434999999999995,0.13814282124999966
2630.811,528,45,5.1434999999999995,0.1388100474999998
2630.906,528,45,5.1434999999999995,0.13894577874999953
2630.917,528,45,5.1434999999999995,0.1389614949999995
2631.005,528,45,5.1434999999999995,0.13908722499999976
2631.205,528,44,5.0292,0.1393666249999995
2631.214,528,40,4.572,0.1393780549999995
2631.34,528,50,5.715,0.13957807999999983
2631.344,528,50,5.715,0.13958442999999968
2631.412,528,45,5.1434999999999995,0.13968158499999933
2631.51,528,50,5.715,0.13983716
2631.905,528,50,5.715,0.14046422249999996
2632.006,528,46,5.2578,0.14061173299999946
2632.006,528,45,5.1434999999999995,0.14061173299999946
2632.017,528,45,5.1434999999999995,0.14062744924999943
2632.106,528,45,5.1434999999999995,0.140754608
2632.213,528,45,5.1434999999999995,0.14090748424999996
2632.314,528,40,4.572,0.14103575424999953
2632.332,528,45,5.1434999999999995,0.14106147174999958
2632.805,528,50,5.715,0.14181235924999952
2632.905,528,49,5.6007,0.1419679342500001
2633.006,528,45,5.1434999999999995,0.1421122379999996
2633.103,528,47,5.3721,0.1422569862499999
2633.103,528,45,5.1434999999999995,0.1422569862499999
2633.207,528,45,5.1434999999999995,0.14240557624999964
2633.309,528,45,5.1434999999999995,0.14255130875000008
2633.326,528,45,5.1434999999999995,0.14257559749999982
2633.334,528,45,5.1434999999999995,0.14258702749999955
2633.804,528,45,5.1434999999999995,0.1432585399999999
2634.003,528,45,5.1434999999999995,0.14354286125000001
2634.005,528,48,5.4864,0.14354590924999994
2634.006,528,48,5.4864,0.14354743324999955
2634.105,528,50,5.715,0.1437045957499998
2634.22,528,45,5.1434999999999995,0.1438689019999995
2634.306,528,45,5.1434999999999995,0.14399177449999984
2634.33,528,40,4.572,0.1440222544999997
2634.334,528,45,5.1434999999999995,0.14402796949999958
2634.51,528,40,4.572,0.14425148950000005
2635.004,528,45,5.1434999999999995,0.1449572919999996
2635.009,528,47,5.3721,0.14496475324999977
2635.105,528,50,5.715,0.14511715324999977
2635.205,528,45,5.1434999999999995,0.14526002824999965
2635.207,528,45,5.1434999999999995,0.14526288574999957
2635.306,528,49,5.6007,0.14541690499999982
2635.314,528,45,5.1434999999999995,0.14542833499999955
2635.327,528,45,5.1434999999999995,0.14544690875000008
2635.604,528,45,5.1434999999999995,0.1458426724999995
2635.803,528,40,4.572,0.14609540249999958
2635.907,528,43,4.9149,0.14623738849999995
2635.907,528,45,5.1434999999999995,0.14623738849999995
2636.206,528,46,5.2578,0.14667407799999993
2636.21,528,50,5.715,0.14668042799999978
2636.308,528,50,5.715,0.14683600299999972
2636.313,528,45,5.1434999999999995,0.14684314674999988
2636.318,528,35,4.0005,0.146848703
2636.329,528,45,5.1434999999999995,0.14686441924999996
2636.507,528,45,5.1434999999999995,0.14711873674999978
2636.803,528,45,5.1434999999999995,0.14754164674999953
2636.809,528,41,4.6863,0.14754945724999993
2637.01,528,42,4.8006,0.14781749074999997
2637.205,528,45,5.1434999999999995,0.14809609699999957
2637.206,528,45,5.1434999999999995,0.14809752574999985
2637.307,528,35,4.0005,0.14820976199999947
2637.405,528,50,5.715,0.14836533700000012
2637.405,528,50,5.715,0.14836533700000012
2637.515,528,35,4.0005,0.14848757449999975
2637.603,528,45,5.1434999999999995,0.14861330450000002
2637.803,528,45,5.1434999999999995,0.14889905449999977
2638.01,528,42,4.8006,0.1491750890000002
2638.104,528,41,4.6863,0.14929745349999968
2638.211,528,45,5.1434999999999995,0.14945032974999964
2638.402,528,45,5.1434999999999995,0.14972322100000002
2638.403,528,50,5.715,0.1497248084999996
2638.603,528,35,4.0005,0.14994705849999992
2638.615,528,35,4.0005,0.14996039349999962
2638.903,528,45,5.1434999999999995,0.15037187349999964
2638.904,528,43,4.9149,0.15037323874999992
2639.209,528,40,4.572,0.1507605887499997
2639.307,528,45,5.1434999999999995,0.15090060624999965
2639.317,528,45,5.1434999999999995,0.15091489374999997
2639.346,528,20,2.286,0.15093330874999997
2639.414,528,42,4.8006,0.15102398675000026
2639.803,528,35,4.0005,0.1514562629999999
2639.812,528,40,4.572,0.1514676929999999
2639.908,528,33,3.7719,0.15156827699999992
2640.007,528,45,5.1434999999999995,0.15170972325000015
2640.205,528,44,5.0292,0.15198632924999997
2640.307,528,40,4.572,0.15211586924999979
2640.324,528,20,2.286,0.15212666424999996
2640.504,528,45,5.1434999999999995,0.15238383924999974
2640.6,528,18,2.0574,0.15243870324999975
2640.903,528,35,4.0005,0.1527754119999996
2641.009,528,38,4.3434,0.15290330099999988
2641.103,528,30,3.429,0.15299283599999994
2641.109,528,45,5.1434999999999995,0.15300140849999974
2641.307,528,45,5.1434999999999995,0.15328430099999954
2641.504,528,40,4.572,0.1535344909999997
2641.912,528,35,4.0005,0.15398788099999958
2642.012,528,36,4.1148,0.154102181
2642.204,528,27,3.0861,0.15426677300000002
2642.306,528,45,5.1434999999999995,0.15441250549999982
2642.308,528,45,5.1434999999999995,0.15441536299999975
2642.324,528,16,1.8288,0.1544234909999998
2643.003,528,24,2.7432,0.15494088899999986
2643.009,528,35,4.0005,0.1549475564999997
2643.103,528,35,4.0005,0.15505201399999974
2643.313,528,45,5.1434999999999995,0.15535205149999978
2644.103,528,35,4.0005,0.15622993899999973
2644.201,528,21,2.4003,0.15629528049999972
2644.307,528,35,4.0005,0.15641307299999946
2645.219,528,20,2.286,0.1569921929999996
2645.306,528,35,4.0005,0.1570888717499996
2646.503,528,20,2.286,0.15784896674999968
2659.219,528,20,2.286,0.1659236267499996
2659.597,528,20,2.286,0.16616365674999972
2660.606,528,20,2.286,0.16680437174999974
2661.234,528,20,2.286,0.16720315174999956
2661.328,528,10,1.143,0.16723299674999959
2661.5,528,10,1.143,0.1672876067499996
2661.795,528,20,2.286,0.16747493174999964
2661.8,528,19,2.1717,0.1674779479999997
2662.319,528,10,1.143,0.16764273049999964
2662.6,528,10,1.143,0.16773194799999963
2662.796,528,17,1.9431,0.1678377389999996
2662.803,528,20,2.286,0.16784218399999964
2662.894,528,10,1.143,0.1678710764999996
2663.309,0,0,0.0,0.1678710764999996
2663.324,528,5,0.5715,0.1678734577499996
2663.896,528,9,1.0287,0.16803690674999963
2663.897,528,10,1.143,0.16803722424999956
2663.897,528,20,2.286,0.16803722424999956
2663.9,528,15,1.7145,0.16803865299999965
2664.234,528,5,0.5715,0.16809167549999962
2664.594,0,0,0.0,0.16809167549999962
2664.796,475,4,0.4572,0.16811732949999958
2664.996,528,8,0.9144,0.16816812949999965
2665.0,528,13,1.4859,0.16816978049999962
2665.097,528,10,1.143,0.16820057799999968
2665.097,528,20,2.286,0.16820057799999968
2665.319,0,0,0.0,0.16820057799999968
2665.596,0,0,0.0,0.16820057799999968
2665.796,528,7,0.8001,0.16824502799999963
2665.997,316,3,0.3429,0.16826417324999962
2666.1,528,10,1.143,0.16829687574999963
2666.199,528,20,2.286,0.16835974074999974
2666.3,528,11,1.2573,0.1683950149999998
2666.314,0,0,0.0,0.1683950149999998
2666.321,0,0,0.0,0.1683950149999998
2666.595,0,0,0.0,0.1683950149999998
2666.896,0,0,0.0,0.1683950149999998
2666.896,0,0,0.0,0.1683950149999998
2666.902,211,2,0.2286,0.16839539599999978
2666.997,528,10,1.143,0.1684255584999997
2667.194,528,6,0.6858,0.16846308699999973
2667.297,528,20,2.286,0.16852849199999978
2667.3,528,10,1.143,0.16852944449999982
2667.321,0,0,0.0,0.16852944449999982
2667.498,0,0,0.0,0.16852944449999982
2667.895,0,0,0.0,0.16852944449999982
2667.896,0,0,0.0,0.16852944449999982
2668.096,0,0,0.0,0.16852944449999982
2668.102,528,5,0.5715,0.1685303969999998
2668.195,528,10,1.143,0.1685599244999999
2668.197,105,1,0.1143,0.1685599879999999
2668.311,0,0,0.0,0.1685599879999999
2668.321,0,0,0.0,0.1685599879999999
2668.494,528,10,1.143,0.1686149155
2668.6,0,0,0.0,0.1686149155
2668.804,0,0,0.0,0.1686149155
2669.096,0,0,0.0,0.1686149155
2669.096,0,0,0.0,0.1686149155
2669.244,0,0,0.0,0.1686149155
2669.3,0,0,0.0,0.1686149155
2669.3,528,10,1.143,0.1686149155
2669.397,528,5,0.5715,0.16863031424999994
2669.595,0,0,0.0,0.16863031424999994
2669.895,0,0,0.0,0.16863031424999994
2669.899,0,0,0.0,0.16863031424999994
2669.996,0,0,0.0,0.16863031424999994
2670.294,0,0,0.0,0.16863031424999994
2670.296,0,0,0.0,0.16863031424999994
2670.299,0,0,0.0,0.16863031424999994
2670.322,0,0,0.0,0.16863031424999994
2670.398,528,5,0.5715,0.16864237924999995
2670.494,0,0,0.0,0.16864237924999995
2670.792,0,0,0.0,0.16864237924999995
2670.798,0,0,0.0,0.16864237924999995
2670.898,0,0,0.0,0.16864237924999995
2671.1,0,0,0.0,0.16864237924999995
2671.198,0,0,0.0,0.16864237924999995
2671.297,0,0,0.0,0.16864237924999995
2671.299,0,0,0.0,0.16864237924999995
2671.315,0,0,0.0,0.16864237924999995
2671.496,0,0,0.0,0.16864237924999995
2671.594,0,0,0.0,0.16864237924999995
2671.794,0,0,0.0,0.16864237924999995
2671.898,0,0,0.0,0.16864237924999995
2672.098,0,0,0.0,0.16864237924999995
2672.196,0,0,0.0,0.16864237924999995
2672.234,0,0,0.0,0.16864237924999995
2672.307,0,0,0.0,0.16864237924999995
2672.395,0,0,0.0,0.16864237924999995
2672.496,0,0,0.0,0.16864237924999995
2672.794,0,0,0.0,0.16864237924999995
2672.904,0,0,0.0,0.16864237924999995
2672.906,0,0,0.0,0.16864237924999995
2673.1,0,0,0.0,0.16864237924999995
2673.204,0,0,0.0,0.16864237924999995
2673.306,0,0,0.0,0.16864237924999995
2673.324,0,0,0.0,0.16864237924999995
2673.395,0,0,0.0,0.16864237924999995
2673.591,0,0,0.0,0.16864237924999995
2673.892,0,0,0.0,0.16864237924999995
2673.894,0,0,0.0,0.16864237924999995
2674.006,0,0,0.0,0.16864237924999995
2674.1,0,0,0.0,0.16864237924999995
2674.196,0,0,0.0,0.16864237924999995
2674.2,0,0,0.0,0.16864237924999995
2674.204,0,0,0.0,0.16864237924999995
2674.316,0,0,0.0,0.16864237924999995
2674.597,0,0,0.0,0.16864237924999995
2674.791,0,0,0.0,0.16864237924999995
2674.992,0,0,0.0,0.16864237924999995
2675.195,0,0,0.0,0.16864237924999995
2675.202,0,0,0.0,0.16864237924999995
2675.308,0,0,0.0,0.16864237924999995
2675.316,0,0,0.0,0.16864237924999995
2675.324,0,0,0.0,0.16864237924999995
2675.424,0,0,0.0,0.16864237924999995
2675.893,0,0,0.0,0.16864237924999995
2675.894,0,0,0.0,0.16864237924999995
2675.992,0,0,0.0,0.16864237924999995
2675.994,0,0,0.0,0.16864237924999995
2675.994,0,0,0.0,0.16864237924999995
2676.21,0,0,0.0,0.16864237924999995
2676.224,0,0,0.0,0.16864237924999995
2676.32,0,0,0.0,0.16864237924999995
2676.395,0,0,0.0,0.16864237924999995
2676.593,0,0,0.0,0.16864237924999995
2676.891,0,0,0.0,0.16864237924999995
2676.891,0,0,0.0,0.16864237924999995
2676.994,0,0,0.0,0.16864237924999995
2677.094,0,0,0.0,0.16864237924999995
2677.106,0,0,0.0,0.16864237924999995
2677.195,0,0,0.0,0.16864237924999995
2677.215,0,0,0.0,0.16864237924999995
2677.319,0,0,0.0,0.16864237924999995
2677.899,0,0,0.0,0.16864237924999995
2678.093,0,0,0.0,0.16864237924999995
2678.195,0,0,0.0,0.16864237924999995
2678.209,0,0,0.0,0.16864237924999995
2678.214,0,0,0.0,0.16864237924999995
2678.284,0,0,0.0,0.16864237924999995
2678.297,0,0,0.0,0.16864237924999995
2678.298,0,0,0.0,0.16864237924999995
2678.32,0,0,0.0,0.16864237924999995
2678.792,0,0,0.0,0.16864237924999995
2678.899,0,0,0.0,0.16864237924999995
2678.993,0,0,0.0,0.16864237924999995
2679.093,0,0,0.0,0.16864237924999995
2679.192,0,0,0.0,0.16864237924999995
2679.214,0,0,0.0,0.16864237924999995
2679.325,0,0,0.0,0.16864237924999995
2679.394,0,0,0.0,0.16864237924999995
2679.395,0,0,0.0,0.16864237924999995
2679.498,0,0,0.0,0.16864237924999995
2679.795,0,0,0.0,0.16864237924999995
2679.993,0,0,0.0,0.16864237924999995
2679.993,0,0,0.0,0.16864237924999995
2680.093,0,0,0.0,0.16864237924999995
2680.193,0,0,0.0,0.16864237924999995
2680.194,0,0,0.0,0.16864237924999995
2680.194,0,0,0.0,0.16864237924999995
2680.892,0,0,0.0,0.16864237924999995
2681.092,0,0,0.0,0.16864237924999995
2681.194,0,0,0.0,0.16864237924999995
2681.198,0,0,0.0,0.16864237924999995
2681.274,0,0,0.0,0.16864237924999995
2681.394,0,0,0.0,0.16864237924999995
2681.491,0,0,0.0,0.16864237924999995
2681.798,0,0,0.0,0.16864237924999995
2681.992,0,0,0.0,0.16864237924999995
2681.996,0,0,0.0,0.16864237924999995
2682.191,0,0,0.0,0.16864237924999995
2682.393,0,0,0.0,0.16864237924999995
2682.397,0,0,0.0,0.16864237924999995
2682.992,0,0,0.0,0.16864237924999995
2683.097,0,0,0.0,0.16864237924999995
2683.194,0,0,0.0,0.16864237924999995
2683.199,0,0,0.0,0.16864237924999995
2683.393,0,0,0.0,0.16864237924999995
2683.995,0,0,0.0,0.16864237924999995
2684.197,0,0,0.0,0.16864237924999995
2684.295,0,0,0.0,0.16864237924999995
2684.493,0,0,0.0,0.16864237924999995
2685.092,0,0,0.0,0.16864237924999995
2685.304,0,0,0.0,0.16864237924999995
2685.396,0,0,0.0,0.16864237924999995
2686.197,0,0,0.0,0.16864237924999995
2686.392,0,0,0.0,0.16864237924999995
2687.301,0,0,0.0,0.16864237924999995
2700.322,528,5,0.5715,0.17070946299999998
2700.587,528,5,0.5715,0.17075153174999996
2701.316,0,0,0.0,0.17075153174999996
2701.587,0,0,0.0,0.17075153174999996
2701.79,422,4,0.4572,0.17077731274999997
2702.302,0,0,0.0,0.17077731274999997
2702.313,0,0,0.0,0.17077731274999997
2702.493,0,0,0.0,0.17077731274999997
2702.787,0,0,0.0,0.17077731274999997
2702.892,316,3,0.3429,0.17078731399999997
2703.299,0,0,0.0,0.17078731399999997
2703.498,0,0,0.0,0.17078731399999997
2703.59,0,0,0.0,0.17078731399999997
2704.086,211,2,0.2286,0.17081880999999993
2704.164,0,0,0.0,0.17081880999999993
2704.598,0,0,0.0,0.17081880999999993
2704.89,0,0,0.0,0.17081880999999993
2705.092,105,1,0.1143,0.17082522349999993
2705.144,0,0,0.0,0.17082522349999993
2705.244,0,0,0.0,0.17082522349999993
2705.305,0,0,0.0,0.17082522349999993
2705.785,0,0,0.0,0.17082522349999993
2705.786,0,0,0.0,0.17082522349999993
2705.8,0,0,0.0,0.17082522349999993
2705.99,0,0,0.0,0.17082522349999993
2706.144,0,0,0.0,0.17082522349999993
2706.186,528,5,0.5715,0.17083189099999999
2706.191,0,0,0.0,0.17083189099999999
2706.308,0,0,0.0,0.17083189099999999
2706.491,0,0,0.0,0.17083189099999999
2706.583,0,0,0.0,0.17083189099999999
2706.797,0,0,0.0,0.17083189099999999
2706.992,0,0,0.0,0.17083189099999999
2707.092,0,0,0.0,0.17083189099999999
2707.144,0,0,0.0,0.17083189099999999
2707.296,0,0,0.0,0.17083189099999999
2707.316,0,0,0.0,0.17083189099999999
2707.487,528,5,0.5715,0.17085903725000004
2707.785,0,0,0.0,0.17085903725000004
2707.785,0,0,0.0,0.17085903725000004
2707.883,0,0,0.0,0.17085903725000004
2707.984,0,0,0.0,0.17085903725000004
2708.086,0,0,0.0,0.17085903725000004
2708.144,0,0,0.0,0.17085903725000004
2708.29,0,0,0.0,0.17085903725000004
2708.302,0,0,0.0,0.17085903725000004
2708.314,0,0,0.0,0.17085903725000004
2708.788,0,0,0.0,0.17085903725000004
2708.885,0,0,0.0,0.17085903725000004
2708.888,0,0,0.0,0.17085903725000004
2708.89,0,0,0.0,0.17085903725000004
2708.992,0,0,0.0,0.17085903725000004
2709.144,0,0,0.0,0.17085903725000004
2709.188,0,0,0.0,0.17085903725000004
2709.296,0,0,0.0,0.17085903725000004
2709.312,0,0,0.0,0.17085903725000004
2709.488,0,0,0.0,0.17085903725000004
2709.985,0,0,0.0,0.17085903725000004
2710.085,0,0,0.0,0.17085903725000004
2710.085,0,0,0.0,0.17085903725000004
2710.085,0,0,0.0,0.17085903725000004
2710.085,0,0,0.0,0.17085903725000004
2710.144,0,0,0.0,0.17085903725000004
2710.29,0,0,0.0,0.17085903725000004
2710.307,0,0,0.0,0.17085903725000004
2710.583,0,0,0.0,0.17085903725000004
2710.885,0,0,0.0,0.17085903725000004
2710.982,0,0,0.0,0.17085903725000004
2710.985,0,0,0.0,0.17085903725000004
2711.186,0,0,0.0,0.17085903725000004
2711.187,0,0,0.0,0.17085903725000004
2711.289,0,0,0.0,0.17085903725000004
2711.289,0,0,0.0,0.17085903725000004
2711.297,0,0,0.0,0.17085903725000004
2711.311,528,5,0.5715,0.17086125975000005
2711.787,0,0,0.0,0.17086125975000005
2711.884,0,0,0.0,0.17086125975000005
2712.085,0,0,0.0,0.17086125975000005
2712.124,528,5,0.5715,0.170867451
2712.186,0,0,0.0,0.170867451
2712.186,0,0,0.0,0.170867451
2712.386,0,0,0.0,0.170867451
2712.386,0,0,0.0,0.170867451
2712.583,0,0,0.0,0.170867451
2712.883,158,1,0.1143,0.17087697599999999
2713.084,0,0,0.0,0.17087697599999999
2713.085,0,0,0.0,0.17087697599999999
2713.124,475,4,0.4572,0.17088192899999996
2713.184,0,0,0.0,0.17088192899999996
2713.186,0,0,0.0,0.17088192899999996
2713.192,0,0,0.0,0.17088192899999996
2713.303,0,10,1.143,0.1709171714999999
2713.583,0,10,1.143,0.17100607149999997
2713.884,369,3,0.3429,0.17103474174999997
2713.984,264,2,0.2286,0.17104109174999996
2713.988,0,0,0.0,0.17104109174999996
2714.184,0,0,0.0,0.17104109174999996
2714.288,0,0,0.0,0.17104109174999996
2714.289,0,0,0.0,0.17104109174999996
2714.298,528,15,1.7145,0.17104537799999975
2714.3,0,0,0.0,0.17104537799999975
2714.302,528,5,0.5715,0.17104569549999973
2714.582,528,5,0.5715,0.17109014549999968
2714.883,0,3,0.3429,0.17111881574999968
2714.889,264,2,0.2286,0.1711191967499997
2715.086,369,3,0.3429,0.17113796099999967
2715.124,0,10,1.143,0.17115002599999968
2715.288,0,0,0.0,0.17115002599999968
2715.296,528,15,1.7145,0.1711538359999996
2715.385,0,0,0.0,0.1711538359999996
2715.485,0,0,0.0,0.1711538359999996
2715.494,528,15,1.7145,0.1711581222499996
2715.588,528,5,0.5715,0.17117304474999961
2715.892,0,5,0.5715,0.17122130474999955
2716.083,158,1,0.1143,0.17122736899999957
2716.089,475,4,0.4572,0.17122813099999956
2716.124,158,8,0.9144,0.17123702099999952
2716.384,0,0,0.0,0.17123702099999952
2716.482,0,0,0.0,0.17123702099999952
2716.782,528,15,1.7145,0.17137989599999962
2716.883,264,7,0.8001,0.17140234324999953
2716.983,0,7,0.8001,0.1714245682499996
2717.086,52,0,0.0,0.1714245682499996
2717.114,528,15,1.7145,0.17143790324999972
2717.124,528,8,0.9144,0.17144044324999966
2717.292,528,5,0.5715,0.17146711324999966
2717.293,0,0,0.0,0.17146711324999966
2717.31,528,15,1.7145,0.1714752094999996
2717.785,528,15,1.7145,0.17170142824999954
2717.882,528,15,1.7145,0.17174762449999964
2717.883,528,10,1.143,0.17174794199999957
2717.894,369,6,0.6858,0.17175003749999956
2718.084,528,15,1.7145,0.17184052499999958
2718.086,0,9,1.0287,0.17184109649999957
2718.286,0,0,0.0,0.17184109649999957
2718.308,528,20,2.286,0.17185506649999951
2718.384,528,5,0.5715,0.17186713149999952
2718.488,528,20,2.286,0.1719331714999994
2718.882,528,15,1.7145,0.1721208139999995
2718.982,528,15,1.7145,0.17216843899999948
2718.983,528,12,1.3716,0.17216881999999956
2719.089,475,5,0.5715,0.1721856474999995
2719.092,0,10,1.143,0.17218659999999955
2719.114,528,15,1.7145,0.17219707749999952
2719.304,528,20,2.286,0.17231772749999955
2719.384,0,0,0.0,0.17231772749999955
2719.584,528,20,2.286,0.17244472749999942
2719.779,528,16,1.8288,0.17254378749999952
2719.881,528,20,2.286,0.17260855749999943
2719.982,528,15,1.7145,0.17265665874999947
2720.08,528,15,1.7145,0.17270333124999945
2720.082,528,14,1.6002,0.17270422024999943
2720.184,528,5,0.5715,0.17272041274999947
2720.293,0,10,1.143,0.17275502024999945
2720.304,0,0,0.0,0.17275502024999945
2720.581,0,0,0.0,0.17275502024999945
2720.881,528,20,2.286,0.17294552024999926
2720.881,528,20,2.286,0.17294552024999926
2720.901,528,15,1.7145,0.17295504524999925
2720.979,528,15,1.7145,0.17299219274999925
2721.079,528,17,1.9431,0.17304616774999945
2721.181,528,15,1.7145,0.17309474524999938
2721.286,528,5,0.5715,0.17311141399999938
2721.881,369,14,1.6002,0.1733758914999993
2722.081,528,20,2.286,0.17350289149999948
2722.082,528,18,2.0574,0.17350346299999933
2722.085,528,15,1.7145,0.17350489174999942
2722.134,0,0,0.0,0.17350489174999942
2722.181,528,15,1.7145,0.17352727549999944
2722.184,528,15,1.7145,0.17352870424999953
2722.879,264,10,1.143,0.17374936674999944
2722.981,0,0,0.0,0.17374936674999944
2723.081,528,20,2.286,0.17381286674999938
2723.187,528,15,1.7145,0.17386334924999927
2723.285,528,19,2.1717,0.17392246774999925
2723.287,528,15,1.7145,0.17392342024999924
2723.884,0,0,0.0,0.17392342024999924
2724.179,158,6,0.6858,0.17397961774999926
2724.18,528,20,2.286,0.1739802527499991
2724.382,528,20,2.286,0.17410852274999924
2724.482,528,15,1.7145,0.1741561477499992
2725.087,52,2,0.2286,0.1741945652499992
2725.182,0,0,0.0,0.1741945652499992
2725.382,528,20,2.286,0.1743215652499994
2725.479,528,20,2.286,0.17438316024999923
2726.291,528,20,2.286,0.17489878024999944
2726.381,0,0,0.0,0.17489878024999944
2727.381,0,0,0.0,0.17489878024999944
2741.299,0,0,0.0,0.17489878024999944
2742.044,0,0,0.0,0.17489878024999944
2742.301,0,0,0.0,0.17489878024999944
2742.575,0,0,0.0,0.17489878024999944
2742.873,0,0,0.0,0.17489878024999944
2742.873,0,0,0.0,0.17489878024999944
2743.303,0,0,0.0,0.17489878024999944
2743.876,0,0,0.0,0.17489878024999944
2744.044,0,0,0.0,0.17489878024999944
2744.075,0,0,0.0,0.17489878024999944
2744.094,0,0,0.0,0.17489878024999944
2744.299,0,10,1.143,0.17496386774999942
2744.775,0,0,0.0,0.17496386774999942
2744.879,0,0,0.0,0.17496386774999942
2744.973,0,0,0.0,0.17496386774999942
2744.975,0,0,0.0,0.17496386774999942
2745.044,0,10,1.143,0.1749857752499994
2745.307,0,10,1.143,0.17506927774999936
2745.48,0,10,1.143,0.17512420524999944
2745.778,0,10,1.143,0.17521882024999938
2745.975,0,3,0.3429,0.17523758449999938
2745.975,0,0,0.0,0.17523758449999938
2746.177,0,0,0.0,0.17523758449999938
2746.194,0,15,1.7145,0.1752456807499993
2746.279,0,0,0.0,0.1752456807499993
2746.31,0,15,1.7145,0.17526044449999928
2746.484,0,15,1.7145,0.17534331199999928
2746.874,0,10,1.143,0.17546713699999925
2746.981,0,5,0.5715,0.17548412324999932
2747.094,0,10,1.143,0.17552000074999927
2747.176,0,0,0.0,0.17552000074999927
2747.18,0,0,0.0,0.17552000074999927
2747.277,0,0,0.0,0.17552000074999927
2747.376,0,0,0.0,0.17552000074999927
2747.571,0,15,1.7145,0.17561286949999913
2747.783,0,11,1.2573,0.17568691049999913
2747.975,0,7,0.8001,0.17572958249999912
2747.978,0,10,1.143,0.17573053499999916
2748.034,0,15,1.7145,0.17575720499999917
2748.078,0,0,0.0,0.17575720499999917
2748.375,0,0,0.0,0.17575720499999917
2748.379,0,0,0.0,0.17575720499999917
2748.483,0,0,0.0,0.17575720499999917
2748.574,0,13,1.4859,0.17579476524999912
2748.774,0,15,1.7145,0.17589001524999903
2748.975,0,12,1.3716,0.17596659624999905
2749.08,0,10,1.143,0.17599993374999906
2749.177,0,0,0.0,0.17599993374999906
2749.182,0,9,1.0287,0.17600136249999895
2749.279,0,0,0.0,0.17600136249999895
2749.295,0,0,0.0,0.17600136249999895
2749.577,0,0,0.0,0.17600136249999895
2749.774,0,15,1.7145,0.1760951837499988
2749.978,0,13,1.4859,0.17617938474999886
2750.024,0,0,0.0,0.17617938474999886
2750.144,0,9,1.0287,0.17621367474999883
2750.18,0,10,1.143,0.17622510474999883
2750.278,0,10,1.143,0.17625621974999883
2750.296,0,0,0.0,0.17625621974999883
2750.475,0,0,0.0,0.17625621974999883
2750.773,0,0,0.0,0.17625621974999883
2750.779,0,6,0.6858,0.1762573627499988
2750.873,0,0,0.0,0.1762573627499988
2750.883,0,15,1.7145,0.1762621252499987
2751.024,0,0,0.0,0.1762621252499987
2751.074,0,14,1.6002,0.17628435024999878
2751.283,0,10,1.143,0.17635070774999873
2751.292,0,0,0.0,0.17635070774999873
2751.379,0,10,1.143,0.17637833024999872
2751.476,0,0,0.0,0.17637833024999872
2751.87,0,0,0.0,0.17637833024999872
2751.873,0,0,0.0,0.17637833024999872
2751.973,0,0,0.0,0.17637833024999872
2751.974,0,3,0.3429,0.17637842549999874
2751.983,0,15,1.7145,0.17638271174999876
2752.18,0,15,1.7145,0.1764765329999986
2752.3,0,0,0.0,0.1764765329999986
2752.378,0,10,1.143,0.17650129799999859
2752.771,0,0,0.0,0.17650129799999859
2752.873,0,0,0.0,0.17650129799999859
2752.876,0,0,0.0,0.17650129799999859
2753.014,0,0,0.0,0.17650129799999859
2753.072,0,0,0.0,0.17650129799999859
2753.074,0,0,0.0,0.17650129799999859
2753.182,0,15,1.7145,0.17655273299999846
2753.284,0,15,1.7145,0.1766013104999986
2753.304,0,0,0.0,0.1766013104999986
2753.776,0,0,0.0,0.1766013104999986
2753.878,0,0,0.0,0.1766013104999986
2753.885,0,0,0.0,0.1766013104999986
2753.973,0,0,0.0,0.1766013104999986
2753.974,0,0,0.0,0.1766013104999986
2753.994,0,0,0.0,0.1766013104999986
2754.082,0,0,0.0,0.1766013104999986
2754.278,0,15,1.7145,0.17669465549999858
2754.315,0,0,0.0,0.17669465549999858
2754.572,0,0,0.0,0.17669465549999858
2754.972,0,0,0.0,0.17669465549999858
2754.973,0,0,0.0,0.17669465549999858
2754.976,0,0,0.0,0.17669465549999858
2754.993,0,0,0.0,0.17669465549999858
2755.174,0,0,0.0,0.17669465549999858
2755.174,0,0,0.0,0.17669465549999858
2755.181,0,0,0.0,0.17669465549999858
2755.299,0,0,0.0,0.17669465549999858
2755.578,0,0,0.0,0.17669465549999858
2755.777,0,0,0.0,0.17669465549999858
2755.872,0,0,0.0,0.17669465549999858
2756.072,0,0,0.0,0.17669465549999858
2756.174,0,0,0.0,0.17669465549999858
2756.177,0,0,0.0,0.17669465549999858
2756.277,0,0,0.0,0.17669465549999858
2756.284,0,0,0.0,0.17669465549999858
2756.293,0,0,0.0,0.17669465549999858
2756.373,0,0,0.0,0.17669465549999858
2756.571,0,0,0.0,0.17669465549999858
2756.772,0,0,0.0,0.17669465549999858
2757.014,0,0,0.0,0.17669465549999858
2757.072,0,0,0.0,0.17669465549999858
2757.075,0,0,0.0,0.17669465549999858
2757.174,0,0,0.0,0.17669465549999858
2757.273,0,0,0.0,0.17669465549999858
2757.377,0,0,0.0,0.17669465549999858
2757.481,0,0,0.0,0.17669465549999858
2757.875,0,0,0.0,0.17669465549999858
2757.975,0,0,0.0,0.17669465549999858
2758.014,0,0,0.0,0.17669465549999858
2758.078,0,0,0.0,0.17669465549999858
2758.172,0,0,0.0,0.17669465549999858
2758.276,0,0,0.0,0.17669465549999858
2758.277,0,0,0.0,0.17669465549999858
2758.284,0,0,0.0,0.17669465549999858
2758.297,0,0,0.0,0.17669465549999858
2758.48,0,0,0.0,0.17669465549999858
2758.775,0,0,0.0,0.17669465549999858
2758.871,0,0,0.0,0.17669465549999858
2759.064,0,0,0.0,0.17669465549999858
2759.173,0,0,0.0,0.17669465549999858
2759.19,0,0,0.0,0.17669465549999858
2759.275,0,0,0.0,0.17669465549999858
2759.281,0,0,0.0,0.17669465549999858
2759.473,0,0,0.0,0.17669465549999858
2759.771,0,0,0.0,0.17669465549999858
2759.871,0,0,0.0,0.17669465549999858
2759.984,0,0,0.0,0.17669465549999858
2760.004,0,0,0.0,0.17669465549999858
2760.072,0,0,0.0,0.17669465549999858
2760.173,0,0,0.0,0.17669465549999858
2760.372,0,0,0.0,0.17669465549999858
2760.473,0,0,0.0,0.17669465549999858
2760.476,0,0,0.0,0.17669465549999858
2760.571,0,0,0.0,0.17669465549999858
2760.871,0,0,0.0,0.17669465549999858
2761.071,0,0,0.0,0.17669465549999858
2761.072,0,0,0.0,0.17669465549999858
2761.094,0,0,0.0,0.17669465549999858
2761.278,0,0,0.0,0.17669465549999858
2761.286,0,0,0.0,0.17669465549999858
2761.3,0,0,0.0,0.17669465549999858
2761.769,0,0,0.0,0.17669465549999858
2761.776,0,0,0.0,0.17669465549999858
2761.871,0,0,0.0,0.17669465549999858
2761.994,0,0,0.0,0.17669465549999858
2761.994,0,0,0.0,0.17669465549999858
2762.172,0,0,0.0,0.17669465549999858
2762.274,0,0,0.0,0.17669465549999858
2762.281,0,0,0.0,0.17669465549999858
2762.871,0,0,0.0,0.17669465549999858
2762.882,0,0,0.0,0.17669465549999858
2762.97,0,0,0.0,0.17669465549999858
2762.974,0,0,0.0,0.17669465549999858
2763.071,0,0,0.0,0.17669465549999858
2763.173,0,0,0.0,0.17669465549999858
2763.377,0,0,0.0,0.17669465549999858
2763.97,0,0,0.0,0.17669465549999858
2763.982,0,0,0.0,0.17669465549999858
2764.071,0,0,0.0,0.17669465549999858
2764.082,0,0,0.0,0.17669465549999858
2764.279,0,0,0.0,0.17669465549999858
2764.974,0,0,0.0,0.17669465549999858
2765.171,0,0,0.0,0.17669465549999858
2765.172,0,0,0.0,0.17669465549999858
2765.275,0,0,0.0,0.17669465549999858
2766.171,0,0,0.0,0.17669465549999858
2766.182,0,0,0.0,0.17669465549999858
2766.27,0,0,0.0,0.17669465549999858
2767.171,0,0,0.0,0.17669465549999858
2767.172,0,0,0.0,0.17669465549999858
2768.278,0,0,0.0,0.17669465549999858
2780.28,528,25,2.8575,0.1862212429999989
2781.474,528,25,2.8575,0.18716898049999886
2782.287,528,20,2.286,0.18768523549999863
2782.944,528,20,2.286,0.18810243049999872
2782.944,528,25,2.8575,0.18810243049999872
2783.285,528,30,3.429,0.1884272329999986
2783.768,528,20,2.286,0.1887339379999987
2783.867,528,23,2.6289,0.18880623274999883
2783.914,528,30,3.429,0.18885100024999885
2784.299,528,40,4.572,0.18933995024999856
2784.561,528,40,4.572,0.18967269024999878
2784.565,528,30,3.429,0.1896765002499987
2784.865,528,22,2.5146,0.1898860502499985
2784.965,528,23,2.6289,0.18995907524999875
2785.302,528,30,3.429,0.19028006774999873
2785.567,528,30,3.429,0.1905324802499986
2785.962,528,39,4.4577,0.19102158899999858
2785.962,528,33,3.7719,0.19102158899999858
2785.965,528,25,2.8575,0.1910239702499987
2786.063,528,21,2.4003,0.19108931174999869
2786.277,528,35,4.0005,0.19132711924999862
2786.286,528,35,4.0005,0.19133712049999863
2786.864,528,30,3.429,0.1918876654999986
2786.87,528,37,4.2291,0.19189471399999844
2786.883,528,20,2.286,0.1919029689999984
2786.934,528,35,4.0005,0.19195964274999883
2786.962,528,27,3.0861,0.19198364574999865
2787.062,528,35,4.0005,0.19209477074999856
2787.563,528,35,4.0005,0.19265150699999878
2787.864,528,31,3.5433,0.1929477662499987
2787.964,528,35,4.0005,0.19305889124999862
2788.064,528,37,4.2291,0.1931763662499985
2788.068,528,29,3.3146999999999998,0.19318004924999885
2788.164,528,20,2.286,0.19324100924999885
2788.165,528,35,4.0005,0.19324212049999856
2788.284,528,30,3.429,0.1933554679999987
2788.566,528,30,3.429,0.1936240729999984
2788.964,528,35,4.0005,0.19406635049999854
2788.964,528,32,3.6576,0.19406635049999854
2788.984,528,35,4.0005,0.19408857549999853
2789.168,528,33,3.7719,0.19428136149999872
2789.17,528,30,3.429,0.1942832664999987
2789.268,528,39,4.4577,0.19440461499999864
2789.268,528,20,2.286,0.19440461499999864
2789.291,528,40,4.572,0.1944338249999988
2789.563,528,40,4.572,0.19477926499999873
2789.768,528,31,3.5433,0.19498103624999866
2789.869,528,33,3.7719,0.19508685899999878
2789.869,528,35,4.0005,0.19508685899999878
2790.162,528,33,3.7719,0.19539384974999843
2790.267,528,40,4.572,0.19552719974999846
2790.291,528,35,4.0005,0.19555386974999883
2790.364,528,31,3.5433,0.1956257199999987
2790.464,528,30,3.429,0.1957209699999986
2790.468,528,35,4.0005,0.19572541499999851
2790.863,528,33,3.7719,0.1961392762499985
2790.954,528,40,4.572,0.19625484624999895
2790.964,528,32,3.6576,0.1962650062499987
2791.069,528,34,3.8862,0.19637835374999874
2791.165,528,35,4.0005,0.19648503374999873
2791.276,528,20,2.286,0.19655551874999866
2791.286,528,35,4.0005,0.1965666312499989
2791.37,528,30,3.429,0.19664664124999875
2791.462,528,40,4.572,0.19676348124999887
2791.563,528,35,4.0005,0.196875717499999
2791.961,528,31,3.5433,0.19726744899999868
2791.963,528,35,4.0005,0.19726967149999913
2791.974,528,35,4.0005,0.1972818952499991
2792.014,528,38,4.3434,0.19733015524999906
2792.067,528,35,4.0005,0.1973890514999989
2792.277,528,30,3.429,0.19758907649999896
2792.364,528,35,4.0005,0.19768575524999896
2792.572,528,35,4.0005,0.19791689524999906
2792.768,528,35,4.0005,0.19813470024999896
2792.868,528,37,4.2291,0.19825217524999886
2792.894,528,20,2.286,0.19826868524999874
2792.963,528,37,4.2291,0.19834974299999922
2793.264,528,35,4.0005,0.19868422924999915
2793.267,528,30,3.429,0.19868708674999885
2793.304,528,5,0.5715,0.1986929604999989
2793.464,528,35,4.0005,0.19887076049999874
2793.466,528,5,0.5715,0.19887107799999873
2793.76,528,30,3.429,0.19915111299999905
2793.862,528,18,2.0574,0.19920940599999898
2793.863,528,35,4.0005,0.1992105172499987
2794.063,528,36,4.1148,0.199439117249999
2794.164,528,39,4.4577,0.19956418049999913
2794.165,528,30,3.429,0.1995651329999989
2794.295,0,0,0.0,0.1995651329999989
2794.463,528,35,4.0005,0.19975182299999902
2794.566,0,0,0.0,0.19975182299999902
2794.96,475,4,0.4572,0.19980186099999905
2794.96,528,15,1.7145,0.19980186099999905
2794.963,528,35,4.0005,0.19980519474999922
2795.063,528,35,4.0005,0.19991631974999913
2795.114,528,27,3.0861,0.19996003949999908
2795.174,528,40,4.572,0.20003623949999902
2795.274,0,0,0.0,0.20003623949999902
2795.284,0,0,0.0,0.20003623949999902
2795.369,528,30,3.429,0.20011720199999905
2795.559,0,0,0.0,0.20011720199999905
2795.862,0,0,0.0,0.20011720199999905
2795.868,369,3,0.3429,0.20011777349999904
2795.874,528,24,2.7432,0.20012234549999894
2795.96,528,12,1.3716,0.20015511149999904
2795.969,528,35,4.0005,0.20016511274999904
2796.168,528,35,4.0005,0.2003862514999991
2796.369,528,40,4.572,0.20064152149999914
2796.558,0,0,0.0,0.20064152149999914
2796.761,0,0,0.0,0.20064152149999914
2796.862,0,0,0.0,0.20064152149999914
2797.062,528,9,1.0287,0.2006986714999991
2797.063,528,21,2.4003,0.20069933824999922
2797.072,528,35,4.0005,0.20070933949999922
2797.163,264,2,0.2286,0.20071511799999922
2797.266,528,35,4.0005,0.2008295767499993
2797.287,0,0,0.0,0.2008295767499993
2797.762,0,0,0.0,0.2008295767499993
2797.904,0,0,0.0,0.2008295767499993
2797.954,0,0,0.0,0.2008295767499993
2797.961,0,0,0.0,0.2008295767499993
2798.072,528,20,2.286,0.2009000617499995
2798.163,158,1,0.1143,0.2009029509999995
2798.274,528,35,4.0005,0.20102629974999936
2798.29,0,0,0.0,0.20102629974999936
2798.362,528,6,0.6858,0.20104001574999938
2798.561,0,0,0.0,0.20104001574999938
2798.866,0,0,0.0,0.20104001574999938
2798.961,0,0,0.0,0.20104001574999938
2798.961,0,0,0.0,0.20104001574999938
2799.16,0,0,0.0,0.20104001574999938
2799.263,528,20,2.286,0.20110542074999943
2799.296,0,0,0.0,0.20110542074999943
2799.363,52,0,0.0,0.20110542074999943
2799.366,528,5,0.5715,0.20110589699999945
2799.467,0,0,0.0,0.20110589699999945
2799.861,0,0,0.0,0.20110589699999945
2799.961,0,0,0.0,0.20110589699999945
2799.967,0,0,0.0,0.20110589699999945
2800.062,0,0,0.0,0.20110589699999945
2800.162,0,0,0.0,0.20110589699999945
2800.31,0,0,0.0,0.20110589699999945
2800.462,0,0,0.0,0.20110589699999945
2800.562,528,5,0.5715,0.20112177199999945
2800.566,0,0,0.0,0.20112177199999945
2800.761,0,0,0.0,0.20112177199999945
2800.954,0,0,0.0,0.20112177199999945
2801.061,0,0,0.0,0.20112177199999945
2801.162,0,0,0.0,0.20112177199999945
2801.162,0,0,0.0,0.20112177199999945
2801.275,0,0,0.0,0.20112177199999945
2801.34,0,0,0.0,0.20112177199999945
2801.362,0,0,0.0,0.20112177199999945
2801.56,0,0,0.0,0.20112177199999945
2801.861,0,0,0.0,0.20112177199999945
2801.954,0,0,0.0,0.20112177199999945
2801.967,0,0,0.0,0.20112177199999945
2802.162,0,0,0.0,0.20112177199999945
2802.261,0,0,0.0,0.20112177199999945
2802.361,0,0,0.0,0.20112177199999945
2802.362,0,0,0.0,0.20112177199999945
2802.757,52,0,0.0,0.20112177199999945
2802.764,0,0,0.0,0.20112177199999945
2802.864,0,0,0.0,0.20112177199999945
2803.066,0,0,0.0,0.20112177199999945
2803.162,0,0,0.0,0.20112177199999945
2803.268,0,0,0.0,0.20112177199999945
2803.461,0,0,0.0,0.20112177199999945
2803.76,211,2,0.2286,0.2011407584999995
2803.864,0,0,0.0,0.2011407584999995
2804.064,0,0,0.0,0.2011407584999995
2804.162,0,0,0.0,0.2011407584999995
2804.273,0,0,0.0,0.2011407584999995
2804.461,0,0,0.0,0.2011407584999995
2804.871,316,3,0.3429,0.20117981099999951
2804.961,0,0,0.0,0.20117981099999951
2804.964,0,0,0.0,0.20117981099999951
2805.361,0,0,0.0,0.20117981099999951
2805.461,0,0,0.0,0.20117981099999951
2806.059,422,4,0.4572,0.20125575699999956
2806.066,0,0,0.0,0.20125575699999956
2806.264,0,0,0.0,0.20125575699999956
2806.264,0,0,0.0,0.20125575699999956
2807.071,528,5,0.5715,0.20138386824999954
2807.167,0,0,0.0,0.20138386824999954
2807.274,0,0,0.0,0.20138386824999954
2808.259,528,5,0.5715,0.20154023699999957
2808.36,0,0,0.0,0.20154023699999957
2809.272,528,5,0.5715,0.20168501699999952
2822.35,528,295,33.7185,0.3241768344999993
2822.56,528,295,33.7185,0.32614374699999965
2823.326,528,325,37.1475,0.33404790950000046
2823.553,528,325,37.1475,0.33639026574999903
2823.754,528,298,34.0614,0.33829202724999924
2824.306,528,305,34.8615,0.34363745725000056
2824.754,528,304,34.7472,0.3479615532499993
2824.824,528,305,34.8615,0.34863941575000085
2824.884,528,323,36.9189,0.3492547307500003
2825.309,528,305,34.8615,0.35337032450000205
2825.824,528,305,34.8615,0.35835745575000083
2825.853,528,305,34.8615,0.3586382845000008
2825.853,528,319,36.4617,0.3586382845000008
2825.863,528,310,35.433,0.3587367094999985
2826.309,528,295,33.7185,0.3629140570000019
2826.55,528,295,33.7185,0.3651713232500018
2826.756,528,305,34.8615,0.36716617574999866
2826.859,528,315,36.0045,0.3681963044999993
2826.953,528,304,34.7472,0.3691035924999998
2827.059,528,316,36.1188,0.370167090500002
2827.305,528,295,33.7185,0.3724711879999986
2827.824,528,295,33.7185,0.3773322717500008
2827.824,528,295,33.7185,0.3773322717500008
2827.857,528,302,34.5186,0.37764869224999986
2828.051,528,305,34.8615,0.37952733974999947
2828.051,528,311,35.5473,0.37952733974999947
2828.155,528,322,36.8046,0.3805905837500022
2828.314,528,280,32.004,0.3820040937499991
2828.814,528,280,32.004,0.3864490937499991
2828.872,528,305,34.8615,0.387010751249999
2828.951,528,300,34.29,0.3877632262500007
2828.953,528,293,33.4899,0.38778183175000025
2828.953,528,295,33.7185,0.38778183175000025
2829.152,528,307,35.0901,0.3897215345000009
2829.257,528,325,37.1475,0.3908050032500011
2829.313,528,280,32.004,0.3913028432500015
2829.55,528,280,32.004,0.3934097732500022
2829.952,528,280,32.004,0.3969835532500026
2829.953,528,295,33.7185,0.39699291950000026
2829.956,528,290,33.147,0.3970205420000017
2830.056,528,298,34.0614,0.39796669200000084
2830.152,528,305,34.8615,0.39889633200000085
2830.155,528,305,34.8615,0.3989253832500024
2830.267,528,325,37.1475,0.4000810832499985
2830.305,528,270,30.861,0.4004068382499986
2830.752,528,279,31.8897,0.40436647599999964
2830.814,528,270,30.861,0.40489797099999875
2830.958,528,280,32.004,0.40617813100000083
2831.154,528,287,32.8041,0.40796413200000003
2831.154,528,295,33.7185,0.40796413200000003
2831.158,528,296,33.8328,0.4080017239999991
2831.256,528,305,34.8615,0.4089507314999987
2831.269,528,305,34.8615,0.40907662024999797
2831.31,528,270,30.861,0.4094280927499994
2831.552,528,270,30.861,0.41150263775000107
2831.858,528,270,30.861,0.4141258227500014
2832.052,528,277,31.6611,0.41583200425000105
2832.052,528,280,32.004,0.41583200425000105
2832.151,528,295,33.7185,0.41675926299999827
2832.154,528,284,32.4612,0.41678631399999966
2832.299,528,260,29.718,0.4179832889999995
2832.354,528,305,34.8615,0.4185158952499979
2832.453,528,295,33.7185,0.4194431539999994
2832.551,528,260,29.718,0.420252143999999
2832.851,528,269,30.7467,0.4228143690000005
2832.956,528,275,31.4325,0.4237311502500007
2832.958,528,270,30.861,0.4237482952500003
2833.152,528,295,33.7185,0.42556534774999993
2833.256,528,280,32.004,0.4264899077499983
2833.299,528,250,28.575,0.42683122024999925
2833.353,528,281,32.1183,0.42731299475
2833.453,528,295,33.7185,0.42824961974999914
2833.557,528,250,28.575,0.4290751197499977
2833.804,528,260,29.718,0.4311141047500001
2833.855,528,267,30.5181,0.4315464444999995
2834.153,528,270,30.861,0.43410104949999756
2834.256,528,273,31.2039,0.4349938277499981
2834.26,528,295,33.7185,0.4350312927500015
2834.262,528,280,32.004,0.4350490727500011
2834.306,528,250,28.575,0.43539832275000007
2834.452,528,280,32.004,0.43669626275000173
2834.551,528,250,28.575,0.4374820752499994
2834.757,528,250,28.575,0.4391172002500004
2834.851,528,257,29.3751,0.43988421675000083
2834.857,528,265,30.2895,0.4399346992499996
2835.052,528,270,30.861,0.441606336750001
2835.305,528,240,27.432,0.4435341967499987
2835.353,528,271,30.9753,0.4439472007500007
2835.452,528,280,32.004,0.44482731075000215
2835.452,528,280,32.004,0.44482731075000215
2835.454,528,240,27.432,0.4448425507500018
2835.748,528,249,28.4607,0.4471668412500007
2835.851,528,250,28.575,0.44798440375000126
2835.952,528,255,29.1465,0.44880212500000216
2836.057,528,263,30.0609,0.44967890124999854
2836.258,528,270,30.861,0.45140197374999874
2836.259,528,270,30.861,0.4514105462500005
2836.313,528,230,26.289,0.4518048812500011
2836.452,528,280,32.004,0.45304059125000223
2836.756,528,247,28.2321,0.4554246352499994
2836.794,528,230,26.289,0.45570213024999945
2836.794,528,239,27.3177,0.45570213024999945
2836.951,528,250,28.575,0.45694831775000067
2837.051,528,253,28.9179,0.45775159274999994
2837.153,528,261,29.8323,0.4585968412499988
2837.254,528,230,26.289,0.4593343937499996
2837.308,528,240,27.432,0.4597458737500003
2837.358,528,270,30.861,0.4601744987500019
2837.552,528,270,30.861,0.4618375637500015
2837.794,528,240,27.432,0.4636816037499995
2837.851,528,237,27.0891,0.46411051450000135
2837.851,528,245,28.0035,0.46411051450000135
2837.95,528,231,26.403299999999998,0.4648366052499992
2837.955,528,250,28.575,0.4648762927500001
2838.152,528,251,28.6893,0.46644623500000104
2838.352,528,260,29.718,0.46809723499999956
2838.355,528,270,30.861,0.4681229525000009
2838.547,528,230,26.289,0.46952503250000094
2838.748,528,239,27.3177,0.4710502707500011
2838.954,528,233,26.631899999999998,0.4725742072500021
2838.957,528,235,26.8605,0.4725965909999999
2839.051,528,243,27.7749,0.47332182450000027
2839.152,528,250,28.575,0.47412351200000113
2839.153,528,250,28.575,0.47413144949999914
2839.314,528,225,25.7175,0.4752815932499996
2839.452,528,260,29.718,0.4764207832500027
2839.55,528,225,25.7175,0.47712087075000237
2839.748,528,237,27.0891,0.47861077125000134
2839.844,528,230,26.289,0.4793118112500014
2840.06,528,241,27.5463,0.4809645892500006
2840.151,528,235,26.8605,0.4816435629999998
2840.152,528,233,26.631899999999998,0.4816509607500013
2840.26,528,250,28.575,0.48250821075000266
2840.264,528,250,28.575,0.48253996075000194
2840.339,528,225,25.7175,0.48307574200000064
2840.844,528,225,25.7175,0.48668333575000144
2840.85,528,235,26.8605,0.4867281032500004
2840.95,528,225,25.7175,0.4874424782499997
2840.95,528,228,26.0604,0.4874424782499997
2840.95,528,237,27.0891,0.4874424782499997
2841.251,528,231,26.403299999999998,0.48965008750000255
2841.251,528,240,27.432,0.48965008750000255
2841.264,528,250,28.575,0.48975327500000193
2841.338,528,250,28.575,0.4903406500000025
2841.447,528,250,28.575,0.4912058375000019
2841.847,528,227,25.9461,0.49408873750000254
2841.953,528,225,25.7175,0.4948459750000009
2841.956,528,227,25.9461,0.494867596750002
2842.069,528,230,26.289,0.49569277925000077
2842.149,528,239,27.3177,0.4962998392500002
2842.151,528,233,26.631899999999998,0.4963146347499999
2842.264,528,240,27.432,0.49717569475000206
2842.335,528,245,28.0035,0.4977279860000014
2842.555,528,245,28.0035,0.49943931099999983
2842.854,528,249,28.4607,0.5018031302499997
2843.049,528,232,26.517599999999998,0.5032395002500009
2843.15,528,226,25.8318,0.5039642257500017
2843.151,528,225,25.7175,0.5039713694999999
2843.151,528,231,26.403299999999998,0.5039713694999999
2843.257,528,240,27.432,0.5047790895000016
2843.34,528,270,30.861,0.5054906070000024
2843.348,528,230,26.289,0.505549027000001
2843.849,528,247,28.2321,0.5094779942500026
2843.854,528,248,28.3464,0.5095173642499999
2843.949,528,237,27.0891,0.5102322155000019
2844.15,528,225,25.7175,0.5116681092500021
2844.25,528,225,25.7175,0.5123824842500014
2844.35,528,230,26.289,0.5131127342500008
2844.354,528,240,27.432,0.5131432142500001
2844.955,528,252,28.8036,0.517951815250001
2845.055,528,247,28.2321,0.5187360402500003
2845.148,528,225,25.7175,0.5194004090000025
2845.151,528,225,25.7175,0.5194218402500004
2845.253,528,242,27.6606,0.5202055572500028
2845.348,528,230,26.289,0.5208992947500014
2845.952,528,257,29.3751,0.5258277837500036
2846.15,528,246,28.1178,0.5273742627500025
2846.259,528,247,28.2321,0.5282290680000019
2846.447,528,225,25.7175,0.5295720930000026
2846.45,528,225,25.7175,0.5295935242500005
2847.15,528,262,29.9466,0.5354164742500028
2847.262,528,250,28.575,0.5363054742500034
2847.349,528,245,28.0035,0.5369822255000033
2847.45,528,225,25.7175,0.5377037442500009
2848.15,528,267,30.5181,0.5436378192500032
2848.449,528,245,28.0035,0.5459636655000031
2848.549,528,250,28.575,0.5467574155000023
2849.261,528,270,30.861,0.5528610355000022
2849.262,528,245,28.0035,0.5528688142500038
2850.449,528,270,30.861,0.5630443717500029
2863.295,528,250,28.575,0.6650094967500029
2864.296,528,250,28.575,0.6729549342500009
2864.534,528,250,28.575,0.6748440592500031
2864.743,528,250,28.575,0.6765029967500018
2865.3,528,250,28.575,0.6809241842500038
2865.534,528,250,28.575,0.6827815592500032
2865.546,528,250,28.575,0.6828768092500009
2865.846,528,250,28.575,0.6852580592500024
2865.946,528,250,28.575,0.6860518092500016
2866.295,528,240,27.432,0.6887111892500029
2866.548,528,240,27.432,0.6906390492500005
2866.843,528,250,28.575,0.6929806117500011
2867.144,528,250,28.575,0.6953697992500006
2867.301,528,250,28.575,0.6966159867500018
2867.534,528,250,28.575,0.6984654242500032
2867.542,528,250,28.575,0.6985289242500018
2867.743,528,241,27.5463,0.700066926000002
2867.843,528,248,28.3464,0.7008543260000013
2868.042,528,250,28.575,0.7024338885000019
2868.043,528,250,28.575,0.7024418260000035
2868.255,528,240,27.432,0.7040572660000034
2868.294,528,240,27.432,0.7043544460000015
2868.38,528,240,27.432,0.7050097660000033
2868.74,528,249,28.4607,0.7078558360000007
2868.843,528,243,27.7749,0.7086505067500012
2868.846,528,246,28.1178,0.7086739382500024
2869.144,528,250,28.575,0.7110393132500006
2869.25,528,250,28.575,0.7118806882500024
2869.553,528,240,27.432,0.7141895482500015
2869.742,528,247,28.2321,0.7156717335000039
2869.943,528,245,28.0035,0.7172352622500041
2870.046,528,244,27.8892,0.7180332032500011
2870.15,528,250,28.575,0.7188587032500032
2870.246,528,250,28.575,0.7196207032500033
2870.306,528,230,26.289,0.7200588532500029
2870.434,528,240,27.432,0.721034213250004
2870.742,528,240,27.432,0.723381173250004
2870.745,528,239,27.3177,0.7234039380000017
2870.854,528,245,28.0035,0.7242518217500011
2870.949,528,247,28.2321,0.7249968355000032
2871.134,528,230,26.289,0.7263477980000027
2871.144,528,242,27.6606,0.7264246330000009
2871.321,528,235,26.8605,0.7277452742500019
2871.349,528,250,28.575,0.7279675242500039
2871.449,528,250,28.575,0.7287612742500031
2871.751,528,240,27.432,0.7310625142500041
2871.839,528,230,26.289,0.7317051342500022
2872.042,528,237,27.0891,0.733232658500002
2872.042,528,243,27.7749,0.733232658500002
2872.052,528,249,28.4607,0.7333117160000037
2872.134,528,235,26.8605,0.7339235385000028
2872.144,528,240,27.432,0.733999738500001
2872.326,528,235,26.8605,0.7353576860000028
2872.343,528,250,28.575,0.7354926235000014
2872.741,528,235,26.8605,0.7384622010000025
2872.741,528,231,26.403299999999998,0.7384622010000025
2872.94,528,240,27.432,0.739978581000003
2873.143,528,235,26.8605,0.7414932147500028
2873.143,528,241,27.5463,0.7414932147500028
2873.154,528,250,28.575,0.7415805272500026
2873.256,528,240,27.432,0.7423577672500015
2873.321,528,240,27.432,0.7428530672500019
2873.334,528,235,26.8605,0.7429500635000013
2873.54,528,240,27.432,0.7445197835000023
2873.941,528,235,26.8605,0.747511744750001
2873.942,528,233,26.631899999999998,0.7475191425000025
2873.948,528,240,27.432,0.7475648625000014
2874.041,528,235,26.8605,0.7482587587500037
2874.14,528,232,26.517599999999998,0.7489879927500015
2874.242,528,240,27.432,0.749765232750004
2874.323,528,280,32.004,0.7504853227500011
2874.348,528,250,28.575,0.7506837602500018
2874.54,528,280,32.004,0.7523906402500019
2874.941,528,244,27.8892,0.7554971872500007
2874.945,528,236,26.9748,0.7555271592500034
2875.041,528,235,26.8605,0.7562434392500034
2875.042,528,240,27.432,0.7562510592500015
2875.14,528,231,26.403299999999998,0.7569698157500011
2875.245,528,233,26.631899999999998,0.7577465795000012
2875.255,528,240,27.432,0.7578227795000029
2875.321,528,250,28.575,0.7583466545000013
2875.546,528,250,28.575,0.7601325920000005
2875.754,528,277,31.6611,0.7619619000000012
2876.041,528,252,28.8036,0.7642581870000033
2876.142,528,237,27.0891,0.7650181867500007
2876.151,528,230,26.289,0.7650839092500008
2876.245,528,235,26.8605,0.7657852667500011
2876.245,528,234,26.746199999999998,0.7657852667500011
2876.246,528,240,27.432,0.7657928867500027
2876.326,528,265,30.2895,0.7664659867500021
2876.84,528,251,28.6893,0.7705621812500031
2876.941,528,260,29.718,0.7713959362500002
2876.946,528,271,30.9753,0.7714389575000011
2877.134,528,265,30.2895,0.773020742500002
2877.142,528,238,27.2034,0.7730811945000006
2877.328,528,265,30.2895,0.7746461520000019
2877.342,528,235,26.8605,0.7747506095000027
2877.441,528,235,26.8605,0.7754892732500005
2877.54,528,265,30.2895,0.7763222345000018
2877.541,528,230,26.289,0.7763295370000033
2877.739,528,265,30.2895,0.7779954595000022
2877.843,528,254,29.0322,0.7788341675000007
2878.046,528,265,30.2895,0.7805421587500004
2878.245,528,268,30.6324,0.782235449750001
2878.311,528,270,30.861,0.7828012347500033
2878.339,528,239,27.3177,0.7830137057500017
2878.341,528,235,26.8605,0.7830286282500014
2878.539,528,270,30.861,0.7847259832500042
2878.541,528,235,26.8605,0.7847409057500039
2878.774,528,265,30.2895,0.7867013095000015
2878.843,528,265,30.2895,0.7872818582500012
2879.044,528,257,29.3751,0.7889219680000014
2879.141,528,259,29.6037,0.7897196232500031
2879.145,528,276,31.5468,0.7897546752500023
2879.293,528,290,33.147,0.7911173852500036
2879.441,528,240,27.432,0.7922451452500012
2879.537,528,290,33.147,0.7931290652500013
2879.541,528,235,26.8605,0.793158910250004
2879.739,528,270,30.861,0.7948562652500029
2879.749,528,266,30.4038,0.7949407202500008
2879.854,528,265,30.2895,0.795824164000001
2880.141,528,260,29.718,0.7981933490000032
2880.291,528,280,32.004,0.7995268490000039
2880.34,528,253,28.9179,0.7999204537500038
2880.441,528,280,32.004,0.8008183437500007
2880.441,528,240,27.432,0.8008183437500007
2880.538,528,280,32.004,0.8016806737500025
2880.748,528,274,31.3182,0.8035075687500028
2880.945,528,267,30.5181,0.8051775870000039
2881.045,528,265,30.2895,0.8060189620000031
2881.134,528,289,33.0327,0.8068356037500026
2881.141,528,263,30.0609,0.8068940555000031
2881.243,528,250,28.575,0.8077036805000021
2881.295,528,280,32.004,0.8081659605000032
2881.54,528,280,32.004,0.8103440105000023
2881.736,528,280,32.004,0.8120864505000015
2881.737,528,287,32.8041,0.8120955627500034
2881.848,528,278,31.7754,0.8130753042500023
2881.949,528,268,30.6324,0.8139347132500032
2882.034,528,280,32.004,0.8146903632500035
2882.243,528,265,30.2895,0.8164488370000021
2882.252,528,265,30.2895,0.8165245607500022
2882.284,528,275,31.4325,0.8168039607500036
2882.444,528,250,28.575,0.8180739607500025
2882.834,528,275,31.4325,0.8214791482500013
2882.838,528,280,32.004,0.8215147082500045
2882.838,528,280,32.004,0.8215147082500045
2882.937,528,285,32.5755,0.8224105345000018
2882.945,528,282,32.2326,0.8224821625000042
2883.04,528,269,30.7467,0.8232935337500025
2883.243,528,265,30.2895,0.8250015250000022
2883.302,528,275,31.4325,0.825516668750004
2883.345,528,265,30.2895,0.8258784600000011
2883.538,528,275,31.4325,0.8275635912500029
2883.838,528,275,31.4325,0.8301829662500044
2883.938,528,278,31.7754,0.8310656162500036
2884.039,528,283,32.3469,0.8319731265000047
2884.05,528,286,32.6898,0.8320730120000044
2884.139,528,280,32.004,0.8328642220000039
2884.242,528,270,30.861,0.8337471895000045
2884.343,528,265,30.2895,0.8345969782500016
2884.738,528,277,31.6611,0.8380709045000014
2884.936,528,274,31.3182,0.8397934055000043
2884.936,528,275,31.4325,0.8397934055000043
2885.146,528,280,32.004,0.8416603055000046
2885.15,528,290,33.147,0.8416971355000037
2885.243,528,281,32.1183,0.8425268582500023
2885.255,528,270,30.861,0.8426297282500037
2885.843,528,273,31.2039,0.8477263652500014
2885.936,528,276,31.5468,0.8485413242500041
2886.139,528,275,31.4325,0.8503137680000038
2886.14,528,280,32.004,0.8503226580000016
2886.239,528,280,32.004,0.851202768000003
2886.339,528,290,33.147,0.8521235180000022
2887.042,528,275,31.4325,0.858261586750002
2887.044,528,275,31.4325,0.8582790492500015
2887.138,528,280,32.004,0.859114709250002
2887.139,528,272,31.0896,0.8591233452500038
2887.437,528,280,32.004,0.8617725652500018
2888.143,528,275,31.4325,0.8679368277500029
2888.242,528,271,30.9753,0.8687886485000043
2888.251,528,280,32.004,0.8688686585000044
2888.338,528,275,31.4325,0.8696282772500042
2889.242,528,270,30.861,0.8773778172500042
2889.338,528,275,31.4325,0.8782160172500042
2889.438,528,275,31.4325,0.8790891422500035
2890.436,528,270,30.861,0.8876444972500038
2890.538,528,275,31.4325,0.8885350847500026
2891.338,528,270,30.861,0.8953930847500042
2904.311,528,270,30.861,1.006604127250004
2904.53,528,270,30.861,1.0084815047500044
2905.306,528,290,33.147,1.015626524750003
2905.632,528,290,33.147,1.018628169750003
2906.293,528,290,33.147,1.0247143272500037
2906.532,528,290,33.147,1.026914919750004
2906.624,528,272,31.0896,1.027709431750001
2906.932,528,290,33.147,1.030545341750001
2907.033,528,276,31.5468,1.031430404750002
2907.279,528,280,32.004,1.0336173447500028
2907.532,528,280,32.004,1.0358665147500041
2907.936,528,290,33.147,1.039586344750004
2907.936,528,280,32.004,1.039586344750004
2908.286,528,280,32.004,1.0426978447500033
2908.535,528,280,32.004,1.0449114547500014
2908.614,528,290,33.147,1.045638847250003
2908.93,528,287,32.8041,1.048518318250001
2909.133,528,290,33.147,1.050387440750001
2909.133,528,284,32.4612,1.050387440750001
2909.287,528,285,32.5755,1.051780948250001
2909.604,528,280,32.004,1.054599078250001
2909.631,528,285,32.5755,1.0548433945000013
2909.831,528,280,32.004,1.0566213945000038
2909.837,528,285,32.5755,1.0566756870000025
2909.938,528,280,32.004,1.0575735770000034
2910.133,528,290,33.147,1.0593690395000008
2910.282,528,280,32.004,1.0606936495000039
2910.333,528,288,32.9184,1.0611599935000033
2910.531,528,280,32.004,1.0629202135000022
2910.631,528,285,32.5755,1.0638250885000013
2910.835,528,281,32.1183,1.065645125500003
2911.037,528,280,32.004,1.067440905500001
2911.131,528,290,33.147,1.0683064105000013
2911.133,528,283,32.3469,1.068324381000001
2911.234,528,280,32.004,1.069222271000002
2911.235,528,290,33.147,1.0692314785000037
2911.288,528,280,32.004,1.0697026485000025
2911.531,528,280,32.004,1.071862918500002
2911.831,528,283,32.3469,1.0745584935000037
2912.034,528,282,32.2326,1.0763760540000034
2912.133,528,280,32.004,1.0772561640000007
2912.133,528,281,32.1183,1.0772561640000007
2912.234,528,280,32.004,1.0781540540000016
2912.432,528,290,33.147,1.0799771390000004
2912.528,528,280,32.004,1.0808305790000003
2912.532,528,290,33.147,1.0808674090000037
2912.631,528,280,32.004,1.081747519000001
2912.74,528,280,32.004,1.0827165290000003
2912.842,528,282,32.2326,1.083629786000003
2913.132,528,283,32.3469,1.0862355085000026
2913.282,528,280,32.004,1.0875690085000034
2913.332,528,280,32.004,1.088013508500001
2913.332,528,280,32.004,1.088013508500001
2913.432,528,290,33.147,1.0889342585000001
2913.528,528,280,32.004,1.0897876985000001
2913.63,528,280,32.004,1.090694478500003
2913.934,528,281,32.1183,1.0934066905000037
2913.937,528,280,32.004,1.093433360500001
2914.132,528,284,32.4612,1.0951916755000026
2914.295,528,275,31.4325,1.0966148692500026
2914.332,528,280,32.004,1.0969437992500009
2914.429,528,280,32.004,1.0978061292500028
2914.53,528,275,31.4325,1.0986879855000038
2914.604,528,280,32.004,1.0993458455000005
2915.031,528,280,32.004,1.1031418755000018
2915.138,528,280,32.004,1.1040931055000014
2915.243,528,285,32.5755,1.1050432242500015
2915.281,528,280,32.004,1.1053810442500016
2915.435,528,280,32.004,1.1067501042500016
2915.574,528,279,31.8897,1.1079814010000026
2915.594,528,280,32.004,1.1081592010000025
2915.604,528,280,32.004,1.1082481010000005
2915.627,528,280,32.004,1.1084525710000017
2915.83,528,275,31.4325,1.1102250147500015
2915.83,528,278,31.7754,1.1102250147500015
2915.84,528,280,32.004,1.1103139147500034
2915.93,528,280,32.004,1.1111140147500007
2916.132,528,280,32.004,1.1129097947500026
2916.136,528,280,32.004,1.112945354750002
2916.288,528,280,32.004,1.1142966347500023
2916.341,528,285,32.5755,1.1147762185000012
2916.529,528,280,32.004,1.1164475385000021
2916.829,528,280,32.004,1.1191145385000036
2916.93,528,276,31.5468,1.1199996015000007
2916.94,528,280,32.004,1.1200885015000026
2917.03,528,280,32.004,1.120888601500004
2917.131,528,277,31.6611,1.121776871250001
2917.234,528,280,32.004,1.1226925412500015
2917.282,528,280,32.004,1.1231192612500036
2917.331,528,280,32.004,1.1235548712500034
2917.629,528,280,32.004,1.1262040912500013
2917.927,528,280,32.004,1.1288533112500034
2918.029,528,280,32.004,1.129760091250002
2918.03,528,277,31.6611,1.129768886000004
2918.131,528,276,31.5468,1.130653949000001
2918.138,528,280,32.004,1.1307161790000015
2918.234,528,280,32.004,1.1315696190000015
2918.248,528,280,32.004,1.1316940790000025
2918.281,528,280,32.004,1.1319874490000017
2918.626,528,280,32.004,1.135054499000004
2918.835,528,280,32.004,1.1369125090000025
2919.028,528,278,31.7754,1.1386160235000005
2919.13,528,280,32.004,1.1395228035000033
2919.231,528,275,31.4325,1.1404046597500044
2919.233,528,280,32.004,1.140422439750004
2919.234,528,280,32.004,1.1404313297500017
2919.285,528,275,31.4325,1.1408766235000012
2919.434,528,275,31.4325,1.1421775797500042
2919.614,528,280,32.004,1.1437777797500028
2919.828,528,279,31.8897,1.1456734452500024
2919.929,528,280,32.004,1.1465713352500033
2920.033,528,279,31.8897,1.1474925932500017
2920.035,528,280,32.004,1.1475103732500014
2920.129,528,275,31.4325,1.1483311107500018
2920.13,528,280,32.004,1.1483400007500035
2920.285,528,275,31.4325,1.1496933445000013
2920.428,528,280,32.004,1.1509646145000014
2920.532,528,275,31.4325,1.1518726645000037
2920.826,528,278,31.7754,1.1544676555000026
2920.829,528,275,31.4325,1.154493849250004
2920.929,528,280,32.004,1.1553828492500033
2921.233,528,280,32.004,1.1580854092500041
2921.244,528,275,31.4325,1.1581814530000039
2921.287,528,280,32.004,1.158563723000001
2921.329,528,280,32.004,1.1589371030000042
2921.33,528,280,32.004,1.158945993000002
2921.531,528,280,32.004,1.160732883000002
2921.632,528,275,31.4325,1.1616147392500031
2921.834,528,275,31.4325,1.1633784517500012
2922.032,528,277,31.6611,1.165119812250004
2922.127,528,280,32.004,1.1659643622500022
2922.233,528,280,32.004,1.1669067022500041
2922.289,528,275,31.4325,1.1673956522500044
2922.333,528,280,32.004,1.1677868122500032
2922.43,528,280,32.004,1.168649142250001
2922.439,528,275,31.4325,1.168727723500001
2922.832,528,276,31.5468,1.1721715825000014
2922.932,528,275,31.4325,1.1730447075000006
2923.034,528,276,31.5468,1.1739385335000034
2923.233,528,280,32.004,1.175707643500004
2923.282,528,275,31.4325,1.176135474750004
2923.427,528,280,32.004,1.1774245247500037
2923.527,528,275,31.4325,1.1782976497500028
2923.529,528,280,32.004,1.1783154297500025
2923.574,528,279,31.8897,1.1787140510000031
2923.838,528,277,31.6611,1.1810358650000041
2924.134,528,275,31.4325,1.1836203150000026
2924.135,528,275,31.4325,1.1836290462500043
2924.232,528,280,32.004,1.184491376250002
2924.238,528,275,31.4325,1.1845437637500007
2924.283,528,270,30.861,1.1849295262500013
2924.328,528,280,32.004,1.1853295762500018
2924.574,528,278,31.7754,1.1875008952500026
2924.624,528,270,30.861,1.1879295202500002
2924.828,528,275,31.4325,1.1897106952500018
2924.837,528,277,31.6611,1.189789848000002
2924.84,528,278,31.7754,1.1898163275000033
2925.133,528,275,31.4325,1.1923745837500004
2925.329,528,275,31.4325,1.1940859087500035
2925.429,528,280,32.004,1.1949749087500028
2925.564,528,274,31.3182,1.1961493412500008
2925.837,528,275,31.4325,1.198532972500002
2925.927,528,270,30.861,1.1993044975000033
2925.928,528,273,31.2039,1.199313165250001
2925.944,528,276,31.5468,1.1994533732500017
2926.13,528,279,31.8897,1.201101007750003
2926.327,528,275,31.4325,1.202821064000004
2926.329,528,275,31.4325,1.2028385265000037
2927.025,528,275,31.4325,1.208915476500003
2927.028,528,272,31.0896,1.2089413845000003
2927.129,528,275,31.4325,1.2098232407500014
2927.136,528,280,32.004,1.209885470750002
2927.245,528,275,31.4325,1.2108371770000013
2927.564,528,270,30.861,1.213571804500001
2927.846,528,271,30.9753,1.2159982030000023
2927.925,528,270,30.861,1.2166754305000038
2928.037,528,275,31.4325,1.2176533305000006
2928.231,528,275,31.4325,1.2193471930000042
2928.334,528,280,32.004,1.2202628630000008
2929.032,528,270,30.861,1.2262464680000036
2929.126,528,270,30.861,1.2270522830000041
2929.135,528,275,31.4325,1.2271308642500043
2929.148,528,275,31.4325,1.2272443705000036
2930.23,528,270,30.861,1.2365198155000026
2930.231,528,270,30.861,1.2365283880000042
2930.243,528,275,31.4325,1.2366331630000018
2931.427,528,270,30.861,1.2467830030000036
2931.427,528,270,30.861,1.2467830030000036
2932.427,528,270,30.861,1.2553555030000036
2945.237,528,230,26.289,1.3489005280000033
2945.276,528,230,26.289,1.3491853255000015
2945.519,528,230,26.289,1.350959833000001
2946.519,528,230,26.289,1.358262333000001
2946.522,528,230,26.289,1.3582842405000022
2947.285,528,230,26.289,1.3638560480000017
2947.524,528,230,26.289,1.365601345500002
2947.633,528,230,26.289,1.3663973180000015
2948.306,528,220,25.146,1.371098223000003
2948.484,528,230,26.289,1.3723980680000023
2948.618,528,220,25.146,1.3733340580000024
2948.821,528,230,26.289,1.3748164655000021
2948.921,528,229,26.1747,1.3755435405000014
2949.309,528,250,28.575,1.3786232905000044
2949.521,528,250,28.575,1.3803060405000043
2949.624,528,230,26.289,1.3810581980000014
2949.821,528,223,25.4889,1.3824530072500023
2949.922,528,230,26.289,1.3831905597500032
2949.927,528,227,25.9461,1.3832265960000039
2950.123,528,230,26.289,1.3846578860000032
2950.308,528,240,27.432,1.3860675860000027
2950.62,528,240,27.432,1.3884450260000019
2950.918,528,249,28.4607,1.3908009395000036
2951.019,528,225,25.7175,1.3915224582500012
2951.019,528,230,26.289,1.3915224582500012
2951.02,528,229,26.1747,1.3915297290000026
2951.126,528,230,26.289,1.3923037940000043
2951.299,528,250,28.575,1.3936769815000025
2951.618,528,250,28.575,1.3962090440000021
2951.82,528,240,27.432,1.397748284000004
2951.82,528,247,28.2321,1.397748284000004
2952.119,528,223,25.4889,1.3998652787500039
2952.122,528,235,26.8605,1.3998876625000016
2952.123,528,230,26.289,1.3998949650000032
2952.298,528,240,27.432,1.401228465000001
2952.322,528,230,26.289,1.4014037250000035
2952.52,528,240,27.432,1.4029124850000025
2952.92,528,249,28.4607,1.4060747850000033
2953.02,528,242,27.6606,1.4068431350000026
2953.026,528,241,27.5463,1.4068890455000016
2953.121,528,245,28.0035,1.4076280267500036
2953.122,528,221,25.2603,1.4076350435000018
2953.129,528,230,26.289,1.4076861610000022
2953.304,528,270,30.861,1.4091863485000038
2953.319,528,230,26.289,1.4092958860000029
2953.523,528,270,30.861,1.4110446760000044
2953.628,528,243,27.7749,1.4118547772500045
2953.82,528,247,28.2321,1.4133604892500047
2953.924,528,244,27.8892,1.4141661772500032
2954.224,528,243,27.7749,1.4164807522500045
2954.234,528,230,26.289,1.4165537772500028
2954.315,528,270,30.861,1.4172481497500038
2954.321,528,247,28.2321,1.4172952032500026
2954.419,528,220,25.146,1.4179797332500024
2954.525,528,270,30.861,1.4188884182500043
2954.92,528,249,28.4607,1.4220111895000043
2955.023,528,245,28.0035,1.4228124007500047
2955.119,528,246,28.1178,1.4235622087500048
2955.224,528,241,27.5463,1.424365642500005
2955.297,528,270,30.861,1.424991435000004
2955.321,528,250,28.575,1.425181935000003
2955.419,528,270,30.861,1.4260220400000025
2955.521,528,220,25.146,1.4267345100000048
2955.604,528,270,30.861,1.4274460275000016
2955.822,528,270,30.861,1.4293148325000042
2955.925,528,255,29.1465,1.4301487462500049
2956.029,528,243,27.7749,1.4309511322500035
2956.299,528,280,32.004,1.4333514322500034
2956.32,528,248,28.3464,1.433516786250005
2956.418,528,240,27.432,1.4342635462500046
2956.484,528,270,30.861,1.434829331250003
2956.52,528,250,28.575,1.4351150812500033
2956.522,528,280,32.004,1.435132861250003
2956.619,528,271,30.9753,1.4359674735000048
2956.819,528,270,30.861,1.4376819735000033
2956.923,528,270,30.861,1.4385735135000017
2957.127,528,261,29.8323,1.4402640105000033
2957.224,528,241,27.5463,1.4410062302500048
2957.229,528,250,28.575,1.4410459177500021
2957.238,528,240,27.432,1.4411144977500023
2957.305,528,340,38.862,1.4418377627500023
2957.616,528,340,38.862,1.445195007750004
2957.818,528,280,32.004,1.446990787750006
2957.819,528,273,31.2039,1.4469994555000036
2957.83,528,270,30.861,1.4470937530000034
2958.019,528,270,30.861,1.4487139555000021
2958.229,528,267,30.5181,1.4504941780000025
2958.288,528,290,33.147,1.4510374205000043
2958.323,528,240,27.432,1.4513041205000032
2958.515,528,290,33.147,1.4530719605000033
2958.52,528,250,28.575,1.4531116480000041
2958.818,528,335,38.2905,1.4562812505000067
2958.818,528,292,33.3756,1.4562812505000067
2958.919,528,275,31.4325,1.4571631067500037
2959.024,528,270,30.861,1.4580632192500038
2959.124,528,270,30.861,1.458920469250003
2959.222,528,270,30.861,1.4597605742500066
2959.275,528,285,32.5755,1.4602401580000055
2959.32,528,240,27.432,1.460583058000006
2959.521,528,285,32.5755,1.4624018567500063
2959.928,528,277,31.6611,1.4659813200000036
2960.016,528,304,34.7472,1.4668306960000055
2960.12,528,270,30.861,1.467722236000004
2960.228,528,270,30.861,1.4686480660000054
2960.282,528,285,32.5755,1.4691366985000063
2960.42,528,270,30.861,1.4703197035000055
2960.454,528,289,33.0327,1.4706316790000065
2960.454,528,325,37.1475,1.4706316790000065
2960.615,528,285,32.5755,1.4720885277500029
2960.824,528,288,32.9184,1.4739996237500055
2960.824,528,315,36.0045,1.4739996237500055
2960.918,528,285,32.5755,1.474850206250006
2960.918,528,316,36.1188,1.474850206250006
2961.117,528,279,31.8897,1.4766129980000067
2961.226,528,270,30.861,1.477547400500006
2961.282,528,275,31.4325,1.4780363505000063
2961.325,528,270,30.861,1.4784049680000033
2961.515,528,275,31.4325,1.4800639055000038
2961.817,528,284,32.4612,1.482787039500005
2961.923,528,285,32.5755,1.4837462070000027
2962.018,528,328,37.4904,1.4847355370000053
2962.119,528,287,32.8041,1.4856558742500063
2962.12,528,280,32.004,1.485664764250004
2962.219,528,305,34.8615,1.4866234555000055
2962.27,528,275,31.4325,1.487068749250005
2962.319,528,270,30.861,1.4874888017500048
2962.517,528,275,31.4325,1.4892175892500035
2962.917,528,275,31.4325,1.4927100892500043
2963.015,528,282,32.2326,1.4935875322500038
2963.015,528,285,32.5755,1.4935875322500038
2963.122,528,286,32.6898,1.4945591457500036
2963.222,528,340,38.862,1.4956386457500075
2963.234,528,280,32.004,1.495745325750005
2963.263,528,275,31.4325,1.495998532000005
2963.318,528,295,33.7185,1.496513675750008
2963.617,528,275,31.4325,1.4991243195000077
2963.817,528,275,31.4325,1.5008705695000062
2963.823,528,275,31.4325,1.5009229570000049
2964.017,528,280,32.004,1.5026476170000045
2964.14,528,340,38.862,1.503975402000005
2964.222,528,285,32.5755,1.5047173995000078
2964.273,528,265,30.2895,1.5051465007500073
2964.318,528,285,32.5755,1.505553694500008
2964.322,528,290,33.147,1.5055905245000072
2964.426,528,265,30.2895,1.5064655545000056
2964.816,528,275,31.4325,1.5098707420000046
2964.917,528,275,31.4325,1.5107525982500056
2965.021,528,278,31.7754,1.511670554250008
2965.118,528,275,31.4325,1.5125174855000059
2965.119,528,285,32.5755,1.5125265342500076
2965.271,528,260,29.718,1.513781294250008
2965.416,528,285,32.5755,1.5150933630000079
2965.518,528,290,33.147,1.5160325280000067
2965.522,528,260,29.718,1.5160655480000058
2965.821,528,275,31.4325,1.5186761917500056
2965.917,528,273,31.2039,1.5195082957500057
2966.021,528,275,31.4325,1.520416345750008
2966.317,528,276,31.5468,1.5230101937500065
2966.318,528,285,32.5755,1.5230192425000082
2966.418,528,285,32.5755,1.5239241175000073
2966.494,528,265,30.2895,1.5245635625000076
2966.616,528,260,29.718,1.5255706725000062
2966.822,528,264,30.1752,1.5272973645000074
2967.017,528,271,30.9753,1.5289751932500049
2967.118,528,275,31.4325,1.529857049500006
2967.218,528,275,31.4325,1.530730174500005
2967.321,528,275,31.4325,1.5316294932500056
2967.423,528,285,32.5755,1.5325524657500045
2968.016,528,263,30.0609,1.537504164000007
2968.016,528,269,30.7467,1.537504164000007
2968.017,528,275,31.4325,1.5375128952500048
2968.417,528,275,31.4325,1.5410053952500056
2968.484,528,257,29.3751,1.5415520985000057
2968.517,528,275,31.4325,1.541840229750005
2968.816,528,255,29.1465,1.5442610085000048
2969.025,528,262,29.9466,1.5459995750000073
2969.22,528,267,30.5181,1.547652638750005
2969.231,528,275,31.4325,1.5477486825000086
2969.317,528,275,31.4325,1.5484995700000068
2969.92,528,253,28.9179,1.5533433182500074
2970.117,528,261,29.8323,1.5549758080000082
2970.223,528,265,30.2895,1.5558676655000063
2970.417,528,275,31.4325,1.557561528000006
2971.022,528,251,28.6893,1.562382924250006
2971.223,528,260,29.718,1.564042179250006
2971.42,528,265,30.2895,1.5656996880000071
2972.123,528,250,28.575,1.571279750500007
2972.229,528,260,29.718,1.572154780500005
2973.316,528,250,28.575,1.5807828430000048
2986.262,528,160,18.288,1.6465485230000068
2986.514,528,160,18.288,1.6478286830000066
2987.269,528,165,18.8595,1.6517839392500049
2987.516,528,165,18.8595,1.6530779105000064
2988.264,528,155,17.7165,1.6567590055000065
2988.404,528,160,18.288,1.657470205500006
2988.419,528,155,17.7165,1.6575440242500052
2988.911,528,161,18.4023,1.6600590052500062
2989.258,528,160,18.288,1.661821765250005
2989.404,528,165,18.8595,1.662586622750006
2989.51,528,160,18.288,1.6631251027500071
2989.523,528,155,17.7165,1.6631890790000068
2989.914,528,162,18.5166,1.665200187500007
2990.273,528,150,17.145,1.6669099250000068
2990.404,528,163,18.6309,1.6675878827500061
2990.61,528,150,17.145,1.6685689577500067
2990.82,528,161,18.4023,1.6696424252500068
2991.011,528,163,18.6309,1.6706308980000057
2991.269,528,130,14.859,1.671695793000005
2991.394,528,159,18.1737,1.672326824250005
2991.454,528,156,17.8308,1.672624004250007
2991.507,528,130,14.859,1.6728427617500063
2991.81,528,157,17.9451,1.6743531410000059
2991.91,528,148,16.9164,1.6748230410000053
2991.91,528,157,17.9451,1.6748230410000053
2992.016,528,159,18.1737,1.6753581555000066
2992.116,528,164,18.7452,1.6758788555000061
2992.257,528,70,8.001,1.6761922280000063
2992.609,528,70,8.001,1.676974548000006
2992.615,528,124,14.1732,1.6769981700000054
2992.91,528,158,18.0594,1.6784780375000057
2993.007,528,155,17.7165,1.6789553987500068
2993.112,528,157,17.9451,1.679478797500007
2993.215,528,165,18.8595,1.6800183887500073
2993.26,528,20,2.286,1.6800469637500073
2993.317,528,160,18.288,1.6803365237500063
2993.394,528,144,16.4592,1.6806885677500052
2993.609,528,20,2.286,1.6808250927500052
2993.815,528,65,7.4295,1.6812502252500054
2993.907,528,140,16.002,1.681659165250006
2993.909,528,112,12.8016,1.6816662772500057
2993.91,528,153,17.4879,1.6816711350000044
2994.01,528,159,18.1737,1.6821759600000064
2994.213,528,155,17.7165,1.6831749737500061
2994.288,0,0,0.0,1.6831749737500061
2994.411,528,165,18.8595,1.6838193400000063
2994.506,0,0,0.0,1.6838193400000063
2994.909,528,20,2.286,1.6840752450000065
2994.913,528,100,11.43,1.6840879450000061
2995.009,528,55,6.2865,1.684255585000006
2995.013,528,136,15.5448,1.6842728570000056
2995.023,528,160,18.288,1.6843236570000066
2995.108,528,151,17.2593,1.6847311682500068
2995.225,528,155,17.7165,1.6853069545000054
2995.298,0,10,1.143,1.6853301320000054
2995.512,0,10,1.143,1.6853980770000054
2995.909,422,16,1.8288,1.6855997530000053
2996.11,528,45,5.1434999999999995,1.6858869317500054
2996.111,528,88,10.0584,1.6858897257500047
2996.114,528,132,15.0876,1.6859022987500054
2996.121,528,150,17.145,1.6859356362500058
2996.219,528,160,18.288,1.6864334762500055
2996.3,0,20,2.286,1.6864849112500055
2996.374,0,0,0.0,1.6864849112500055
2996.608,0,20,2.286,1.6866335012500058
2996.814,0,11,1.2573,1.6867054467500056
2996.907,316,12,1.3716,1.6867408797500056
2997.008,0,2,0.2286,1.6867472932500056
2997.11,528,35,4.0005,1.686860640750006
2997.21,528,76,8.6868,1.6871019407500059
2997.314,0,30,3.429,1.6872010007500058
2997.41,528,130,14.859,1.6875972407500057
2997.41,528,150,17.145,1.6875972407500057
2997.508,0,30,3.429,1.6876905857500057
2997.908,0,13,1.4859,1.6878556857500058
2998.014,0,4,0.4572,1.6878691477500058
2998.212,528,70,8.001,1.6883092027500055
2998.213,211,8,0.9144,1.6883094567500057
2998.297,0,50,5.715,1.6884428067500055
2998.31,528,25,2.8575,1.6884531255000055
2998.404,0,21,2.4003,1.6885158000000056
2998.41,528,130,14.859,1.688540565000005
2998.507,0,50,5.715,1.6886945525000052
2998.908,0,23,2.6289,1.688987382750005
2999.109,0,15,1.7145,1.6890831090000051
2999.109,0,6,0.6858,1.6890831090000051
2999.213,105,4,0.4572,1.689096317000005
2999.217,528,70,8.001,1.6891052070000048
2999.301,0,65,7.4295,1.6892785620000044
2999.315,528,20,2.286,1.6892874520000045
2999.404,0,30,3.429,1.6893722245000045
2999.508,0,65,7.4295,1.6895868545000041
2999.814,0,36,4.1148,1.6899366125000042
2999.817,0,25,2.8575,1.6899389937500042
3000.212,0,17,1.9431,1.6901521950000042
3000.299,0,75,8.5725,1.6903593637500043
3000.309,0,8,0.9144,1.6903619037500044
3000.364,0,51,5.8293,1.6904509625000042
3000.409,0,0,0.0,1.6904509625000042
3000.409,528,20,2.286,1.6904509625000042
3000.507,0,75,8.5725,1.690684325000004
3000.807,0,54,6.1722,1.6911986750000036
3001.008,0,40,4.572,1.6914539450000037
3001.109,0,27,3.0861,1.6915405272500037
3001.109,0,19,2.1717,1.6915405272500037
3001.215,0,10,1.143,1.6915741822500037
3001.298,0,100,11.43,1.6918377072500026
3001.344,0,65,7.4295,1.6919326397500032
3001.415,0,0,0.0,1.6919326397500032
3001.607,0,100,11.43,1.6925422397500032
3001.631,0,68,7.7724,1.692594055750003
3001.807,0,57,6.5151,1.6929125717500029
3002.017,0,44,5.0292,1.693205941750003
3002.212,0,29,3.3146999999999998,1.693385488000003
3002.31,0,105,12.0015,1.6937121955000027
3002.314,0,20,2.286,1.6937147355000026
3002.334,0,77,8.8011,1.6937636305000026
3002.508,0,10,1.143,1.6938188755000025
3002.606,0,105,12.0015,1.6941455830000038
3002.807,0,100,11.43,1.6947837580000025
3002.807,0,82,9.3726,1.6947837580000025
3002.818,0,70,8.001,1.6948082055000033
3003.007,0,60,6.858,1.695168250500003
3003.109,0,48,5.4864,1.6953236985000029
3003.214,0,30,3.429,1.6954237110000028
3003.297,0,125,14.2875,1.695753117250003
3003.308,0,20,2.286,1.695760102250003
3003.503,0,125,14.2875,1.6965340085000038
3003.804,0,107,12.2301,1.6975565807500035
3003.911,0,87,9.9441,1.6978521415000034
3003.918,0,72,8.2296,1.6978681435000036
3004.007,0,101,11.5443,1.6981535442500033
3004.016,0,63,7.2009,1.6981715465000033
3004.214,0,50,5.715,1.698485871500003
3004.296,0,140,16.002,1.6988503615000026
3004.412,0,30,3.429,1.6989608515000025
3004.506,0,140,16.002,1.6993786815000027
3004.906,0,111,12.6873,1.700788381500003
3005.108,0,102,11.6586,1.701442558500004
3005.108,0,92,10.5156,1.701442558500004
3005.108,0,74,8.4582,1.701442558500004
3005.21,0,65,7.4295,1.7016530610000036
3005.22,0,50,5.715,1.7016689360000032
3005.3,0,150,17.145,1.702049936000005
3005.354,0,126,14.4018,1.7022659630000034
3005.606,0,150,17.145,1.7034661130000053
3005.906,0,140,16.002,1.704799613000004
3005.906,0,115,13.1445,1.704799613000004
3005.907,0,103,11.7729,1.7048028832500046
3006.006,0,129,14.7447,1.7052083625000034
3006.108,0,97,11.0871,1.7055224970000045
3006.207,0,75,8.5725,1.7057582407500038
3006.299,0,170,19.431,1.7062548107500044
3006.313,0,65,7.4295,1.7062837032500047
3006.505,0,170,19.431,1.7073200232500048
3006.906,0,142,16.2306,1.709127931750004
3007.026,0,100,11.43,1.7095089317500038
3007.105,0,104,11.8872,1.7097697897500044
3007.107,0,132,15.0876,1.7097781717500042
3007.207,0,119,13.6017,1.710155996750004
3007.22,0,75,8.5725,1.7101869530000038
3007.384,0,152,17.3736,1.7109784170000049
3007.809,0,174,19.8882,1.7133263295000059
3008.006,0,156,17.8308,1.7143020705000043
3008.006,0,144,16.4592,1.7143020705000043
3008.111,0,135,15.4305,1.7147521267500043
3008.21,0,123,14.0589,1.715138746500005
3008.213,0,105,12.0015,1.7151487477500056
3008.305,0,100,11.43,1.7154408477500045
3008.811,0,182,20.802599999999998,1.7183647687500063
3009.011,0,160,18.288,1.7193807687500053
3009.206,0,146,16.6878,1.720284691250006
3009.306,0,138,15.7734,1.7207228412500057
3009.31,0,105,12.0015,1.7207361762500055
3009.406,0,125,14.2875,1.7211171762500055
3010.011,0,190,21.717,1.7247668387500057
3010.104,0,148,16.9164,1.725203845750005
3010.107,0,164,18.7452,1.7252194667500058
3010.206,0,140,16.002,1.7256595217500066
3010.506,0,125,14.2875,1.7268501467500055
3011.11,0,198,22.6314,1.7306471927500071
3011.306,0,168,19.2024,1.7316926567500066
3011.406,0,150,17.145,1.7321689067500061
3011.506,0,140,16.002,1.7326134067500056
3012.106,0,206,23.5458,1.736537706750008
3012.306,0,170,19.431,1.737617206750007
3012.406,0,150,17.145,1.7380934567500066
3013.405,0,210,24.003,1.7447542892500083
3013.505,0,170,19.431,1.7452940392500078
3014.219,0,210,24.003,1.7500546342500074
3027.262,0,225,25.7175,1.8432305655000083
3027.5,0,225,25.7175,1.844930778000007
3028.262,0,220,25.146,1.8502533480000083
3028.599,0,220,25.146,1.8526072930000081
3028.9,0,224,25.6032,1.8547480050000076
3029.251,0,215,24.5745,1.8571440187500083
3029.599,0,215,24.5745,1.859519553750008
3029.906,0,223,25.4889,1.8616931905000065
3030.273,0,210,24.003,1.8641401630000078
3030.324,0,219,25.0317,1.8644947787500075
3030.499,0,210,24.003,1.8656615912500056
3030.803,0,214,24.4602,1.8677271192500062
3030.903,0,218,24.9174,1.8684192692500057
3031.0,0,222,25.3746,1.8691029737500071
3031.286,0,230,26.289,1.8711914887500076
3031.505,0,230,26.289,1.872790736250008
3031.799,0,213,24.3459,1.8747789847500071
3031.999,0,217,24.8031,1.876156934750006
3032.204,0,221,25.2603,1.8775953685000086
3032.225,0,310,35.433,1.877802061000006
3032.285,0,270,30.861,1.8783164110000055
3032.314,0,210,24.003,1.8785097685000054
3032.499,0,270,30.861,1.880095681000005
3032.618,0,230,26.289,1.880964678500006
3032.805,0,214,24.4602,1.8822352500000052
3032.997,0,216,24.6888,1.8835519860000054
3032.999,0,212,24.2316,1.883565448000005
3033.105,0,220,25.146,1.8843058580000065
3033.496,0,310,35.433,1.8881542755000071
3033.799,0,238,27.2034,1.8904438950000062
3033.905,0,218,24.9174,1.8911775740000076
3034.005,0,211,24.1173,1.891847499000007
3034.207,0,215,24.5745,1.8932264015000053
3034.254,0,274,31.3182,1.8936352780000056
3034.289,0,240,27.432,1.893901978000008
3034.4,0,220,25.146,1.894677313000007
3034.4,0,225,25.7175,1.894677313000007
3034.502,0,240,27.432,1.895454553000006
3034.607,0,303,34.6329,1.8964646792500062
3034.899,0,246,28.1178,1.8987453452500056
3035.1,0,222,25.3746,1.9001620937500057
3035.203,0,210,24.003,1.9008488462500062
3035.208,0,215,24.5745,1.900882977500007
3035.278,0,260,29.718,1.9014608275000044
3035.284,0,282,32.2326,1.9015145485000073
3035.405,0,220,25.146,1.902359733500008
3035.596,0,260,29.718,1.9039364385000064
3035.798,0,289,33.0327,1.9057899400000042
3035.799,0,290,33.147,1.905799147500006
3035.898,0,242,27.6606,1.9065598140000073
3035.899,0,254,29.0322,1.9065678785000053
3036.1,0,226,25.8318,1.9080101540000054
3036.279,0,260,29.718,1.909487799000006
3036.305,0,210,24.003,1.909661154000005
3036.405,0,215,24.5745,1.9103437790000075
3036.595,0,260,29.718,1.9119122290000041
3036.898,0,260,29.718,1.9144134940000068
3036.898,0,246,28.1178,1.9144134940000068
3036.998,0,275,31.4325,1.915286619000006
3036.999,0,298,34.0614,1.9152960805000037
3037.01,0,262,29.9466,1.9153875840000072
3037.202,0,230,26.289,1.9167896640000073
3037.278,0,260,29.718,1.9174170440000038
3037.299,0,210,24.003,1.917557061500005
3037.597,0,260,29.718,1.920017051500007
3037.896,0,260,29.718,1.9224852965000068
3037.898,0,260,29.718,1.9225018065000063
3037.998,0,261,29.8323,1.9233304815000056
3038.008,0,306,34.9758,1.9234276365000034
3038.099,0,250,28.575,1.9241499490000062
3038.21,0,270,30.861,1.9251014965000053
3038.282,0,290,33.147,1.9257644365000064
3038.299,0,230,26.289,1.925888579000005
3038.597,0,290,33.147,1.9286324140000073
3038.798,0,260,29.718,1.9302916690000038
3038.803,0,260,29.718,1.9303329440000048
3038.897,0,260,29.718,1.9311089140000053
3039.096,0,254,29.0322,1.9327137495000057
3039.198,0,310,35.433,1.9337176845000044
3039.199,0,247,28.2321,1.933725526750006
3039.218,0,270,30.861,1.933888404250004
3039.295,0,320,36.576,1.9346707242500063
3039.496,0,320,36.576,1.9367128842500065
3039.8,0,293,33.4899,1.9395409202500073
3039.997,0,266,30.4038,1.9412046837500045
3040.016,0,240,27.432,1.9413494637500064
3040.097,0,258,29.4894,1.9420129752500075
3040.098,0,260,29.718,1.9420212302500055
3040.198,0,260,29.718,1.9428467302500048
3040.211,0,310,35.433,1.942974682750004
3040.28,0,340,38.862,1.9437195377500085
3040.5,0,340,38.862,1.9460944377500062
3040.8,0,322,36.8046,1.949161487750008
3040.8,0,299,34.1757,1.949161487750008
3040.997,0,272,31.0896,1.950862779750005
3041.098,0,260,29.718,1.951696534750006
3041.211,0,240,27.432,1.9525575947500047
3041.268,0,335,38.2905,1.9531638610000073
3041.298,0,260,29.718,1.9534115110000052
3041.396,0,260,29.718,1.9542205010000087
3041.5,0,335,38.2905,1.9553266710000068
3041.902,0,326,37.2618,1.9594875720000073
3042.098,0,305,34.8615,1.9613855870000065
3042.197,0,260,29.718,1.9622028320000078
3042.198,0,278,31.7754,1.9622116585000056
3042.251,0,315,36.0045,1.962741724750009
3042.298,0,260,29.718,1.9631297097500053
3042.301,0,260,29.718,1.9631544747500067
3042.314,0,339,38.7477,1.9632943970000059
3042.496,0,315,36.0045,1.9651146245000084
3042.9,0,330,37.719,1.9693475345000084
3042.903,0,338,38.6334,1.9693797290000052
3043.002,0,311,35.5473,1.9703572797500069
3043.207,0,284,32.4612,1.9722057647500062
3043.22,0,300,34.29,1.9723295897500055
3043.239,0,300,34.29,1.9725105647500076
3043.284,0,333,38.0619,1.9729863385000084
3043.395,0,260,29.718,1.9739026435000073
3043.397,0,260,29.718,1.973919153500007
3043.501,0,300,34.29,1.9749097535000095
3043.601,0,315,36.0045,1.9759098785000087
3044.0,0,337,38.5191,1.9801790787500075
3044.101,0,334,38.1762,1.9812501332500088
3044.205,0,290,33.147,1.982207713250007
3044.211,0,260,29.718,1.9822572432500059
3044.297,0,317,36.2331,1.9831228117500084
3044.314,0,329,37.6047,1.9833003895000065
3044.495,0,300,34.29,1.9850244145000069
3044.795,0,312,35.6616,1.9879962145000087
3044.9,0,325,37.1475,1.9890796832500088
3044.998,0,336,38.4048,1.9901251472500083
3045.098,0,338,38.6334,1.9911982972500073
3045.244,0,300,34.29,1.9925889472500091
3045.248,0,300,34.29,1.9926270472500083
3045.397,0,320,36.576,1.994140887250007
3045.399,0,300,34.29,1.9941599372500065
3045.497,0,290,33.147,1.9950622722500062
3045.793,0,300,34.29,1.9978816722500088
3045.796,0,300,34.29,1.9979102472500059
3045.796,0,309,35.3187,1.9979102472500059
3046.002,0,321,36.6903,2.000009747750007
3046.2,0,335,38.2905,2.0021157252500057
3046.24,0,290,33.147,2.0024840252500056
3046.3,0,320,36.576,2.00309362525001
3046.397,0,340,38.862,2.004140740250007
3046.595,0,290,33.147,2.005963825250006
3046.595,0,300,34.29,2.005963825250006
3046.893,0,300,34.29,2.0088022752500083
3046.899,0,306,34.9758,2.008860568250007
3047.103,0,317,36.2331,2.0109137772500087
3047.205,0,335,38.2905,2.011998674750007
3047.224,0,300,34.29,2.0121796497500095
3047.254,0,290,33.147,2.012455874750007
3047.4,0,340,38.862,2.014031944750009
3047.595,0,290,33.147,2.0158274072500064
3047.795,0,297,33.9471,2.0177133572500088
3047.795,0,300,34.29,2.0177133572500088
3047.819,0,300,34.29,2.0179419572500077
3047.895,0,290,33.147,2.018641727250008
3047.999,0,303,34.6329,2.019642233250006
3048.296,0,315,36.0045,2.0226126045000066
3048.3,0,335,38.2905,2.0226551495000105
3048.795,0,295,33.7185,2.0272914432500095
3048.895,0,290,33.147,2.028212193250009
3048.898,0,290,33.147,2.0282398157500103
3048.995,0,300,34.29,2.029163740750008
3049.005,0,300,34.29,2.02925899075001
3049.006,0,300,34.29,2.0292685157500077
3049.199,0,315,36.0045,2.0311987570000096
3049.898,0,290,33.147,2.0376347995000104
3049.992,0,290,33.147,2.038500304500011
3049.993,0,293,33.4899,2.038509607250009
3050.097,0,300,34.29,2.0395002072500112
3050.198,0,300,34.29,2.040462232250008
3050.206,0,300,34.29,2.0405384322500106
3050.893,0,291,33.2613,2.0468857970000096
3050.895,0,290,33.147,2.046904212000009
3050.895,0,290,33.147,2.046904212000009
3051.21,0,300,34.29,2.0499045870000097
3051.296,0,300,34.29,2.0507237370000078
3051.995,0,290,33.147,2.0571597795000085
3052.093,0,290,33.147,2.058062114500008
3052.199,0,290,33.147,2.05903810950001
3052.296,0,300,34.29,2.059962034500008
3053.199,0,290,33.147,2.06827640700001
3053.199,0,290,33.147,2.06827640700001
3053.395,0,290,33.147,2.0700810770000095
3054.394,0,290,33.147,2.0792793695000076
3054.395,0,290,33.147,2.0792885770000096
3055.398,0,290,33.147,2.088523699500011
3068.274,0,260,29.718,2.194815079500009
3068.587,0,260,29.718,2.19739889450001
3069.271,0,260,29.718,2.2030453145000113
3069.489,0,260,29.718,2.20484490450001
3069.789,0,260,29.718,2.2073214045000116
3070.274,0,260,29.718,2.211325079500009
3070.589,0,260,29.718,2.213925404500009
3070.889,0,260,29.718,2.2164019045000107
3070.987,0,260,29.718,2.21721089450001
3071.261,0,260,29.718,2.219472764500009
3071.589,0,260,29.718,2.222180404500009
3071.789,0,260,29.718,2.223831404500011
3071.789,0,260,29.718,2.223831404500011
3072.087,0,260,29.718,2.226291394500009
3072.268,0,285,32.5755,2.2279292182500092
3072.488,0,285,32.5755,2.229919943250007
3072.889,0,262,29.9466,2.2332556617500097
3072.989,0,260,29.718,2.2340811617500087
3072.989,0,260,29.718,2.2340811617500087
3073.09,0,260,29.718,2.2349149167500095
3073.264,0,325,37.1475,2.236710379250009
3073.491,0,325,37.1475,2.2390527355000076
3073.792,0,267,30.5181,2.241604387750007
3073.988,0,260,29.718,2.2432223677500063
3074.174,0,285,32.5755,2.2449054352500077
3074.193,0,260,29.718,2.2450622802500098
3074.269,0,305,34.8615,2.2457982452500054
3074.289,0,260,29.718,2.245963345250009
3074.491,0,305,34.8615,2.2479194627500068
3074.787,0,325,37.1475,2.2509738127500047
3074.894,0,293,33.4899,2.2519692070000046
3075.09,0,272,31.0896,2.2536618630000076
3075.09,0,260,29.718,2.2536618630000076
3075.192,0,260,29.718,2.2545038730000067
3075.194,0,260,29.718,2.2545203830000062
3075.254,0,325,37.1475,2.255139508000006
3075.487,0,325,37.1475,2.2575437767500075
3075.489,0,260,29.718,2.257560286750007
3075.791,0,321,36.6903,2.2606381952500083
3075.892,0,301,34.4043,2.261603427000005
3076.089,0,277,31.6611,2.2633359927500063
3076.204,0,305,34.8615,2.2644496240000085
3076.21,0,300,34.29,2.264506774000007
3076.25,0,320,36.576,2.264913174000007
3076.286,0,260,29.718,2.2652103540000073
3076.389,0,260,29.718,2.2660606190000077
3076.487,0,320,36.576,2.267056299000007
3076.489,0,260,29.718,2.2670728090000067
3076.599,0,324,37.0332,2.268204379000008
3076.791,0,309,35.3187,2.2700880430000083
3076.991,0,317,36.2331,2.2721009930000067
3077.093,0,309,35.3187,2.273101689500005
3077.197,0,260,29.718,2.2739602095000073
3077.289,0,282,32.2326,2.274783931500008
3077.293,0,260,29.718,2.274816951500007
3077.485,0,300,34.29,2.2766457515000074
3077.793,0,323,36.9189,2.2798043685000073
3077.797,0,313,35.7759,2.2798441195000065
3077.991,0,313,35.7759,2.2817720430000064
3078.164,0,318,36.3474,2.2835187375000086
3078.197,0,317,36.2331,2.2838508742500077
3078.236,0,300,34.29,2.2842223492500056
3078.388,0,285,32.5755,2.285597759250006
3078.39,0,300,34.29,2.2856168092500058
3078.488,0,260,29.718,2.286425799250005
3078.887,0,300,34.29,2.2902262742500086
3078.896,0,322,36.8046,2.2903182857500086
3078.993,0,317,36.2331,2.291294566500006
3079.191,0,309,35.3187,2.2932370950000047
3079.191,0,325,37.1475,2.2932370950000047
3079.241,0,295,33.7185,2.2937054075000063
3079.254,0,314,35.8902,2.2938350110000054
3079.388,0,285,32.5755,2.2950475435000057
3079.49,0,295,33.7185,2.2960029010000045
3079.586,0,299,34.1757,2.2969142530000046
3079.887,0,310,35.433,2.2998768455000085
3079.987,0,321,36.6903,2.3008960205000077
3080.098,0,321,36.6903,2.3020273047500064
3080.144,0,300,34.29,2.3024654547500045
3080.199,0,295,33.7185,2.302980598500007
3080.2,0,305,34.8615,2.3029902822500046
3080.238,0,295,33.7185,2.303346199750005
3080.391,0,325,37.1475,2.3049249685000075
3080.799,0,300,34.29,2.308811168500007
3080.886,0,295,33.7185,2.309626032250007
3080.887,0,306,34.9758,2.3096357477500087
3080.984,0,298,34.0614,2.310553513250006
3081.088,0,320,36.576,2.311610153250009
3081.144,0,295,33.7185,2.312134663250005
3081.288,0,325,37.1475,2.3136205632500073
3081.483,0,295,33.7185,2.315446982000009
3081.986,0,295,33.7185,2.320158205750006
3081.986,0,297,33.9471,2.320158205750006
3081.987,0,300,34.29,2.320167730750008
3081.987,0,302,34.5186,2.320167730750008
3082.089,0,320,36.576,2.3212040507500067
3082.144,0,295,33.7185,2.3217191945000053
3082.239,0,295,33.7185,2.322608988250008
3082.291,0,325,37.1475,2.323145563250009
3082.489,0,295,33.7185,2.3250000807500077
3082.786,0,295,33.7185,2.327781857000008
3083.087,0,295,33.7185,2.3306010982500074
3083.091,0,296,33.8328,2.3306386902500065
3083.094,0,300,34.29,2.330667265250008
3083.1,0,300,34.29,2.3307244152500064
3083.124,0,295,33.7185,2.3309492052500054
3083.198,0,285,32.5755,2.331618812750006
3083.202,0,320,36.576,2.3316594527500096
3083.236,0,285,32.5755,2.3319671102500066
3083.583,0,285,32.5755,2.3351070265000087
3083.785,0,295,33.7185,2.3369990090000066
3083.789,0,295,33.7185,2.33703647400001
3083.886,0,295,33.7185,2.3379450002500075
3084.187,0,295,33.7185,2.3407642415000067
3084.187,0,300,34.29,2.3407642415000067
3084.191,0,300,34.29,2.3408023415000057
3084.286,0,295,33.7185,2.341692135250008
3084.485,0,285,32.5755,2.3434928365000087
3084.589,0,285,32.5755,2.344433906500007
3084.789,0,293,33.4899,2.3462944565000097
3085.087,0,295,33.7185,2.3490855990000075
3085.087,0,295,33.7185,2.3490855990000075
3085.087,0,295,33.7185,2.3490855990000075
3085.088,0,295,33.7185,2.3490949652500093
3085.247,0,290,33.147,2.350558957750006
3085.384,0,300,34.29,2.3518638827500076
3085.485,0,290,33.147,2.352793840250009
3085.785,0,285,32.5755,2.3555084652500065
3085.885,0,285,32.5755,2.35641334025001
3086.086,0,291,33.2613,2.358270429500006
3086.09,0,295,33.7185,2.358307894500009
3086.189,0,295,33.7185,2.3592351532500064
3086.203,0,280,32.004,2.3593596132500076
3086.233,0,290,33.147,2.3596358382500093
3086.284,0,295,33.7185,2.3601135170000087
3086.383,0,295,33.7185,2.361040775750006
3086.488,0,290,33.147,2.3620075632500064
3086.785,0,290,33.147,2.3647421907500066
3086.785,0,286,32.6898,2.3647421907500066
3086.785,0,285,32.5755,2.3647421907500066
3087.189,0,289,33.0327,2.3684491937500067
3087.286,0,295,33.7185,2.369357720000009
3087.286,0,295,33.7185,2.369357720000009
3087.386,0,295,33.7185,2.370294345000008
3087.397,0,280,32.004,2.370392135000008
3087.584,0,290,33.147,2.372113937500007
3087.795,0,290,33.147,2.3740567200000093
3087.985,0,287,32.8041,2.3757880475000097
3088.086,0,285,32.5755,2.376701971250007
3088.086,0,287,32.8041,2.376701971250007
3088.238,0,290,33.147,2.3781015112500072
3088.286,0,295,33.7185,2.378551091250009
3088.383,0,295,33.7185,2.379459617500007
3088.484,0,290,33.147,2.380389575000008
3088.595,0,280,32.004,2.381376365000007
3088.885,0,290,33.147,2.384046540000011
3088.988,0,288,32.9184,2.3849883720000076
3089.174,0,287,32.8041,2.386683250500009
3089.189,0,285,32.5755,2.386818981750008
3089.199,0,295,33.7185,2.38691264425001
3089.235,0,280,32.004,2.3872326842500105
3089.385,0,285,32.5755,2.3885899967500115
3089.581,0,280,32.004,2.3903324367500107
3089.784,0,290,33.147,2.3922015592500103
3089.792,0,285,32.5755,2.3922739492500087
3089.988,0,290,33.147,2.394078619250008
3090.09,0,285,32.5755,2.395001591750011
3090.193,0,289,33.0327,2.3959466940000116
3090.244,0,282,32.2326,2.396403322500011
3090.386,0,285,32.5755,2.397688245000009
3090.884,0,288,32.9184,2.4022419570000095
3090.884,0,284,32.4612,2.4022419570000095
3090.984,0,283,32.3469,2.403140482000009
3090.994,0,290,33.147,2.403232557000011
3091.285,0,290,33.147,2.4059119395000086
3091.385,0,285,32.5755,2.406816814500012
3091.893,0,286,32.6898,2.4114297085000103
3092.085,0,286,32.6898,2.4131731645000105
3092.085,0,281,32.1183,2.4131731645000105
3092.193,0,290,33.147,2.414167574500012
3092.198,0,290,33.147,2.4142136120000086
3092.882,0,284,32.4612,2.4203812400000104
3092.987,0,288,32.9184,2.4213413600000107
3093.087,0,280,32.004,2.4222303600000097
3093.298,0,290,33.147,2.424173142500008
3093.984,0,282,32.2326,2.4303152435000093
3094.085,0,290,33.147,2.4312452010000105
3094.193,0,280,32.004,2.432205321000012
3095.108,0,290,33.147,2.4406301835000117
3095.191,0,280,32.004,2.4413680535000086
3096.384,0,280,32.004,2.4519738235000106
3109.202,0,280,32.004,2.5659258435000125
3109.24,0,280,32.004,2.5662636635000085
3109.478,0,280,32.004,2.568379483500011
3110.575,0,280,32.004,2.5781318135000086
3110.584,0,280,32.004,2.5782118235000087
3111.099,0,280,32.004,2.5827901735000114
3111.227,0,280,32.004,2.583928093500009
3111.315,0,280,32.004,2.5847104135000105
3111.878,0,280,32.004,2.5897154835000116
3112.114,0,280,32.004,2.5918135235000106
3112.577,0,280,32.004,2.595929593500012
3112.578,0,280,32.004,2.59593848350001
3112.782,0,280,32.004,2.597752043500012
3113.074,0,280,32.004,2.6003479235000113
3113.223,0,280,32.004,2.60167253350001
3113.575,0,280,32.004,2.604801813500009
3113.778,0,280,32.004,2.6066064835000087
3113.787,0,280,32.004,2.6066864935000087
3113.801,0,280,32.004,2.60681095350001
3114.064,0,280,32.004,2.609149023500009
3114.231,0,275,31.4325,2.610607142250012
3114.481,0,275,31.4325,2.612789954750012
3114.877,0,280,32.004,2.61631039475001
3114.878,0,280,32.004,2.616319284750012
3114.878,0,280,32.004,2.616319284750012
3114.893,0,280,32.004,2.6164526347500106
3114.984,0,280,32.004,2.6172616247500096
3115.233,0,275,31.4325,2.619435706000012
3115.577,0,275,31.4325,2.6224392560000123
3115.581,0,275,31.4325,2.6224741810000114
3115.875,0,280,32.004,2.6250878410000102
3115.877,0,279,31.8897,2.6251055575000097
3115.976,0,280,32.004,2.6259856675000113
3116.079,0,280,32.004,2.6269013375000116
3116.085,0,280,32.004,2.6269546775000103
3116.236,0,270,30.861,2.628249125000009
3116.48,0,270,30.861,2.63034081500001
3116.799,0,280,32.004,2.6331767250000095
3116.877,0,275,31.4325,2.6338577625000092
3116.878,0,280,32.004,2.633866652500011
3117.078,0,278,31.7754,2.6356319525000096
3117.094,0,274,31.3182,2.6357711445000103
3117.192,0,280,32.004,2.63664236450001
3117.23,0,270,30.861,2.63696811950001
3117.278,0,280,32.004,2.6373948395000077
3117.576,0,270,30.861,2.63994944450001
3117.877,0,270,30.861,2.6425297670000094
3117.881,0,275,31.4325,2.6425646920000085
3117.976,0,273,31.2039,2.643388128250011
3117.978,0,280,32.004,2.6434059082500103
3117.981,0,280,32.004,2.6434325782500117
3117.986,0,277,31.6611,2.6434765520000085
3118.224,0,260,29.718,2.645441242000011
3118.478,0,280,32.004,2.64769930200001
3118.48,0,260,29.718,2.6477158120000097
3118.582,0,270,30.861,2.6485902070000087
3118.877,0,270,30.861,2.651119094500009
3119.077,0,272,31.0896,2.6528462945000113
3119.078,0,275,31.4325,2.652855025750009
3119.083,0,280,32.004,2.6528994757500097
3119.185,0,280,32.004,2.6538062557500086
3119.233,0,250,28.575,2.6541872557500104
3119.277,0,276,31.5468,2.6545728277500094
3119.481,0,250,28.575,2.6561920777500108
3119.782,0,267,30.5181,2.65874373000001
3119.98,0,270,30.861,2.660441085000009
3119.98,0,271,30.9753,2.660441085000009
3120.079,0,275,31.4325,2.6613054787500103
3120.114,0,260,29.718,2.661594403750009
3120.191,0,245,28.0035,2.662193367500007
3120.228,0,250,28.575,2.662487055000009
3120.378,0,275,31.4325,2.66379674250001
3120.378,0,280,32.004,2.66379674250001
3120.387,0,250,28.575,2.66386818000001
3120.779,0,258,29.4894,2.6670792480000083
3120.877,0,265,30.2895,2.667903795500008
3121.044,0,250,28.575,2.6692293580000075
3121.076,0,275,31.4325,2.669508758000009
3121.083,0,270,30.861,2.6695687655000095
3121.276,0,270,30.861,2.6712232580000075
3121.378,0,275,31.4325,2.6721138455000104
3121.487,0,250,28.575,2.6729790330000096
3121.575,0,245,28.0035,2.6736635630000074
3121.88,0,256,29.2608,2.67614260300001
3122.044,0,250,28.575,2.677444353000008
3122.077,0,263,30.0609,2.6777199112500107
3122.081,0,270,30.861,2.6777542012500097
3122.186,0,270,30.861,2.67865431375001
3122.239,0,235,26.8605,2.679049760000009
3122.377,0,275,31.4325,2.6802546725000083
3122.575,0,235,26.8605,2.6817320000000073
3122.787,0,250,28.575,2.6834147500000074
3122.976,0,254,29.0322,2.6849389405000097
3123.083,0,261,29.8323,2.6858256227500092
3123.104,0,245,28.0035,2.685988976500007
3123.114,0,249,28.4607,2.6860680340000087
3123.265,0,245,28.0035,2.6872426252500077
3123.28,0,270,30.861,2.6873712127500107
3123.472,0,245,28.0035,2.6888647327500106
3123.477,0,270,30.861,2.6889075952500074
3123.773,0,243,27.7749,2.6911913092500095
3123.875,0,236,26.9748,2.6919555952500085
3123.975,0,250,28.575,2.6927493452500078
3124.078,0,260,29.718,2.693599610250008
3124.082,0,252,28.8036,2.693631614250007
3124.164,0,248,28.3464,2.6942772822500096
3124.255,0,285,32.5755,2.695100718500009
3124.277,0,270,30.861,2.6952893135000084
3124.478,0,285,32.5755,2.6971081122500085
3124.875,0,238,27.2034,2.700108042750008
3124.876,0,247,28.2321,2.7001158850000095
3124.987,0,250,28.575,2.7009969475000086
3125.014,0,249,28.4607,2.701210402750009
3125.076,0,241,27.5463,2.7016848112500083
3125.093,0,250,28.575,2.701819748750007
3125.256,0,255,29.1465,2.703139437500007
3125.282,0,260,29.718,2.7033540675000096
3125.571,0,255,29.1465,2.7056938837500075
3125.78,0,240,27.432,2.70728646375001
3125.873,0,239,27.3177,2.7079921710000088
3125.874,0,282,32.2326,2.7080011245000066
3125.972,0,257,29.3751,2.70880078000001
3125.975,0,246,28.1178,2.7088242115000076
3126.179,0,250,28.575,2.710443461500009
3126.257,0,265,30.2895,2.7110997340000087
3126.288,0,250,28.575,2.7113457965000083
3126.471,0,265,30.2895,2.712885512750008
3126.774,0,255,29.1465,2.715338676500007
3126.878,0,276,31.5468,2.7162500285000095
3126.984,0,237,27.0891,2.7170476520000078
3126.989,0,245,28.0035,2.7170865457500084
3127.075,0,265,30.2895,2.7178101282500067
3127.176,0,242,27.6606,2.7185861617500073
3127.184,0,250,28.575,2.7186496617500095
3127.255,0,245,28.0035,2.7192019530000087
3127.479,0,245,28.0035,2.7209443930000066
3127.874,0,265,30.2895,2.7242678242500062
3127.972,0,257,29.3751,2.7250674797500096
3128.075,0,270,30.861,2.7259504472500065
3128.079,0,244,27.8892,2.7259814352500094
3128.081,0,273,31.2039,2.725998770750009
3128.098,0,245,28.0035,2.7261310095000075
3128.181,0,235,26.8605,2.7267502932500083
3128.261,0,255,29.1465,2.727397993250008
3128.574,0,255,29.1465,2.729932119500009
3128.779,0,245,28.0035,2.731526763250008
3128.78,0,261,29.8323,2.73153505000001
3128.874,0,259,29.6037,2.7323080355000067
3129.096,0,235,26.8605,2.733964433000008
3129.175,0,281,32.1183,2.73466925125001
3129.178,0,264,30.1752,2.7346943972500073
3129.268,0,255,29.1465,2.7354230597500084
3129.375,0,245,28.0035,2.7362553860000083
3129.473,0,255,29.1465,2.737048818500008
3129.773,0,255,29.1465,2.7394776935000094
3129.877,0,247,28.2321,2.740293287500008
3130.075,0,257,29.3751,2.741908918000007
3130.075,0,258,29.4894,2.741908918000007
3130.178,0,261,29.8323,2.7427624532500077
3130.258,0,265,30.2895,2.743435553250007
3130.272,0,285,32.5755,2.7435622357500082
3130.475,0,245,28.0035,2.745141322000008
3130.478,0,265,30.2895,2.745166563250009
3130.773,0,255,29.1465,2.7475549570000095
3130.973,0,249,28.4607,2.749136107000008
3130.977,0,253,28.9179,2.7491682380000073
3131.054,0,256,29.2608,2.749794094000009
3131.274,0,263,30.0609,2.7516311490000076
3131.374,0,255,29.1465,2.7524407740000068
3131.472,0,285,32.5755,2.7533275515000106
3131.778,0,258,29.4894,2.7558341505000072
3131.973,0,255,29.1465,2.7574129192500085
3132.175,0,249,28.4607,2.7590098807500105
3132.179,0,251,28.6893,2.7590417577500097
3132.278,0,265,30.2895,2.759874719000007
3132.278,0,255,29.1465,2.759874719000007
3132.884,0,260,29.718,2.764877249000009
3132.973,0,255,29.1465,2.7655978152500085
3133.084,0,253,28.9179,2.7664894505000075
3133.374,0,245,28.0035,2.7687452880000074
3133.474,0,265,30.2895,2.7695866630000103
3134.074,0,262,29.9466,2.7745777630000097
3134.179,0,255,29.1465,2.77542786925001
3134.18,0,255,29.1465,2.775435965500008
3134.274,0,245,28.0035,2.776167168000008
3135.074,0,264,30.1752,2.7828727680000096
3135.281,0,255,29.1465,2.7845486917500084
3135.379,0,255,29.1465,2.785342124250008
3136.181,0,265,30.2895,2.7920899517500093
3136.373,0,255,29.1465,2.7936444317500095
3137.279,0,265,30.2895,2.801267289250009
3150.236,0,250,28.575,2.904113476750008
3150.467,0,250,28.575,2.9059470392500097
3151.252,0,250,28.575,2.9121779767500087
3151.471,0,250,28.575,2.9139162892500092
3151.767,0,250,28.575,2.9162657892500077
3152.25,0,270,30.861,2.9204063067500092
3152.472,0,270,30.861,2.922309401750011
3152.767,0,250,28.575,2.924650964250008
3153.024,0,252,28.8036,2.9267072212500085
3153.231,0,270,30.861,2.9284817287500116
3153.381,0,270,30.861,2.929767603750008
3153.867,0,256,29.2608,2.933717811750011
3153.964,0,270,30.861,2.9345493442500086
3153.967,0,250,28.575,2.9345731567500097
3154.223,0,250,28.575,2.9366051567500087
3154.466,0,250,28.575,2.9385339692500083
3154.572,0,270,30.861,2.9394426542500103
3154.867,0,260,29.718,2.941877879250011
3154.964,0,270,30.861,2.9427094117500086
3155.074,0,250,28.575,2.9435825367500095
3155.221,0,245,28.0035,2.944726013000009
3155.566,0,245,28.0035,2.947409681750007
3155.768,0,250,28.575,2.949013056750009
3155.779,0,270,30.861,2.9491073542500086
3155.967,0,264,30.1752,2.9506831702500094
3156.044,0,266,30.4038,2.9513334737500077
3156.072,0,250,28.575,2.9515557237500096
3156.221,0,235,26.8605,2.9526674500000087
3156.463,0,235,26.8605,2.95447307250001
3156.767,0,262,29.9466,2.957001896500007
3156.866,0,245,28.0035,2.9577719927500086
3156.867,0,249,28.4607,2.9577798985000103
3156.886,0,270,30.861,2.9579427760000083
3157.073,0,268,30.6324,2.9595339590000074
3157.205,0,230,26.289,2.960497889000008
3157.267,0,250,28.575,2.960990014000007
3157.566,0,230,26.289,2.963173461500007
3157.566,0,235,26.8605,2.963173461500007
3157.87,0,258,29.4894,2.965663677500008
3157.954,0,243,27.7749,2.96631175850001
3158.068,0,248,28.3464,2.9672093945000104
3158.068,0,270,30.861,2.9672093945000104
3158.178,0,270,30.861,2.968152369500008
3158.185,0,250,28.575,2.9682079320000083
3158.225,0,225,25.7175,2.968493682000008
3158.563,0,225,25.7175,2.9709082695000095
3158.769,0,241,27.5463,2.972484530000007
3158.866,0,234,26.746199999999998,2.973205191500009
3158.866,0,247,28.2321,2.973205191500009
3158.888,0,254,29.0322,2.9733826105000083
3158.984,0,230,26.289,2.9740836505000083
3159.171,0,270,30.861,2.9756867080000076
3159.23,0,215,24.5745,2.976089456750009
3159.276,0,270,30.861,2.9764837917500073
3159.565,0,215,24.5745,2.9784565780000087
3159.866,0,224,25.6032,2.9805972900000084
3159.869,0,233,26.631899999999998,2.9806194832500097
3159.966,0,229,26.1747,2.981324746000008
3159.972,0,246,28.1178,2.98137160900001
3159.988,0,250,28.575,2.981498609000007
3160.073,0,239,27.3177,2.982143610250007
3160.087,0,270,30.861,2.9822636252500083
3160.215,0,210,24.003,2.9831170652500094
3160.564,0,210,24.003,2.9854440227500074
3160.571,0,215,24.5745,2.985491806500008
3160.868,0,222,25.3746,2.987585211000008
3161.067,0,228,26.0604,2.989025772000008
3161.067,0,232,26.517599999999998,2.989025772000008
3161.067,0,237,27.0891,2.989025772000008
3161.093,0,250,28.575,2.9892321470000067
3161.175,0,245,28.0035,2.9898700045000095
3161.216,0,210,24.003,2.9901433720000075
3161.565,0,210,24.003,2.9924703295000086
3161.764,0,210,24.003,2.9937971620000092
3161.864,0,231,26.403299999999998,2.9945305870000087
3161.865,0,213,24.3459,2.994537349750007
3162.064,0,220,25.146,2.9959273647500075
3162.066,0,227,25.9461,2.9959417792500074
3162.218,0,200,22.86,2.996906979250008
3162.366,0,235,26.8605,2.9980112442500086
3162.366,0,245,28.0035,2.9980112442500086
3162.467,0,200,22.86,2.9986525942500095
3162.768,0,210,24.003,3.0006595117500092
3162.864,0,210,24.003,3.0012995917500094
3162.869,0,212,24.2316,3.00133324675001
3163.067,0,230,26.289,3.002779141750009
3163.171,0,218,24.9174,3.0034989777500076
3163.209,0,190,21.717,3.0037282127500076
3163.266,0,226,25.8318,3.0041372162500095
3163.366,0,235,26.8605,3.0048833412500087
3163.47,0,190,21.717,3.0055107212500074
3163.564,0,200,22.86,3.0061076212500075
3163.764,0,208,23.7744,3.0074284212500095
3164.065,0,210,24.003,3.0094353387500092
3164.066,0,211,24.1173,3.0094420380000075
3164.168,0,225,25.7175,3.01017070050001
3164.169,0,216,24.6888,3.010177558500008
3164.173,0,230,26.289,3.0102067685000073
3164.19,0,190,21.717,3.010309321000009
3164.218,0,190,21.717,3.010478231000008
3164.368,0,190,21.717,3.0113831060000087
3164.764,0,198,22.6314,3.01387256000001
3164.964,0,206,23.5458,3.015180660000009
3164.964,0,210,24.003,3.015180660000009
3164.984,0,190,21.717,3.015301310000009
3165.169,0,210,24.003,3.0165347975000083
3165.173,0,180,20.573999999999998,3.016557657500008
3165.301,0,190,21.717,3.0173298175000087
3165.365,0,215,24.5745,3.017766697500008
3165.465,0,225,25.7175,3.0184810725000104
3165.567,0,190,21.717,3.0190963875000096
3165.767,0,196,22.4028,3.0203409875000085
3166.044,0,190,21.717,3.0220119900000086
3166.065,0,204,23.3172,3.02214800700001
3166.066,0,210,24.003,3.0221546745000083
3166.173,0,210,24.003,3.022868097000008
3166.368,0,215,24.5745,3.024199215750009
3166.474,0,190,21.717,3.02483866075001
3166.563,0,180,20.573999999999998,3.02534729575001
3166.584,0,190,21.717,3.0254739782500084
3166.864,0,190,21.717,3.0271630782500094
3166.969,0,194,22.1742,3.0278098257500097
3167.071,0,202,23.0886,3.0284640027500087
3167.177,0,210,24.003,3.02917075775001
3167.228,0,180,20.573999999999998,3.0294622227500096
3167.365,0,210,24.003,3.0303756702500078
3167.563,0,180,20.573999999999998,3.0315072402500096
3167.863,0,180,20.573999999999998,3.033221740250008
3167.864,0,190,21.717,3.0332277727500094
3167.924,0,188,21.4884,3.0335859127500093
3168.065,0,192,21.9456,3.03444544875001
3168.134,0,190,21.717,3.0348616912500095
3168.214,0,170,19.431,3.035293491250009
3168.27,0,200,22.86,3.035649091250009
3168.365,0,210,24.003,3.036282503750008
3168.46,0,170,19.431,3.0367952662500093
3168.863,0,179,20.4597,3.039085616000008
3168.866,0,180,20.573999999999998,3.039102761000009
3168.873,0,190,21.717,3.0391449885000092
3168.924,0,186,21.2598,3.039446169000009
3168.976,0,190,21.717,3.03975985900001
3169.066,0,190,21.717,3.040302784000008
3169.208,0,170,19.431,3.0410692290000094
3169.264,0,200,22.86,3.0414248290000097
3169.466,0,170,19.431,3.0425151240000083
3169.562,0,170,19.431,3.0430332840000083
3169.763,0,184,21.0312,3.0442075260000085
3169.863,0,177,20.2311,3.044769501000008
3169.963,0,190,21.717,3.0453727510000106
3170.064,0,180,20.573999999999998,3.0459499660000087
3170.085,0,190,21.717,3.04607664850001
3170.179,0,190,21.717,3.0466437035000102
3170.213,0,170,19.431,3.046827218500011
3170.562,0,170,19.431,3.0487109460000092
3170.784,0,182,20.802599999999998,3.0499937730000104
3170.863,0,170,19.431,3.050420175500009
3170.863,0,170,19.431,3.050420175500009
3170.863,0,175,20.0025,3.050420175500009
3171.062,0,180,20.573999999999998,3.0515574605000095
3171.069,0,190,21.717,3.05159968800001
3171.179,0,190,21.717,3.0522632630000106
3171.866,0,170,19.431,3.05597134550001
3171.885,0,180,20.573999999999998,3.0560799305000113
3171.914,0,170,19.431,3.0562364580000114
3171.962,0,170,19.431,3.0564955380000103
3172.062,0,180,20.573999999999998,3.05706703800001
3172.163,0,173,19.7739,3.0576218057500104
3172.17,0,190,21.717,3.0576640332500107
3172.86,0,168,19.2024,3.061344493250011
3173.063,0,170,19.431,3.062440185750011
3173.064,0,170,19.431,3.0624455832500095
3173.074,0,180,20.573999999999998,3.0625027332500108
3173.167,0,171,19.5453,3.06300765350001
3173.17,0,180,20.573999999999998,3.063024798500011
3173.768,0,166,18.9738,3.0661765575000106
3174.07,0,170,19.431,3.0678066025000112
3174.163,0,170,19.431,3.0683085700000103
3174.266,0,180,20.573999999999998,3.068897215000011
3174.363,0,170,19.431,3.0694207725000098
3175.063,0,164,18.7452,3.0730656725000114
3175.064,0,170,19.431,3.07307107000001
3175.064,0,170,19.431,3.07307107000001
3175.463,0,170,19.431,3.0752246725000116
3176.069,0,162,18.5166,3.07834163350001
3176.36,0,170,19.431,3.0799123060000113
3176.363,0,170,19.431,3.0799284985000095
3177.263,0,160,18.288,3.08450049850001
3177.363,0,170,19.431,3.0850402485000097
3178.36,0,160,18.288,3.0901050085000112
3191.25,0,65,7.4295,3.116706746000011
3191.554,0,65,7.4295,3.117334126000011
3192.245,0,75,8.5725,3.1189795697500107
3192.456,0,75,8.5725,3.1194820135000114
3192.756,0,65,7.4295,3.120101138500011
3193.248,0,90,10.286999999999999,3.1215070285000115
3193.556,0,90,10.286999999999999,3.1223871385000113
3193.856,0,75,8.5725,3.1231015135000115
3193.954,0,67,7.6581,3.1233099840000116
3194.24,0,120,13.716,3.12439964400001
3194.555,0,120,13.716,3.1255997940000104
3194.756,0,93,10.6299,3.1261932967500106
3194.762,0,78,8.9154,3.126208155750011
3194.962,0,69,7.8867,3.1266463057500107
3195.241,0,110,12.573,3.1276207132500105
3195.455,0,110,12.573,3.1283681082500103
3195.76,0,119,13.6017,3.1295204745000116
3195.859,0,99,11.3157,3.1298316562500106
3195.962,0,71,8.1153,3.1300638440000106
3196.057,0,81,9.2583,3.13030816025001
3196.241,0,140,16.002,3.131126040250011
3196.463,0,140,16.002,3.132112830250012
3196.568,0,110,12.573,3.132479542750012
3196.756,0,117,13.373099999999999,3.133177915750011
3196.856,0,105,12.0015,3.133511290750012
3197.16,0,84,9.6012,3.134322058750011
3197.181,0,160,18.288,3.134428738750012
3197.241,0,140,16.002,3.1346954387500117
3197.257,0,73,8.3439,3.134732522750012
3197.461,0,140,16.002,3.1356393027500107
3197.764,0,116,13.258799999999999,3.136755251750012
3197.844,0,140,16.002,3.1371108517500117
3197.958,0,115,13.1445,3.1375270942500117
3198.156,0,87,9.9441,3.1380740197500114
3198.162,0,111,12.6873,3.138095165250011
3198.26,0,75,8.5725,3.1383285277500117
3198.452,0,160,18.288,3.1393038877500117
3198.844,0,140,16.002,3.141046327750011
3198.864,0,122,13.9446,3.141123797750011
3198.944,0,140,16.002,3.1414793977500106
3198.961,0,113,12.9159,3.14154038950001
3199.165,0,117,13.373099999999999,3.1422981985000105
3199.245,0,210,24.003,3.14283159850001
3199.356,0,90,10.286999999999999,3.143148781000011
3199.456,0,75,8.5725,3.1433869060000106
3199.554,0,210,24.003,3.14404032100001
3199.555,0,160,18.288,3.144045401000009
3199.576,0,144,16.4592,3.1441414130000096
3199.853,0,140,16.002,3.14537267800001
3199.966,0,128,14.6304,3.1458319100000094
3200.06,0,111,12.6873,3.1461631895000095
3200.165,0,120,13.716,3.1465632395000096
3200.169,0,90,10.286999999999999,3.1465746695000094
3200.242,0,175,20.0025,3.1469802757500114
3200.552,0,175,20.0025,3.148702713250011
3200.758,0,170,19.431,3.149814598250009
3200.855,0,206,23.5458,3.1504490267500107
3200.857,0,140,16.002,3.1504579167500104
3201.054,0,148,16.9164,3.151383619750011
3201.063,0,134,15.3162,3.151421910250011
3201.238,0,185,21.1455,3.152449816500009
3201.264,0,110,12.573,3.1525406215000102
3201.361,0,120,13.716,3.1529101915000095
3201.452,0,185,21.1455,3.1534447027500114
3201.854,0,176,20.1168,3.155691078750009
3201.854,0,199,22.7457,3.155691078750009
3201.955,0,180,20.573999999999998,3.15626829375001
3201.955,0,152,17.3736,3.15626829375001
3201.968,0,140,16.002,3.1563260787500096
3202.067,0,140,16.002,3.1567661337500104
3202.236,0,255,29.1465,3.158134400000009
3202.259,0,110,12.573,3.1582147275000096
3202.554,0,255,29.1465,3.16060312125001
3202.852,0,178,20.3454,3.162287268250009
3202.854,0,185,21.1455,3.162299015750009
3202.952,0,156,17.8308,3.162784409750011
3203.055,0,192,21.9456,3.1634122977500088
3203.058,0,190,21.717,3.1634303952500096
3203.082,0,140,16.002,3.163537075250009
3203.238,0,275,31.4325,3.1648991502500086
3203.257,0,140,16.002,3.1649836052500095
3203.553,0,275,31.4325,3.167568055250008
3203.753,0,255,29.1465,3.16918730525001
3203.759,0,199,22.7457,3.1692252147500093
3203.854,0,180,20.573999999999998,3.169768139750008
3204.053,0,185,21.1455,3.1709370160000083
3204.158,0,160,18.288,3.1714704160000085
3204.17,0,140,16.002,3.1715237560000094
3204.244,0,225,25.7175,3.17205239350001
3204.255,0,200,22.86,3.1721222435000094
3204.459,0,225,25.7175,3.173579568500007
3204.853,0,275,31.4325,3.1770196810000093
3204.953,0,259,29.6037,3.1778420060000085
3204.957,0,182,20.802599999999998,3.177865120000008
3205.055,0,213,24.3459,3.1785278695000074
3205.055,0,178,20.3454,3.1785278695000074
3205.075,0,160,18.288,3.1786294695000072
3205.158,0,210,24.003,3.1791828720000077
3205.229,0,235,26.8605,3.1797126207500073
3205.456,0,235,26.8605,3.1814063245000095
3205.757,0,265,30.2895,3.1839388632500087
3205.824,0,226,25.8318,3.184419621750009
3206.054,0,263,30.0609,3.186340179250009
3206.158,0,227,25.9461,3.1870897332500077
3206.16,0,175,20.0025,3.1871008457500074
3206.229,0,250,28.575,3.187648533250007
3206.252,0,210,24.003,3.187801885750008
3206.254,0,184,21.0312,3.1878135697500074
3206.457,0,250,28.575,3.189424882250007
3206.859,0,228,26.0604,3.1923349602500073
3206.934,0,236,26.9748,3.192896935250009
3207.055,0,255,29.1465,3.1938765815000063
3207.154,0,267,30.5181,3.1947158292500077
3207.226,0,270,30.861,3.1953330492500087
3207.254,0,241,27.5463,3.1955472982500073
3207.258,0,185,21.1455,3.1955707932500066
3207.26,0,175,20.0025,3.195581905750009
3207.454,0,270,30.861,3.197244970750009
3207.854,0,239,27.3177,3.200280270750006
3207.864,0,250,28.575,3.200359645750008
3207.953,0,230,26.289,3.2010095682500075
3207.959,0,245,28.0035,3.2010562407500065
3208.176,0,295,33.7185,3.2030887170000075
3208.233,0,310,35.433,3.20364973950001
3208.251,0,271,30.9753,3.2038046160000104
3208.354,0,255,29.1465,3.204638529750007
3208.454,0,185,21.1455,3.205225904750009
3208.458,0,310,35.433,3.2052652747500083
3208.566,0,270,30.861,3.206191104750006
3208.758,0,254,29.0322,3.207739488750006
3208.959,0,242,27.6606,3.209283872250006
3209.057,0,232,26.517599999999998,3.210005740250006
3209.162,0,275,31.4325,3.210922521500006
3209.167,0,255,29.1465,3.210963002750007
3209.254,0,235,26.8605,3.211612131500007
3209.549,0,295,33.7185,3.214375175250008
3209.761,0,258,29.4894,3.2161117732500077
3209.814,0,310,35.433,3.2166334257500067
3209.952,0,245,28.0035,3.2177068932500097
3209.984,0,278,31.7754,3.217989341250007
3210.157,0,234,26.746199999999998,3.219274644750009
3210.229,0,345,39.4335,3.2200633147500053
3210.353,0,225,25.7175,3.220949139750007
3210.449,0,345,39.4335,3.2220006997500072
3210.453,0,275,31.4325,3.2220356247500064
3210.573,0,307,35.0901,3.2232052947500054
3210.852,0,295,33.7185,3.2258184785000052
3210.853,0,286,32.6898,3.225827559000007
3210.96,0,262,29.9466,3.226717638500007
3211.153,0,235,26.8605,3.2281576597500052
3211.156,0,248,28.3464,3.2281812817500066
3211.203,0,295,33.7185,3.2286214955000068
3211.257,0,225,25.7175,3.2290072580000073
3211.451,0,295,33.7185,3.2308243105000067
3211.749,0,340,38.862,3.2340412205000044
3211.849,0,305,34.8615,3.2350095955000078
3211.852,0,304,34.7472,3.235038551500005
3211.864,0,294,33.6042,3.235150565500007
3212.062,0,266,30.4038,3.2368227745000056
3212.166,0,250,28.575,3.2376482745000077
3212.199,0,285,32.5755,3.237946883250007
3212.357,0,235,26.8605,3.239125760750006
3212.549,0,285,32.5755,3.240863120750006
3212.751,0,295,33.7185,3.2427551032500084
3212.768,0,315,36.0045,3.242925124500007
3212.773,0,301,34.4043,3.242972908250008
3212.844,0,330,37.719,3.243716810750007
3213.051,0,302,34.5186,3.245701630250006
3213.167,0,270,30.861,3.2466960402500056
3213.258,0,250,28.575,3.247418352750005
3213.851,0,292,33.3756,3.2529160557500076
3213.873,0,298,34.0614,3.253124208750007
3213.955,0,325,37.1475,3.253970346250006
3214.053,0,320,36.576,3.2549660262500053
3214.054,0,310,35.433,3.2549758687500074
3214.254,0,270,30.861,3.256690368750006
3214.851,0,290,33.147,3.262187246250008
3215.052,0,310,35.433,3.264165588750008
3215.057,0,295,33.7185,3.2642124200000047
3215.156,0,335,38.2905,3.265265408750006
3215.167,0,310,35.433,3.2653736762500056
3215.849,0,288,32.9184,3.2716098842500076
3216.252,0,300,34.29,3.2754484592500055
3216.252,0,345,39.4335,3.2754484592500055
3216.252,0,295,33.7185,3.2754484592500055
3216.855,0,286,32.6898,3.280924000750006
3217.249,0,295,33.7185,3.284614303250004
3217.451,0,345,39.4335,3.2868269607500067
3218.251,0,285,32.5755,3.2940659607500082
3218.251,0,295,33.7185,3.2940659607500082
3219.351,0,285,32.5755,3.3040195857500074
3232.225,0,350,40.005,3.447081910750005
3232.545,0,350,40.005,3.450637910750007
3233.217,0,360,41.147999999999996,3.458318870750007
3233.543,0,360,41.147999999999996,3.462045050750007
3233.804,0,350,40.005,3.464945413250007
3234.199,0,310,35.433,3.4688332007500065
3234.445,0,310,35.433,3.4712544557500076
3234.745,0,360,41.147999999999996,3.4746834557500046
3234.945,0,352,40.2336,3.4769186557500076
3235.192,0,300,34.29,3.4792713307500063
3235.545,0,300,34.29,3.482633655750007
3235.743,0,310,35.433,3.4845824707500057
3235.843,0,350,40.005,3.4856937207500045
3236.047,0,354,40.4622,3.4879865787500064
3236.193,0,295,33.7185,3.4893540512500083
3236.544,0,295,33.7185,3.492641605000005
3236.745,0,308,35.2044,3.4946071840000053
3236.774,0,300,34.29,3.494883409000005
3237.044,0,340,38.862,3.497798059000005
3237.044,0,356,40.6908,3.497798059000005
3237.197,0,295,33.7185,3.499231095250007
3237.444,0,295,33.7185,3.5015445590000054
3237.844,0,295,33.7185,3.5052910590000064
3237.845,0,299,34.1757,3.505300552250004
3237.945,0,306,34.9758,3.5062721022500076
3237.951,0,330,37.719,3.506334967250006
3238.044,0,358,40.9194,3.5073920517500046
3238.191,0,290,33.147,3.508745554250004
3238.544,0,290,33.147,3.5119958017500044
3238.744,0,295,33.7185,3.513869051750007
3238.748,0,295,33.7185,3.5139065167500063
3238.845,0,298,34.0614,3.5148242822500038
3239.046,0,304,34.7472,3.516764334250004
3239.149,0,360,41.147999999999996,3.5179416242500046
3239.191,0,285,32.5755,3.518321671750004
3239.245,0,320,36.576,3.5188703117500046
3239.544,0,285,32.5755,3.5215758880000045
3239.734,0,290,33.147,3.523325313000005
3239.75,0,293,33.4899,3.5234741570000057
3240.046,0,297,33.9471,3.526265363000004
3240.046,0,302,34.5186,3.526265363000004
3240.048,0,295,33.7185,3.5262840955000034
3240.196,0,285,32.5755,3.5276233105000045
3240.245,0,310,35.433,3.5281055930000043
3240.346,0,360,41.147999999999996,3.5292600230000057
3240.351,0,285,32.5755,3.529305266750007
3240.794,0,285,32.5755,3.5333138630000045
3240.844,0,288,32.9184,3.5337710630000063
3240.845,0,292,33.3756,3.533780334000004
3240.949,0,295,33.7185,3.534754424000006
3241.149,0,296,33.8328,3.5366340240000045
3241.156,0,280,32.004,3.536696254000005
3241.187,0,285,32.5755,3.536976765250005
3241.243,0,300,34.29,3.5375101652500054
3241.349,0,285,32.5755,3.538469332750007
3241.445,0,310,35.433,3.5394142127500072
3241.549,0,285,32.5755,3.5403552827500055
3241.744,0,285,32.5755,3.542119789000007
3241.844,0,287,32.8041,3.543031014000006
3242.046,0,291,33.2613,3.544897342500004
3242.148,0,295,33.7185,3.545852700000007
3242.158,0,300,34.29,3.5459479500000044
3242.245,0,295,33.7185,3.5467628137500045
3242.455,0,285,32.5755,3.5486630512500046
3242.54,0,280,32.004,3.549418701250005
3242.844,0,286,32.6898,3.5521791732500057
3242.85,0,285,32.5755,3.5522334657500045
3242.864,0,285,32.5755,3.552360148250006
3242.948,0,290,33.147,3.553133578250004
3243.197,0,275,31.4325,3.5553076595000066
3243.345,0,295,33.7185,3.5566938645000037
3243.345,0,295,33.7185,3.5566938645000037
3243.443,0,275,31.4325,3.5575495270000075
3243.552,0,284,32.4612,3.5585323800000066
3243.751,0,285,32.5755,3.560333081250007
3243.843,0,280,32.004,3.561150961250004
3243.944,0,285,32.5755,3.562064885000005
3244.051,0,285,32.5755,3.5630331012500047
3244.188,0,280,32.004,3.564251031250006
3244.244,0,290,33.147,3.5647666512500065
3244.248,0,295,33.7185,3.5648041162500057
3244.542,0,280,32.004,3.5674177762500046
3244.543,0,275,31.4325,3.5674265075000062
3244.814,0,283,32.3469,3.569861510250004
3244.85,0,285,32.5755,3.5701872652500044
3245.049,0,285,32.5755,3.571987966500005
3245.063,0,285,32.5755,3.572114649000006
3245.185,0,270,30.861,3.573160494000005
3245.25,0,290,33.147,3.5737589815000055
3245.534,0,279,31.8897,3.5762747245000064
3245.54,0,270,30.861,3.576326159500005
3245.743,0,276,31.5468,3.5781050485000048
3245.754,0,280,32.004,3.5782028385000046
3245.754,0,282,32.2326,3.5782028385000046
3245.84,0,278,31.7754,3.5789619175000067
3245.943,0,285,32.5755,3.5798939387500073
3246.159,0,285,32.5755,3.5818484687500063
3246.194,0,270,30.861,3.582148506250005
3246.25,0,285,32.5755,3.5826552362500057
3246.445,0,270,30.861,3.584326873750007
3246.842,0,278,31.7754,3.587830994250006
3246.843,0,270,30.861,3.587839566750004
3246.858,0,277,31.6611,3.587971488000007
3246.858,0,281,32.1183,3.587971488000007
3247.051,0,285,32.5755,3.5897178967500047
3247.189,0,270,30.861,3.590900901750004
3247.244,0,285,32.5755,3.591398583000007
3247.434,0,277,31.6611,3.5930695855000074
3247.542,0,270,30.861,3.593995415500005
3247.545,0,270,30.861,3.5940211330000063
3247.84,0,270,30.861,3.5965500205000067
3247.94,0,276,31.5468,3.597426320500006
3247.954,0,280,32.004,3.5975507805000073
3248.044,0,278,31.7754,3.5983451655000045
3248.147,0,276,31.5468,3.5992477545000052
3248.149,0,285,32.5755,3.5992658520000047
3248.19,0,270,30.861,3.5996173245000063
3248.445,0,270,30.861,3.601803312000007
3248.744,0,270,30.861,3.604366489500007
3248.841,0,279,31.8897,3.6052257397500047
3248.842,0,270,30.861,3.6052343122500066
3248.942,0,274,31.3182,3.606104262250006
3249.043,0,270,30.861,3.606970084750007
3249.055,0,280,32.004,3.6070767647500044
3249.193,0,260,29.718,3.6082159547500074
3249.243,0,275,31.4325,3.6086525172500052
3249.541,0,260,29.718,3.611112507250007
3249.841,0,270,30.861,3.613684257250005
3249.845,0,270,30.861,3.613718547250004
3249.942,0,270,30.861,3.6145500797500056
3250.042,0,280,32.004,3.6154390797500047
3250.043,0,270,30.861,3.6154476522500065
3250.143,0,272,31.0896,3.616311252250006
3250.187,0,270,30.861,3.6166884422500045
3250.443,0,275,31.4325,3.618923642250007
3250.446,0,270,30.861,3.6189493597500046
3250.547,0,260,29.718,3.6197831147500055
3250.741,0,268,30.6324,3.621433860750005
3251.043,0,270,30.861,3.624022755750006
3251.043,0,270,30.861,3.624022755750006
3251.148,0,270,30.861,3.6249228682500063
3251.15,0,280,32.004,3.6249406482500057
3251.193,0,260,29.718,3.6252956132500067
3251.242,0,270,30.861,3.6257156657500067
3251.441,0,260,29.718,3.6273584107500034
3251.747,0,262,29.9466,3.629903871750004
3251.754,0,270,30.861,3.6299638792500044
3251.945,0,270,30.861,3.6316012267500066
3251.947,0,266,30.4038,3.631618117750006
3252.043,0,270,30.861,3.632441077750006
3252.152,0,260,29.718,3.633340872750005
3252.195,0,260,29.718,3.633695837750006
3252.34,0,260,29.718,3.634892812750006
3252.342,0,270,30.861,3.634909957750006
3252.343,0,270,30.861,3.6349185302500038
3252.55,0,260,29.718,3.6366273152500064
3252.746,0,268,30.6324,3.6382950792500055
3252.841,0,264,30.1752,3.639091369250004
3253.041,0,270,30.861,3.6408058692500065
3253.048,0,264,30.1752,3.6408645432500033
3253.242,0,270,30.861,3.6425276082500067
3253.342,0,270,30.861,3.643384858250006
3253.446,0,260,29.718,3.6442433782500046
3253.849,0,266,30.4038,3.647646914750007
3254.042,0,266,30.4038,3.649276896250005
3254.145,0,262,29.9466,3.6501337017500055
3254.145,0,270,30.861,3.6501337017500055
3254.334,0,260,29.718,3.6516938967500043
3254.342,0,270,30.861,3.6517624767500068
3254.553,0,260,29.718,3.653504281750005
3254.753,0,260,29.718,3.655155281750007
3254.941,0,264,30.1752,3.6567310977500043
3255.048,0,268,30.6324,3.657641560750004
3255.247,0,260,29.718,3.659284305750005
3255.441,0,270,30.861,3.6609473707500046
3255.804,0,260,29.718,3.663943935750007
3255.856,0,260,29.718,3.664373195750008
3256.042,0,270,30.861,3.6659676807500055
3256.05,0,262,29.9466,3.6660342287500076
3256.239,0,260,29.718,3.6675944237500064
3256.749,0,260,29.718,3.6718044737500044
3256.946,0,260,29.718,3.6734307087500055
3257.064,0,260,29.718,3.6744047987500053
3257.247,0,270,30.861,3.675973566250005
3257.852,0,260,29.718,3.680967841250005
3258.052,0,260,29.718,3.682618841250007
3258.247,0,260,29.718,3.6842285662500047
3258.954,0,260,29.718,3.6900648512500074
3259.066,0,260,29.718,3.6909894112500043
3260.063,0,260,29.718,3.6992196462500067
3273.226,0,260,29.718,3.8078802112500068
3273.435,0,260,29.718,3.8096055062500054
3274.229,0,270,30.861,3.8164120712500043
3274.435,0,270,30.861,3.8181780062500055
3274.547,0,260,29.718,3.819102566250006
3275.211,0,340,38.862,3.8262704462500032
3275.535,0,340,38.862,3.829768026250004
3275.535,0,270,30.861,3.829768026250004
3275.794,0,262,29.9466,3.8319225177500043
3276.188,0,350,40.005,3.8363008427500067
3276.534,0,350,40.005,3.840145767750007
3276.741,0,264,30.1752,3.841880841750006
3276.835,0,284,32.4612,3.8427284397500063
3277.176,0,280,32.004,3.8457599297500056
3277.534,0,280,32.004,3.848942549750007
3277.534,0,350,40.005,3.848942549750007
3277.624,0,341,38.9763,3.8499169572500036
3277.734,0,343,39.2049,3.851114884750005
3277.845,0,266,30.4038,3.8520523352500042
3277.935,0,298,34.0614,3.852903870250006
3278.181,0,280,32.004,3.8550908102500068
3278.534,0,280,32.004,3.8582289802500074
3278.756,0,312,35.6616,3.860428112250005
3278.833,0,345,39.4335,3.8612715510000073
3278.834,0,329,37.6047,3.8612819967500047
3278.934,0,280,32.004,3.8621709967500077
3278.935,0,268,30.6324,3.8621795057500057
3279.188,0,280,32.004,3.8644286757500073
3279.531,0,280,32.004,3.867477945750006
3279.834,0,280,32.004,3.870171615750005
3279.834,0,315,36.0045,3.870171615750005
3279.934,0,280,32.004,3.871060615750008
3279.935,0,326,37.2618,3.8710709662500054
3279.938,0,347,39.6621,3.871104018000007
3280.056,0,270,30.861,3.8721155730000065
3280.181,0,280,32.004,3.8732268230000066
3280.533,0,280,32.004,3.8763561030000053
3280.539,0,280,32.004,3.876409443000008
3280.833,0,280,32.004,3.879023103000007
3281.035,0,280,32.004,3.8808188830000048
3281.035,0,301,34.4043,3.8808188830000048
3281.035,0,340,38.862,3.8808188830000048
3281.04,0,349,39.8907,3.880874286750006
3281.145,0,270,30.861,3.881774399250006
3281.184,0,270,30.861,3.882108726750008
3281.436,0,270,30.861,3.8842689967500075
3281.834,0,280,32.004,3.8878072167500046
3282.034,0,280,32.004,3.889585216750007
3282.035,0,280,32.004,3.889594106750005
3282.035,0,287,32.8041,3.889594106750005
3282.184,0,280,32.004,3.890918716750008
3282.236,0,340,38.862,3.8914800567500043
3282.334,0,350,40.005,3.8925690817500036
3282.432,0,280,32.004,3.893440301750003
3282.624,0,280,32.004,3.895147181750003
3282.837,0,280,32.004,3.897040751750005
3282.933,0,278,31.7754,3.897888095750005
3283.035,0,280,32.004,3.8987948757500037
3283.137,0,280,32.004,3.8997016557500066
3283.173,0,270,30.861,3.9000102657500033
3283.232,0,280,32.004,3.900534775750005
3283.434,0,350,40.005,3.9027795007500075
3283.437,0,270,30.861,3.902805218250005
3283.538,0,280,32.004,3.903703108250006
3283.614,0,270,30.861,3.904354618250006
3284.034,0,276,31.5468,3.9080350782500064
3284.034,0,280,32.004,3.9080350782500064
3284.137,0,280,32.004,3.9089507482500068
3284.141,0,280,32.004,3.908986308250006
3284.143,0,280,32.004,3.9090040882500054
3284.188,0,280,32.004,3.909404138250006
3284.432,0,280,32.004,3.911573298250003
3284.434,0,272,31.0896,3.9115905702500067
3284.734,0,271,30.9753,3.9141718452500043
3284.736,0,274,31.3182,3.9141892442500037
3284.737,0,278,31.7754,3.9141980707500057
3284.936,0,274,31.3182,3.9159292712500062
3285.137,0,280,32.004,3.917716161250006
3285.148,0,280,32.004,3.917813951250006
3285.183,0,270,30.861,3.918113988750005
3285.332,0,270,30.861,3.919391291250004
3285.334,0,280,32.004,3.9194090712500036
3285.434,0,280,32.004,3.9202980712500066
3285.544,0,280,32.004,3.9212759712500036
3285.832,0,276,31.5468,3.9237997152500035
3286.034,0,276,31.5468,3.9255698412500055
3286.035,0,280,32.004,3.9255787312500035
3286.234,0,272,31.0896,3.9272972952500043
3286.433,0,280,32.004,3.929066405250005
3286.437,0,270,30.861,3.929100695250004
3286.532,0,280,32.004,3.929945245250006
3286.614,0,273,31.2039,3.930656000750005
3286.838,0,275,31.4325,3.9326118007500064
3287.034,0,278,31.7754,3.9343417947500057
3287.035,0,274,31.3182,3.9343504942500034
3287.145,0,270,30.861,3.9352934692500043
3287.184,0,275,31.4325,3.9356339880000064
3287.333,0,280,32.004,3.9369585980000052
3287.531,0,275,31.4325,3.938687385500004
3287.534,0,278,31.7754,3.9387138650000058
3287.631,0,272,31.0896,3.9395515570000037
3287.743,0,276,31.5468,3.9405330130000045
3287.932,0,277,31.6611,3.942195220750003
3288.037,0,272,31.0896,3.9431020007500033
3288.174,0,275,31.4325,3.9442981820000047
3288.232,0,280,32.004,3.9448138020000045
3288.335,0,275,31.4325,3.945713120750005
3288.433,0,270,30.861,3.9465532257500047
3288.604,0,280,32.004,3.9480734157500033
3288.629,0,275,31.4325,3.948291697000004
3288.832,0,279,31.8897,3.950089921750004
3288.847,0,274,31.3182,3.950220414250007
3289.034,0,270,30.861,3.9518234717500063
3289.042,0,279,31.8897,3.9518943377500046
3289.145,0,280,32.004,3.952810007750005
3289.176,0,280,32.004,3.9530855977500043
3289.334,0,274,31.3182,3.9544601187500037
3289.531,0,280,32.004,3.956211448750005
3289.537,0,275,31.4325,3.9562638362500038
3289.629,0,275,31.4325,3.9570671112500047
3289.929,0,278,31.7754,3.959715061250006
3289.937,0,272,31.0896,3.9597841492500043
3290.141,0,280,32.004,3.961597709250006
3290.187,0,270,30.861,3.9619920442500045
3290.238,0,270,30.861,3.9624292417500038
3290.328,0,270,30.861,3.963200766750005
3290.604,0,276,31.5468,3.9656193547500034
3290.831,0,280,32.004,3.9676373847500064
3290.843,0,278,31.7754,3.9677433027500038
3291.032,0,277,31.6611,3.9694055105000063
3291.048,0,270,30.861,3.969542670500003
3291.173,0,275,31.4325,3.9706340767500032
3291.232,0,280,32.004,3.971158586750005
3291.428,0,275,31.4325,3.972869911750004
3291.604,0,276,31.5468,3.9744121997500037
3291.604,0,275,31.4325,3.9744121997500037
3291.628,0,270,30.861,3.9746179397500065
3291.834,0,278,31.7754,3.9764361987500036
3291.837,0,277,31.6611,3.976462583000005
3291.931,0,275,31.4325,3.977283320500005
3291.943,0,280,32.004,3.9773900005000065
3292.03,0,276,31.5468,3.9781523815000064
3292.053,0,270,30.861,3.978349549000004
3292.173,0,275,31.4325,3.979397299000003
3292.433,0,275,31.4325,3.981667424000005
3292.533,0,275,31.4325,3.9825405490000043
3292.83,0,271,30.9753,3.9850960112500045
3293.032,0,276,31.5468,3.9868661372500065
3293.032,0,278,31.7754,3.9868661372500065
3293.036,0,275,31.4325,3.9869010622500056
3293.052,0,280,32.004,3.9870433022500062
3293.135,0,275,31.4325,3.987767996000007
3293.143,0,270,30.861,3.9878365760000056
3293.178,0,270,30.861,3.9881366135000045
3293.433,0,270,30.861,3.9903226010000052
3293.735,0,275,31.4325,3.9929594385000065
3293.736,0,272,31.0896,3.9929680745000042
3293.83,0,275,31.4325,3.9937888120000045
3294.03,0,279,31.8897,3.995560462000007
3294.032,0,274,31.3182,3.9955778610000063
3294.132,0,275,31.4325,3.9964509860000055
3294.235,0,275,31.4325,3.997350304750006
3294.527,0,270,30.861,3.9998534747500054
3294.83,0,274,31.3182,4.002489423250005
3294.93,0,275,31.4325,4.003362548250004
3295.029,0,272,31.0896,4.004217512250005
3295.031,0,273,31.2039,4.004234847750005
3295.032,0,280,32.004,4.004243737750007
3295.229,0,275,31.4325,4.005963794000004
3295.735,0,270,30.861,4.010301479000007
3295.831,0,275,31.4325,4.011139679000007
3295.934,0,273,31.2039,4.012032457250008
3296.031,0,274,31.3182,4.012876308750006
3296.231,0,280,32.004,4.014654308750009
3296.331,0,270,30.861,4.015511558750008
3296.735,0,270,30.861,4.018974848750008
3297.031,0,272,31.0896,4.021531104750006
3297.131,0,275,31.4325,4.0224042297500056
3297.231,0,275,31.4325,4.023277354750009
3297.331,0,270,30.861,4.024134604750008
3297.935,0,270,30.861,4.029312394750007
3298.031,0,271,30.9753,4.030138402750007
3298.031,0,275,31.4325,4.030138402750007
3298.33,0,275,31.4325,4.032749046500006
3299.031,0,270,30.861,4.038758369000006
3299.236,0,270,30.861,4.0405157315000055
3299.33,0,275,31.4325,4.041336469000006
3300.028,0,270,30.861,4.047320074000005
3300.233,0,270,30.861,4.049077436500008
3301.233,0,270,30.861,4.057649936500008
3314.173,0,260,29.718,4.164469636500004
3314.521,0,260,29.718,4.167342376500008
3315.176,0,255,29.1465,4.172645420250006
3315.33,0,255,29.1465,4.173892242750005
3315.624,0,260,29.718,4.176319212750005
3316.045,0,240,27.432,4.179527232750007
3316.177,0,245,28.0035,4.1805540277500075
3316.429,0,245,28.0035,4.182514272750007
3316.633,0,254,29.0322,4.184159430750005
3316.827,0,259,29.6037,4.185754741250008
3317.429,0,240,27.432,4.190341981250008
3317.625,0,245,28.0035,4.191866616250007
3317.929,0,258,29.4894,4.1943568322500075
3318.204,0,300,34.29,4.1969762072500085
3318.338,0,300,34.29,4.198252557250009
3318.525,0,240,27.432,4.199677497250008
3318.534,0,252,28.8036,4.199749506250008
3318.925,0,250,28.575,4.2028530687500085
3318.93,0,257,29.3751,4.202893867500006
3319.199,0,260,29.718,4.205114462500007
3319.522,0,260,29.718,4.207780827500006
3319.529,0,300,34.29,4.207847502500006
3319.544,0,244,27.8892,4.207963707500006
3319.625,0,252,28.8036,4.208611788500007
3320.025,0,248,28.3464,4.211761388500007
3320.136,0,256,29.2608,4.212663596500007
3320.216,0,255,29.1465,4.213311296500006
3320.522,0,255,29.1465,4.215788749000006
3320.524,0,243,27.7749,4.215804179500005
3320.737,0,264,30.1752,4.217589545500007
3320.925,0,242,27.6606,4.219034043500008
3321.031,0,246,28.1178,4.219861956500006
3321.127,0,255,29.1465,4.220639196500006
3321.203,0,270,30.861,4.221290706500006
3321.42,0,270,30.861,4.223150939000007
3321.524,0,260,29.718,4.224009459000006
3321.524,0,292,33.3756,4.224009459000006
3321.822,0,255,29.1465,4.226422141500008
3321.823,0,259,29.6037,4.226430364750006
3321.837,0,276,31.5468,4.2265530467500065
3321.932,0,241,27.5463,4.227279963000005
3322.136,0,245,28.0035,4.228866828000006
3322.195,0,255,29.1465,4.2293445067500075
3322.327,0,255,29.1465,4.230413211750008
3322.425,0,255,29.1465,4.231206644250008
3322.554,0,284,32.4612,4.232369837250007
3322.622,0,268,30.6324,4.232948449250006
3323.024,0,258,29.4894,4.236241432250006
3323.024,0,276,31.5468,4.236241432250006
3323.024,0,288,32.9184,4.236241432250006
3323.031,0,240,27.432,4.236294772250007
3323.137,0,245,28.0035,4.2371193197500086
3323.199,0,290,33.147,4.237690184750008
3323.514,0,258,29.4894,4.240270507250008
3323.519,0,290,33.147,4.240316544750005
3323.822,0,255,29.1465,4.242769708500008
3323.823,0,257,29.3751,4.242777868250006
3323.92,0,265,30.2895,4.243594002000008
3323.923,0,268,30.6324,4.243619529000005
3324.02,0,261,29.8323,4.244423343750007
3324.126,0,300,34.29,4.2454329937500095
3324.201,0,340,38.862,4.246242618750007
3324.225,0,240,27.432,4.246425498750006
3324.419,0,340,38.862,4.248519728750006
3324.825,0,262,29.9466,4.2518970397500055
3324.922,0,262,29.9466,4.2527039342500075
3325.021,0,256,29.2608,4.2535086062500085
3325.022,0,260,29.718,4.253516861250007
3325.122,0,264,30.1752,4.254355061250006
3325.127,0,300,34.29,4.254402686250008
3325.202,0,355,40.5765,4.25524803000001
3325.421,0,355,40.5765,4.257716433750006
3325.514,0,290,33.147,4.258572731250009
3325.821,0,340,38.862,4.261886796250007
3325.919,0,300,34.29,4.262820246250007
3326.023,0,269,30.7467,4.263708484250009
3326.043,0,260,29.718,4.2638735842500095
3326.125,0,255,29.1465,4.264537476750008
3326.126,0,259,29.6037,4.26454570000001
3326.126,0,267,30.5181,4.26454570000001
3326.216,0,355,40.5765,4.265560112500006
3326.521,0,355,40.5765,4.26899784375001
3326.822,0,310,35.433,4.271960436250009
3327.026,0,276,31.5468,4.273748088250007
3327.189,0,370,42.291,4.2756629307500065
3327.222,0,256,29.2608,4.275931154750009
3327.323,0,270,30.861,4.276796977250006
3327.327,0,370,42.291,4.27684396725001
3327.422,0,255,29.1465,4.277613111000009
3327.554,0,355,40.5765,4.27910091600001
3327.564,0,343,39.2049,4.279209818500007
3327.63,0,355,40.5765,4.27995372100001
3327.827,0,355,40.5765,4.282174157250011
3328.023,0,346,39.5478,4.284327315250009
3328.023,0,283,32.3469,4.284327315250009
3328.125,0,320,36.576,4.285363635250008
3328.14,0,285,32.5755,4.285499366500007
3328.173,0,335,38.2905,4.285850362750006
3328.222,0,255,29.1465,4.28624707900001
3328.322,0,270,30.861,4.287104329000009
3328.428,0,335,38.2905,4.288231771500007
3328.629,0,366,41.8338,4.290567492000007
3328.821,0,355,40.5765,4.292731572000007
3328.925,0,349,39.8907,4.29388397000001
3329.222,0,330,37.719,4.296995787500011
3329.322,0,290,33.147,4.29791653750001
3329.33,0,285,32.5755,4.297988927500008
3329.42,0,255,29.1465,4.298717590000009
3329.504,0,358,40.9194,4.299672376000007
3329.521,0,335,38.2905,4.29985319225001
3329.922,0,361,41.262299999999996,4.304449354000009
3330.026,0,355,40.5765,4.305621564000007
3330.041,0,270,30.861,4.30575015150001
3330.174,0,290,33.147,4.306974749000008
3330.222,0,352,40.2336,4.307511197000011
3330.226,0,340,38.862,4.3075543770000095
3330.259,0,290,33.147,4.307858224500008
3330.322,0,290,33.147,4.308438297000009
3330.584,0,359,41.033699999999996,4.311424638500006
3330.618,0,285,32.5755,4.311732296000008
3330.628,0,325,37.1475,4.31183548350001
3330.829,0,352,40.2336,4.3140818595000106
3330.921,0,364,41.605199999999996,4.315145103500006
3331.028,0,355,40.5765,4.316351127250006
3331.321,0,355,40.5765,4.319653603500008
3331.421,0,340,38.862,4.320733103500007
3331.519,0,270,30.861,4.321573208500007
3331.52,0,290,33.147,4.321582416000009
3331.618,0,286,32.6898,4.322472305000009
3331.926,0,345,39.4335,4.325846060000009
3332.125,0,367,41.9481,4.32816485775001
3332.127,0,355,40.5765,4.328187400250009
3332.134,0,355,40.5765,4.32826629900001
3332.162,0,270,30.861,4.328506329000008
3332.504,0,315,36.0045,4.331926756500009
3332.517,0,270,30.861,4.332038199000008
3332.619,0,270,30.861,4.332912594000011
3333.022,0,338,38.6334,4.337237388500009
3333.178,0,270,30.861,4.338574698500008
3333.221,0,370,42.291,4.33907984100001
3333.327,0,355,40.5765,4.340274593500013
3333.419,0,270,30.861,4.3410632635000095
3333.494,0,286,32.6898,4.341744301000012
3333.554,0,287,32.8041,4.342291036000011
3333.584,0,305,34.8615,4.342581548500009
3333.623,0,282,32.2326,4.342930735000011
3333.819,0,270,30.861,4.34461094500001
3333.819,0,270,30.861,4.34461094500001
3333.82,0,288,32.9184,4.344620089000012
3333.928,0,295,33.7185,4.345631644000009
3334.132,0,335,38.2905,4.347801439000011
3334.173,0,260,29.718,4.348139894000009
3334.226,0,370,42.291,4.348762511500013
3334.518,0,260,29.718,4.351172971500012
3334.817,0,278,31.7754,4.353812095000012
3334.819,0,270,30.861,4.353829240000011
3334.82,0,270,30.861,4.353837812500013
3335.028,0,285,32.5755,4.355719952500009
3335.124,0,289,33.0327,4.356600824500009
3335.221,0,335,38.2905,4.357632540750012
3335.464,0,270,30.861,4.359715658250011
3335.741,0,274,31.3182,4.3621254197500114
3335.819,0,268,30.6324,4.362789121750011
3335.82,0,270,30.861,4.362797694250013
3336.017,0,270,30.861,4.36448647675001
3336.12,0,290,33.147,4.36543484925001
3336.13,0,285,32.5755,4.365525336750013
3336.474,0,260,29.718,4.368365056750013
3336.823,0,266,30.4038,4.371312536250011
3336.918,0,258,29.4894,4.372090728750013
3336.923,0,270,30.861,4.3721335912500106
3336.924,0,270,30.861,4.372142163750012
3336.926,0,270,30.861,4.372159308750011
3337.047,0,290,33.147,4.373273416250012
3338.02,0,256,29.2608,4.381181960250012
3338.02,0,264,30.1752,4.381181960250012
3338.024,0,270,30.861,4.381216250250011
3338.123,0,270,30.861,4.3820649277500126
3338.219,0,270,30.861,4.382887887750012
3338.916,0,262,29.9466,4.388685882250013
3338.917,0,254,29.0322,4.388693946750011
3339.319,0,270,30.861,4.3921400917500115
3339.319,0,270,30.861,4.3921400917500115
3340.216,0,252,28.8036,4.399316988750011
3340.217,0,260,29.718,4.399325243750013
3340.319,0,270,30.861,4.400199638750012
3341.127,0,250,28.575,4.406613138750012
3341.316,0,260,29.718,4.40817333375001
3342.418,0,250,28.575,4.416920458750013
3355.162,0,200,22.86,4.497844858750011
3355.417,0,200,22.86,4.499464108750012
3356.13,0,185,21.1455,4.503652092500014
3356.168,0,190,21.717,4.503881327500014
3356.511,0,190,21.717,4.505950475000013
3357.411,0,185,21.1455,4.511236850000014
3357.424,0,200,22.86,4.511319400000013
3357.611,0,190,21.717,4.512447477500013
3358.16,0,185,21.1455,4.515672166250012
3358.416,0,185,21.1455,4.517175846250014
3358.454,0,198,22.6314,4.517414733250014
3358.811,0,196,22.4028,4.519636344250014
3358.813,0,185,21.1455,4.519648091750013
3358.813,0,189,21.6027,4.519648091750013
3359.16,0,175,20.0025,4.521576110500011
3359.512,0,175,20.0025,4.523531910500013
3360.011,0,194,22.1742,4.526605501000012
3360.159,0,175,20.0025,4.527427826000013
3360.412,0,175,20.0025,4.528833557250011
3360.414,0,185,21.1455,4.528845304750013
3360.474,0,185,21.1455,4.529197729750013
3360.484,0,188,21.4884,4.529257419750012
3360.512,0,175,20.0025,4.529412994750014
3360.813,0,182,20.802599999999998,4.531152323250013
3360.918,0,192,21.9456,4.531792403250013
3361.014,0,187,21.3741,4.532362379250014
3361.016,0,185,21.1455,4.532374126750013
3361.125,0,160,18.288,4.532927846750012
3361.16,0,170,19.431,4.533116759250012
3361.413,0,170,19.431,4.5344823267500125
3361.618,0,175,20.0025,4.535621358000012
3362.014,0,185,21.1455,4.537947363000013
3362.117,0,186,21.2598,4.538555629500014
3362.129,0,160,18.288,4.538616589500013
3362.213,0,190,21.717,4.539123319500014
3362.32,0,160,18.288,4.539666879500014
3362.454,0,180,20.573999999999998,4.5404326895000136
3362.474,0,175,20.0025,4.540543814500014
3362.518,0,170,19.431,4.540781304500013
3362.625,0,174,19.8882,4.541372426000012
3362.818,0,175,20.0025,4.542444782250013
3363.013,0,178,20.3454,4.5435468247500115
3363.116,0,185,21.1455,4.544151821000012
3363.213,0,185,21.1455,4.544721574750014
3363.214,0,190,21.717,4.544727607250012
3363.412,0,160,18.288,4.5457334472500115
3363.412,0,160,18.288,4.5457334472500115
3363.617,0,168,19.2024,4.546826917250013
3363.821,0,173,19.7739,4.547947438250011
3363.912,0,175,20.0025,4.54845305700001
3363.918,0,176,20.1168,4.5484865850000125
3364.171,0,160,18.288,4.549771825000011
3364.313,0,185,21.1455,4.550605897500013
3364.313,0,185,21.1455,4.550605897500013
3364.411,0,160,18.288,4.5511037375000125
3364.523,0,160,18.288,4.551672697500013
3364.609,0,160,18.288,4.552109577500012
3364.621,0,166,18.9738,4.552172823500013
3364.912,0,172,19.6596,4.553761974500011
3365.019,0,175,20.0025,4.554356493250011
3365.126,0,185,21.1455,4.554984984500013
3365.159,0,160,18.288,4.555152624500013
3365.213,0,175,20.0025,4.555452662000014
3365.509,0,160,18.288,4.556956342000013
3365.611,0,160,18.288,4.557474502000012
3365.623,0,160,18.288,4.557535462000013
3365.82,0,164,18.7452,4.558561241000014
3366.011,0,175,20.0025,4.559622484750013
3366.019,0,171,19.5453,4.559665918750012
3366.159,0,150,17.145,4.560332668750013
3366.313,0,175,20.0025,4.561188331250014
3366.41,0,150,17.145,4.561650293750012
3366.414,0,160,18.288,4.561670613750014
3366.812,0,160,18.288,4.563692453750012
3366.821,0,162,18.5166,4.563738745250013
3367.013,0,160,18.288,4.564714105250013
3367.121,0,170,19.431,4.565297035250014
3367.159,0,145,16.5735,4.565471977750014
3367.216,0,175,20.0025,4.565788684000013
3367.384,0,160,18.288,4.566642124000013
3367.51,0,145,16.5735,4.567222196500014
3367.524,0,160,18.288,4.567293316500012
3367.611,0,160,18.288,4.567735276500012
3367.809,0,158,18.0594,4.568728543500014
3367.811,0,150,17.145,4.568738068500013
3367.911,0,160,18.288,4.569246068500013
3368.013,0,160,18.288,4.569764228500013
3368.019,0,160,18.288,4.569794708500012
3368.127,0,170,19.431,4.570377638500013
3368.148,0,145,16.5735,4.570474317250015
3368.51,0,145,16.5735,4.572140874750015
3368.809,0,160,18.288,4.573659794750014
3368.909,0,156,17.8308,4.574155094750014
3368.912,0,160,18.288,4.574170334750013
3369.122,0,160,18.288,4.575237134750013
3369.164,0,140,16.002,4.575423824750015
3369.212,0,160,18.288,4.575667664750013
3369.394,0,145,16.5735,4.5765055472500125
3369.41,0,140,16.002,4.576576667250013
3369.454,0,149,17.0307,4.5767848202500145
3369.613,0,145,16.5735,4.577516816500013
3369.811,0,145,16.5735,4.578428359000014
3369.911,0,154,17.6022,4.578917309000014
3369.911,0,160,18.288,4.578917309000014
3370.012,0,148,16.9164,4.579391908000014
3370.027,0,160,18.288,4.579468108000014
3370.158,0,140,16.002,4.580050403000013
3370.209,0,160,18.288,4.580309483000012
3370.509,0,140,16.002,4.581642983000013
3370.808,0,144,16.4592,4.583010011000013
3370.811,0,145,16.5735,4.583023822250014
3371.017,0,147,16.8021,4.583985275750012
3371.115,0,152,17.3736,4.584458223750012
3371.115,0,160,18.288,4.584458223750012
3371.125,0,160,18.288,4.584509023750013
3371.163,0,135,15.4305,4.5846719012500134
3371.413,0,135,15.4305,4.585743463750013
3371.444,0,140,16.002,4.585881258750013
3371.612,0,140,16.002,4.586628018750013
3372.011,0,143,16.3449,4.5884395785000125
3372.011,0,145,16.5735,4.5884395785000125
3372.168,0,135,15.4305,4.589112519750013
3372.211,0,146,16.6878,4.589311846250012
3372.211,0,150,17.145,4.589311846250012
3372.312,0,160,18.288,4.589824926250012
3372.32,0,135,15.4305,4.589859216250013
3372.454,0,140,16.002,4.590454846250013
3372.615,0,135,15.4305,4.591144932500011
3372.913,0,142,16.2306,4.592488465500012
3372.915,0,140,16.002,4.592497355500012
3373.017,0,145,16.5735,4.5929669380000115
3373.112,0,125,14.2875,4.593343969250013
3373.16,0,125,14.2875,4.593534469250012
3373.308,0,150,17.145,4.594239319250013
3373.311,0,145,16.5735,4.594253130500014
3373.321,0,125,14.2875,4.594292818000013
3373.424,0,139,15.8877,4.594747382750013
3373.52,0,135,15.4305,4.595158862750013
3373.618,0,135,15.4305,4.595578915250013
3374.015,0,145,16.5735,4.597406604000013
3374.017,0,140,16.002,4.597415494000013
3374.124,0,145,16.5735,4.597908095250013
3374.21,0,141,16.1163,4.598293095750014
3374.384,0,138,15.7734,4.599055476750014
3374.414,0,125,14.2875,4.599174539250014
3374.506,0,125,14.2875,4.599539664250012
3374.618,0,133,15.2019,4.600012612250013
3374.818,0,135,15.4305,4.600869862250014
3374.915,0,137,15.6591,4.601291788000013
3375.011,0,140,16.002,4.601718508000013
3375.117,0,140,16.002,4.6021896780000136
3375.162,0,125,14.2875,4.602368271750012
3375.308,0,125,14.2875,4.602947709250013
3375.31,0,145,16.5735,4.602956916750013
3375.514,0,125,14.2875,4.603766541750013
3375.809,0,131,14.9733,4.604993520500013
3375.91,0,135,15.4305,4.605426431750011
3376.016,0,136,15.5448,4.605884139750012
3376.214,0,140,16.002,4.606764249750012
3376.404,0,125,14.2875,4.607518312250012
3376.41,0,140,16.002,4.607544982250012
3376.511,0,125,14.2875,4.607945826000012
3376.527,0,125,14.2875,4.608009326000013
3376.608,0,125,14.2875,4.608330794750013
3376.909,0,129,14.7447,4.609563615500012
3377.015,0,135,15.4305,4.610017958000012
3377.019,0,135,15.4305,4.610035103000011
3377.123,0,140,16.002,4.610497383000013
3377.806,0,125,14.2875,4.613208039250012
3377.909,0,127,14.5161,4.613623361000013
3378.12,0,135,15.4305,4.614527759750012
3378.216,0,135,15.4305,4.614939239750012
3378.424,0,123,14.0589,4.615751531750012
3378.494,0,125,14.2875,4.616029344250013
3378.808,0,121,13.8303,4.617235653750012
3378.82,0,125,14.2875,4.617283278750013
3378.908,0,125,14.2875,4.617632528750012
3379.024,0,125,14.2875,4.6180929037500125
3379.123,0,135,15.4305,4.618517242500013
3379.92,0,125,14.2875,4.621680336250013
3380.008,0,119,13.6017,4.622012822250012
3380.113,0,125,14.2875,4.622429541000012
3380.208,0,125,14.2875,4.622806572250013
3380.805,0,117,13.373099999999999,4.625024278000012
3381.112,0,125,14.2875,4.6262426842500135
3381.214,0,125,14.2875,4.626647496750013
3382.007,0,115,13.1445,4.6295429380000135
3382.408,0,125,14.2875,4.631134406750013
3383.115,0,115,13.1445,4.633715840500012
3395.124,528,105,12.0015,4.673750844250012
3396.402,528,105,12.0015,4.678011376750013
3397.186,528,125,14.2875,4.681122876750013
3397.502,528,125,14.2875,4.682377001750012
3397.6,528,105,12.0015,4.682703709250013
3398.174,528,130,14.859,4.685072894250013
3398.502,528,130,14.859,4.686426714250013
3399.178,528,160,18.288,4.689860794250013
3399.314,528,125,14.2875,4.6904005442500125
3399.354,528,109,12.4587,4.690538974250012
3399.499,528,160,18.288,4.691275574250012
3399.802,528,130,14.859,4.6925262067500135
3399.902,528,126,14.4018,4.692926256750013
3399.902,528,113,12.9159,4.692926256750013
3400.175,528,185,21.1455,4.694529790500014
3400.501,528,185,21.1455,4.696444633000014
3400.602,528,160,18.288,4.696957713000012
3400.802,528,136,15.5448,4.697821313000014
3400.905,528,127,14.5161,4.698236634750014
3401.106,528,117,13.373099999999999,4.698983299500014
3401.15,528,190,21.717,4.699248729500013
3401.401,528,190,21.717,4.700762887000011
3401.802,528,185,21.1455,4.7031182607500135
3401.902,528,165,18.8595,4.703642135750013
3402.0,528,142,16.2306,4.704083968750013
3402.003,528,128,14.6304,4.704096160750014
3402.143,528,175,20.0025,4.704874035750013
3402.202,528,121,13.8303,4.705100699000013
3402.4,528,175,20.0025,4.706200836500012
3402.805,528,186,21.2598,4.708592564000011
3402.901,528,170,19.431,4.709110724000011
3403.029,528,105,12.0015,4.709537444000011
3403.105,528,148,16.9164,4.709894568000011
3403.179,528,180,20.573999999999998,4.710317478000011
3403.2,528,129,14.7447,4.71040348875001
3403.2,528,125,14.2875,4.71040348875001
3403.284,528,190,21.717,4.710910218750011
3403.406,528,180,20.573999999999998,4.71160744875001
3403.506,528,175,20.0025,4.71216307375001
3403.799,528,187,21.3741,4.713902688000011
3404.002,528,187,21.3741,4.715107949750011
3404.105,528,175,20.0025,4.715680243500011
3404.105,528,154,17.6022,4.715680243500011
3404.111,528,130,14.859,4.71570500850001
3404.183,528,190,21.717,4.716139348500011
3404.2,528,125,14.2875,4.7162068172500105
3404.404,528,190,21.717,4.717437447250012
3404.8,528,176,20.1168,4.719650295250013
3405.002,528,188,21.4884,4.720856033250011
3405.16,528,285,32.5755,4.7222857357500105
3405.202,528,180,20.573999999999998,4.722525765750013
3405.302,528,160,18.288,4.723033765750013
3405.304,528,180,20.573999999999998,4.723045195750013
3405.309,528,285,32.5755,4.723090439500013
3405.364,528,184,21.0312,4.723411749500013
3405.401,528,130,14.859,4.723564467000012
3405.6,528,190,21.717,4.724764934500012
3405.9,528,177,20.2311,4.726450859500013
3406.002,528,181,20.688299999999998,4.727037028000012
3406.122,528,195,22.2885,4.727779978000012
3406.168,528,240,27.432,4.728130498000014
3406.199,528,189,21.6027,4.728316521250013
3406.202,528,185,21.1455,4.728334142500014
3406.308,528,240,27.432,4.729141862500012
3406.354,528,182,20.802599999999998,4.7294076735000115
3406.402,528,160,18.288,4.729651513500013
3406.511,528,285,32.5755,4.730637827250012
3406.804,528,178,20.3454,4.7322937167500125
3406.9,528,184,21.0312,4.732854548750012
3407.002,528,178,20.3454,4.733431001750011
3407.302,528,190,21.717,4.735240751750013
3407.384,528,199,22.7457,4.735758848250012
3407.401,528,185,21.1455,4.735858702000011
3407.497,528,195,22.2885,4.736453062000011
3407.614,528,276,31.5468,4.737478333000013
3408.001,528,186,21.2598,4.739763761500014
3408.104,528,179,20.4597,4.740349136250012
3408.183,528,440,50.292,4.741452766250015
3408.2,528,175,20.0025,4.741547222500015
3408.284,528,240,27.432,4.7421873025000165
3408.301,528,190,21.717,4.742289855000015
3408.303,528,440,50.292,4.742317795000014
3408.414,528,218,24.9174,4.743086081500016
3408.599,528,231,26.403299999999998,4.744442917750016
3408.799,528,195,22.2885,4.745681167750015
3408.8,528,267,30.5181,4.7456896450000166
3408.906,528,237,27.0891,4.746487268500015
3409.002,528,180,20.573999999999998,4.747035908500015
3409.004,528,188,21.4884,4.747047846500015
3409.196,528,365,41.7195,4.749272886500015
3409.298,528,175,20.0025,4.749839624000014
3409.499,528,365,41.7195,4.752168962750014
3409.597,528,440,50.292,4.7535380227500195
3409.618,528,222,25.3746,4.753686041250018
3409.797,528,244,27.8892,4.755072754250018
3409.812,528,258,29.4894,4.755195626750017
3410.007,528,256,29.2608,4.756780586750018
3410.113,528,190,21.717,4.757420031750017
3410.186,528,415,47.4345,4.758381898000021
3410.301,528,180,20.573999999999998,4.7590391230000195
3410.496,528,415,47.4345,4.761608491750022
3410.797,528,293,33.4899,4.7644086195000215
3410.911,528,249,28.4607,4.765309875000022
3411.109,528,285,32.5755,4.767101527500021
3411.17,528,430,49.149,4.767934330000023
3411.206,528,190,21.717,4.768151500000023
3411.284,528,365,41.7195,4.769055422500023
3411.344,528,425,48.5775,4.769865047500023
3411.398,528,430,49.149,4.770602282500024
3411.484,528,213,24.3459,4.771183879000022
3411.799,528,415,47.4345,4.775334397750022
3411.819,528,204,23.3172,4.775463937750022
3411.899,528,342,39.0906,4.776332617750021
3411.899,528,375,42.8625,4.776332617750021
3412.0,528,410,46.863,4.777647385250022
3412.016,528,240,27.432,4.777769305250023
3412.158,528,400,45.72,4.77957270525002
3412.2,528,285,32.5755,4.779952752750019
3412.498,528,400,45.72,4.783737352750022
3412.799,528,418,47.7774,4.787732074250021
3412.899,528,385,44.0055,4.788954449250021
3413.102,528,195,22.2885,4.79021127300002
3413.103,528,240,27.432,4.790218893000022
3413.104,528,395,45.1485,4.7902314342500185
3413.164,528,295,33.7185,4.790793409250022
3413.2,528,391,44.6913,4.791240322250017
3413.274,528,430,49.149,4.792250607250018
3413.401,528,295,33.7185,4.793440121000018
3413.601,528,400,45.72,4.795980121000022
3413.798,528,424,48.4632,4.798632135000017
3413.997,528,395,45.1485,4.8011278437500176
3414.0,528,421,48.1203,4.80116794400002
3414.104,528,380,43.434,4.802422704000017
3414.17,528,405,46.2915,4.8032713815000205
3414.203,528,440,50.292,4.803732391500019
3414.3,528,195,22.2885,4.804332942750021
3414.397,528,405,46.2915,4.805580241500017
3414.802,528,418,47.7774,4.81095519900002
3414.898,528,379,43.3197,4.81211039100002
3414.904,528,424,48.4632,4.812191163000017
3415.162,528,360,41.147999999999996,4.815140103000015
3415.197,528,405,46.2915,4.815590159250019
3415.197,528,365,41.7195,4.815590159250019
3415.304,528,295,33.7185,4.816592348000018
3415.399,528,440,50.292,4.817919498000015
3415.403,528,360,41.147999999999996,4.8179652180000145
3415.597,528,405,46.2915,4.82045981550002
3415.598,528,317,36.2331,4.820469880250018
3415.999,528,358,40.9194,4.825027846750016
3415.999,528,412,47.0916,4.825027846750016
3416.106,528,365,41.7195,4.826267843000021
3416.107,528,415,47.4345,4.826281019250018
3416.166,528,265,30.2895,4.8267774305000195
3416.199,528,427,48.8061,4.827224819750018
3416.397,528,265,30.2895,4.828890742250017
3416.603,528,360,41.147999999999996,4.831245322250019
3416.798,528,396,45.2628,4.833697057250015
3416.898,528,337,38.5191,4.834767032250019
3416.904,528,339,38.7477,4.834831611750017
3416.999,528,406,46.4058,4.836056209250015
3417.299,528,430,49.149,4.840151959250017
3417.398,528,415,47.4345,4.841456408000019
3417.509,528,265,30.2895,4.842390334250018
3417.806,528,387,44.2341,4.846039647500018
3418.005,528,361,41.262299999999996,4.848320535750019
3418.098,528,400,45.72,4.849501635750017
3418.198,528,316,36.1188,4.850504935750016
3418.264,528,341,38.9763,4.851219501250019
3418.299,528,430,49.149,4.851697338750017
3418.609,528,263,30.0609,4.854285916250016
3418.803,528,322,36.8046,4.856269275250016
3418.998,528,378,43.2054,4.858609567750018
3419.102,528,383,43.7769,4.859874233750015
3419.106,528,295,33.7185,4.859911698750019
3419.298,528,400,45.72,4.862350098750014
3419.803,528,303,34.6329,4.867208325000015
3420.101,528,369,42.1767,4.8706996185000175
3420.204,528,405,46.2915,4.872024069750019
3420.284,528,259,29.6037,4.872681929750018
3420.298,528,295,33.7185,4.872813057250015
3420.809,528,255,29.1465,4.876950241000019
3421.004,528,284,32.4612,4.878708556000016
3421.101,528,360,41.147999999999996,4.8798172660000185
3421.198,528,405,46.2915,4.881064564750015
3421.899,528,251,28.6893,4.8866510090000155
3422.106,528,265,30.2895,4.888392655250018
3422.298,528,360,41.147999999999996,4.890587215250013
3423.1,528,245,28.0035,4.896825772750015
3423.199,528,265,30.2895,4.897658734000016
3424.112,528,245,28.0035,4.904760732750017
3437.14,528,270,30.861,5.016443262750015
3437.397,528,270,30.861,5.018646395250016
3438.164,528,260,29.718,5.024977980250019
3438.305,528,260,29.718,5.026141935250015
3438.597,528,270,30.861,5.0286451052500185
3439.161,528,265,30.2895,5.0333904602500175
3439.304,528,265,30.2895,5.034593626500017
3439.505,528,260,29.718,5.036252881500017
3439.602,528,268,30.6324,5.037078254500015
3440.16,528,260,29.718,5.041684544500015
3440.391,528,260,29.718,5.043591449500017
3440.41,528,265,30.2895,5.043751310750015
3440.602,528,261,29.8323,5.045342366750015
3440.797,528,266,30.4038,5.046989239250016
3441.173,528,255,29.1465,5.050033429250014
3441.488,528,255,29.1465,5.052583748000014
3441.591,528,264,30.1752,5.053447094000015
3441.791,528,260,29.718,5.055098094000018
3441.891,528,264,30.1752,5.055936294000017
3442.164,528,260,29.718,5.058189909000018
3442.314,528,262,29.9466,5.059437684000015
3442.49,528,260,29.718,5.060890564000014
3442.59,528,255,29.1465,5.0617001890000175
3442.591,528,259,29.6037,5.061708412250016
3442.891,528,263,30.0609,5.064213487250017
3442.999,528,262,29.9466,5.0651118852500145
3443.16,528,250,28.575,5.066389822750015
3443.204,528,263,30.0609,5.0667572337500175
3443.388,528,250,28.575,5.068217733750015
3443.788,528,258,29.4894,5.071494333750016
3443.81,528,264,30.1752,5.071678737750015
3443.888,528,256,29.2608,5.072312721750015
3444.1,528,260,29.718,5.074062781750015
3444.161,528,250,28.575,5.074546969250016
3444.198,528,270,30.861,5.074864151750014
3444.254,528,260,29.718,5.075326431750015
3444.387,528,250,28.575,5.076382119250017
3444.414,528,262,29.9466,5.076606718750017
3444.79,528,250,28.575,5.079591218750015
3444.89,528,258,29.4894,5.080410368750014
3444.891,528,257,29.3751,5.080418528500016
3444.891,528,261,29.8323,5.080418528500016
3444.894,528,257,29.3751,5.080443007750014
3445.007,528,265,30.2895,5.081393761500016
3445.105,528,260,29.718,5.082202751500016
3445.142,528,250,28.575,5.082496439000014
3445.49,528,250,28.575,5.085258689000014
3445.59,528,250,28.575,5.086052439000017
3445.79,528,250,28.575,5.087639939000016
3445.991,528,256,29.2608,5.089273667000016
3445.995,528,256,29.2608,5.0893061790000145
3446.002,528,260,29.718,5.089363964000015
3446.094,528,258,29.4894,5.0901175820000155
3446.102,528,240,27.432,5.0901785420000145
3446.107,528,265,30.2895,5.090220610750015
3446.119,528,250,28.575,5.0903158607500165
3446.393,528,250,28.575,5.092490735750015
3446.788,528,250,28.575,5.095626048250015
3446.79,528,250,28.575,5.095641923250015
3446.89,528,250,28.575,5.0964356732500145
3446.991,528,254,29.0322,5.097250187750015
3447.012,528,260,29.718,5.0974235427500165
3447.191,528,259,29.6037,5.098895504500014
3447.291,528,255,29.1465,5.099705129500017
3447.389,528,240,27.432,5.100451889500016
3447.79,528,250,28.575,5.103634827000015
3447.793,528,250,28.575,5.103658639500016
3448.094,528,250,28.575,5.106047827000015
3448.159,528,260,29.718,5.106584402000016
3448.184,528,250,28.575,5.106782839500017
3448.188,528,252,28.8036,5.1068148435000165
3448.191,528,260,29.718,5.106839608500014
3448.291,528,255,29.1465,5.107649233500017
3448.394,528,260,29.718,5.108499498500014
3448.494,528,240,27.432,5.109261498500016
3448.99,528,250,28.575,5.113198498500013
3449.093,528,250,28.575,5.114016061000014
3449.094,528,250,28.575,5.1140239985000155
3449.162,528,310,35.433,5.114693288500013
3449.184,528,248,28.3464,5.114866516500016
3449.196,528,250,28.575,5.114961766500014
3449.388,528,310,35.433,5.116851526500014
3449.388,528,260,29.718,5.116851526500014
3449.594,528,260,29.718,5.118552056500015
3449.893,528,250,28.575,5.120925369000014
3450.151,528,285,32.5755,5.123259946500013
3450.189,528,250,28.575,5.123561571500013
3450.194,528,250,28.575,5.123601259000014
3450.224,528,246,28.1178,5.123835574000016
3450.234,528,244,27.8892,5.123913044000014
3450.29,528,250,28.575,5.124357544000015
3450.302,528,285,32.5755,5.124466129000016
3450.5,528,310,35.433,5.126414944000015
3450.789,528,248,28.3464,5.128690530000016
3450.99,528,244,27.8892,5.130247677000012
3451.143,528,295,33.7185,5.131680713250015
3451.174,528,265,30.2895,5.131941539500015
3451.19,528,250,28.575,5.132068539500016
3451.19,528,250,28.575,5.132068539500016
3451.288,528,250,28.575,5.132846414500015
3451.391,528,295,33.7185,5.1338111382500164
3451.408,528,285,32.5755,5.133964967000015
3451.6,528,305,34.8615,5.135824247000015
3451.795,528,275,31.4325,5.137526840750016
3451.889,528,252,28.8036,5.138278934750016
3451.99,528,242,27.6606,5.139054968250013
3452.157,528,320,36.576,5.140751688250017
3452.195,528,250,28.575,5.141053313250017
3452.387,528,250,28.575,5.142577313250017
3452.485,528,320,36.576,5.143572993250017
3452.788,528,295,33.7185,5.146410967000016
3452.794,528,285,32.5755,5.146465259500015
3452.994,528,256,29.2608,5.148090859500018
3453.151,528,275,31.4325,5.149461665750015
3453.174,528,287,32.8041,5.149671247500016
3453.189,528,240,27.432,5.149785547500015
3453.204,528,300,34.29,5.149928422500018
3453.289,528,250,28.575,5.150603110000018
3453.385,528,275,31.4325,5.151441310000019
3453.788,528,320,36.576,5.155535790000017
3453.788,528,300,34.29,5.155535790000017
3453.798,528,295,33.7185,5.155629452500015
3453.888,528,289,33.0327,5.156455270000016
3453.99,528,260,29.718,5.157297280000015
3453.995,528,295,33.7185,5.157344111250016
3454.102,528,240,27.432,5.1581594512500155
3454.153,528,315,36.0045,5.158669515000015
3454.487,528,315,36.0045,5.162009932500018
3454.785,528,275,31.4325,5.164611845000016
3454.785,528,311,35.5473,5.164611845000016
3454.888,528,290,33.147,5.165560217500016
3454.989,528,305,34.8615,5.166538276250018
3455.097,528,310,35.433,5.16760126625002
3455.137,528,310,35.433,5.16799496625002
3455.195,528,260,29.718,5.16847375625002
3455.354,528,291,33.2613,5.169942797000016
3455.484,528,310,35.433,5.171222322000017
3455.787,528,315,36.0045,5.174252700750016
3455.788,528,302,34.5186,5.174262289250018
3455.887,528,293,33.4899,5.1751832615000195
3455.986,528,310,35.433,5.176157669000016
3456.091,528,285,32.5755,5.177107787750017
3456.114,528,270,30.861,5.177304955250018
3456.189,528,310,35.433,5.178043142750016
3456.224,528,283,32.3469,5.178357626500019
3456.384,528,270,30.861,5.179729226500018
3456.587,528,310,35.433,5.181727254000018
3456.887,528,314,35.8902,5.184718104000019
3456.912,528,295,33.7185,5.184952260250016
3456.988,528,291,33.2613,5.185654443250017
3456.989,528,315,36.0045,5.185664444500019
3457.088,528,293,33.4899,5.18658541675002
3457.103,528,285,32.5755,5.186721148000019
3457.11,528,260,29.718,5.186778933000019
3457.387,528,260,29.718,5.189065568000019
3457.787,528,302,34.5186,5.192900968000015
3457.988,528,313,35.7759,5.194898455750016
3457.988,528,299,34.1757,5.194898455750016
3458.009,528,295,33.7185,5.195095147000018
3458.095,528,320,36.576,5.195968907000015
3458.164,528,270,30.861,5.196560409500019
3458.188,528,284,32.4612,5.196776817500018
3458.887,528,294,33.6042,5.203301633000018
3459.091,528,312,35.6616,5.205322457000015
3459.164,528,260,29.718,5.205925072000018
3459.164,528,268,30.6324,5.205925072000018
3459.187,528,307,35.0901,5.206149258750015
3459.191,528,275,31.4325,5.206184183750015
3459.191,528,320,36.576,5.206184183750015
3459.787,528,262,29.9466,5.211142009750015
3459.887,528,266,30.4038,5.2119865597500175
3459.887,528,286,32.6898,5.2119865597500175
3459.985,528,311,35.5473,5.212954236250017
3460.285,528,315,36.0045,5.215954611250014
3460.387,528,275,31.4325,5.216845198750017
3460.887,528,264,30.1752,5.221036198750016
3461.091,528,278,31.7754,5.222836804750014
3461.1,528,315,36.0045,5.222926816000014
3461.194,528,264,30.1752,5.223714724000015
3461.287,528,310,35.433,5.224630076500013
3461.987,528,262,29.9466,5.230453026500015
3461.988,528,266,30.4038,5.230461472000013
3462.09,528,270,30.861,5.231335867000016
3462.387,528,310,35.433,5.234259089500017
3462.887,528,268,30.6324,5.238513589500017
3463.185,528,260,29.718,5.240973579500015
3463.287,528,270,30.861,5.241847974500014
3464.094,528,260,29.718,5.248509759500016
3464.187,528,270,30.861,5.249307002000015
3478.109,528,270,30.861,5.3686533470000155
3478.481,528,270,30.861,5.371842317000018
3479.103,528,275,31.4325,5.377273154500017
3479.478,528,275,31.4325,5.380547373250017
3479.584,528,270,30.861,5.381456058250015
3480.129,528,265,30.2895,5.386041552000015
3480.284,528,265,30.2895,5.387345683250016
3480.781,528,271,30.9753,5.391621995500015
3481.104,528,275,31.4325,5.394442189250014
3481.137,528,280,32.004,5.394735559250017
3481.386,528,280,32.004,5.396949169250015
3481.581,528,273,31.2039,5.398639380500017
3481.586,528,265,30.2895,5.398681449250014
3481.781,528,272,31.0896,5.400365469250016
3482.152,528,450,51.435,5.405666131750017
3482.38,528,450,51.435,5.408923681750018
3482.586,528,280,32.004,5.410755021750015
3482.778,528,273,31.2039,5.412419229750015
3482.881,528,271,30.9753,5.413305467500016
3483.152,528,430,49.149,5.417005295000019
3483.174,528,268,30.6324,5.417192493000018
3483.291,528,430,49.149,5.418789835500021
3483.491,528,450,51.435,5.421647335500018
3483.78,528,271,30.9753,5.42413396375002
3483.88,528,269,30.7467,5.424988038750019
3484.084,528,274,31.3182,5.426762736750017
3484.148,528,465,53.149499999999996,5.427707616750022
3484.154,528,314,35.8902,5.42776743375002
3484.4,528,430,49.149,5.431125948750021
3484.479,528,465,53.149499999999996,5.432292285000018
3484.58,528,448,51.2064,5.43372890900002
3484.786,528,348,39.7764,5.436005003000021
3484.883,528,274,31.3182,5.4368488545000195
3485.083,528,275,31.4325,5.438595104500022
3485.084,528,267,30.5181,5.43860358175002
3485.127,528,425,48.5775,5.439183813000022
3485.181,528,270,30.861,5.439646728000023
3485.479,528,425,48.5775,5.44366786550002
3485.582,528,465,53.149499999999996,5.445188531750021
3485.789,528,382,43.6626,5.447699131250025
3485.88,528,277,31.6611,5.448499453500024
3486.094,528,433,49.4919,5.451441472000023
3486.099,528,340,38.862,5.451495447000024
3486.18,528,265,30.2895,5.4521769607500215
3486.204,528,444,50.7492,5.452515288750027
3486.281,528,275,31.4325,5.453187595000024
3486.282,528,340,38.862,5.4531983900000265
3486.477,528,425,48.5775,5.455829671250022
3486.779,528,457,52.2351,5.4602116157500244
3486.779,528,440,50.292,5.4602116157500244
3486.792,528,440,50.292,5.460393225750023
3486.987,528,416,47.5488,5.462968785750025
3487.088,528,265,30.2895,5.463818574500026
3487.089,528,280,32.004,5.4638274645000235
3487.115,528,310,35.433,5.464083369500022
3487.478,528,310,35.433,5.467656197000025
3487.484,528,340,38.862,5.467720967000023
3487.579,528,408,46.6344,5.468951597000026
3487.78,528,447,51.0921,5.471804239250027
3487.891,528,436,49.8348,5.473340812250025
3487.98,528,449,51.3207,5.4746095740000245
3487.997,528,450,51.435,5.474852461500022
3488.123,528,300,34.29,5.476052611500023
3488.188,528,280,32.004,5.476630461500024
3488.478,528,300,34.29,5.479392711500024
3488.584,528,310,35.433,5.480436016500022
3488.779,528,334,38.1762,5.482503894000024
3488.877,528,441,50.4063,5.483876065500023
3488.88,528,454,51.8922,5.483919309000025
3489.083,528,430,49.149,5.486690766500025
3489.114,528,391,44.6913,5.487075608250024
3489.151,528,300,34.29,5.487428033250022
3489.188,528,450,51.435,5.487956670750026
3489.478,528,300,34.29,5.490718920750026
3489.778,528,300,34.29,5.493576420750023
3489.778,528,308,35.2044,5.493576420750023
3489.779,528,328,37.4904,5.493586834750025
3489.9,528,465,53.149499999999996,5.495373248500027
3489.978,528,433,49.4919,5.496445573000027
3489.98,528,374,42.7482,5.496469322000026
3490.083,528,430,49.149,5.497875529500027
3490.151,528,310,35.433,5.498544819500024
3490.478,528,310,35.433,5.501763317000027
3490.578,528,300,34.29,5.502715817000026
3490.876,528,306,34.9758,5.505611036000029
3490.98,528,322,36.8046,5.506674280000027
3490.98,528,357,40.8051,5.506674280000027
3491.0,528,465,53.149499999999996,5.506969555000027
3491.074,528,300,34.29,5.507674405000028
3491.087,528,425,48.5775,5.507849823750027
3491.147,528,300,34.29,5.508421323750026
3491.375,528,300,34.29,5.510593023750027
3491.779,528,304,34.7472,5.514492431750027
3491.878,528,301,34.4043,5.515438550000028
3491.977,528,300,34.29,5.516381525000026
3491.977,528,316,36.1188,5.516381525000026
3492.124,528,310,35.433,5.517828372500025
3492.148,528,300,34.29,5.518056972500029
3492.179,528,340,38.862,5.518391617500028
3492.377,528,300,34.29,5.520277567500027
3492.379,528,425,48.5775,5.520304555000026
3492.778,528,309,35.3187,5.5242190442500245
3492.878,528,303,34.6329,5.525181069250028
3492.978,528,310,35.433,5.526165319250027
3493.064,528,300,34.29,5.526984469250025
3493.079,528,302,34.5186,5.527128296750028
3493.082,528,300,34.29,5.527156871750026
3493.083,528,340,38.862,5.527167666750028
3493.149,528,300,34.29,5.527796316750027
3493.377,528,300,34.29,5.529968016750027
3493.489,528,300,34.29,5.5310348167500285
3493.881,528,307,35.0901,5.534855738750027
3494.08,528,295,33.7185,5.536719622500027
3494.081,528,300,34.29,5.536729147500029
3494.082,528,300,34.29,5.536738672500027
3494.082,528,305,34.8615,5.536738672500027
3494.131,528,300,34.29,5.537205397500027
3494.184,528,300,34.29,5.53771022250003
3494.276,528,310,35.433,5.538615732500026
3494.283,528,300,34.29,5.538682407500026
3494.489,528,300,34.29,5.540644557500028
3494.778,528,300,34.29,5.543397282500026
3494.877,528,305,34.8615,5.544355973750028
3495.089,528,295,33.7185,5.546341618750027
3495.124,528,300,34.29,5.546674993750026
3495.178,528,307,35.0901,5.547201345250026
3495.195,528,295,33.7185,5.547360571500029
3495.279,528,300,34.29,5.548160671500027
3495.279,528,300,34.29,5.548160671500027
3495.388,528,300,34.29,5.549198896500027
3495.577,528,300,34.29,5.55099912150003
3495.777,528,300,34.29,5.552904121500028
3495.978,528,300,34.29,5.554818646500028
3496.084,528,310,35.433,5.555861951500026
3496.087,528,303,34.6329,5.555890812250027
3496.278,528,300,34.29,5.557710087250025
3496.376,528,295,33.7185,5.558627979750029
3496.476,528,295,33.7185,5.559564604750029
3496.487,528,299,34.1757,5.559669030500029
3496.883,528,300,34.29,5.563440930500026
3496.984,528,300,34.29,5.564402955500027
3497.089,528,295,33.7185,5.565386411750027
3497.105,528,295,33.7185,5.565536271750028
3497.174,528,300,34.29,5.566193496750027
3497.186,528,300,34.29,5.566307796750029
3497.378,528,310,35.433,5.568197556750029
3497.474,528,295,33.7185,5.569096716750029
3497.476,528,295,33.7185,5.569115449250028
3497.59,528,298,34.0614,5.570194060250029
3497.776,528,295,33.7185,5.571936182750026
3497.777,528,300,34.29,5.571945707750028
3497.984,528,300,34.29,5.573917382750027
3498.179,528,300,34.29,5.575774757750029
3498.181,528,300,34.29,5.575793807750029
3498.279,528,295,33.7185,5.576711700250028
3498.573,528,295,33.7185,5.579465377750027
3498.576,528,295,33.7185,5.579493476500028
3498.78,528,295,33.7185,5.58140419150003
3498.888,528,300,34.29,5.582432891500027
3498.989,528,300,34.29,5.583394916500028
3499.144,528,297,33.9471,5.584856527750025
3499.183,528,300,34.29,5.585228002750028
3499.481,528,295,33.7185,5.58801914525003
3499.595,528,295,33.7185,5.589086897750026
3499.788,528,296,33.8328,5.590900711750028
3499.977,528,295,33.7185,5.592670933000027
3499.991,528,300,34.29,5.592804283000028
3500.084,528,295,33.7185,5.593675344250027
3500.183,528,300,34.29,5.594618319250029
3500.776,528,295,33.7185,5.600172505500027
3500.874,528,295,33.7185,5.601090398000027
3500.888,528,295,33.7185,5.601221525500028
3501.092,528,300,34.29,5.60316462550003
3501.104,528,295,33.7185,5.603277020500028
3501.244,528,295,33.7185,5.604588295500031
3501.776,528,296,33.8328,5.609588031500029
3501.876,528,295,33.7185,5.610524656500032
3501.977,528,295,33.7185,5.6114706477500285
3501.992,528,295,33.7185,5.611611141500031
3502.174,528,295,33.7185,5.613315799000029
3502.976,528,297,33.9471,5.62087845850003
3503.08,528,295,33.7185,5.621852548500028
3503.08,528,295,33.7185,5.621852548500028
3503.182,528,295,33.7185,5.622807906000027
3504.076,528,298,34.0614,5.631266487000029
3504.176,528,295,33.7185,5.632203112000028
3504.276,528,295,33.7185,5.633139737000028
3504.977,528,300,34.29,5.639816762000028
3505.176,528,295,33.7185,5.641680645750029
3519.112,528,245,28.0035,5.75008530575003
3519.368,528,245,28.0035,5.752076665750029
3520.139,528,280,32.004,5.758930855750031
3520.47,528,280,32.004,5.7618734457500285
3520.476,528,245,28.0035,5.761920118250031
3521.139,528,300,34.29,5.768235193250031
3521.47,528,300,34.29,5.7713879682500275
3521.77,528,248,28.3464,5.773750168250029
3522.054,528,280,32.004,5.77627492825003
3522.139,528,295,33.7185,5.77707105950003
3522.367,528,295,33.7185,5.779206564500031
3522.77,528,300,34.29,5.783045139500029
3522.774,528,255,29.1465,5.783077524500028
3522.87,528,282,32.2326,5.783937060500028
3523.146,528,290,33.147,5.786478330500031
3523.372,528,290,33.147,5.788559225500028
3523.569,528,295,33.7185,5.790404376750029
3523.775,528,299,34.1757,5.79235998625003
3523.971,528,286,32.6898,5.79413976425003
3523.971,528,262,29.9466,5.79413976425003
3524.133,528,315,36.0045,5.795759966750028
3524.469,528,315,36.0045,5.7991203867500305
3524.77,528,298,34.0614,5.80196829825003
3524.869,528,294,33.6042,5.8028924137500315
3524.969,528,290,33.147,5.80381316375003
3525.034,528,290,33.147,5.804411651250031
3525.07,528,269,30.7467,5.8047191182500315
3525.127,528,350,40.005,5.805352530750029
3525.171,528,245,28.0035,5.805694795750028
3525.369,528,350,40.005,5.807895070750031
3525.569,528,315,36.0045,5.809895320750029
3525.769,528,295,33.7185,5.8117685707500275
3525.874,528,293,33.4899,5.812745359500028
3525.972,528,276,31.5468,5.813604133500031
3526.073,528,297,33.9471,5.814556538250028
3526.136,528,470,53.721,5.81549665575003
3526.17,528,245,28.0035,5.815761133250031
3526.171,528,294,33.6042,5.815770467750029
3526.369,528,470,53.721,5.818725122750033
3526.574,528,350,40.005,5.821003185250032
3526.872,528,300,34.29,5.82384163525003
3526.97,528,292,33.3756,5.82475019325003
3527.034,528,322,36.8046,5.825404497250033
3527.073,528,296,33.8328,5.8257710192500305
3527.09,528,375,42.8625,5.825973425500034
3527.14,528,445,50.8635,5.82667986300003
3527.268,528,280,32.004,5.8278177830000315
3527.27,528,300,34.29,5.827836833000031
3527.278,528,445,50.8635,5.827949863000028
3527.477,528,470,53.721,5.830919440500029
3527.974,528,362,41.376599999999996,5.836631710000033
3527.976,528,305,34.8615,5.836651077500032
3528.034,528,329,37.6047,5.837256931000032
3528.169,528,291,33.2613,5.838504229750029
3528.269,528,295,33.7185,5.839440854750029
3528.27,528,300,34.29,5.839450379750031
3528.367,528,375,42.8625,5.8406052860000335
3528.466,528,445,50.8635,5.8420040322500295
3528.774,528,386,44.1198,5.845778726250029
3528.874,528,336,38.4048,5.8468455262500285
3528.97,528,310,35.433,5.847790406250028
3528.974,528,467,53.378099999999996,5.8478497152500335
3529.075,528,290,33.147,5.84877967275003
3529.101,528,310,35.433,5.849035577750033
3529.369,528,295,33.7185,5.851545732750034
3529.468,528,310,35.433,5.85252014025003
3529.488,528,438,50.0634,5.85279827025003
3529.565,528,375,42.8625,5.853715051500033
3529.874,528,410,46.863,5.857737459000029
3529.974,528,462,52.806599999999996,5.8592043090000345
3529.976,528,343,39.2049,5.859226089500034
3530.103,528,270,30.861,5.860314797000033
3530.175,528,315,36.0045,5.861034887000034
3530.369,528,290,33.147,5.862821142000034
3530.464,528,270,30.861,5.863635529500033
3530.778,528,457,52.2351,5.868191591000031
3530.964,528,310,35.433,5.870022296000032
3530.97,528,350,40.005,5.870088971000031
3530.976,528,434,49.6062,5.870171648000035
3531.024,528,362,41.376599999999996,5.870723336000032
3531.034,528,424,48.4632,5.870857956000035
3531.094,528,260,29.718,5.8713532560000345
3531.173,528,315,36.0045,5.8721433547500315
3531.367,528,260,29.718,5.873744824750035
3531.467,528,270,30.861,5.874602074750034
3531.768,528,302,34.5186,5.877488213250033
3531.769,528,410,46.863,5.87750123075003
3531.868,528,452,51.6636,5.878921979750032
3531.968,528,349,39.8907,5.880030054750032
3532.078,528,470,53.721,5.881671529750034
3532.091,528,255,29.1465,5.881776781000033
3532.172,528,350,40.005,5.882676893500035
3532.271,528,255,29.1465,5.883478422250036
3532.765,528,268,30.6324,5.887681868250033
3532.768,528,294,33.6042,5.887709871750035
3532.944,528,260,29.718,5.8891627517500345
3532.974,528,336,38.4048,5.889482791750036
3532.985,528,445,50.8635,5.889638208000036
3533.072,528,396,45.2628,5.890732059000036
3533.084,528,470,53.721,5.890911129000032
3533.089,528,250,28.575,5.890950816500033
3533.466,528,250,28.575,5.893943254000033
3533.765,528,286,32.6898,5.8966583235000325
3533.864,528,266,30.4038,5.897494428000034
3533.964,528,255,29.1465,5.898304053000033
3533.964,528,259,29.6037,5.898304053000033
3533.969,528,375,42.8625,5.898363584250035
3534.082,528,445,50.8635,5.899960133000032
3534.094,528,245,28.0035,5.900053478000034
3534.168,528,323,36.9189,5.900812366500035
3534.366,528,245,28.0035,5.902352559000034
3534.566,528,250,28.575,5.903940059000033
3534.767,528,254,29.0322,5.905561023500033
3534.867,528,258,29.4894,5.906380173500035
3534.867,528,264,30.1752,5.906380173500035
3534.873,528,278,31.7754,5.906433132500034
3534.988,528,375,42.8625,5.907802351250031
3535.09,528,240,27.432,5.908579591250033
3535.166,528,310,35.433,5.909327621250034
3535.27,528,240,27.432,5.910120101250032
3535.764,528,249,28.4607,5.914025541750034
3535.767,528,253,28.9179,5.914049640000031
3535.87,528,257,29.3751,5.9148900942500315
3535.954,528,245,28.0035,5.915543509250034
3536.071,528,262,29.9466,5.916516773750032
3536.095,528,240,27.432,5.9166996537500305
3536.167,528,270,30.861,5.917316873750032
3536.167,528,310,35.433,5.917316873750032
3536.366,528,240,27.432,5.918833253750033
3536.572,528,240,27.432,5.920402973750034
3536.866,528,248,28.3464,5.922717929750033
3536.964,528,244,27.8892,5.923477135750033
3536.965,528,256,29.2608,5.923485263750035
3536.968,528,252,28.8036,5.923509266750032
3537.101,528,240,27.432,5.924522726750034
3537.168,528,260,29.718,5.925075811750034
3537.267,528,270,30.861,5.925924489250032
3537.274,528,240,27.432,5.925977829250033
3537.466,528,240,27.432,5.927440869250033
3537.866,528,243,27.7749,5.9305269692500335
3537.867,528,247,28.2321,5.930534811500035
3537.872,528,251,28.6893,5.930574657750032
3537.99,528,225,25.7175,5.9314176202500315
3537.994,528,240,27.432,5.9314481002500345
3538.098,528,230,26.289,5.932207560250033
3538.165,528,255,29.1465,5.932750009000033
3538.165,528,260,29.718,5.932750009000033
3538.278,528,230,26.289,5.933575191500032
3538.477,528,240,27.432,5.935091571500033
3538.866,528,242,27.6606,5.938080453000034
3538.954,528,240,27.432,5.938751013000036
3538.954,528,240,27.432,5.938751013000036
3539.071,528,246,28.1178,5.939664841500034
3539.077,528,255,29.1465,5.939713419000036
3539.167,528,250,28.575,5.940427794000033
3539.18,528,225,25.7175,5.940520662750033
3539.375,528,230,26.289,5.941944650250034
3539.577,528,238,27.2034,5.943471063250035
3539.766,528,240,27.432,5.944911243250034
3539.872,528,240,27.432,5.945718963250032
3539.965,528,241,27.5463,5.946430576000035
3540.073,528,245,28.0035,5.947270681000033
3540.267,528,250,28.575,5.948810556000033
3540.287,528,225,25.7175,5.9489534310000325
3540.477,528,229,26.1747,5.950334873500033
3540.772,528,240,27.432,5.952582773500033
3540.866,528,240,27.432,5.953299053500034
3541.044,528,236,26.9748,5.954632807500033
3541.167,528,240,27.432,5.955570067500034
3541.264,528,245,28.0035,5.9563246062500355
3541.471,528,225,25.7175,5.957803362500035
3541.566,528,228,26.0604,5.9584910675000335
3541.766,528,234,26.746199999999998,5.959976967500036
3541.967,528,240,27.432,5.9615085875000355
3542.075,528,240,27.432,5.962331547500034
3542.076,528,240,27.432,5.962339167500035
3542.877,528,232,26.517599999999998,5.968239333500034
3542.954,528,225,25.7175,5.968789402250036
3542.974,528,240,27.432,5.968941802250036
3543.064,528,227,25.9461,5.969590454750034
3543.172,528,240,27.432,5.970413414750036
3543.777,528,226,25.8318,5.974754592250036
3543.954,528,225,25.7175,5.976019036000037
3543.977,528,230,26.289,5.9761869935000345
3544.08,528,240,27.432,5.976971853500035
3544.764,528,225,25.7175,5.981858178500036
3544.875,528,225,25.7175,5.982651134750035
3545.07,528,230,26.289,5.984075122250036
3545.785,528,225,25.7175,5.9891829035000335
3546.07,528,225,25.7175,5.991218872250036
3559.072,528,170,19.431,6.0613971672500355
3560.074,528,165,18.8595,6.066646394750035
3560.181,528,170,19.431,6.067223927250034
3561.357,528,165,18.8595,6.073384697250034
3561.359,528,170,19.431,6.073395492250033
3562.093,528,165,18.8595,6.077240734750033
3562.362,528,165,18.8595,6.078649958500034
3562.473,528,169,19.3167,6.079245556750034
3562.557,528,165,18.8595,6.079685611750033
3563.088,528,155,17.7165,6.082298795500035
3563.456,528,155,17.7165,6.084109815500035
3563.568,528,168,19.2024,6.084707223500036
3563.884,528,165,18.8595,6.086362668500035
3563.884,528,165,18.8595,6.086362668500035
3564.086,528,155,17.7165,6.087356761000034
3564.357,528,155,17.7165,6.088690419750035
3564.559,528,155,17.7165,6.089684512250036
3564.759,528,164,18.7452,6.0907259122500355
3564.96,528,165,18.8595,6.091778901000035
3565.004,528,167,19.0881,6.092012200000035
3565.083,528,150,17.145,6.092388437500036
3565.362,528,150,17.145,6.093717175000036
3565.557,528,155,17.7165,6.094676818750034
3565.559,528,162,18.5166,6.094687105750036
3565.768,528,166,18.9738,6.095788640250035
3565.864,528,155,17.7165,6.096261080250035
3565.96,528,165,18.8595,6.096764000250035
3565.969,528,170,19.431,6.096812577750035
3566.076,528,140,16.002,6.097288192750035
3566.459,528,140,16.002,6.098990627750035
3566.757,528,160,18.288,6.100504467750036
3566.765,528,155,17.7165,6.100543837750035
3566.859,528,165,18.8595,6.101036280250035
3566.884,528,150,17.145,6.101155342750036
3566.884,528,154,17.6022,6.101155342750036
3567.069,528,170,19.431,6.102153880250036
3567.093,528,145,16.5735,6.102264370250035
3567.16,528,165,18.8595,6.102615366500035
3567.357,528,145,16.5735,6.103522305250036
3567.56,528,140,16.002,6.104424640250036
3567.759,528,149,17.0307,6.105366059500036
3567.859,528,153,17.4879,6.105851834500036
3567.859,528,155,17.7165,6.105851834500036
3567.859,528,158,18.0594,6.105851834500036
3567.975,528,165,18.8595,6.106459529500036
3568.087,528,135,15.4305,6.106939589500036
3568.157,528,165,18.8595,6.107306302000037
3568.361,528,135,15.4305,6.108180697000035
3568.757,528,141,16.1163,6.109953490000036
3568.759,528,147,16.8021,6.109962824500036
3568.859,528,152,17.3736,6.1104454245000355
3568.924,528,145,16.5735,6.110744668250036
3569.063,528,155,17.7165,6.111428722000037
3569.073,528,165,18.8595,6.111481109500035
3569.073,528,130,14.859,6.111481109500035
3569.079,528,140,16.002,6.1115077795000365
3569.159,528,156,17.8308,6.111904019500036
3569.358,528,140,16.002,6.112788574500037
3569.563,528,135,15.4305,6.113667255750037
3569.924,528,143,16.3449,6.1153062860000365
3569.957,528,151,17.2593,6.115464496250036
3569.96,528,145,16.5735,6.1154783075000365
3569.974,528,142,16.2306,6.115541426500037
3570.062,528,155,17.7165,6.115974496500036
3570.262,528,155,17.7165,6.116958746500037
3570.266,528,130,14.859,6.116975256500037
3570.463,528,140,16.002,6.117850921500038
3570.863,528,141,16.1163,6.119641621500036
3570.864,528,143,16.3449,6.119646161750037
3570.924,528,136,15.5448,6.119905241750037
3570.96,528,143,16.3449,6.1200686907500375
3570.979,528,120,13.716,6.120141080750036
3571.101,528,130,14.859,6.120644635750038
3571.157,528,150,17.145,6.120911335750038
3571.157,528,155,17.7165,6.120911335750038
3571.263,528,130,14.859,6.121348850750037
3571.468,528,130,14.859,6.122194988250037
3571.864,528,138,15.7734,6.123930062250038
3571.874,528,137,15.6591,6.123973559750037
3571.959,528,139,15.8877,6.124348686000037
3572.062,528,144,16.4592,6.124819602000037
3572.067,528,150,17.145,6.124843414500037
3572.159,528,141,16.1163,6.125255275500038
3572.366,528,130,14.859,6.126109668000037
3572.454,528,120,13.716,6.126444948000038
3572.568,528,130,14.859,6.126915483000038
3572.863,528,138,15.7734,6.128208025500036
3572.924,528,136,15.5448,6.128471423500036
3573.061,528,145,16.5735,6.129102137250037
3573.064,528,137,15.6591,6.1291151865000355
3573.125,528,150,17.145,6.129405699000036
3573.259,528,140,16.002,6.130001329000036
3573.356,528,150,17.145,6.130463291500037
3573.468,528,129,14.7447,6.130922015500036
3573.756,528,120,13.716,6.132019295500036
3573.757,528,130,14.859,6.132023423000036
3573.763,528,134,15.3162,6.132048950000035
3573.863,528,139,15.8877,6.132490275000035
3574.133,528,140,16.002,6.133690425000035
3574.161,528,135,15.4305,6.133810440000036
3574.255,528,145,16.5735,6.134243192500036
3574.456,528,140,16.002,6.135136637500036
3574.553,528,123,14.0589,6.135515446750035
3574.557,528,127,14.5161,6.135531575750035
3574.754,528,150,17.145,6.136469788250035
3574.766,528,130,14.859,6.136519318250036
3574.96,528,132,15.0876,6.137332372250036
3575.066,528,140,16.002,6.137803542250035
3575.071,528,135,15.4305,6.137824973500035
3575.128,528,130,14.859,6.138060241000036
3575.453,528,130,14.859,6.139401678500035
3575.756,528,140,16.002,6.140748513500035
3575.756,528,129,14.7447,6.140748513500035
3575.868,528,130,14.859,6.1412107935000355
3575.904,528,148,16.9164,6.141379957500035
3575.964,528,130,14.859,6.141627607500035
3575.974,528,125,14.2875,6.141667295000036
3576.108,528,145,16.5735,6.142284197500036
3576.164,528,140,16.002,6.142533117500036
3576.355,528,145,16.5735,6.143412433750035
3576.768,528,123,14.0589,6.145025302000034
3576.844,528,130,14.859,6.145338992000035
3576.855,528,135,15.4305,6.145386140750035
3576.856,528,138,15.7734,6.145390522250036
3576.957,528,146,16.6878,6.145858707750034
3576.972,528,130,14.859,6.145920620250036
3577.07,528,130,14.859,6.146325115250035
3577.079,528,145,16.5735,6.146366549000035
3577.355,528,145,16.5735,6.147637184000034
3577.753,528,133,15.2019,6.149317838500035
3577.844,528,145,16.5735,6.149736779750034
3577.856,528,136,15.5448,6.149788595750035
3577.957,528,144,16.4592,6.150250367750034
3577.958,528,121,13.8303,6.1502542095000345
3577.978,528,130,14.859,6.150336759500035
3578.073,528,130,14.859,6.150728872000034
3578.156,528,141,16.1163,6.151100442250034
3578.453,528,130,14.859,6.152326309750035
3578.844,528,145,16.5735,6.154126376000035
3578.844,528,145,16.5735,6.154126376000035
3578.956,528,136,15.5448,6.154609992000036
3578.967,528,120,13.716,6.154651902000036
3579.056,528,134,15.3162,6.155030552500036
3579.082,528,130,14.859,6.155137867500035
3579.156,528,142,16.2306,6.155471496500035
3579.156,528,150,17.145,6.155471496500035
3579.258,528,130,14.859,6.155892501500035
3579.755,528,143,16.3449,6.158149005750037
3579.844,528,130,14.859,6.158516353250037
3579.854,528,145,16.5735,6.158562390750036
3579.861,528,139,15.8877,6.158593283500036
3580.059,528,132,15.0876,6.159423101500037
3580.091,528,130,14.859,6.159555181500036
3580.253,528,140,16.002,6.160275271500037
3580.356,528,150,17.145,6.160765809000037
3580.36,528,130,14.859,6.160782319000037
3580.555,528,130,14.859,6.161587181500036
3580.56,528,130,14.859,6.161607819000037
3580.844,528,140,16.002,6.162870199000038
3580.956,528,145,16.5735,6.163385819000038
3581.062,528,130,14.859,6.163823334000037
3581.069,528,140,16.002,6.163854449000038
3581.155,528,142,16.2306,6.164242180000039
3581.554,528,130,14.859,6.165889052500038
3581.558,528,130,14.859,6.165905562500038
3581.855,528,130,14.859,6.167131430000039
3581.953,528,137,15.6591,6.167557705500038
3581.956,528,145,16.5735,6.167571516750039
3582.155,528,145,16.5735,6.16848766300004
3582.355,528,130,14.859,6.169313163000039
3582.76,528,130,14.859,6.17098480050004
3582.834,528,128,14.6304,6.171285536500038
3582.854,528,130,14.859,6.171368086500038
3583.059,528,134,15.3162,6.1722402590000405
3583.155,528,145,16.5735,6.17268221900004
3583.252,528,145,16.5735,6.173128782750039
3583.834,528,126,14.4018,6.175457073750039
3583.858,528,130,14.859,6.17555613375004
3584.058,528,130,14.859,6.176381633750039
3584.058,528,130,14.859,6.176381633750039
3584.07,528,145,16.5735,6.17643687875004
3584.854,528,124,14.1732,6.179523486750038
3584.854,528,130,14.859,6.179523486750038
3585.061,528,130,14.859,6.18037787925004
3585.255,528,130,14.859,6.181178614250039
3585.955,528,122,13.9446,6.183890064250039
3586.062,528,130,14.859,6.184331706750039
3586.063,528,130,14.859,6.18433583425004
3587.064,528,130,14.859,6.188467461750038
3601.139,0,115,13.1445,6.239858805500039
3601.352,0,115,13.1445,6.240636521750038
3602.141,0,145,16.5735,6.244268880500039
3602.355,0,145,16.5735,6.245254083000039
3602.555,0,115,13.1445,6.245984333000038
3603.137,0,170,19.431,6.24912567800004
3603.349,0,170,19.431,6.2502699480000405
3603.554,0,145,16.5735,6.251213716750041
3603.814,0,121,13.8303,6.252212571750039
3604.071,0,255,29.1465,6.25429330800004
3604.134,0,230,26.289,6.254753365500041
3604.259,0,230,26.289,6.255666178000041
3604.449,0,170,19.431,6.256691703000041
3604.564,0,147,16.8021,6.25722843675004
3604.849,0,127,14.5161,6.258377628000042
3605.445,0,255,29.1465,6.263202993000042
3605.445,0,230,26.289,6.263202993000042
3605.56,0,176,20.1168,6.263845613000041
3605.849,0,133,15.2019,6.265065987750042
3605.894,0,152,17.3736,6.26528315775004
3606.131,0,320,36.576,6.26769107775004
3606.347,0,320,36.576,6.269885637750044
3606.548,0,232,26.517599999999998,6.271366203750041
3606.748,0,255,29.1465,6.272985453750043
3606.855,0,157,17.9451,6.273518822000043
3606.874,0,188,21.4884,6.273632233000042
3607.052,0,139,15.8877,6.274417791500043
3607.097,0,395,45.1485,6.274982147750044
3607.15,0,115,13.1445,6.275175664000043
3607.447,0,395,45.1485,6.278900415250043
3607.545,0,320,36.576,6.279896095250043
3607.545,0,268,30.6324,6.279896095250043
3607.567,0,237,27.0891,6.280061639750043
3607.761,0,200,22.86,6.281293539750043
3607.956,0,162,18.5166,6.282296522250044
3608.06,0,210,24.003,6.282989942250042
3608.063,0,145,16.5735,6.283003753500043
3608.071,0,240,27.432,6.283064713500042
3608.255,0,115,13.1445,6.2837365435000425
3608.447,0,240,27.432,6.2851995835000425
3608.55,0,395,45.1485,6.286491332250043
3608.746,0,281,32.1183,6.288239995250042
3608.824,0,335,38.2905,6.289069622750042
3608.86,0,212,24.2316,6.289311938750043
3608.964,0,242,27.6606,6.290111022750041
3609.058,0,170,19.431,6.290618387750042
3609.155,0,145,16.5735,6.291064951500043
3609.344,0,210,24.003,6.292325109000042
3609.734,0,240,27.432,6.295296909000041
3609.747,0,364,41.605199999999996,6.29544715000004
3609.848,0,247,28.2321,6.296239217250041
3609.849,0,294,33.6042,6.296248551750043
3609.948,0,350,40.005,6.29734868925004
3609.95,0,230,26.289,6.297363294250039
3610.106,0,210,24.003,6.298403424250042
3610.149,0,170,19.431,6.29863551675004
3610.349,0,210,24.003,6.299969016750042
3610.452,0,210,24.003,6.300655769250042
3610.764,0,237,27.0891,6.303003491250042
3610.845,0,333,38.0619,6.303859884000039
3611.05,0,365,41.7195,6.306235577750043
3611.05,0,255,29.1465,6.306235577750043
3611.063,0,230,26.289,6.306330510250043
3611.121,0,220,25.146,6.306735640250043
3611.148,0,307,35.0901,6.306998816000044
3611.444,0,220,25.146,6.309066376000042
3611.746,0,210,24.003,6.311079961000043
3611.746,0,210,24.003,6.311079961000043
3611.747,0,302,34.5186,6.311089549500041
3611.794,0,231,26.403299999999998,6.311434259250041
3611.969,0,255,29.1465,6.3128511030000425
3612.051,0,380,43.434,6.313840433000041
3612.115,0,430,49.149,6.314714193000039
3612.147,0,320,36.576,6.315039313000041
3612.345,0,430,49.149,6.3177425080000384
3612.546,0,220,25.146,6.319146493000039
3612.746,0,211,24.1173,6.320486343000041
3612.752,0,210,24.003,6.3205263480000395
3612.948,0,225,25.7175,6.321926523000039
3613.047,0,271,30.9753,6.32277834375004
3613.118,0,400,45.72,6.32368004375004
3613.145,0,395,45.1485,6.32401865750004
3613.347,0,320,36.576,6.326070977500042
3613.451,0,400,45.72,6.32739177750004
3613.554,0,430,49.149,6.32879798500004
3613.749,0,262,29.9466,6.330420092500038
3613.844,0,210,24.003,6.33105350500004
3613.947,0,213,24.3459,6.33175006825004
3613.951,0,219,25.0317,6.331777881250039
3613.952,0,240,27.432,6.331785501250041
3614.112,0,370,42.291,6.3336651012500385
3614.245,0,395,45.1485,6.335333087500036
3614.345,0,370,42.291,6.336507837500035
3614.545,0,400,45.72,6.339047837500038
3614.746,0,304,34.7472,6.340987889500038
3614.764,0,424,48.4632,6.341230205500039
3615.05,0,215,24.5745,6.343182513000039
3615.05,0,210,24.003,6.343182513000039
3615.115,0,430,49.149,6.344069925500034
3615.147,0,213,24.3459,6.344286333500035
3615.247,0,240,27.432,6.345048333500034
3615.259,0,430,49.149,6.345212163500037
3615.446,0,370,42.291,6.347408946000035
3615.744,0,397,45.3771,6.351165161500038
3615.845,0,418,47.7774,6.352505583000034
3615.947,0,217,24.8031,6.353208337500036
3615.948,0,210,24.003,6.353215005000035
3615.952,0,346,39.5478,6.353258947000039
3616.119,0,475,54.2925,6.355777515750037
3616.147,0,210,24.003,6.355964205750036
3616.366,0,430,49.149,6.358954103250037
3616.444,0,475,54.2925,6.360130440750036
3616.545,0,376,42.9768,6.3613361787500375
3616.834,0,391,44.6913,6.364923897000034
3616.947,0,412,47.0916,6.366402050000038
3617.055,0,388,44.3484,6.367732502000035
3617.121,0,505,57.7215,6.368790729500039
3617.246,0,220,25.146,6.369663854500039
3617.246,0,210,24.003,6.369663854500039
3617.444,0,505,57.7215,6.372838537000036
3617.548,0,475,54.2925,6.374406987000033
3617.744,0,434,49.6062,6.377107769000038
3617.751,0,385,44.0055,6.377193335250039
3617.884,0,388,44.3484,6.378831762250037
3617.952,0,406,46.4058,6.37970831625004
3618.107,0,580,66.294,6.382562641250035
3618.151,0,430,49.149,6.383163351250033
3618.246,0,220,25.146,6.383826926250035
3618.342,0,580,66.294,6.385594766250035
3618.744,0,443,50.6349,6.391248996750035
3618.745,0,505,57.7215,6.391265030500032
3618.762,0,400,45.72,6.391480930500035
3618.844,0,481,54.9783,6.392733214000033
3618.946,0,379,43.3197,6.393960605500031
3619.058,0,400,45.72,6.395383005500032
3619.091,0,685,78.2955,6.39610071425003
3619.249,0,430,49.149,6.398257809250029
3619.347,0,685,78.2955,6.400389186750038
3619.542,0,580,66.294,6.403980111750033
3619.743,0,452,51.6636,6.406864662750033
3619.844,0,520,59.436,6.408532172750035
3619.854,0,412,47.0916,6.408662982750032
3619.945,0,487,55.6641,6.410070047500038
3619.957,0,370,42.291,6.410211017500035
3620.057,0,260,29.718,6.411036517500034
3620.059,0,400,45.72,6.41106191750004
3620.073,0,495,56.5785,6.4112819450000345
3620.343,0,495,56.5785,6.415525332500034
3620.744,0,535,61.1505,6.422336818750039
3620.744,0,685,78.2955,6.422336818750039
3620.842,0,590,67.437,6.424172603750038
3620.842,0,461,52.692299999999996,6.424172603750038
3620.844,0,493,56.3499,6.424203909250037
3620.956,0,430,49.149,6.425732989250038
3621.147,0,370,42.291,6.427976761750036
3621.341,0,260,29.718,6.429578231750035
3621.541,0,495,56.5785,6.43272148175004
3621.747,0,666,76.1238,6.437077454750033
3621.865,0,475,54.2925,6.4388570422500315
3621.943,0,499,57.0357,6.440092815750038
3621.945,0,611,69.8373,6.4401316142500376
3621.969,0,430,49.149,6.440459274250036
3622.044,0,550,62.865,6.441768961750032
3622.549,0,260,29.718,6.445937736750033
3622.743,0,471,53.8353,6.4488388612500325
3622.945,0,628,71.7804,6.452866539250037
3622.949,0,632,72.2376,6.452946803250035
3622.965,0,475,54.2925,6.453188103250036
3623.048,0,565,64.5795,6.454677019500029
3623.15,0,505,57.7215,6.456312462000034
3623.784,0,424,48.4632,6.464847370000035
3623.948,0,590,67.437,6.46791950000003
3624.145,0,653,74.6379,6.472003851750032
3624.244,0,505,57.7215,6.4735911930000345
3624.245,0,580,66.294,6.47360960800003
3624.534,0,259,29.6037,6.475986127250032
3624.843,0,257,29.3751,6.4785074900000295
3624.944,0,377,43.0911,6.4797164347500305
3624.945,0,552,63.0936,6.479733960750034
3625.144,0,685,78.2955,6.484061962000025
3625.344,0,580,66.294,6.48774496200003
3625.843,0,255,29.1465,6.491784990750029
3626.047,0,330,37.719,6.493922400750031
3626.243,0,495,56.5785,6.49700278575003
3626.341,0,685,78.2955,6.499134163250028
3627.044,0,253,28.9179,6.504781186500028
3627.046,0,260,29.718,6.504797696500028
3627.244,0,495,56.5785,6.507909514000033
3628.046,0,251,28.6893,6.514300852500031
3628.243,0,260,29.718,6.515927087500032
3641.05,0,285,32.5755,6.631814428750034
3642.335,0,285,32.5755,6.643442072500033
3643.102,0,285,32.5755,6.650382463750032
3643.437,0,285,32.5755,6.6534137950000325
3643.443,0,285,32.5755,6.653468087500035
3644.096,0,280,32.004,6.6592732575000335
3644.337,0,280,32.004,6.661415747500033
3644.737,0,285,32.5755,6.665035247500034
3644.737,0,285,32.5755,6.665035247500034
3645.09,0,275,31.4325,6.6681173787500345
3645.337,0,275,31.4325,6.670273997500034
3645.535,0,280,32.004,6.672034217500032
3645.737,0,284,32.4612,6.673855651500034
3645.743,0,285,32.5755,6.673909944000033
3646.102,0,280,32.004,6.677101454000033
3646.343,0,280,32.004,6.679243944000032
3646.537,0,275,31.4325,6.680937806500032
3646.737,0,279,31.8897,6.682709456500034
3646.835,0,285,32.5755,6.683596234000034
3646.938,0,283,32.3469,6.684521714750034
3647.052,0,270,30.861,6.685498979750035
3647.1,0,270,30.861,6.6859104597500325
3647.336,0,270,30.861,6.687933569750031
3647.545,0,280,32.004,6.689791579750034
3647.754,0,276,31.5468,6.691623046750033
3647.841,0,282,32.2326,6.692402001250033
3648.041,0,285,32.5755,6.694211751250036
3648.138,0,285,32.5755,6.695089480000034
3648.248,0,270,30.861,6.696032455000035
3648.348,0,270,30.861,6.696889705000034
3648.534,0,278,31.7754,6.698531434000035
3648.837,0,277,31.6611,6.701196243250034
3648.934,0,279,31.8897,6.702055493500036
3648.938,0,277,31.6611,6.702090672500035
3648.938,0,281,32.1183,6.702090672500035
3648.939,0,285,32.5755,6.702099721250033
3649.101,0,270,30.861,6.703488466250035
3649.238,0,285,32.5755,6.704728145000033
3649.339,0,270,30.861,6.705593967500033
3649.359,0,270,30.861,6.705765417500033
3649.536,0,270,30.861,6.707282750000035
3649.743,0,277,31.6611,6.709103263250034
3649.84,0,276,31.5468,6.709953274250036
3649.843,0,278,31.7754,6.709979753750033
3650.105,0,265,30.2895,6.712184156250034
3650.237,0,280,32.004,6.713357636250034
3650.237,0,285,32.5755,6.713357636250034
3650.436,0,265,30.2895,6.715031972500035
3650.736,0,270,30.861,6.717603722500033
3650.834,0,270,30.861,6.718443827500033
3650.834,0,270,30.861,6.718443827500033
3650.837,0,275,31.4325,6.718470021250034
3651.041,0,279,31.8897,6.7202771042500355
3651.106,0,265,30.2895,6.720823998000036
3651.138,0,275,31.4325,6.721103398000033
3651.237,0,280,32.004,6.721983508000035
3651.334,0,265,30.2895,6.722799641750033
3651.736,0,265,30.2895,6.7261819692500335
3651.739,0,269,30.7467,6.726207591500035
3651.745,0,270,30.861,6.726259026500034
3651.836,0,270,30.861,6.727039124000033
3651.848,0,273,31.2039,6.727143137000034
3652.04,0,280,32.004,6.728850017000035
3652.095,0,260,29.718,6.729304042000034
3652.237,0,275,31.4325,6.730543879500036
3652.339,0,260,29.718,6.731385889500035
3652.536,0,265,30.2895,6.733043398250036
3652.736,0,270,30.861,6.7347578982500345
3652.834,0,265,30.2895,6.735582445750034
3652.842,0,270,30.861,6.735651025750037
3652.937,0,268,30.6324,6.736459380750035
3653.045,0,270,30.861,6.737385210750037
3653.048,0,255,29.1465,6.737409499500035
3653.093,0,255,29.1465,6.737773830750036
3653.147,0,280,32.004,6.738253890750037
3653.432,0,255,29.1465,6.740561322000035
3653.735,0,260,29.718,6.743062587000038
3653.736,0,265,30.2895,6.743071000750036
3653.834,0,264,30.1752,6.743892436750036
3653.836,0,270,30.861,6.743909581750035
3653.935,0,267,30.5181,6.744748829500036
3653.938,0,270,30.861,6.744774547000038
3654.137,0,270,30.861,6.746480474500038
3654.332,0,255,29.1465,6.748059243250036
3654.535,0,255,29.1465,6.7497027820000355
3654.735,0,259,29.6037,6.7513474320000375
3654.857,0,270,30.861,6.752393277000036
3654.934,0,266,30.4038,6.753043580500038
3654.937,0,263,30.0609,6.753068631250036
3654.954,0,270,30.861,6.753214363750039
3655.036,0,265,30.2895,6.753904291250038
3655.108,0,415,47.4345,6.754852981250039
3655.338,0,415,47.4345,6.757883518750039
3655.735,0,255,29.1465,6.7610977300000386
3655.735,0,255,29.1465,6.7610977300000386
3655.936,0,258,29.4894,6.762744221500038
3655.94,0,262,29.9466,6.762777495500037
3655.957,0,270,30.861,6.7629232280000355
3656.04,0,265,30.2895,6.763621569250036
3656.123,0,900,102.87,6.7659932942500385
3656.234,0,265,30.2895,6.766927220500038
3656.434,0,900,102.87,6.772642220500045
3657.039,0,257,29.3751,6.777578869250045
3657.133,0,835,95.4405,6.780070926750034
3657.136,0,261,29.8323,6.780095787000036
3657.234,0,415,47.4345,6.781387059500036
3657.234,0,271,30.9753,6.781387059500036
3657.234,0,255,29.1465,6.781387059500036
3657.236,0,265,30.2895,6.781403887000035
3657.236,0,265,30.2895,6.781403887000035
3657.334,0,835,95.4405,6.784001989500034
3657.434,0,900,102.87,6.786859489500045
3657.741,0,463,52.920899999999996,6.791372466250041
3657.935,0,303,34.6329,6.7932387947500406
3657.936,0,256,29.2608,6.7932469227500425
3657.936,0,255,29.1465,6.7932469227500425
3658.126,0,580,66.294,6.796745772750043
3658.135,0,260,29.718,6.796820067750043
3658.336,0,265,30.2895,6.79851123150004
3658.34,0,580,66.294,6.798584891500046
3658.535,0,835,95.4405,6.803754585250038
3658.734,0,893,102.0699,6.80939678250004
3658.735,0,560,64.008,6.809414562500044
3658.936,0,335,38.2905,6.811552448750044
3659.039,0,255,29.1465,6.812386362500044
3659.127,0,770,88.011,6.814537742500038
3659.133,0,260,29.718,6.814587272500037
3659.235,0,255,29.1465,6.81541309000004
3659.25,0,770,88.011,6.815779802500037
3659.445,0,580,66.294,6.81937072750004
3659.55,0,809,92.4687,6.822067731250041
3659.743,0,880,100.584,6.827460151250034
3659.939,0,657,75.0951,6.831548662250032
3660.038,0,255,29.1465,6.8323501910000335
3660.112,0,555,63.4365,6.833654163500035
3660.135,0,367,41.9481,6.833922165250036
3660.235,0,255,29.1465,6.834731790250036
3660.243,0,555,63.4365,6.8348727602500325
3660.433,0,770,88.011,6.839517785250034
3660.543,0,618,70.6374,6.841676150250036
3660.742,0,758,86.6394,6.846465383750037
3660.834,0,867,99.0981,6.848997890750027
3660.936,0,754,86.1822,6.851439719750035
3661.103,0,485,55.4355,6.854011311000034
3661.235,0,415,47.4345,6.855750576000035
3661.235,0,255,29.1465,6.855750576000035
3661.433,0,485,55.4355,6.8587995285000325
3661.455,0,727,83.09609999999999,6.859307338000031
3661.531,0,555,63.4365,6.860646553000032
3661.84,0,707,80.8101,6.867582753250036
3662.038,0,854,97.6122,6.872951424250033
3662.048,0,415,47.4345,6.87308318675003
3662.098,0,300,34.29,6.873559436750032
3662.134,0,656,74.9808,6.874309244750033
3662.14,0,900,102.87,6.874480694750029
3662.432,0,300,34.29,6.877261994750028
3662.537,0,485,55.4355,6.878878863500028
3662.633,0,684,78.1812,6.880963695500029
3662.734,0,694,79.3242,6.8831891800000315
3662.831,0,548,62.6364,6.884876883000035
3662.935,0,656,74.9808,6.887042995000031
3663.043,0,835,95.4405,6.889906210000036
3663.24,0,900,102.87,6.8955354850000266
3663.737,0,534,61.0362,6.903961871500032
3663.833,0,466,53.263799999999996,6.905382239500032
3663.834,0,641,73.2663,6.905402591250026
3663.845,0,732,83.6676,6.905658242250025
3663.95,0,580,66.294,6.907591817250026
3664.138,0,835,95.4405,6.912575932250029
3664.614,0,300,34.29,6.91710983225003
3664.63,0,299,34.1757,6.9172617242500305
3664.833,0,598,68.3514,6.92111598375003
3664.934,0,429,49.0347,6.922491679500032
3664.955,0,770,88.011,6.923005077000026
3665.037,0,520,59.436,6.924358897000023
3665.056,0,580,66.294,6.924708782000027
3665.931,0,298,34.0614,6.932987594500028
3665.934,0,392,44.8056,6.93302493250003
3665.935,0,555,63.4365,6.933042553750025
3666.037,0,506,57.8358,6.934681234750022
3666.047,0,770,88.011,6.934925709750027
3666.932,0,355,40.5765,6.944900766000025
3666.935,0,485,55.4355,6.944946962250027
3666.957,0,555,63.4365,6.945334629750026
3667.033,0,297,33.9471,6.9460512907500265
3668.036,0,296,33.8328,6.955477484750028
3668.042,0,300,34.29,6.955534634750027
3668.131,0,485,55.4355,6.956905123500026
3669.233,0,295,33.7185,6.967226731000029
3669.332,0,300,34.29,6.968169706000026
3683.034,0,260,29.718,7.081279716000028
3683.089,0,260,29.718,7.0817337410000265
3683.325,0,260,29.718,7.083681921000026
3684.324,0,260,29.718,7.091928666000028
3684.327,0,260,29.718,7.091953431000029
3685.109,0,520,59.436,7.1048642510000235
3685.33,0,520,59.436,7.108512961000024
3685.525,0,260,29.718,7.110122686000025
3686.115,0,890,101.727,7.126794611000016
3686.424,0,890,101.727,7.1355261785000215
3686.564,0,260,29.718,7.136681878500021
3686.632,0,286,32.6898,7.137299352500023
3686.633,0,260,29.718,7.137307607500021
3687.126,0,770,88.011,7.149360225000031
3687.326,0,770,88.011,7.154249725000026
3687.554,0,520,59.436,7.158014005000028
3687.629,0,890,101.727,7.160133317500023
3687.826,0,557,63.6651,7.163617213250025
3687.927,0,338,38.6334,7.1647010947500265
3687.928,0,260,29.718,7.164709349750025
3687.928,0,260,29.718,7.164709349750025
3688.114,0,700,80.01,7.168843199750028
3688.425,0,700,80.01,7.175755174750031
3688.824,0,878,100.3554,7.186877898250028
3688.826,0,631,72.1233,7.186917966750027
3688.931,0,390,44.577,7.188218129250028
3689.031,0,260,29.718,7.189043629250027
3689.101,0,620,70.866,7.19042157925003
3689.225,0,260,29.718,7.191445199250028
3689.425,0,620,70.866,7.195382199250033
3689.529,0,700,80.01,7.197693599250028
3689.554,0,770,88.011,7.198304786750031
3689.626,0,763,87.2109,7.200049004750033
3689.925,0,854,97.6122,7.208156240250033
3690.027,0,260,29.718,7.208998250250032
3690.03,0,705,80.5815,7.209065401500035
3690.086,0,370,42.291,7.20972326150003
3690.127,0,442,50.5206,7.210298635000032
3690.227,0,260,29.718,7.2111241350000315
3690.241,0,370,42.291,7.211288600000033
3690.625,0,620,70.866,7.218847640000034
3690.832,0,830,94.869,7.2243026075000305
3690.925,0,260,29.718,7.225070322500033
3690.927,0,749,85.6107,7.225117884000031
3690.927,0,779,89.0397,7.225117884000031
3691.075,0,300,34.29,7.226527584000029
3691.227,0,520,59.436,7.22903710400003
3691.325,0,300,34.29,7.22997055400003
3691.431,0,370,42.291,7.231215789000032
3691.614,0,684,78.1812,7.235190000000032
3691.625,0,595,68.0085,7.235397803750032
3691.826,0,668,76.3524,7.239660812750032
3692.03,0,735,84.0105,7.244421407750036
3692.04,0,520,59.436,7.244586507750032
3692.084,0,310,35.433,7.245019577750031
3692.126,0,806,92.1258,7.2460943787500405
3692.226,0,890,101.727,7.248920128750038
3692.236,0,310,35.433,7.249018553750036
3692.436,0,300,34.29,7.250923553750038
3692.625,0,363,41.490899999999996,7.253101826000036
3692.735,0,545,62.2935,7.255005238500039
3692.823,0,652,74.5236,7.256826926500033
3692.93,0,721,82.41029999999999,7.259276343750033
3693.084,0,310,35.433,7.260792088750033
3693.126,0,770,88.011,7.261818883750042
3693.324,0,310,35.433,7.263767698750041
3693.326,0,890,101.727,7.2638242137500395
3693.425,0,310,35.433,7.2647986212500415
3693.534,0,301,34.4043,7.26584030700004
3693.631,0,349,39.8907,7.266915139750037
3693.831,0,495,56.5785,7.270058389750042
3694.035,0,636,72.6948,7.274177761750036
3694.084,0,300,34.29,7.274644486750036
3694.226,0,700,80.01,7.277800436750042
3694.326,0,770,88.011,7.28024518675004
3694.424,0,300,34.29,7.28117863675004
3694.446,0,310,35.433,7.281395171750039
3694.522,0,310,35.433,7.282143201750039
3694.63,0,303,34.6329,7.283182188750041
3694.825,0,335,38.2905,7.285256257500039
3694.933,0,445,50.8635,7.286782162500041
3695.034,0,620,70.866,7.2887703475000425
3695.09,0,310,35.433,7.289321527500043
3695.135,0,700,80.01,7.290321652500045
3695.424,0,310,35.433,7.2931661350000425
3695.527,0,300,34.29,7.294147210000043
3695.63,0,310,35.433,7.295160987500044
3695.822,0,309,35.3187,7.297044651500044
3695.825,0,321,36.6903,7.2970752267500405
3696.087,0,300,34.29,7.299570776750042
3696.127,0,370,42.291,7.300040676750042
3696.231,0,620,70.866,7.302087916750047
3696.421,0,300,34.29,7.303897666750043
3696.544,0,305,34.8615,7.305088768000044
3696.824,0,301,34.4043,7.307764658000045
3696.824,0,310,35.433,7.307764658000045
3696.836,0,307,35.0901,7.307881625000043
3696.927,0,307,35.0901,7.308768624750046
3697.08,0,300,34.29,7.310225949750044
3697.131,0,370,42.291,7.310825072250043
3697.423,0,300,34.29,7.3136063722500415
3697.523,0,300,34.29,7.314558872250045
3697.534,0,310,35.433,7.314667139750045
3697.574,0,307,35.0901,7.315057029750045
3697.824,0,310,35.433,7.317517654750045
3697.925,0,303,34.6329,7.318489300000046
3697.946,0,310,35.433,7.318695992500043
3698.028,0,305,34.8615,7.319490060000041
3698.038,0,300,34.29,7.319585310000043
3698.081,0,300,34.29,7.319994885000044
3698.423,0,300,34.29,7.3232524350000405
3698.527,0,300,34.29,7.324243035000043
3698.534,0,308,35.2044,7.324311488000044
3698.922,0,306,34.9758,7.328081102000043
3698.925,0,305,34.8615,7.328110153250044
3698.926,0,310,35.433,7.328119995750042
3699.028,0,303,34.6329,7.32910126125004
3699.039,0,310,35.433,7.329209528750044
3699.084,0,290,33.147,7.32962386625004
3699.421,0,290,33.147,7.33272679375004
3699.534,0,300,34.29,7.333803118750042
3699.823,0,300,34.29,7.33655584375004
3699.923,0,300,34.29,7.33750834375004
3699.949,0,310,35.433,7.337764248750043
3700.028,0,304,34.7472,7.33852675675004
3700.075,0,290,33.147,7.33895950925004
3700.122,0,307,35.0901,7.339417630000041
3700.423,0,290,33.147,7.34218908750004
3700.428,0,290,33.147,7.342235125000041
3700.524,0,300,34.29,7.343149525000041
3700.564,0,300,34.29,7.343530525000041
3700.623,0,299,34.1757,7.3440906267500425
3700.924,0,300,34.29,7.346957651750042
3700.924,0,300,34.29,7.346957651750042
3701.027,0,310,35.433,7.347971429250043
3701.028,0,302,34.5186,7.34798101775004
3701.087,0,290,33.147,7.348524260250042
3701.122,0,300,34.29,7.348857635250041
3701.323,0,290,33.147,7.350708342750041
3701.623,0,290,33.147,7.353470592750043
3701.924,0,297,33.9471,7.356308947500042
3701.924,0,300,34.29,7.356308947500042
3702.027,0,300,34.29,7.357290022500043
3702.088,0,290,33.147,7.357851680000044
3702.224,0,300,34.29,7.359147080000044
3702.231,0,290,33.147,7.359211532500044
3702.323,0,310,35.433,7.360117042500041
3702.524,0,290,33.147,7.361967750000041
3702.529,0,290,33.147,7.362013787500041
3702.626,0,290,33.147,7.3629069150000435
3702.925,0,300,34.29,7.365754890000043
3703.027,0,295,33.7185,7.366710247500042
3703.079,0,290,33.147,7.367189037500044
3703.121,0,300,34.29,7.3675890875000425
3703.234,0,290,33.147,7.368629535000041
3703.323,0,300,34.29,7.369477260000041
3703.422,0,290,33.147,7.370388802500043
3703.54,0,290,33.147,7.371475287500042
3703.544,0,290,33.147,7.371512117500041
3703.823,0,290,33.147,7.374081010000041
3703.924,0,290,33.147,7.375010967500042
3704.027,0,293,33.4899,7.375969150750043
3704.032,0,300,34.29,7.3760167757500446
3704.221,0,300,34.29,7.377817000750043
3704.531,0,290,33.147,7.3806713257500425
3704.622,0,290,33.147,7.3815092082500415
3704.632,0,290,33.147,7.381601283250044
3704.828,0,290,33.147,7.383405953250043
3705.027,0,290,33.147,7.385238245750044
3705.223,0,290,33.147,7.387042915750043
3705.323,0,300,34.29,7.3879954157500425
3705.521,0,290,33.147,7.389818500750046
3705.628,0,290,33.147,7.390803703250046
3705.828,0,290,33.147,7.392645203250044
3705.925,0,290,33.147,7.393538330750046
3705.933,0,290,33.147,7.393611990750045
3706.126,0,290,33.147,7.3953890382500465
3706.622,0,290,33.147,7.399955958250043
3706.93,0,290,33.147,7.402791868250043
3707.038,0,290,33.147,7.4037862782500445
3707.223,0,290,33.147,7.405489665750044
3707.604,0,290,33.147,7.408997723250042
3707.827,0,290,33.147,7.411050995750046
3708.031,0,290,33.147,7.412929325750044
3708.129,0,290,33.147,7.413831660750043
3708.434,0,290,33.147,7.416639948250046
3708.822,0,290,33.147,7.420212458250045
3708.924,0,290,33.147,7.421151623250044
3709.041,0,290,33.147,7.422228900750046
3710.037,0,290,33.147,7.431399570750043
3724.099,0,430,49.149,7.623381025750048
3724.317,0,430,49.149,7.626357270750045
3725.098,0,660,75.438,7.642723125750044
3725.217,0,660,75.438,7.645216770750047
3725.516,0,430,49.149,7.649298868250047
3726.106,0,715,81.7245,7.66269260575005
3726.316,0,715,81.7245,7.667459868250041
3726.416,0,660,75.438,7.669555368250048
3726.525,0,453,51.7779,7.671123088000047
3727.1,0,910,104.013,7.687736275500042
3727.415,0,910,104.013,7.696837413000043
3727.437,0,671,76.6953,7.697306106500042
3727.513,0,715,81.7245,7.699031401500043
3727.616,0,499,57.0357,7.700663256250044
3728.099,0,955,109.1565,7.715308420000049
3728.415,0,955,109.1565,7.724889935000043
3728.615,0,910,104.013,7.730668435000037
3728.621,0,682,77.9526,7.730798356000045
3728.624,0,734,83.8962,7.7308682695000375
3728.924,0,373,42.6339,7.73442109450004
3729.099,0,660,75.438,7.738088219500044
3729.412,0,660,75.438,7.7446471345000365
3729.514,0,545,62.2935,7.746412117000042
3729.815,0,914,104.4702,7.75514698650004
3729.816,0,773,88.3539,7.755171529250034
3729.827,0,591,67.5513,7.755377936000042
3729.933,0,430,49.149,7.756825101000039
3730.444,0,955,109.1565,7.772319259750038
3730.454,0,693,79.2099,7.7725392872500425
3730.515,0,660,75.438,7.773817542250036
3730.819,0,923,105.49889999999999,7.782726338250039
3730.931,0,660,75.438,7.78507329825004
3731.019,0,704,80.4672,7.787040274250034
3731.02,0,812,92.8116,7.7870660552500395
3731.031,0,430,49.149,7.787216232750039
3731.098,0,990,113.157,7.789322210250039
3731.318,0,990,113.157,7.796237360250047
3731.444,0,925,105.72749999999999,7.7999378227500396
3731.815,0,699,79.8957,7.808171518500042
3731.913,0,866,98.9838,7.810866077500041
3731.914,0,932,106.52759999999999,7.810895668500047
3731.917,0,715,81.7245,7.81096377225004
3732.019,0,851,97.2693,7.813719735750036
3732.029,0,660,75.438,7.81392928575004
3732.086,0,935,106.87049999999999,7.815621402000034
3732.314,0,935,106.87049999999999,7.8223898670000365
3732.82,0,777,88.8111,7.834872760500044
3732.914,0,910,104.013,7.837588655500046
3732.94,0,715,81.7245,7.838178888000042
3733.019,0,807,92.2401,7.840203045750035
3733.071,0,265,30.2895,7.840640560750036
3733.113,0,941,107.5563,7.841895384250034
3733.314,0,265,30.2895,7.843586548000034
3733.434,0,990,113.157,7.847358448000045
3733.514,0,935,106.87049999999999,7.849733348000043
3733.814,0,984,112.4712,7.8591059480000345
3734.018,0,748,85.4964,7.8639507440000385
3734.019,0,855,97.7265,7.863977890250031
3734.023,0,955,109.1565,7.864099175250042
3734.075,0,250,28.575,7.8645119252500395
3734.113,0,910,104.013,7.865609840250039
3734.413,0,250,28.575,7.867991090250041
3734.614,0,265,30.2895,7.8696822540000415
3735.067,0,250,28.575,7.873277941500041
3735.115,0,933,106.64189999999999,7.874699833500035
3735.215,0,660,75.438,7.876795333500042
3735.223,0,250,28.575,7.876858833500041
3735.315,0,955,109.1565,7.879648388500044
3735.413,0,250,28.575,7.880426263500044
3735.444,0,973,111.2139,7.881383938750043
3735.494,0,868,99.2124,7.882761888750047
3735.619,0,263,30.0609,7.883805670000047
3735.819,0,734,83.8962,7.888466570000043
3736.018,0,962,109.9566,7.894544726500045
3736.073,0,250,28.575,7.894981289000044
3736.225,0,250,28.575,7.896187789000044
3736.315,0,660,75.438,7.898073739000047
3736.425,0,250,28.575,7.898946864000048
3736.613,0,250,28.575,7.900439114000045
3736.814,0,260,29.718,7.902098369000045
3736.915,0,600,68.58,7.904022419000047
3736.919,0,951,108.6993,7.904143196000045
3737.077,0,235,26.8605,7.905322073500048
3737.215,0,990,113.157,7.909659758500045
3737.411,0,235,26.8605,7.911122163500044
3737.525,0,250,28.575,7.912027038500045
3737.613,0,250,28.575,7.912725538500043
3737.613,0,250,28.575,7.912725538500043
3737.915,0,257,29.3751,7.915189783000044
3738.021,0,466,53.263799999999996,7.916758106000048
3738.075,0,235,26.8605,7.917161013500045
3738.214,0,935,106.87049999999999,7.921287402250049
3738.215,0,990,113.157,7.921318834750055
3738.31,0,235,26.8605,7.922027653500054
3738.432,0,248,28.3464,7.922988281500053
3738.613,0,235,26.8605,7.924338767750053
3738.813,0,250,28.575,7.9259262677500555
3738.915,0,254,29.0322,7.926748846750054
3738.919,0,265,30.2895,7.926782501750053
3739.073,0,225,25.7175,7.927882639250053
3739.314,0,935,106.87049999999999,7.935037025500053
3739.316,0,225,25.7175,7.935051313000053
3739.424,0,250,28.575,7.935908563000054
3739.51,0,235,26.8605,7.936550230500056
3739.611,0,245,28.0035,7.937335884250054
3739.616,0,235,26.8605,7.937373190500055
3739.917,0,250,28.575,7.939762378000054
3740.026,0,250,28.575,7.940627565500054
3740.029,0,215,24.5745,7.940648044250055
3740.074,0,225,25.7175,7.940969513000055
3740.22,0,265,30.2895,7.942197920500052
3740.41,0,225,25.7175,7.943555233000053
3740.484,0,250,28.575,7.944142608000053
3740.618,0,234,26.746199999999998,7.945138161000053
3740.819,0,250,28.575,7.946733598500053
3740.921,0,250,28.575,7.947543223500052
3741.119,0,250,28.575,7.949114848500054
3741.31,0,215,24.5745,7.950418662250053
3741.41,0,225,25.7175,7.951133037250052
3741.424,0,225,25.7175,7.951233049750053
3741.424,0,235,26.8605,7.951233049750053
3741.424,0,242,27.6606,7.951233049750053
3741.813,0,239,27.3177,7.954184879000054
3741.914,0,232,26.517599999999998,7.954928845000055
3741.914,0,235,26.8605,7.954928845000055
3741.935,0,250,28.575,7.955095532500052
3742.027,0,250,28.575,7.955825782500053
3742.069,0,215,24.5745,7.956112485000053
3742.315,0,215,24.5745,7.957791742500054
3742.424,0,225,25.7175,7.9585704112500535
3742.81,0,225,25.7175,7.961327898750053
3742.917,0,230,26.289,7.962109266250053
3742.918,0,235,26.8605,7.962116727500055
3742.934,0,250,28.575,7.962243727500056
3743.073,0,210,24.003,7.963170510000054
3743.113,0,235,26.8605,7.963468960000053
3743.384,0,215,24.5745,7.965318873750054
3743.394,0,224,25.6032,7.965389993750053
3743.409,0,210,24.003,7.9654900062500555
3743.617,0,215,24.5745,7.966909866250056
3743.618,0,222,25.3746,7.966916914750054
3743.939,0,235,26.8605,7.9693119760000535
3744.013,0,225,25.7175,7.969840613500054
3744.072,0,210,24.003,7.970233996000055
3744.113,0,228,26.0604,7.9705307950000535
3744.117,0,235,26.8605,7.970560640000056
3744.311,0,210,24.003,7.971854135000056
3744.404,0,215,24.5745,7.972488976250055
3744.511,0,210,24.003,7.973202398750055
3744.913,0,215,24.5745,7.975946551250055
3744.913,0,220,25.146,7.975946551250055
3744.913,0,225,25.7175,7.975946551250055
3745.116,0,225,25.7175,7.977396732500055
3745.313,0,235,26.8605,7.978866598750056
3745.464,0,214,24.4602,7.9798925682500546
3745.522,0,210,24.003,7.980279283250055
3745.917,0,215,24.5745,7.9829756520000545
3746.016,0,218,24.9174,7.9836608805000555
3746.026,0,225,25.7175,7.983732318000054
3746.21,0,225,25.7175,7.985046768000055
3746.444,0,210,24.003,7.986606963000055
3746.444,0,213,24.3459,7.986606963000055
3746.617,0,209,23.8887,7.987754947750056
3747.015,0,216,24.6888,7.990484431750054
3747.015,0,212,24.2316,7.990484431750054
3747.112,0,215,24.5745,7.9911465780000555
3747.122,0,225,25.7175,7.991218015500054
3747.494,0,210,24.003,7.9936983255000555
3747.811,0,207,23.6601,7.995781728750056
3747.814,0,210,24.003,7.995801731250054
3747.912,0,211,24.1173,7.996458257750053
3748.209,0,215,24.5745,7.998485654000053
3748.212,0,215,24.5745,7.9985061327500535
3748.817,0,205,23.4315,8.002443926500053
3749.021,0,210,24.003,8.003804096500055
3749.025,0,215,24.5745,8.003831401500054
3749.211,0,210,24.003,8.005071556500052
3750.111,0,210,24.003,8.011072306500052
3750.217,0,210,24.003,8.011779061500054
3751.214,0,210,24.003,8.018426559000053
3765.069,0,205,23.4315,8.108605290250054
3765.306,0,205,23.4315,8.110147864000055
3766.072,0,205,23.4315,8.115133566500056
3766.305,0,205,23.4315,8.116650105250054
3766.611,0,205,23.4315,8.118641782750053
3767.066,0,200,22.86,8.121531032750053
3767.309,0,200,22.86,8.123074082750055
3767.605,0,205,23.4315,8.125000672750053
3767.611,0,205,23.4315,8.125039725250051
3768.066,0,195,22.2885,8.12785674400005
3768.215,0,195,22.2885,8.128779240250052
3768.505,0,200,22.86,8.130620740250052
3768.814,0,205,23.4315,8.13263194400005
3769.008,0,185,21.1455,8.13377145150005
3769.064,0,190,21.717,8.13410927150005
3769.216,0,190,21.717,8.13502621150005
3769.344,0,204,23.3172,8.13585526750005
3769.416,0,195,22.2885,8.13630103750005
3769.611,0,199,22.7457,8.13753309625005
3769.806,0,205,23.4315,8.13880230250005
3770.009,0,209,23.8887,8.14014935975005
3770.305,0,190,21.717,8.141934979750049
3770.402,0,185,21.1455,8.14250473350005
3770.404,0,203,23.2029,8.14251762400005
3770.517,0,194,22.1742,8.14321364750005
3770.906,0,202,23.0886,8.145708499000051
3771.01,0,205,23.4315,8.146385409000052
3771.013,0,205,23.4315,8.14640493525005
3771.062,0,190,21.717,8.14670052775005
3771.304,0,190,21.717,8.148160392750052
3771.404,0,198,22.6314,8.148789042750051
3771.414,0,189,21.6027,8.148849050250053
3771.805,0,197,22.5171,8.151294657500051
3771.906,0,201,22.9743,8.151939214250051
3772.06,0,175,20.0025,8.15279487675005
3772.109,0,205,23.4315,8.15311380550005
3772.203,0,205,23.4315,8.15372562800005
3772.334,0,185,21.1455,8.15449508925005
3772.344,0,193,22.0599,8.154556366750052
3772.403,0,175,20.0025,8.15488418550005
3772.502,0,185,21.1455,8.15546568675005
3772.505,0,188,21.4884,8.15548359375005
3772.912,0,196,22.4028,8.158016354750048
3773.017,0,200,22.86,8.158683104750049
3773.019,0,205,23.4315,8.158696122250047
3773.061,0,175,20.0025,8.158929484750049
3773.304,0,190,21.717,8.160395382250048
3773.401,0,175,20.0025,8.160934338500047
3773.454,0,192,21.9456,8.161257426500049
3773.603,0,175,20.0025,8.162085307750049
3773.609,0,188,21.4884,8.162121121750047
3773.616,0,187,21.3741,8.162162682500048
3773.804,0,191,21.8313,8.163302761500049
3774.014,0,195,22.2885,8.164602924000048
3774.072,0,170,19.431,8.164915979000048
3774.115,0,200,22.86,8.165189029000045
3774.303,0,170,19.431,8.166203759000046
3774.314,0,186,21.2598,8.166268719500046
3774.603,0,175,20.0025,8.167874475750047
3774.804,0,187,21.3741,8.169067863000047
3774.905,0,185,21.1455,8.169661111750047
3774.916,0,190,21.717,8.169727469250047
3775.063,0,170,19.431,8.170520901750047
3775.111,0,195,22.2885,8.170818081750046
3775.334,0,175,20.0025,8.172057125500045
3775.403,0,170,19.431,8.172429553000045
3775.454,0,186,21.2598,8.172730733500048
3775.803,0,174,19.8882,8.174658784000046
3775.814,0,185,21.1455,8.174723395250046
3775.91,0,182,20.802599999999998,8.175278131250046
3775.925,0,190,21.717,8.175368618750047
3776.059,0,160,18.288,8.176049338750047
3776.104,0,188,21.4884,8.176317943750044
3776.304,0,170,19.431,8.177397443750046
3776.324,0,175,20.0025,8.177508568750046
3776.4,0,160,18.288,8.177894648750046
3776.506,0,170,19.431,8.178466783750045
3776.608,0,170,19.431,8.179017328750046
3776.904,0,173,19.7739,8.180643182750044
3776.915,0,185,21.1455,8.180707794000044
3777.064,0,160,18.288,8.181464714000043
3777.104,0,179,20.4597,8.181692044000043
3777.108,0,190,21.717,8.181716174000044
3777.302,0,160,18.288,8.182701694000045
3777.304,0,175,20.0025,8.182712806500044
3777.603,0,160,18.288,8.184231726500045
3777.809,0,172,19.6596,8.185356692500045
3777.904,0,170,19.431,8.185869455000045
3777.91,0,175,20.0025,8.185902792500045
3778.005,0,155,17.7165,8.186370311250046
3778.064,0,155,17.7165,8.186660665000044
3778.201,0,175,20.0025,8.187421871250045
3778.304,0,190,21.717,8.188043218750046
3778.324,0,169,19.3167,8.188150533750045
3778.402,0,155,17.7165,8.188534391250045
3778.512,0,160,18.288,8.189093191250045
3778.6,0,160,18.288,8.189540231250044
3779.007,0,170,19.431,8.191737013750044
3779.103,0,171,19.5453,8.192258221750045
3779.103,0,175,20.0025,8.192258221750045
3779.104,0,175,20.0025,8.192263778000044
3779.302,0,155,17.7165,8.193238185500045
3779.324,0,167,19.0881,8.193354835000044
3779.407,0,155,17.7165,8.193763298750044
3779.602,0,159,18.1737,8.194747707500042
3779.808,0,160,18.288,8.195794187500043
3779.902,0,165,18.8595,8.196286630000044
3780.007,0,170,19.431,8.196853367500044
3780.065,0,150,17.145,8.197129592500044
3780.103,0,170,19.431,8.197334697500045
3780.204,0,175,20.0025,8.197895878750046
3780.207,0,150,17.145,8.197910166250045
3780.411,0,155,17.7165,8.198914101250047
3780.602,0,155,17.7165,8.199854060000046
3780.802,0,158,18.0594,8.200857360000047
3780.808,0,160,18.288,8.200887840000046
3781.007,0,163,18.6309,8.201917714750046
3781.059,0,145,16.5735,8.202157109750047
3781.201,0,170,19.431,8.202923554750045
3781.303,0,170,19.431,8.203474099750045
3781.401,0,145,16.5735,8.203925267250044
3781.402,0,150,17.145,8.203930029750046
3781.502,0,154,17.6022,8.204418979750045
3781.502,0,155,17.7165,8.204418979750045
3781.903,0,157,17.9451,8.206417864500045
3782.006,0,161,18.4023,8.206944374750046
3782.012,0,160,18.288,8.206974854750047
3782.016,0,170,19.431,8.206996444750047
3782.061,0,145,16.5735,8.207203613500047
3782.399,0,145,16.5735,8.208759681000046
3782.601,0,145,16.5735,8.209689638500047
3782.601,0,149,17.0307,8.209689638500047
3782.613,0,153,17.4879,8.209747931500045
3782.802,0,155,17.7165,8.210678047750047
3782.909,0,156,17.8308,8.211208018750048
3783.061,0,140,16.002,8.211883658750049
3783.103,0,160,18.288,8.212097018750049
3783.203,0,160,18.288,8.212605018750049
3783.3,0,140,16.002,8.213036183750049
3783.601,0,148,16.9164,8.214450582750048
3783.801,0,145,16.5735,8.215371332750047
3783.903,0,155,17.7165,8.215873300250047
3784.014,0,155,17.7165,8.216419559000048
3784.057,0,130,14.859,8.216597041500046
3784.203,0,160,18.288,8.217338721500047
3784.304,0,145,16.5735,8.217803700250048
3784.4,0,130,14.859,8.218199940250049
3784.434,0,152,17.3736,8.218364024250048
3784.598,0,140,16.002,8.219093004250047
3784.801,0,145,16.5735,8.220027565500047
3784.903,0,151,17.2593,8.220516579000046
3784.909,0,155,17.7165,8.220546106500048
3785.016,0,155,17.7165,8.221072680250048
3785.057,0,135,15.4305,8.221248416500046
3785.294,0,144,16.4592,8.222331980500046
3785.304,0,147,16.8021,8.222378653000048
3785.4,0,135,15.4305,8.222790133000048
3785.503,0,130,14.859,8.223215265500048
3785.799,0,146,16.6878,8.224587373500048
3785.899,0,143,16.3449,8.225041398500048
3785.9,0,145,16.5735,8.22504600225005
3785.913,0,150,17.145,8.22510791475005
3786.102,0,155,17.7165,8.226038031000048
3786.294,0,139,15.8877,8.226885375000048
3786.8,0,130,14.859,8.228973890000049
3786.807,0,142,16.2306,8.229005449500047
3786.9,0,145,16.5735,8.229433598250049
3786.903,0,145,16.5735,8.229447409500047
3787.005,0,150,17.145,8.229933184500048
3787.294,0,135,15.4305,8.231171910750048
3787.334,0,137,15.6591,8.231345900750048
3787.901,0,131,14.9733,8.233704195500048
3787.901,0,135,15.4305,8.233704195500048
3788.004,0,145,16.5735,8.234178381750048
3788.005,0,145,16.5735,8.23418298550005
3788.101,0,141,16.1163,8.23461275350005
3788.354,0,134,15.3162,8.23568914200005
3788.798,0,132,15.0876,8.23754994600005
3788.901,0,133,15.2019,8.23798488925005
3789.201,0,140,16.002,8.239318389250052
3789.294,0,133,15.2019,8.239711105000051
3789.301,0,145,16.5735,8.239743331250052
3790.004,0,132,15.0876,8.242689604250051
3790.098,0,130,14.859,8.243077589250051
3790.101,0,133,15.2019,8.243090257500052
3790.3,0,140,16.002,8.243974812500053
3791.106,0,135,15.4305,8.247429530000053
3791.198,0,130,14.859,8.247809260000052
3792.2,0,135,15.4305,8.252104082500052
3806.079,528,615,70.2945,8.523108906250059
3806.298,528,615,70.2945,8.52738515500005
3807.084,528,795,90.8685,8.547224777500052
3807.292,528,795,90.8685,8.552474957500054
3807.593,528,615,70.2945,8.558352358750053
3808.078,528,695,79.4385,8.569054490000056
3808.298,528,695,79.4385,8.573909065000052
3808.594,528,795,90.8685,8.581380475000058
3808.795,528,615,70.2945,8.585305251250059
3809.083,528,810,92.583,8.59271189125006
3809.392,528,810,92.583,8.600658598750053
3809.598,528,785,89.7255,8.605792891250056
3810.234,528,695,79.4385,8.619827026250055
3810.244,528,651,74.4093,8.62003371875006
3810.594,528,810,92.583,8.629034843750057
3810.794,528,706,80.6958,8.633517943750054
3810.893,528,660,75.438,8.635592488750056
3810.896,528,765,87.4395,8.63566535500006
3810.999,528,687,78.5241,8.637912016750052
3811.088,528,885,101.1555,8.640412805500063
3811.299,528,885,101.1555,8.646341641750057
3811.899,528,745,85.1535,8.660533891750054
3811.999,528,723,82.63889999999999,8.662829416750052
3812.083,528,1000,114.3,8.665496416750061
3812.193,528,615,70.2945,8.667644304250064
3812.264,528,836,95.5548,8.669528857250063
3812.274,528,729,83.32469999999999,8.669760314750057
3812.3,528,1000,114.3,8.670585814750067
3812.499,528,885,101.1555,8.676177466000057
3812.799,528,888,101.4984,8.684635666000062
3812.998,528,752,85.9536,8.689386990000063
3813.095,528,725,82.86749999999999,8.691619808750058
3813.195,528,777,88.8111,8.694086783750068
3813.195,528,615,70.2945,8.694086783750068
3813.399,528,1000,114.3,8.70056378375006
3813.599,528,896,102.4128,8.706253383750067
3813.799,528,940,107.442,8.712222383750062
3813.895,528,775,88.5825,8.714584583750062
3814.05,528,550,62.865,8.717291271250065
3814.194,528,695,79.4385,8.720468811250061
3814.294,528,795,90.8685,8.722992936250058
3814.392,528,550,62.865,8.724704261250057
3814.493,528,1000,114.3,8.727911011250061
3814.895,528,977,111.6711,8.740380950750062
3815.003,528,992,113.3856,8.743782518750068
3815.007,528,695,79.4385,8.743870783750067
3815.054,528,290,33.147,8.744303536250067
3815.194,528,810,92.583,8.747903986250064
3815.294,528,919,105.0417,8.750821811250061
3815.392,528,290,33.147,8.75172414625006
3815.598,528,550,62.865,8.755321421250063
3815.9,528,940,107.442,8.764334611250067
3816.054,528,290,33.147,8.765752566250066
3816.289,528,290,33.147,8.767916328750067
3816.294,528,810,92.583,8.768044916250059
3816.324,528,942,107.6706,8.768942171250064
3816.514,528,931,106.41329999999999,8.774558428750066
3816.895,528,965,110.2995,8.786231792500061
3817.006,528,885,101.1555,8.789350753750057
3817.058,528,290,33.147,8.789829543750058
3817.214,528,524,59.8932,8.792424915750058
3817.224,528,290,33.147,8.792516990750059
3817.295,528,290,33.147,8.793170723250059
3817.492,528,290,33.147,8.79498460075006
3817.789,528,290,33.147,8.797719228250061
3817.893,528,472,53.9496,8.799277772250058
3817.91,528,1000,114.3,8.799817522250052
3818.054,528,280,32.004,8.801097682250054
3818.105,528,885,101.1555,8.802530718500051
3818.224,528,822,93.9546,8.805636440000056
3818.389,528,280,32.004,8.807103290000056
3818.789,528,290,33.147,8.810786290000056
3818.793,528,713,81.4959,8.810876841000054
3818.894,528,420,48.006,8.81222367600005
3819.047,528,270,30.861,8.813535268500052
3819.099,528,1000,114.3,8.815186268500057
3819.214,528,290,33.147,8.816245131000054
3819.214,528,290,33.147,8.816245131000054
3819.289,528,270,30.861,8.816888068500056
3819.491,528,280,32.004,8.818683848500054
3819.814,528,550,62.865,8.824324236000052
3819.891,528,368,42.0624,8.825223904000055
3819.893,528,290,33.147,8.825242319000054
3819.993,528,290,33.147,8.826163069000053
3820.051,528,265,30.2895,8.826651066500053
3820.189,528,265,30.2895,8.827812164000052
3820.214,528,289,33.0327,8.828041557750053
3820.789,528,287,32.8041,8.833281101500056
3820.896,528,290,33.147,8.834266304000055
3820.897,528,290,33.147,8.834275511500053
3820.996,528,550,62.865,8.836004299000056
3821.037,528,260,29.718,8.836342754000054
3821.19,528,290,33.147,8.837751501500057
3821.204,528,270,30.861,8.837871516500057
3821.214,528,279,31.8897,8.837960099000055
3821.391,528,260,29.718,8.839421234000056
3821.593,528,265,30.2895,8.841120811500055
3821.597,528,269,30.7467,8.841154974500057
3821.597,528,277,31.6611,8.841154974500057
3821.995,528,285,32.5755,8.844756377000055
3822.051,528,255,29.1465,8.845209767000055
3822.092,528,290,33.147,8.845587274500057
3822.092,528,290,33.147,8.845587274500057
3822.096,528,290,33.147,8.845624104500056
3822.2,528,255,29.1465,8.846466114500053
3822.496,528,260,29.718,8.848909594500055
3822.892,528,268,30.6324,8.852279158500053
3822.892,528,275,31.4325,8.852279158500053
3822.893,528,283,32.3469,8.852288143750055
3823.003,528,240,27.432,8.853126343750056
3823.05,528,240,27.432,8.853484483750055
3823.092,528,290,33.147,8.853871198750054
3823.204,528,264,30.1752,8.854809982750055
3823.29,528,240,27.432,8.855465302750053
3823.292,528,290,33.147,8.855483717750053
3823.49,528,255,29.1465,8.857086775250052
3823.594,528,263,30.0609,8.857955201250054
3823.794,528,267,30.5181,8.859650651250051
3823.995,528,273,31.2039,8.861392869000051
3824.005,528,290,33.147,8.861484944000052
3824.192,528,280,32.004,8.863147374000052
3824.199,528,240,27.432,8.863200714000053
3824.204,528,259,29.6037,8.863241830250054
3824.39,528,240,27.432,8.864659150250052
3824.591,528,253,28.9179,8.866273733000051
3824.892,528,262,29.9466,8.868777601500051
3824.992,528,266,30.4038,8.869622151500055
3824.995,528,271,30.9753,8.869647964250053
3825.062,528,240,27.432,8.870158504250053
3825.095,528,280,32.004,8.870451874250053
3825.289,528,240,27.432,8.871930154250055
3825.294,528,258,29.4894,8.871971111750053
3825.311,528,240,27.432,8.872100651750054
3825.496,528,240,27.432,8.873510351750054
3825.79,528,257,29.3751,8.875909318250054
3825.796,528,261,29.8323,8.875959038750052
3826.075,528,500,57.15,8.880388163750052
3826.191,528,265,30.2895,8.881364158750051
3826.192,528,270,30.861,8.881372731250053
3826.254,528,250,28.575,8.881864856250052
3826.389,528,500,57.15,8.884007981250056
3826.393,528,240,27.432,8.884038461250055
3826.49,528,240,27.432,8.884777601250054
3826.499,528,240,27.432,8.884846181250055
3826.796,528,247,28.2321,8.887175329500055
3826.994,528,256,29.2608,8.888784673500057
3827.004,528,265,30.2895,8.888868811000055
3827.091,528,260,29.718,8.889586996000055
3827.589,528,500,57.15,8.897492746000056
3827.59,528,240,27.432,8.897500366000058
3827.595,528,266,30.4038,8.897542593500054
3827.891,528,244,27.8892,8.899835705500056
3827.999,528,255,29.1465,8.900710100500055
3828.193,528,260,29.718,8.902311570500059
3828.194,528,240,27.432,8.902319190500057
3828.789,528,549,62.7507,8.912690486750062
3828.796,528,240,27.432,8.91274382675006
3828.891,528,318,36.3474,8.913702994250063
3828.907,528,240,27.432,8.913824914250062
3829.191,528,255,29.1465,8.916124249250059
3829.194,528,240,27.432,8.91614710925006
3829.789,528,647,73.9521,8.928369748000065
3829.898,528,240,27.432,8.929200328000064
3829.993,528,370,42.291,8.930316340500061
3829.994,528,240,27.432,8.930323960500063
3830.005,528,240,27.432,8.930407780500063
3830.809,528,240,27.432,8.936534260500064
3830.989,528,745,85.1535,8.94079193550006
3830.993,528,422,48.2346,8.94084552950006
3830.999,528,240,27.432,8.940891249500059
3831.888,528,500,57.15,8.95500412450006
3831.911,528,240,27.432,8.955179384500061
3832.992,528,500,57.15,8.972340259500063
3847.043,528,270,30.861,9.092792457000062
3847.288,528,270,30.861,9.094892719500061
3848.046,528,275,31.4325,9.10151100700006
3848.287,528,275,31.4325,9.10361523825006
3849.039,528,270,30.861,9.110061758250064
3849.144,528,270,30.861,9.11096187075006
3849.281,528,270,30.861,9.112136303250061
3849.284,528,275,31.4325,9.112162497000062
3850.041,528,270,30.861,9.118651879500062
3850.174,528,270,30.861,9.11979202200006
3850.286,528,270,30.861,9.120752142000061
3850.387,528,270,30.861,9.121617964500063
3850.387,528,274,31.3182,9.121617964500063
3850.885,528,271,30.9753,9.125902881000062
3850.997,528,270,30.861,9.126863001000059
3851.041,528,265,30.2895,9.127233206000062
3851.383,528,265,30.2895,9.130110708500059
3851.584,528,273,31.2039,9.131852926250058
3851.781,528,270,30.861,9.133541708750059
3851.784,528,273,31.2039,9.13356771200006
3851.788,528,272,31.0896,9.13360225600006
3852.124,528,270,30.861,9.136482616000059
3852.281,528,270,30.861,9.13782849850006
3852.48,528,265,30.2895,9.13950283475006
3852.806,528,270,30.861,9.14229746975006
3852.883,528,273,31.2039,9.142964886500058
3852.884,528,270,30.861,9.14297345900006
3852.885,528,272,31.0896,9.142982095000063
3853.04,528,260,29.718,9.14426162000006
3853.104,528,269,30.7467,9.144808228000059
3853.286,528,260,29.718,9.146310638000061
3853.485,528,270,30.861,9.148016565500061
3853.884,528,268,30.6324,9.151411656500061
3853.884,528,270,30.861,9.151411656500061
3853.885,528,271,30.9753,9.151420260750063
3853.988,528,270,30.861,9.15230322825006
3854.04,528,270,30.861,9.152748998250061
3854.124,528,265,30.2895,9.153455753250059
3854.182,528,275,31.4325,9.153962165750059
3854.383,528,270,30.861,9.15568523825006
3854.589,528,260,29.718,9.15738576825006
3854.589,528,266,30.4038,9.15738576825006
3854.784,528,269,30.7467,9.159051214500062
3854.888,528,267,30.5181,9.15993284850006
3855.033,528,260,29.718,9.16112982350006
3855.083,528,270,30.861,9.161558448500061
3855.084,528,270,30.861,9.161567021000058
3855.088,528,275,31.4325,9.161601946000062
3855.284,528,260,29.718,9.16321992600006
3855.381,528,270,30.861,9.164051458500058
3855.884,528,267,30.5181,9.16831551525006
3855.884,528,267,30.5181,9.16831551525006
3855.884,528,266,30.4038,9.16831551525006
3855.984,528,270,30.861,9.169172765250059
3856.05,528,260,29.718,9.169717595250061
3856.081,528,270,30.861,9.169983342750061
3856.124,528,261,29.8323,9.17033967300006
3856.288,528,260,29.718,9.171693493000062
3856.483,528,260,29.718,9.173303218000063
3856.589,528,269,30.7467,9.17420853750006
3856.786,528,263,30.0609,9.175853536750061
3856.884,528,265,30.2895,9.17667808425006
3856.89,528,268,30.6324,9.176729138250058
3856.906,528,250,28.575,9.17685613825006
3857.043,528,260,29.718,9.17798707325006
3857.183,528,265,30.2895,9.179164998250059
3857.187,528,260,29.718,9.179198018250059
3857.281,528,270,30.861,9.180003833250058
3857.481,528,260,29.718,9.181654833250061
3857.583,528,260,29.718,9.18249684325006
3857.589,528,267,30.5181,9.182547706750059
3857.887,528,265,30.2895,9.18505500425006
3857.983,528,269,30.7467,9.18587491625006
3858.084,528,263,30.0609,9.186718291500059
3858.183,528,265,30.2895,9.18755125275006
3858.19,528,250,28.575,9.18760681525006
3858.287,528,260,29.718,9.188407550250059
3858.493,528,260,29.718,9.19010808025006
3858.788,528,265,30.2895,9.19259013650006
3858.884,528,267,30.5181,9.193403952500061
3858.99,528,260,29.718,9.194278982500059
3859.043,528,250,28.575,9.19469967000006
3859.184,528,270,30.861,9.195908392500062
3859.194,528,260,29.718,9.19599094250006
3859.285,528,250,28.575,9.19671325500006
3859.392,528,259,29.6037,9.197593142750058
3859.479,528,250,28.575,9.198283705250057
3859.581,528,260,29.718,9.19912571525006
3859.783,528,260,29.718,9.20079322525006
3859.89,528,263,30.0609,9.201686702000059
3860.043,528,250,28.575,9.20290113950006
3860.083,528,260,29.718,9.20323133950006
3860.091,528,270,30.861,9.20329991950006
3860.378,528,250,28.575,9.205577982000062
3860.492,528,257,29.3751,9.206508193500062
3860.581,528,250,28.575,9.207214631000062
3860.885,528,261,29.8323,9.209733803000063
3860.89,528,260,29.718,9.20977507800006
3861.051,528,250,28.575,9.211053015500061
3861.104,528,250,28.575,9.21147370300006
3861.164,528,260,29.718,9.211969003000062
3861.183,528,270,30.861,9.21213188050006
3861.279,528,250,28.575,9.21289388050006
3861.581,528,250,28.575,9.215291005500061
3861.787,528,260,29.718,9.216991535500059
3861.882,528,250,28.575,9.21774559800006
3861.984,528,260,29.718,9.21858760800006
3862.055,528,535,61.1505,9.21979363175006
3862.087,528,260,29.718,9.22005779175006
3862.104,528,255,29.1465,9.220195428000059
3862.104,528,250,28.575,9.220195428000059
3862.28,528,535,61.1505,9.223185008000065
3862.778,528,250,28.575,9.227137883000061
3862.882,528,250,28.575,9.227963383000063
3862.886,528,250,28.575,9.227995133000062
3862.892,528,260,29.718,9.22804466300006
3862.997,528,260,29.718,9.228911438000061
3863.104,528,250,28.575,9.229760750500061
3863.204,528,253,28.9179,9.230564025500064
3863.586,528,278,31.7754,9.23393574850006
3863.781,528,250,28.575,9.235483561000063
3863.982,528,250,28.575,9.237078998500063
3863.997,528,260,29.718,9.237202823500063
3864.082,528,250,28.575,9.237877511000063
3864.094,528,535,61.1505,9.238081346000065
3864.104,528,250,28.575,9.238160721000064
3864.78,528,597,68.2371,9.25097413200007
3864.882,528,335,38.2905,9.252059029500069
3864.882,528,250,28.575,9.252059029500069
3864.889,528,250,28.575,9.25211459200007
3864.981,528,250,28.575,9.25284484200007
3865.081,528,250,28.575,9.253638592000069
3865.78,528,721,82.41029999999999,9.26963992525007
3865.882,528,392,44.8056,9.270909417250069
3865.994,528,250,28.575,9.27179841725007
3866.081,528,250,28.575,9.272488979750069
3866.179,528,250,28.575,9.273266854750068
3866.98,528,845,96.5835,9.294756683500065
3867.081,528,449,51.3207,9.296196514250067
3867.085,528,250,28.575,9.296228264250066
3867.091,528,250,28.575,9.296275889250065
3867.881,528,969,110.7567,9.320580831750064
3868.181,528,535,61.1505,9.325676706750068
3868.281,528,250,28.575,9.326470456750068
3868.993,528,535,61.1505,9.338564666750067
3888.035,528,275,31.4325,9.504825129250065
3888.273,528,275,31.4325,9.506903166750067
3888.976,528,280,32.004,9.513152836750066
3889.031,528,275,31.4325,9.513633055500065
3889.273,528,275,31.4325,9.515746018000067
3889.474,528,275,31.4325,9.517500999250068
3890.182,528,280,32.004,9.523795119250064
3890.373,528,275,31.4325,9.525462788000066
3890.573,528,275,31.4325,9.527209038000064
3891.041,528,270,30.861,9.531220968000067
3891.179,528,270,30.861,9.532403973000067
3891.372,528,280,32.004,9.534119743000064
3891.479,528,275,31.4325,9.535053986750064
3892.033,528,280,32.004,9.539979046750066
3892.084,528,275,31.4325,9.540424340500065
3892.373,528,280,32.004,9.542993550500068
3892.376,528,270,30.861,9.54301926800007
3892.393,528,279,31.8897,9.543169858250067
3892.473,528,276,31.5468,9.543870898250066
3892.779,528,275,31.4325,9.546542660750067
3893.027,528,270,30.861,9.548668640750067
3893.37,528,270,30.861,9.551609008250066
3893.476,528,280,32.004,9.552551348250068
3893.572,528,277,31.6611,9.553395644250068
3893.582,528,271,30.9753,9.553481686750066
3893.875,528,275,31.4325,9.556039943000068
3894.024,528,277,31.6611,9.557350360750066
3894.034,528,270,30.861,9.557436085750068
3894.272,528,270,30.861,9.559476340750066
3894.772,528,273,31.2039,9.563810215750067
3894.778,528,278,31.7754,9.563863174750066
3894.976,528,275,31.4325,9.56559196225007
3895.014,528,270,30.861,9.56591771725007
3895.024,528,279,31.8897,9.566006299750068
3895.024,528,275,31.4325,9.566006299750068
3895.042,528,270,30.861,9.566160604750069
3895.078,528,275,31.4325,9.566474929750068
3895.371,528,270,30.861,9.56898667225007
3895.571,528,277,31.6611,9.570745622250069
3895.88,528,279,31.8897,9.57348282150007
3895.976,528,275,31.4325,9.57432102150007
3895.976,528,273,31.2039,9.57432102150007
3895.988,528,275,31.4325,9.574425796500067
3896.004,528,270,30.861,9.574562956500069
3896.014,528,270,30.861,9.57464868150007
3896.048,528,520,59.436,9.575210021500064
3896.371,528,520,59.436,9.580542751500069
3896.571,528,270,30.861,9.582257251500067
3896.87,528,270,30.861,9.584820429000066
3896.874,528,270,30.861,9.584854719000065
3896.982,528,280,32.004,9.585814839000067
3896.994,528,275,31.4325,9.585919614000069
3897.072,528,277,31.6611,9.586605604500068
3897.074,528,270,30.861,9.586622749500068
3897.771,528,295,33.7185,9.59315102575007
3897.772,528,270,30.861,9.593159598250066
3897.777,528,270,30.861,9.593202460750067
3897.871,528,280,32.004,9.594038120750067
3897.897,528,270,30.861,9.594261005750067
3897.973,528,273,31.2039,9.594919754750066
3898.004,528,520,59.436,9.595431564750065
3898.574,528,600,68.58,9.606290064750068
3898.777,528,345,39.4335,9.608513676000067
3898.877,528,270,30.861,9.609370926000066
3898.976,528,270,30.861,9.610219603500067
3898.986,528,280,32.004,9.610308503500065
3899.072,528,270,30.861,9.611045738500067
3899.771,528,395,45.1485,9.619812072250069
3899.872,528,761,86.9823,9.62225240900006
3899.976,528,270,30.861,9.623143949000063
3900.172,528,270,30.861,9.624824159000063
3900.173,528,270,30.861,9.62483273150006
3900.974,528,922,105.38459999999999,9.648280805000072
3901.069,528,445,50.8635,9.64962303625007
3901.172,528,270,30.861,9.65050600375007
3901.172,528,270,30.861,9.65050600375007
3901.98,528,520,59.436,9.663846083750071
3902.175,528,270,30.861,9.665517721250072
3903.041,528,735,84.0105,9.685726913750072
3903.269,528,735,84.0105,9.691047578750062
3903.271,528,520,59.436,9.69108059875007
3904.045,528,310,35.433,9.69869869375007
3904.275,528,310,35.433,9.700962468750069
3904.964,528,735,84.0105,9.717041145000065
3905.042,528,305,34.8615,9.717796477500064
3905.366,528,305,34.8615,9.720934012500065
3905.575,528,692,79.0956,9.72552595150006
3905.974,528,983,112.3569,9.73797884125007
3905.984,528,310,35.433,9.738077266250068
3906.039,528,305,34.8615,9.73860987250007
3906.269,528,305,34.8615,9.740837135000067
3906.572,528,305,34.8615,9.74377131125007
3906.769,528,309,35.3187,9.745704029000066
3906.776,528,912,104.2416,9.745906721000068
3906.87,528,607,69.3801,9.74771831250007
3907.039,528,305,34.8615,9.749354866250073
3907.368,528,305,34.8615,9.75254082000007
3907.767,528,308,35.2044,9.756442641000069
3907.876,528,522,59.6646,9.758249152500076
3907.954,528,305,34.8615,9.759004485000075
3907.954,528,305,34.8615,9.759004485000075
3908.037,528,305,34.8615,9.759808236250072
3908.07,528,841,96.1263,9.760689394000082
3908.366,528,305,34.8615,9.76355578400008
3908.568,528,305,34.8615,9.765511901500082
3908.574,528,305,34.8615,9.76557000400008
3908.87,528,305,34.8615,9.768436394000078
3908.969,528,307,35.0901,9.76940137175008
3909.069,528,437,49.9491,9.77078884675008
3909.073,528,735,84.0105,9.770882191750077
3909.571,528,305,34.8615,9.775704699250078
3909.768,528,305,34.8615,9.777612398000079
3909.774,528,305,34.8615,9.777670500500077
3909.87,528,305,34.8615,9.778600140500078
3909.87,528,306,34.9758,9.778600140500078
3910.167,528,310,35.433,9.781523363000078
3910.27,528,735,84.0105,9.783926996750079
3910.568,528,304,34.7472,9.786803292750081
3910.972,528,305,34.8615,9.79071552775008
3910.982,528,310,35.433,9.790813952750078
3911.014,528,305,34.8615,9.79112383275008
3911.069,528,305,34.8615,9.791656439000079
3911.167,528,305,34.8615,9.792605446500078
3911.772,528,303,34.6329,9.798425697750078
3911.972,528,305,34.8615,9.80036244775008
3911.973,528,305,34.8615,9.800372131500078
3912.067,528,305,34.8615,9.801282404000078
3912.269,528,305,34.8615,9.803238521500075
3912.773,528,302,34.5186,9.80807112550008
3913.068,528,305,34.8615,9.81092783175008
3913.166,528,305,34.8615,9.811876839250079
3913.166,528,305,34.8615,9.811876839250079
3913.977,528,301,34.4043,9.819627363500077
3913.977,528,305,34.8615,9.819627363500077
3913.985,528,305,34.8615,9.81970483350008
3915.074,528,300,34.29,9.83007755850008
3915.268,528,305,34.8615,9.83195620600008
3929.055,528,980,112.014,10.260938711000072
3929.363,528,980,112.014,10.270522131000073
3930.466,528,980,112.014,10.304841976000075
3931.762,528,985,112.5855,10.345372756000083
3932.864,528,995,113.7285,10.38018631350008
3935.163,528,978,111.7854,10.451573712000078
3936.037,528,305,34.8615,10.460037309500077
3936.258,528,305,34.8615,10.462177418250077
3936.263,528,980,112.014,10.46233299325008
3937.027,528,290,33.147,10.46936752325008
3937.264,528,290,33.147,10.47154970075008
3937.874,528,305,34.8615,10.477456788250077
3938.031,528,280,32.004,10.478852518250077
3938.358,528,280,32.004,10.481759548250078
3938.566,528,303,34.6329,10.483760560250074
3938.904,528,290,33.147,10.486872695250076
3938.904,528,854,97.6122,10.486872695250076
3939.031,528,270,30.861,10.487961402750075
3939.26,528,270,30.861,10.489924505250078
3939.761,528,289,33.0327,10.494521556000077
3939.862,528,300,34.29,10.495483581000078
3939.862,528,697,79.6671,10.495483581000078
3939.894,528,280,32.004,10.495768061000076
3940.026,528,275,31.4325,10.496920586000076
3940.361,528,275,31.4325,10.499845554750076
3940.76,528,280,32.004,10.503392664750079
3940.76,528,287,32.8041,10.503392664750079
3940.862,528,297,33.9471,10.504354499250077
3940.864,528,270,30.861,10.504371644250076
3941.03,528,275,31.4325,10.505821031750077
3941.061,528,540,61.722,10.506352526750076
3941.357,528,275,31.4325,10.508936976750075
3941.56,528,275,31.4325,10.510709420500074
3941.565,528,270,30.861,10.510752283000075
3941.861,528,278,31.7754,10.513364927000074
3941.961,528,285,32.5755,10.514269802000074
3942.03,528,265,30.2895,10.514850350750077
3942.061,528,294,33.6042,10.515139720250076
3942.064,528,305,34.8615,10.515168771500074
3942.163,528,265,30.2895,10.516001732750075
3942.561,528,275,31.4325,10.519476770250076
3942.76,528,275,31.4325,10.521214289000076
3942.765,528,276,31.5468,10.521258104000072
3942.861,528,271,30.9753,10.522084112000073
3942.862,528,283,32.3469,10.522093097250075
3943.04,528,265,30.2895,10.523590744750074
3943.159,528,290,33.147,10.524686437250075
3943.258,528,305,34.8615,10.525645128500072
3943.359,528,265,30.2895,10.526494917250073
3943.468,528,265,30.2895,10.527412016000072
3943.557,528,274,31.3182,10.528186271500072
3943.924,528,275,31.4325,10.531390640250073
3943.964,528,272,31.0896,10.531736080250074
3943.974,528,290,33.147,10.531828155250075
3944.038,528,270,30.861,10.532376795250073
3944.06,528,274,31.3182,10.532568184250072
3944.158,528,280,32.004,10.533439404250071
3944.265,528,270,30.861,10.53435666175007
3944.465,528,265,30.2895,10.536039411750073
3944.561,528,265,30.2895,10.536847131750072
3944.764,528,272,31.0896,10.538600239750071
3944.964,528,273,31.2039,10.54033378975007
3944.964,528,275,31.4325,10.54033378975007
3945.026,528,260,29.718,10.54084559975007
3945.06,528,271,30.9753,10.54113814425007
3945.131,528,260,29.718,10.54172424925007
3945.26,528,280,32.004,10.542871059250073
3945.365,528,270,30.861,10.54377117175007
3945.565,528,265,30.2895,10.545453921750072
3945.759,528,265,30.2895,10.547086189250072
3945.765,528,270,30.861,10.547137624250071
3945.87,528,275,31.4325,10.548054405500071
3946.026,528,260,29.718,10.549342185500072
3946.158,528,274,31.3182,10.550490519500071
3946.258,528,270,30.861,10.55134776950007
3946.359,528,260,29.718,10.552181524500071
3946.359,528,260,29.718,10.552181524500071
3946.465,528,269,30.7467,10.553086844000072
3946.86,528,265,30.2895,10.556410275250071
3946.944,528,266,30.4038,10.55711969725007
3946.966,528,275,31.4325,10.557311784750068
3946.969,528,268,30.6324,10.55733731175007
3946.973,528,275,31.4325,10.55737223675007
3947.027,528,260,29.718,10.55781800675007
3947.356,528,260,29.718,10.560533901750071
3947.469,528,260,29.718,10.56146671675007
3947.559,528,260,29.718,10.562209666750071
3947.571,528,267,30.5181,10.562311393750068
3947.759,528,267,30.5181,10.56390511675007
3947.866,528,265,30.2895,10.56480538800007
3948.026,528,260,29.718,10.566126188000068
3948.061,528,265,30.2895,10.56642066925007
3948.256,528,260,29.718,10.568030394250068
3948.26,528,275,31.4325,10.56806531925007
3948.557,528,260,29.718,10.570517054250066
3948.759,528,260,29.718,10.572184564250069
3948.866,528,268,30.6324,10.57309502725007
3948.874,528,260,29.718,10.573161067250068
3948.972,528,265,30.2895,10.573985614750072
3949.004,528,265,30.2895,10.57425485475007
3949.029,528,250,28.575,10.57445329225007
3949.16,528,265,30.2895,10.575555493500069
3949.358,528,250,28.575,10.577127118500071
3949.759,528,260,29.718,10.58043737350007
3949.854,528,260,29.718,10.581221598500068
3949.86,528,263,30.0609,10.581271700000071
3949.874,528,260,29.718,10.581387270000068
3949.894,528,260,29.718,10.581552370000068
3949.963,528,270,30.861,10.582143872500072
3949.973,528,265,30.2895,10.58222801000007
3950.558,528,250,28.575,10.586871447500071
3950.759,528,260,29.718,10.588530702500071
3950.857,528,260,29.718,10.58933969250007
3950.857,528,260,29.718,10.58933969250007
3950.875,528,260,29.718,10.58948828250007
3950.934,528,260,29.718,10.589975327500072
3951.067,528,270,30.861,10.591115470000071
3951.757,528,249,28.4607,10.596570437500072
3951.764,528,260,29.718,10.596628222500073
3951.857,528,260,29.718,10.597395937500071
3951.859,528,258,29.4894,10.597412320500071
3951.861,528,260,29.718,10.597428830500071
3951.963,528,260,29.718,10.598270840500074
3952.758,528,247,28.2321,10.604505429250072
3952.88,528,260,29.718,10.605512539250075
3952.961,528,260,29.718,10.606181194250071
3952.962,528,256,29.2608,10.606189322250072
3953.058,528,260,29.718,10.606981802250072
3953.856,528,245,28.0035,10.613189244750073
3953.958,528,254,29.0322,10.614011823750072
3954.158,528,260,29.718,10.615662823750071
3954.258,528,260,29.718,10.61648832375007
3955.058,528,243,27.7749,10.622660523750072
3955.155,528,251,28.6893,10.623433541000074
3955.256,528,260,29.718,10.62426729600007
3955.967,528,240,27.432,10.629685116000072
3956.158,528,250,28.575,10.63120117850007
3970.019,528,150,17.145,10.69721419100007
3970.352,528,150,17.145,10.698800103500071
3971.019,528,150,17.145,10.70197669100007
3971.352,528,150,17.145,10.703562603500071
3971.814,528,150,17.145,10.705762878500071
3972.026,528,145,16.5735,10.70673887350007
3972.249,528,145,16.5735,10.70776550975007
3972.814,528,150,17.145,10.71045632225007
3972.854,528,150,17.145,10.710646822250071
3973.02,528,145,16.5735,10.711411044750072
3973.254,528,145,16.5735,10.712488322250072
3973.451,528,145,16.5735,10.713395261000073
3973.752,528,149,17.0307,10.714819216750072
3973.853,528,150,17.145,10.715300229250072
3973.964,528,135,15.4305,10.715776003000071
3974.017,528,135,15.4305,10.716003174250071
3974.252,528,135,15.4305,10.717010443000072
3974.751,528,145,16.5735,10.719307714250073
3974.752,528,150,17.145,10.719312476750071
3974.804,528,145,16.5735,10.719551871750072
3974.814,528,148,16.9164,10.719598861750072
3975.25,528,135,15.4305,10.721467666750073
3975.448,528,135,15.4305,10.722316344250071
3975.757,528,145,16.5735,10.723738903000072
3975.804,528,144,16.4592,10.723953787000072
3975.956,528,147,16.8021,10.724663209000072
3975.957,528,150,17.145,10.72466797150007
3976.021,528,130,14.859,10.72493213150007
3976.05,528,150,17.145,10.72507024400007
3976.259,528,130,14.859,10.72593289150007
3976.451,528,135,15.4305,10.726755851500071
3976.804,528,135,15.4305,10.728268897750072
3976.852,528,142,16.2306,10.72848530575007
3976.955,528,145,16.5735,10.72895949200007
3976.956,528,146,16.6878,10.728964127500072
3976.964,528,130,14.859,10.728997147500072
3977.021,528,130,14.859,10.729232415000073
3977.05,528,150,17.145,10.729370527500073
3977.15,528,150,17.145,10.729846777500073
3977.256,528,130,14.859,10.730284292500073
3977.456,528,130,14.859,10.731109792500074
3977.556,528,135,15.4305,10.731538417500074
3977.559,528,135,15.4305,10.731551276250075
3977.852,528,140,16.002,10.732853661250074
3978.051,528,145,16.5735,10.733769807500074
3978.151,528,145,16.5735,10.734230182500074
3978.152,528,150,17.145,10.734234945000075
3978.162,528,130,14.859,10.734276220000075
3978.35,528,130,14.859,10.735052190000076
3978.556,528,130,14.859,10.735902455000076
3978.75,528,134,15.3162,10.736727828000076
3978.852,528,135,15.4305,10.737165025500076
3978.852,528,138,15.7734,10.737165025500076
3979.025,528,120,13.716,10.737824155500077
3979.051,528,145,16.5735,10.737943853000075
3979.25,528,120,13.716,10.738702043000076
3979.251,528,145,16.5735,10.738706646750078
3979.351,528,130,14.859,10.739119396750077
3979.456,528,130,14.859,10.739552784250076
3979.754,528,135,15.4305,10.740830086750075
3979.756,528,133,15.2019,10.740838532250075
3979.854,528,130,14.859,10.741243027250075
3980.022,528,120,13.716,10.741883107250075
3980.151,528,135,15.4305,10.742436033500075
3980.249,528,145,16.5735,10.742887201000075
3980.347,528,120,13.716,10.743260581000076
3980.55,528,129,14.7447,10.744092018250075
3980.55,528,130,14.859,10.744092018250075
3980.75,528,130,14.859,10.744917518250075
3980.794,528,120,13.716,10.745085158250074
3980.951,528,135,15.4305,10.745758099500074
3980.954,528,132,15.0876,10.745770672500075
3981.017,528,105,12.0015,10.745980698750074
3981.151,528,135,15.4305,10.746555056250074
3981.247,528,105,12.0015,10.746875096250074
3981.55,528,127,14.5161,10.748096868000076
3981.784,528,120,13.716,10.748988408000075
3981.834,528,120,13.716,10.749178908000074
3981.851,528,130,14.859,10.749249075500074
3981.854,528,130,14.859,10.749261458000074
3981.956,528,130,14.859,10.749682463000076
3982.015,528,55,6.2865,10.749785491750075
3982.151,528,135,15.4305,10.750368421750075
3982.349,528,55,6.2865,10.750714179250075
3982.549,528,105,12.0015,10.751380929250073
3982.747,528,118,13.4874,10.752122736250072
3982.758,528,130,14.859,10.752168138750072
3982.794,528,125,14.2875,10.752311013750072
3982.851,528,120,13.716,10.752528183750073
3982.959,528,130,14.859,10.752973953750072
3983.034,0,0,0.0,10.752973953750072
3983.06,528,130,14.859,10.753081268750071
3983.346,0,0,0.0,10.753081268750071
3983.552,528,105,12.0015,10.753768021250071
3983.75,528,123,14.0589,10.75454126075007
3983.784,528,55,6.2865,10.754600633250071
3983.784,528,115,13.1445,10.754600633250071
3983.848,528,120,13.716,10.75484447325007
3983.852,528,130,14.859,10.75486098325007
3984.051,528,130,14.859,10.755682355750071
3984.052,0,55,6.2865,10.755684102000071
3984.158,0,55,6.2865,10.75586920450007
3984.548,0,0,0.0,10.75586920450007
3984.77,528,120,13.716,10.756715024500071
3984.784,528,55,6.2865,10.75673947200007
3984.85,528,95,10.8585,10.75693854450007
3984.851,528,120,13.716,10.75694235450007
3984.866,528,130,14.859,10.75700426700007
3984.95,528,112,12.8016,10.757302971000069
3985.053,0,75,8.5725,10.757548239750069
3985.348,0,75,8.5725,10.75825070850007
3985.746,0,5,0.5715,10.75831389100007
3985.774,0,55,6.2865,10.758362786000069
3985.85,422,44,5.0292,10.75846895800007
3985.854,528,85,9.7155,10.758479753000069
3985.871,528,120,13.716,10.75854452300007
3985.959,528,109,12.4587,10.75884906900007
3986.046,0,80,9.144,10.75907004900007
3986.147,528,120,13.716,10.75945485900007
3986.351,0,80,9.144,10.75997301900007
3986.548,0,75,8.5725,10.76044212525007
3986.554,0,57,6.5151,10.76045298375007
3986.784,0,16,1.8288,10.760569823750071
3986.952,316,33,3.7719,10.76074584575007
3987.049,528,75,8.5725,10.76097682700007
3987.052,0,105,12.0015,10.76098682825007
3987.149,528,105,12.0015,10.76131020200007
3987.149,528,120,13.716,10.76131020200007
3987.247,0,105,12.0015,10.76163690950007
3987.547,0,80,9.144,10.76239890950007
3987.834,0,75,8.5725,10.763082328250068
3987.847,211,22,2.5146,10.763091408750068
3987.849,0,61,6.9723,10.763095282250069
3987.952,0,27,3.0861,10.763183579000069
3988.048,0,125,14.2875,10.763564579000068
3988.049,528,60,6.858,10.763566484000068
3988.246,528,105,12.0015,10.764223232750068
3988.253,0,125,14.2875,10.764251014000068
3988.357,0,105,12.0015,10.764597724000067
3988.547,0,82,9.3726,10.765092389000067
3988.748,0,76,8.6868,10.765577402000067
3988.855,0,65,7.4295,10.765798223250068
3988.971,0,230,26.289,10.766645313250068
3989.047,528,55,6.2865,10.766778028250068
3989.048,0,170,19.431,10.766783425750067
3989.049,0,38,4.3434,10.766784632250067
3989.149,52,5,0.5715,10.766800507250068
3989.151,0,170,19.431,10.766811302250067
3989.447,0,125,14.2875,10.767986052250068
3989.553,0,105,12.0015,10.768339429750068
3989.852,0,69,7.8867,10.768994464000068
3989.853,0,77,8.8011,10.768996908750069
3989.854,0,87,9.9441,10.768999671000067
3990.052,0,55,6.2865,10.769345428500067
3990.052,0,0,0.0,10.769345428500067
3990.151,0,230,26.289,10.770068376000065
3990.347,0,170,19.431,10.771126286000067
3990.458,0,125,14.2875,10.771566817250067
3990.747,0,92,10.5156,10.772410986250065
3990.884,0,109,12.4587,10.772885109000066
3990.958,0,78,8.9154,10.773068370000066
3991.148,0,75,8.5725,10.773520807500066
3991.246,0,55,6.2865,10.773691940000067
3991.347,0,230,26.289,10.774429492500067
3991.447,0,176,20.1168,10.774988292500067
3991.553,0,134,15.3162,10.775439269500067
3991.753,0,113,12.9159,10.776156819500068
3991.951,0,97,11.0871,10.776766610000069
3991.961,0,80,9.144,10.776792010000069
3991.961,0,75,8.5725,10.776792010000069
3992.547,0,188,21.4884,10.78028984400007
3992.745,0,259,29.6037,10.781918047500069
3992.764,0,143,16.3449,10.78200431225007
3992.855,0,117,13.373099999999999,10.78234235450007
3993.048,0,102,11.6586,10.782967385000068
3993.153,0,80,9.144,10.783234085000068
3993.747,0,200,22.86,10.787005985000068
3993.758,0,152,17.3736,10.787059071000067
3993.848,0,317,36.2331,10.78796489850007
3993.858,0,123,14.0589,10.78800395100007
3994.053,0,105,12.0015,10.788654032250069
3994.852,0,375,42.8625,10.798167126000068
3994.86,0,165,18.8595,10.79820903600007
3994.954,0,212,24.2316,10.79884175000007
3995.047,0,125,14.2875,10.79921084375007
3995.849,0,230,26.289,10.805067448750071
3995.962,0,170,19.431,10.80567736625007
3996.047,0,433,49.4919,10.80684592500007
3996.871,0,230,26.289,10.81286318500007
3996.95,0,520,59.436,10.814167475000065
4009.956,0,270,30.861,10.925661410000068
4011.153,0,270,30.861,10.935922692500064
4012.009,0,270,30.861,10.943260752500066
4012.241,0,270,30.861,10.945249572500066
4012.341,0,270,30.861,10.946106822500065
4013.013,0,255,29.1465,10.951547502500064
4013.341,0,255,29.1465,10.954203072500064
4013.541,0,270,30.861,10.955917572500066
4014.016,0,255,29.1465,10.959763291250066
4014.238,0,255,29.1465,10.961560658750065
4014.434,0,270,30.861,10.963240868750068
4014.541,0,270,30.861,10.964158126250068
4014.744,0,270,30.861,10.965898343750068
4015.009,0,245,28.0035,10.967959712500067
4015.334,0,255,29.1465,10.970590993750065
4015.34,0,245,28.0035,10.970637666250067
4015.349,0,255,29.1465,10.970710532500068
4015.842,0,267,30.5181,10.974889816750068
4015.953,0,240,27.432,10.975735636750066
4016.009,0,235,26.8605,10.976153466750066
4016.034,0,255,29.1465,10.976355873000067
4016.334,0,270,30.861,10.978927623000065
4016.44,0,235,26.8605,10.979718515500066
4016.738,0,254,29.0322,10.982121736500064
4016.741,0,270,30.861,10.982147454000065
4016.842,0,264,30.1752,10.982994036000067
4016.849,0,271,30.9753,10.983054265750066
4017.238,0,240,27.432,10.986018445750064
4017.334,0,245,28.0035,10.986765205750064
4017.334,0,255,29.1465,10.986765205750064
4017.44,0,235,26.8605,10.987556098250066
4017.734,0,244,27.8892,10.989833716250065
4017.763,0,270,30.861,10.990082318750064
4017.842,0,252,28.8036,10.990714397750065
4017.842,0,261,29.8323,10.990714397750065
4017.857,0,270,30.861,10.990842985250064
4017.942,0,255,29.1465,10.991531166500064
4018.014,0,225,25.7175,10.992045516500065
4018.243,0,225,25.7175,10.993681435250064
4018.437,0,235,26.8605,10.995128917750064
4018.449,0,240,27.432,10.995220357750066
4018.842,0,242,27.6606,10.998239973250065
4018.845,0,250,28.575,10.998263785750064
4018.945,0,255,29.1465,10.999073410750066
4018.945,0,270,30.861,10.999073410750066
4019.139,0,256,29.2608,11.000650242750066
4019.543,0,240,27.432,11.003728722750065
4019.545,0,225,25.7175,11.003743010250064
4019.546,0,236,26.9748,11.003750503250062
4019.944,0,240,27.432,11.006783263250064
4020.041,0,248,28.3464,11.007547041250065
4020.141,0,255,29.1465,11.008356666250064
4020.141,0,255,29.1465,11.008356666250064
4020.764,0,225,25.7175,11.012807222500065
4020.841,0,237,27.0891,11.013386628250064
4020.841,0,237,27.0891,11.013386628250064
4020.841,0,238,27.2034,11.013386628250064
4020.941,0,245,28.0035,11.014164503250063
4021.239,0,255,29.1465,11.016577185750064
4021.841,0,234,26.746199999999998,11.021049744750062
4021.943,0,238,27.2034,11.021820507750064
4022.14,0,235,26.8605,11.023290374000062
4022.238,0,245,28.0035,11.024052691500062
4022.534,0,423,48.3489,11.028028045500065
4022.844,0,621,70.9803,11.034140238000063
4022.943,0,240,27.432,11.034894618000065
4023.04,0,231,26.403299999999998,11.035606040250062
4023.14,0,235,26.8605,11.036352165250062
4023.841,0,819,93.6117,11.054580443500063
4024.043,0,226,25.8318,11.056029894500064
4024.14,0,240,27.432,11.056769034500062
4025.04,0,225,25.7175,11.063198409500064
4031.009,0,445,50.8635,11.147532918250064
4031.24,0,445,50.8635,11.150796659500061
4032.442,0,445,50.8635,11.167779417000064
4033.445,0,445,50.8635,11.181950553250067
4034.434,0,985,112.5855,11.212880292000067
4034.834,0,420,48.006,11.218214292000063
4034.837,0,850,97.155,11.218295254500067
4035.754,0,395,45.1485,11.229795580750066
4035.847,0,715,81.7245,11.231906797000073
4036.851,0,370,42.291,11.243701287000073
4036.939,0,512,58.5216,11.245131815000068
4037.945,0,332,37.9476,11.255736061000071
4038.136,0,445,50.8635,11.258434652250068
4051.995,0,275,31.4325,11.379441046000068
4052.234,0,275,31.4325,11.381527814750068
4052.992,0,265,30.2895,11.38790543725007
4053.231,0,265,30.2895,11.38991632350007
4053.531,0,275,31.4325,11.392535698500069
4054.001,0,270,30.861,11.39656477350007
4054.236,0,270,30.861,11.398579311000068
4054.342,0,265,30.2895,11.39947116850007
4054.534,0,275,31.4325,11.40114756850007
4055.343,0,270,30.861,11.408082721000067
4055.536,0,273,31.2039,11.409755596750069
4055.538,0,265,30.2895,11.409772424250068
4056.441,0,350,40.005,11.419807011750066
4056.736,0,271,30.9753,11.422345265500066
4057.434,0,266,30.4038,11.428240224500069
4057.541,0,510,58.293,11.42997282200007
4057.834,0,269,30.7467,11.432475261750067
4058.037,0,274,31.3182,11.434241260250067
4058.604,0,267,30.5181,11.439047861000066
4058.838,0,268,30.6324,11.44103896700007
4058.937,0,266,30.4038,11.441875071500068
4059.135,0,275,31.4325,11.44360385900007
4059.334,0,670,76.581,11.447837086500062
4059.738,0,830,94.869,11.458483496500062
4059.842,0,269,30.7467,11.459371734500063
4060.131,0,265,30.2895,11.461803308250062
4060.947,0,270,30.861,11.468798468250064
4061.991,0,340,38.862,11.480068448250062
4062.226,0,340,38.862,11.482605273250064
4062.984,0,325,37.1475,11.490426885750061
4063.231,0,325,37.1475,11.492975617000065
4063.334,0,340,38.862,11.49408750200006
4063.99,0,325,37.1475,11.50085660200006
4064.233,0,325,37.1475,11.503364058250064
4064.528,0,325,37.1475,11.50640808950006
4064.627,0,858,98.0694,11.509104998000064
4064.628,0,340,38.862,11.509115793000065
4064.991,0,320,36.576,11.512803873000063
4065.227,0,320,36.576,11.515201633000062
4065.433,0,325,37.1475,11.517327295500063
4065.532,0,337,38.5191,11.518386570750065
4065.628,0,325,37.1475,11.519377170750065
4065.933,0,710,81.153,11.526252633250062
4065.992,0,320,36.576,11.526852073250064
4066.128,0,320,36.576,11.528233833250063
4066.335,0,320,36.576,11.530336953250062
4066.533,0,325,37.1475,11.532380065750061
4066.734,0,325,37.1475,11.534454134500061
4066.83,0,334,38.1762,11.53547216650006
4066.932,0,562,64.2366,11.537292203500058
4066.997,0,310,35.433,11.537931966000059
4067.327,0,310,35.433,11.541179991000062
4067.442,0,320,36.576,11.54234839100006
4067.527,0,320,36.576,11.54321199100006
4067.628,0,324,37.0332,11.544250978000061
4067.932,0,331,37.8333,11.547445790000058
4067.999,0,320,36.576,11.548126510000058
4068.128,0,340,38.862,11.549519065000062
4068.224,0,320,36.576,11.550494425000062
4068.427,0,320,36.576,11.552556905000062
4068.544,0,320,36.576,11.553745625000058
4068.574,0,325,37.1475,11.55405518750006
4068.627,0,310,35.433,11.554576840000058
4068.736,0,323,36.9189,11.555694662250056
4068.83,0,326,37.2618,11.556667609250058
4068.839,0,325,37.1475,11.556760478000058
4068.989,0,310,35.433,11.558236853000059
4069.128,0,340,38.862,11.55973735800006
4069.227,0,310,35.433,11.560711765500058
4069.426,0,320,36.576,11.562733605500059
4069.527,0,318,36.3474,11.56375335200006
4069.625,0,311,35.5473,11.56472102850006
4069.835,0,322,36.8046,11.56686796350006
4069.937,0,325,37.1475,11.56792047600006
4069.94,0,310,35.433,11.567950003500062
4069.988,0,315,36.0045,11.56843006350006
4070.128,0,325,37.1475,11.569874688500063
4070.134,0,320,36.576,11.569935648500062
4070.226,0,315,36.0045,11.570855763500063
4070.526,0,310,35.433,11.57380851350006
4070.548,0,316,36.1188,11.57402923950006
4070.624,0,313,35.7759,11.574784508500061
4070.739,0,320,36.576,11.575952908500064
4070.94,0,320,36.576,11.577995068500064
4071.034,0,325,37.1475,11.578965031000065
4071.224,0,310,35.433,11.580835106000066
4071.424,0,315,36.0045,11.582835356000064
4071.534,0,319,36.4617,11.583949463500065
4071.63,0,310,35.433,11.584894343500066
4071.835,0,320,36.576,11.586977143500064
4071.927,0,315,36.0045,11.587897258500066
4071.992,0,310,35.433,11.588537021000066
4072.033,0,320,36.576,11.588953581000064
4072.23,0,310,35.433,11.590892553500066
4072.424,0,315,36.0045,11.592832796000065
4072.426,0,310,35.433,11.592852481000065
4072.564,0,317,36.2331,11.594241416500065
4072.614,0,314,35.8902,11.594739891500067
4072.827,0,311,35.5473,11.59684310675007
4072.831,0,317,36.2331,11.596883365750069
4072.93,0,315,36.0045,11.597873489500065
4072.93,0,311,35.5473,11.597873489500065
4072.942,0,320,36.576,11.597995409500067
4073.529,0,310,35.433,11.603772957000066
4073.532,0,314,35.8902,11.603802865500068
4073.625,0,310,35.433,11.604718218000066
4073.827,0,312,35.6616,11.606719230000069
4073.851,0,310,35.433,11.606955450000068
4074.027,0,313,35.7759,11.608704494000067
4074.127,0,320,36.576,11.609720494000067
4074.625,0,310,35.433,11.614622059000068
4074.825,0,313,35.7759,11.616609609000067
4074.827,0,310,35.433,11.61662929400007
4074.827,0,313,35.7759,11.61662929400007
4075.027,0,310,35.433,11.618597794000069
4075.13,0,320,36.576,11.61964427400007
4075.827,0,312,35.6616,11.626548756000071
4075.831,0,310,35.433,11.62658812600007
4076.024,0,310,35.433,11.628487728500069
4076.124,0,315,36.0045,11.629487853500068
4076.524,0,310,35.433,11.633424853500069
4076.827,0,310,35.433,11.636407131000071
4077.026,0,310,35.433,11.638365788500067
4077.027,0,311,35.5473,11.63837566275007
4077.126,0,315,36.0045,11.639365786500072
4077.825,0,310,35.433,11.646245694000068
4078.024,0,310,35.433,11.64820435150007
4078.124,0,310,35.433,11.649188601500068
4079.126,0,310,35.433,11.659050786500073
4079.223,0,310,35.433,11.66000550900007
4092.982,0,290,33.147,11.786691501500071
4093.226,0,290,33.147,11.788938131500073
4093.975,0,295,33.7185,11.795953452750071
4094.32,0,295,33.7185,11.799184809000074
4094.421,0,290,33.147,11.800114766500071
4094.987,0,290,33.147,11.805326211500073
4095.124,0,290,33.147,11.806587639000071
4095.423,0,295,33.7185,11.80938814775007
4095.518,0,290,33.147,11.810262860250072
4095.981,0,295,33.7185,11.814599434000074
4096.223,0,295,33.7185,11.816866066500072
4096.423,0,290,33.147,11.81870756650007
4096.521,0,291,33.2613,11.819613013000069
4096.617,0,295,33.7185,11.820512173000074
4096.98,0,285,32.5755,11.823796869250067
4097.223,0,285,32.5755,11.82599571550007
4097.419,0,295,33.7185,11.82783150050007
4097.525,0,290,33.147,11.828807495500067
4097.618,0,292,33.3756,11.829669698500075
4097.623,0,294,33.6042,11.829716371000067
4097.995,0,285,32.5755,11.83308250600007
4098.124,0,285,32.5755,11.834249794750068
4098.419,0,285,32.5755,11.83691917600007
4098.519,0,295,33.7185,11.837855801000073
4098.822,0,293,33.4899,11.840674534250072
4098.986,0,290,33.147,11.84218456425007
4099.121,0,290,33.147,11.843427576750072
4099.128,0,290,33.147,11.843492029250068
4099.338,0,285,32.5755,11.84539226675007
4099.494,0,291,33.2613,11.84683358975007
4099.519,0,285,32.5755,11.847059808500074
4099.519,0,293,33.4899,11.847059808500074
4099.544,0,293,33.4899,11.84729237725007
4099.821,0,292,33.3756,11.849860444250071
4099.934,0,290,33.147,11.850900891750074
4099.984,0,280,32.004,11.851345391750076
4100.02,0,292,33.3756,11.851679147750076
4100.02,0,294,33.6042,11.851679147750076
4100.238,0,290,33.147,11.853686382750075
4100.316,0,280,32.004,11.85437980275007
4100.43,0,285,32.5755,11.855411360250075
4100.528,0,285,32.5755,11.856298137750075
4100.623,0,291,33.2613,11.85717586650007
4100.824,0,293,33.4899,11.85904571925007
4100.926,0,290,33.147,11.859984884250077
4100.98,0,270,30.861,11.86044779925007
4101.12,0,295,33.7185,11.861759074250072
4101.218,0,270,30.861,11.862599179250072
4101.419,0,289,33.0327,11.864443505000072
4101.522,0,280,32.004,11.865359175000073
4101.532,0,286,32.6898,11.865449980000076
4101.829,0,289,33.0327,11.868175177750071
4101.984,0,270,30.861,11.869503915250077
4102.12,0,294,33.6042,11.870773407250072
4102.219,0,270,30.861,11.871622084750072
4102.22,0,290,33.147,11.871631292250074
4102.438,0,287,32.8041,11.873617762750072
4102.516,0,270,30.861,11.874286417750069
4102.518,0,280,32.004,11.874304197750073
4102.564,0,285,32.5755,11.874720440250075
4102.631,0,287,32.8041,11.875330961000074
4102.825,0,287,32.8041,11.87709873750007
4102.834,0,285,32.5755,11.87718017625007
4102.938,0,295,33.7185,11.878154266250073
4102.982,0,260,29.718,11.878517486250072
4103.315,0,260,29.718,11.881266401250068
4103.519,0,270,30.861,11.883015191250074
4103.526,0,270,30.861,11.88307519875007
4103.616,0,278,31.7754,11.883869583750071
4103.619,0,285,32.5755,11.88389673000007
4103.928,0,285,32.5755,11.886692793750072
4103.99,0,255,29.1465,11.887194761250072
4104.024,0,285,32.5755,11.887502418750078
4104.217,0,255,29.1465,11.889064995000073
4104.484,0,288,32.9184,11.891506443000079
4104.618,0,260,29.718,11.892612613000079
4104.819,0,270,30.861,11.89433568550008
4104.835,0,290,33.147,11.894483005500076
4105.011,0,650,74.295,11.898115205500083
4105.019,0,285,32.5755,11.898187595500081
4105.317,0,650,74.295,11.904337570500077
4105.415,0,255,29.1465,11.905131003000077
4105.474,0,270,30.861,11.905636780500078
4105.484,0,283,32.3469,11.90572663300008
4105.534,0,276,31.5468,11.906164783000074
4105.618,0,260,29.718,11.90685820300008
4105.738,0,280,32.004,11.907925003000079
4105.82,0,270,30.861,11.908627948000074
4105.923,0,290,33.147,11.909576320500074
4106.018,0,274,31.3182,11.910402773000076
4106.474,0,268,30.6324,11.914282877000076
4106.518,0,650,74.295,11.915190927000074
4106.521,0,255,29.1465,11.915215215750072
4106.84,0,280,32.004,11.918051125750075
4106.918,0,266,30.4038,11.918709874750071
4107.017,0,270,30.861,11.919558552250072
4107.025,0,271,30.9753,11.91962738625007
4107.444,0,259,29.6037,11.923072928000076
4107.618,0,720,82.29599999999999,11.927050568000075
4108.015,0,264,30.1752,11.930378222000074
4108.016,0,270,30.861,11.930386794500068
4108.116,0,270,30.861,11.93124404450007
4108.474,0,334,38.1762,11.935040455500072
4108.524,0,258,29.4894,11.935450030500073
4108.82,0,861,98.4123,11.943541708500057
4108.921,0,413,47.2059,11.944866096250063
4108.921,0,257,29.3751,11.944866096250063
4108.926,0,261,29.8323,11.944907530000064
4108.931,0,270,30.861,11.944950392500058
4109.924,0,492,56.2356,11.960462045500064
4110.118,0,255,29.1465,11.962032718000067
4110.216,0,260,29.718,11.962841708000067
4111.019,0,610,69.723,11.978393810500064
4111.118,0,255,29.1465,11.979195339250065
4112.015,0,650,74.295,11.997707176750064
4134.98,400,950,108.585,12.69038898925004
4135.309,400,950,108.585,12.70031245175006
4135.985,400,250,28.575,12.705678201750056
4136.307,400,250,28.575,12.708234076750056
4136.518,400,950,108.585,12.714598364250064
4136.974,400,250,28.575,12.718217864250065
4137.209,400,250,28.575,12.720083176750062
4137.513,400,250,28.575,12.722496176750063
4137.611,400,950,108.585,12.725452101750061
4137.977,400,230,26.289,12.72812481675006
4138.308,400,230,26.289,12.730541944250062
4138.506,400,250,28.575,12.732113569250064
4138.607,400,250,28.575,12.732915256750061
4138.81,400,810,92.583,12.738135909250072
4138.972,400,230,26.289,12.739318914250068
4139.308,400,230,26.289,12.74177255425007
4139.51,400,230,26.289,12.743247659250072
4139.514,400,248,28.3464,12.743279155250072
4139.91,400,670,76.581,12.751703065250066
4139.976,400,225,25.7175,12.752174552750065
4140.208,400,225,25.7175,12.753831902750065
4140.364,400,250,28.575,12.755070152750065
4140.508,400,230,26.289,12.756121712750067
4140.608,400,230,26.289,12.75685196275007
4140.808,400,530,60.579,12.760217462750067
4140.91,400,987,112.8141,12.763413862250061
4140.972,400,215,24.5745,12.76383708975006
4141.309,400,215,24.5745,12.766137536000063
4141.384,400,244,27.8892,12.766718561000062
4141.415,400,225,25.7175,12.766940017250061
4141.444,400,250,28.575,12.767170204750064
4141.61,400,230,26.289,12.76838241975006
4141.611,400,230,26.289,12.768389722250062
4141.83,400,950,108.585,12.774995309750063
4141.913,400,240,27.432,12.77562776975006
4141.913,400,250,28.575,12.77562776975006
4141.918,400,320,36.576,12.77567856975006
4141.974,400,210,24.003,12.776051949750062
4142.216,400,210,24.003,12.777665484750063
4142.416,400,215,24.5745,12.779030734750062
4142.514,400,225,25.7175,12.779730822250063
4142.612,400,229,26.1747,12.780443355750062
4142.912,400,236,26.9748,12.782691255750064
4142.983,400,210,24.003,12.783164648250064
4143.014,400,250,28.575,12.783410710750065
4143.11,400,250,28.575,12.784172710750061
4143.116,400,210,24.003,12.784212715750064
4143.319,400,210,24.003,12.785566218250066
4143.384,400,230,26.289,12.786040880750063
4143.52,400,215,24.5745,12.786969250750065
4143.613,400,223,25.4889,12.787627714000065
4143.807,400,230,26.289,12.789044399000062
4143.979,400,200,22.86,12.790136599000064
4144.01,400,230,26.289,12.790362976500063
4144.107,400,250,28.575,12.79113291400006
4144.307,400,200,22.86,12.792402914000059
4144.314,400,210,24.003,12.792449586500062
4144.408,400,210,24.003,12.793076331500062
4144.434,400,228,26.0604,12.793264545500062
4144.609,400,214,24.4602,12.794453583000063
4144.809,400,221,25.2603,12.795856933000062
4144.912,400,227,25.9461,12.796599279750062
4144.92,400,230,26.289,12.79665769975006
4144.973,400,200,22.86,12.79699424975006
4145.009,400,230,26.289,12.79725713975006
4145.304,400,200,22.86,12.799130389750061
4145.507,400,200,22.86,12.800419439750058
4145.508,400,210,24.003,12.80042610725006
4145.525,400,210,24.003,12.800539454750059
4145.812,400,219,25.0317,12.80253503750006
4145.968,400,195,22.2885,12.80350087250006
4146.009,400,225,25.7175,12.803793766250061
4146.108,400,230,26.289,12.804516713750063
4146.207,400,195,22.2885,12.805129647500063
4146.384,400,213,24.3459,12.80632665425006
4146.508,400,208,23.7744,12.807145550250059
4146.605,400,200,22.86,12.807761500250058
4146.608,400,200,22.86,12.807780550250062
4146.628,400,210,24.003,12.807913900250059
4146.809,400,212,24.2316,12.809132211250063
4146.973,400,190,21.717,12.81012154125006
4147.008,400,225,25.7175,12.81037157250006
4147.009,400,216,24.6888,12.81037843050006
4147.306,400,190,21.717,12.812170083000058
4147.408,400,195,22.2885,12.812801590500063
4147.607,400,199,22.7457,12.81405892225006
4147.608,400,206,23.5458,12.814065462750062
4147.811,400,210,24.003,12.815418965250059
4147.825,400,210,24.003,12.81551231025006
4147.968,400,185,21.1455,12.81635225650006
4148.008,400,215,24.5745,12.816625306500061
4148.304,400,185,21.1455,12.818363936500063
4148.394,400,200,22.86,12.818935436500064
4148.506,400,190,21.717,12.819611076500065
4148.607,400,195,22.2885,12.820236392750063
4148.824,400,210,24.003,12.82168324025006
4148.971,400,180,20.573999999999998,12.82252334525006
4149.021,400,210,24.003,12.822856720250062
4149.206,400,180,20.573999999999998,12.823913995250065
4149.344,400,198,22.6314,12.824781532250064
4149.364,400,200,22.86,12.824908532250062
4149.374,400,204,23.3172,12.824973302250063
4149.504,400,185,21.1455,12.825736889750063
4149.805,400,200,22.86,12.827648239750065
4149.809,400,201,22.9743,12.827673766750065
4149.92,400,210,24.003,12.828413859250064
4149.967,400,180,20.573999999999998,12.828682464250061
4150.306,400,180,20.573999999999998,12.830619849250061
4150.315,400,180,20.573999999999998,12.83067128425006
4150.354,400,190,21.717,12.830906551750065
4150.374,400,194,22.1742,12.831029741750061
4150.444,400,197,22.5171,12.831467574250066
4150.606,400,185,21.1455,12.832419121750062
4150.809,400,193,22.0599,12.833663055000065
4150.83,400,200,22.86,12.833796405000063
4150.91,400,196,22.4028,12.834294245000063
4150.916,400,200,22.86,12.834332345000064
4150.978,400,180,20.573999999999998,12.834686675000063
4151.209,400,180,20.573999999999998,12.836006840000062
4151.334,400,189,21.6027,12.836756933750062
4151.411,400,180,20.573999999999998,12.837196988750064
4151.509,400,180,20.573999999999998,12.837757058750064
4151.808,400,192,21.9456,12.839579762750065
4151.97,400,170,19.431,12.840454157750067
4152.008,400,195,22.2885,12.840689425250064
4152.107,400,200,22.86,12.841318075250065
4152.21,400,170,19.431,12.841874017750065
4152.324,400,184,21.0312,12.842540005750063
4152.334,400,188,21.4884,12.842599695750064
4152.506,400,180,20.573999999999998,12.843582675750067
4152.609,400,180,20.573999999999998,12.844171320750068
4152.804,400,187,21.3741,12.845329084500065
4152.96,400,170,19.431,12.846171094500065
4153.004,400,190,21.717,12.846436524500064
4153.207,400,195,22.2885,12.847693348250067
4153.212,400,170,19.431,12.847720335750067
4153.313,400,170,19.431,12.848265483250065
4153.354,400,180,20.573999999999998,12.848499798250065
4153.384,400,183,20.9169,12.848674105750064
4153.511,400,180,20.573999999999998,12.849399910750066
4153.907,400,182,20.802599999999998,12.851688196750064
4153.915,400,185,21.1455,12.851735186750064
4153.968,400,160,18.288,12.852004426750064
4154.004,400,190,21.717,12.852221596750065
4154.069,400,160,18.288,12.852551796750067
4154.324,400,180,20.573999999999998,12.854009121750062
4154.354,400,180,20.573999999999998,12.854180571750065
4154.404,400,170,19.431,12.854450446750066
4154.513,400,170,19.431,12.855038774250064
4154.612,400,178,20.3454,12.855598272750065
4154.811,400,180,20.573999999999998,12.856735557750063
4155.007,400,180,20.573999999999998,12.857855697750063
4155.106,400,185,21.1455,12.858437199000063
4155.304,400,160,18.288,12.859443039000064
4155.384,400,180,20.573999999999998,12.859900239000064
4155.418,400,170,19.431,12.860083754000062
4155.508,400,170,19.431,12.860569529000063
4155.807,400,180,20.573999999999998,12.862278314000063
4155.81,400,180,20.573999999999998,12.862295459000066
4156.107,400,180,20.573999999999998,12.863992814000063
4156.404,400,160,18.288,12.865501574000065
4156.414,400,176,20.1168,12.865557454000061
4156.516,400,168,19.2024,12.866101522000061
4156.814,400,174,19.8882,12.867747823000066
4156.913,400,180,20.573999999999998,12.868313608000062
4156.914,400,180,20.573999999999998,12.868319323000062
4157.344,400,170,19.431,12.870640248000063
4157.506,400,161,18.4023,12.871468351500065
4157.618,400,166,18.9738,12.872058647500065
4157.806,400,170,19.431,12.873073377500061
4158.013,400,171,19.5453,12.874197232250063
4158.106,400,180,20.573999999999998,12.874728727250062
4158.806,400,170,19.431,12.878506977250062
4159.008,400,170,19.431,12.879597272250063
4159.334,400,162,18.5166,12.881274053250063
4159.504,400,164,18.7452,12.882159243250063
4159.627,400,163,18.6309,12.882795799000066
4159.827,400,161,18.4023,12.883818149000065
4159.914,400,170,19.431,12.884287731500063
4160.92,400,160,18.288,12.889398211500064
4189.904,400,295,33.7185,13.160869601500067
4189.957,400,895,102.2985,13.162375662750064
4190.292,400,895,102.2985,13.171895106500065
4191.195,400,295,33.7185,13.180352830250058
4191.298,400,895,102.2985,13.18327970400006
4191.956,400,285,32.5755,13.189233781500064
4192.294,400,285,32.5755,13.192292259000062
4192.4,400,295,33.7185,13.19328508150006
4192.495,400,895,102.2985,13.195984625250066
4192.915,400,280,32.004,13.199718425250067
4192.96,400,290,33.147,13.200132762750068
4193.292,400,290,33.147,13.203189652750071
4193.498,400,285,32.5755,13.205053695250063
4193.508,400,775,88.5825,13.205299757750069
4193.595,400,295,33.7185,13.206114621500074
4194.294,400,280,32.004,13.21232873150007
4194.396,400,290,33.147,13.213267896500069
4194.595,400,285,32.5755,13.215068597750074
4194.964,400,270,30.861,13.21823185025007
4195.2,400,270,30.861,13.22025496025007
4195.274,400,293,33.4899,13.220943363750076
4195.274,400,655,74.8665,13.220943363750076
4195.395,400,290,33.147,13.222057471250077
4195.396,400,280,32.004,13.22206636125007
4195.797,400,535,61.1505,13.228877847500067
4195.799,400,291,33.2613,13.22889632600007
4195.993,400,943,107.7849,13.234704734500083
4196.214,400,286,32.6898,13.236711525000079
4196.499,400,288,32.9184,13.239317565000077
4196.502,400,270,30.861,13.239343282500082
4196.594,400,280,32.004,13.240161162500078
4196.794,400,287,32.8041,13.241983612500077
4196.895,400,415,47.4345,13.243314413750085
4196.993,400,289,33.0327,13.244213637250084
4197.103,400,895,102.2985,13.247339424750075
4197.596,400,270,30.861,13.251565667250071
4197.795,400,288,32.9184,13.253385323250077
4197.895,400,295,33.7185,13.25432194825008
4197.995,400,286,32.6898,13.255229998250075
4198.234,400,278,31.7754,13.257339531750079
4198.264,400,286,32.6898,13.257611946750076
4198.594,400,270,30.861,13.260440871750076
4198.796,400,284,32.4612,13.262262305750077
4198.797,400,276,31.5468,13.26227106875007
4198.901,400,289,33.0327,13.263225346750072
4198.911,400,285,32.5755,13.263315834250074
4199.897,400,281,32.1183,13.272112679750073
4199.996,400,274,31.3182,13.272973930250075
4200.094,400,290,33.147,13.273876265250074
4200.234,400,270,30.861,13.275076415250076
4200.801,400,270,30.861,13.279937022750076
4200.994,400,271,30.9753,13.28159764300007
4201.094,400,280,32.004,13.282486643000073
4201.902,400,270,30.861,13.289413223000073
4201.905,400,270,30.861,13.289438940500071
4203.003,400,270,30.861,13.29885154550007
4215.952,400,280,32.004,13.413968155500076
4216.288,400,280,32.004,13.41695519550007
4216.945,400,280,32.004,13.42279592550007
4217.288,400,280,32.004,13.425845195500068
4217.393,400,280,32.004,13.426778645500072
4217.951,400,280,32.004,13.431739265500072
4218.188,400,280,32.004,13.433846195500072
4218.488,400,280,32.004,13.436513195500075
4218.589,400,280,32.004,13.437411085500072
4218.956,400,275,31.4325,13.440615454250073
4219.193,400,275,31.4325,13.442684760500073
4219.393,400,280,32.004,13.444462760500071
4219.488,400,280,32.004,13.445307310500073
4219.492,400,280,32.004,13.445342870500072
4219.95,400,275,31.4325,13.449341783000069
4220.187,400,275,31.4325,13.451411089250069
4220.299,400,275,31.4325,13.45238898925007
4220.501,400,280,32.004,13.454184769250071
4220.59,400,280,32.004,13.45497597925007
4220.593,400,280,32.004,13.455002649250067
4220.964,400,270,30.861,13.458183046750069
4221.092,400,270,30.861,13.459280326750067
4221.287,400,275,31.4325,13.460982920500072
4221.398,400,275,31.4325,13.46195208925007
4221.593,400,279,31.8897,13.463679448000068
4221.789,400,280,32.004,13.465421888000067
4221.953,400,260,29.718,13.466775708000073
4222.234,400,280,32.004,13.469273798000073
4222.287,400,260,29.718,13.469711313000072
4222.313,400,275,31.4325,13.46993832550007
4222.385,400,270,30.861,13.470555545500071
4222.499,400,275,31.4325,13.471550908000067
4222.892,400,280,32.004,13.475044678000067
4222.893,400,280,32.004,13.47505356800007
4222.951,400,270,30.861,13.47555077300007
4223.224,400,278,31.7754,13.47796040750007
4223.284,400,270,30.861,13.478474757500067
4223.487,400,274,31.3182,13.48024075600007
4223.495,400,260,29.718,13.480306796000068
4223.588,400,275,31.4325,13.481118802250068
4223.589,400,270,30.861,13.48112737475007
4223.79,400,277,31.6611,13.48289511950007
4223.949,400,260,29.718,13.484207664500067
4223.986,400,280,32.004,13.484536594500069
4223.994,400,280,32.004,13.484607714500067
4224.089,400,260,29.718,13.485391939500069
4224.506,400,273,31.2039,13.489006391250072
4224.585,400,270,30.861,13.48968361875007
4224.891,400,275,31.4325,13.492355381250066
4224.949,400,255,29.1465,13.492824963750065
4224.991,400,280,32.004,13.493198343750068
4225.164,400,268,30.6324,13.494670400750065
4225.164,400,260,29.718,13.494670400750065
4225.286,400,255,29.1465,13.495658143250068
4225.344,400,275,31.4325,13.496164555750068
4225.384,400,260,29.718,13.496494755750069
4225.587,400,270,30.861,13.498234973250073
4225.789,400,266,30.4038,13.499940964250067
4225.813,400,275,31.4325,13.50015051425007
4225.907,400,275,31.4325,13.50097125175007
4225.952,400,255,29.1465,13.50133558300007
4226.154,400,262,29.9466,13.503015920000072
4226.164,400,272,31.0896,13.503102280000066
4226.284,400,255,29.1465,13.504073830000065
4226.489,400,260,29.718,13.505766105000065
4226.494,400,255,29.1465,13.505806586250065
4226.588,400,268,30.6324,13.506606432250065
4226.785,400,264,30.1752,13.508257686250065
4226.788,400,270,30.861,13.508283403750063
4226.891,400,264,30.1752,13.509146749750064
4226.904,400,275,31.4325,13.509260256000072
4226.948,400,255,29.1465,13.50961649100007
4227.089,400,255,29.1465,13.510758062250067
4227.587,400,255,29.1465,13.514789994750071
4227.785,400,261,29.8323,13.516430771250066
4227.788,400,266,30.4038,13.516456107750063
4227.814,400,270,30.861,13.51667899275007
4227.955,400,250,28.575,13.517798180250066
4228.154,400,255,29.1465,13.51940933400007
4228.154,400,259,29.6037,13.51940933400007
4228.19,400,250,28.575,13.519695084000062
4228.214,400,266,30.4038,13.519897776000064
4228.384,400,255,29.1465,13.521274138500065
4228.585,400,255,29.1465,13.522901484750065
4228.785,400,258,29.4894,13.524539784750063
4228.787,400,255,29.1465,13.524555977250067
4228.807,400,260,29.718,13.524721077250064
4228.894,400,264,30.1752,13.525450311250067
4228.895,400,269,30.7467,13.52545885200007
4228.956,400,250,28.575,13.525943039500067
4229.189,400,250,28.575,13.527792477000068
4229.385,400,250,28.575,13.529348227000067
4229.489,400,255,29.1465,13.530190237000062
4229.586,400,257,29.3751,13.530981732750067
4229.784,400,255,29.1465,13.532584790250063
4229.947,400,245,28.0035,13.533852726500067
4230.086,400,261,29.8323,13.535004584750068
4230.09,400,270,30.861,13.535038874750066
4230.144,400,255,29.1465,13.535476072250066
4230.184,400,245,28.0035,13.535787222250066
4230.39,400,250,28.575,13.537422347250068
4230.586,400,254,29.0322,13.539002989250067
4230.593,400,250,28.575,13.539058551750063
4230.788,400,255,29.1465,13.54063732050006
4230.789,400,255,29.1465,13.540645416750062
4230.946,400,250,28.575,13.541891604250063
4231.062,400,250,28.575,13.542812354250064
4231.086,400,260,29.718,13.543010474250066
4231.264,400,255,29.1465,13.544451606750064
4231.292,400,245,28.0035,13.544669411750066
4231.485,400,250,28.575,13.54620134925006
4231.788,400,253,28.9179,13.548635272500059
4231.892,400,255,29.1465,13.549477282500062
4231.894,400,255,29.1465,13.549493475000066
4231.952,400,240,27.432,13.549935435000066
4231.984,400,255,29.1465,13.550194515000067
4232.144,400,250,28.575,13.551464515000065
4232.284,400,240,27.432,13.55253131500006
4232.284,400,250,28.575,13.55253131500006
4232.393,400,245,28.0035,13.553379198750063
4232.591,400,249,28.4607,13.554944537250066
4232.983,400,255,29.1465,13.558118267250064
4233.089,400,255,29.1465,13.558976469750062
4233.184,400,252,28.8036,13.559736564750065
4233.204,400,250,28.575,13.559895314750062
4233.303,400,250,28.575,13.560681127250064
4233.49,400,246,28.1178,13.562141690750062
4233.582,400,240,27.432,13.562842730750067
4233.792,400,250,28.575,13.564509605750066
4233.889,400,250,28.575,13.565279543250064
4234.086,400,255,29.1465,13.566874504500065
4234.274,400,248,28.3464,13.568354816500065
4234.304,400,240,27.432,13.568583416500063
4234.484,400,248,28.3464,13.570000736500065
4234.59,400,247,28.2321,13.570832015000063
4234.794,400,247,28.2321,13.57243183400006
4234.894,400,250,28.575,13.573225584000063
4234.983,400,250,28.575,13.573932021500063
4235.508,400,246,28.1178,13.57803253400006
4235.585,400,407,46.5201,13.579027547250064
4235.896,400,245,28.0035,13.58144673850006
4236.085,400,250,28.575,13.582946926000064
4236.194,400,248,28.3464,13.583805192000067
4236.782,400,574,65.6082,13.594521198000063
4236.985,400,245,28.0035,13.59610028425006
4237.134,400,244,27.8892,13.597254587250063
4237.294,400,249,28.4607,13.598519507250062
4237.786,400,241,27.5463,13.602284168250064
4237.889,400,741,84.6963,13.604707423500065
4237.902,400,250,28.575,13.604810611000064
4238.812,400,240,27.432,13.611744811000062
4239.085,400,991,113.2713,13.620334551250066
4255.895,400,285,32.5755,13.77244403875007
4257.178,400,285,32.5755,13.784053585000065
4257.941,400,280,32.004,13.790836655000064
4258.279,400,280,32.004,13.79384147500007
4258.286,400,285,32.5755,13.793904816250066
4258.943,400,285,32.5755,13.799849845000068
4259.377,400,285,32.5755,13.80377700250007
4259.481,400,280,32.004,13.804701562500064
4259.575,400,285,32.5755,13.805552145000064
4259.939,400,285,32.5755,13.808845890000068
4260.182,400,285,32.5755,13.811044736250063
4260.377,400,285,32.5755,13.812809242500068
4260.949,400,280,32.004,13.817894322500061
4261.064,400,280,32.004,13.818916672500068
4261.104,400,284,32.4612,13.819277352500068
4261.176,400,280,32.004,13.819917432500068
4261.382,400,285,32.5755,13.82178147500006
4261.477,400,285,32.5755,13.822641106250062
4261.778,400,281,32.1183,13.825326553000066
4261.891,400,280,32.004,13.82633112300006
4261.94,400,280,32.004,13.82676673300006
4262.074,400,283,32.3469,13.82797075650006
4262.276,400,280,32.004,13.829766536500061
4262.484,400,280,32.004,13.831615656500066
4262.577,400,285,32.5755,13.832457190250064
4262.577,400,285,32.5755,13.832457190250064
4262.878,400,282,32.2326,13.83515219375006
4263.044,400,282,32.2326,13.836638474750062
4263.182,400,280,32.004,13.837865294750062
4263.276,400,280,32.004,13.838700954750061
4263.476,400,280,32.004,13.84047895475006
4263.779,400,280,32.004,13.843172624750066
4263.881,400,283,32.3469,13.844089120250064
4263.901,400,280,32.004,13.84426692025006
4263.946,400,280,32.004,13.844666970250062
4264.035,400,280,32.004,13.845458180250061
4264.054,400,284,32.4612,13.845629503250063
4264.094,400,285,32.5755,13.845991453250063
4264.293,400,280,32.004,13.847760563250059
4264.381,400,280,32.004,13.848542883250065
4264.777,400,283,32.3469,13.852101042250062
4264.881,400,285,32.5755,13.853042112250066
4264.976,400,284,32.4612,13.85389872725006
4265.064,400,280,32.004,13.854681047250066
4265.078,400,280,32.004,13.854805507250067
4265.273,400,280,32.004,13.856539057250064
4265.276,400,280,32.004,13.85656572725006
4265.387,400,280,32.004,13.85755251725006
4265.476,400,280,32.004,13.858343727250059
4265.88,400,285,32.5755,13.861999422250063
4265.882,400,282,32.2326,13.862017329250058
4265.944,400,280,32.004,13.862568509250066
4266.054,400,280,32.004,13.863546409250063
4266.085,400,285,32.5755,13.863826920500061
4266.178,400,280,32.004,13.86465369050006
4266.294,400,280,32.004,13.86568493050006
4266.475,400,280,32.004,13.867294020500063
4266.489,400,280,32.004,13.867418480500056
4266.777,400,280,32.004,13.86997880050006
4266.877,400,285,32.5755,13.870883675500064
4266.879,400,280,32.004,13.870901455500059
4266.939,400,280,32.004,13.871434855500063
4267.124,400,280,32.004,13.873079505500058
4267.275,400,280,32.004,13.874421895500056
4267.294,400,280,32.004,13.874590805500059
4267.395,400,280,32.004,13.875488695500064
4267.475,400,280,32.004,13.876199895500063
4267.587,400,280,32.004,13.877195575500064
4267.784,400,280,32.004,13.878946905500056
4267.885,400,280,32.004,13.87984479550006
4267.886,400,280,32.004,13.879853685500063
4267.95,400,280,32.004,13.880422645500058
4268.272,400,280,32.004,13.883285225500059
4268.475,400,280,32.004,13.885089895500062
4268.478,400,280,32.004,13.88511656550006
4268.496,400,280,32.004,13.88527658550006
4268.574,400,280,32.004,13.885970005500056
4268.778,400,280,32.004,13.887783565500062
4268.948,400,280,32.004,13.889294865500062
4268.976,400,280,32.004,13.889543785500056
4269.164,400,280,32.004,13.891215105500057
4269.178,400,280,32.004,13.891339565500058
4269.474,400,280,32.004,13.89397100550006
4269.58,400,280,32.004,13.894913345500058
4269.774,400,280,32.004,13.896638005500062
4269.796,400,280,32.004,13.896833585500062
4269.882,400,280,32.004,13.897598125500055
4269.945,400,270,30.861,13.898138193000056
4270.044,400,280,32.004,13.899018303000057
4270.074,400,280,32.004,13.899285003000054
4270.174,400,270,30.861,13.900142253000057
4270.474,400,280,32.004,13.90280925300006
4270.572,400,280,32.004,13.903680473000058
4270.778,400,280,32.004,13.905511813000059
4270.879,400,280,32.004,13.906409703000056
4270.882,400,280,32.004,13.906436373000053
4270.887,400,280,32.004,13.906480823000054
4271.014,400,280,32.004,13.907609853000057
4271.478,400,270,30.861,13.911587493000056
4271.574,400,280,32.004,13.912440933000052
4271.58,400,280,32.004,13.912494273000055
4271.773,400,280,32.004,13.914210043000057
4271.797,400,280,32.004,13.914423403000052
4271.973,400,280,32.004,13.915988043000056
4271.974,400,280,32.004,13.915996933000057
4272.577,400,270,30.861,13.921166150500058
4272.773,400,280,32.004,13.922908590500057
4272.879,400,280,32.004,13.923850930500056
4272.973,400,280,32.004,13.924686590500055
4273.074,400,278,31.7754,13.925578067000052
4273.172,400,280,32.004,13.92644928700005
4273.777,400,276,31.5468,13.931750902000054
4273.881,400,280,32.004,13.932675462000057
4273.891,400,280,32.004,13.932764362000052
4273.972,400,280,32.004,13.933484452000053
4274.034,400,381,43.5483,13.934234450500051
4274.879,400,274,31.3182,13.941585528000054
4274.897,400,450,51.435,13.941842703000054
4275.074,400,604,69.0372,13.945237032000048
4275.075,400,280,32.004,13.94524592200005
4275.08,400,280,32.004,13.94529037200005
4275.974,400,271,30.9753,13.952982571500053
4276.172,400,280,32.004,13.954742791500047
4276.184,400,827,94.5261,13.955057878500064
4276.272,400,450,51.435,13.956315178500061
4276.891,400,270,30.861,13.961621556000058
4276.94,400,305,34.8615,13.962096059750058
4277.272,400,305,34.8615,13.965311064750061
4277.475,400,450,51.435,13.968211427250067
4278.572,400,305,34.8615,13.978834501000064
4279.014,400,450,51.435,13.985149576000063
4279.475,400,305,34.8615,13.989613784750066
4279.772,400,435,49.7205,13.99371572600006
4280.572,400,406,46.4058,14.004028126000062
4280.994,400,305,34.8615,14.008114668500058
4281.014,400,948,108.3564,14.008716648500071
4281.77,400,377,43.0911,14.017765779500074
4281.771,400,305,34.8615,14.017775463250068
4282.254,400,574,65.6082,14.026577896750071
4282.794,400,450,51.435,14.03429314675007
4282.882,400,305,34.8615,14.035145316750068
4282.971,400,334,38.1762,14.036089117250068
4284.072,400,305,34.8615,14.046750926000074
4284.072,400,305,34.8615,14.046750926000074
4285.072,400,305,34.8615,14.056434676000075
4296.891,400,230,26.289,14.142742923500071
4298.264,400,230,26.289,14.152769256000076
4298.95,400,230,26.289,14.157778771000073
4299.17,400,230,26.289,14.159385321000075
4299.464,400,230,26.289,14.161532256000074
4299.964,400,795,90.8685,14.174152881000074
4300.172,400,795,90.8685,14.179403061000064
4300.285,400,230,26.289,14.180228243500066
4300.466,400,230,26.289,14.18154999600007
4301.47,400,795,90.8685,14.206892211000069
4301.478,400,230,26.289,14.206950631000067
4301.567,400,230,26.289,14.207600553500066
4302.954,400,795,90.8685,14.24261016725006
4302.994,400,343,39.2049,14.24304577725006
4302.994,400,230,26.289,14.24304577725006
4303.769,400,456,52.1208,14.254266227250069
4303.874,400,230,26.289,14.255032989750065
4303.954,400,932,106.52759999999999,14.257400269750063
4304.966,400,569,65.0367,14.275682808750075
4305.069,400,230,26.289,14.276434966250076
4305.964,400,738,84.3534,14.297406158750064
4306.164,400,230,26.289,14.298866658750063
4306.966,400,795,90.8685,14.319110141250079
4309.932,400,275,31.4325,14.345007028750073
4310.261,400,275,31.4325,14.34787961000008
4310.932,400,270,30.861,14.353631757500073
4311.169,400,270,30.861,14.355663440000074
4311.464,400,275,31.4325,14.358239158750074
4311.936,400,270,30.861,14.362285378750071
4312.264,400,270,30.861,14.365097158750075
4312.463,400,270,30.861,14.366803086250071
4312.561,400,275,31.4325,14.36765874875007
4312.939,400,260,29.718,14.370779138750075
4313.26,400,260,29.718,14.373428993750075
4313.466,400,270,30.861,14.375194928750076
4313.483,400,941,107.5563,14.375702833500071
4313.564,400,270,30.861,14.376397206000073
4313.924,400,274,31.3182,14.37952902600007
4313.929,400,260,29.718,14.37957030100007
4314.163,400,260,29.718,14.381501971000066
4314.463,400,260,29.718,14.383978471000068
4314.924,400,270,30.861,14.38793039350007
4314.927,400,260,29.718,14.387955158500068
4314.964,400,270,30.861,14.38827234100007
4315.014,400,273,31.2039,14.38870572850007
4315.054,400,719,82.18169999999999,14.38961885850007
4315.262,400,260,29.718,14.391335898500067
4315.461,400,260,29.718,14.392978643500072
4315.462,400,260,29.718,14.392986898500073
4315.864,400,386,44.1198,14.397913609500062
4315.869,400,270,30.861,14.397956472000063
4315.871,400,272,31.0896,14.397973744000065
4315.894,400,268,30.6324,14.398169451000067
4315.925,400,250,28.575,14.398415513500067
4316.262,400,250,28.575,14.401090451000064
4316.367,400,260,29.718,14.401957226000068
4316.47,400,260,29.718,14.402807491000068
4316.761,400,266,30.4038,14.40526513150007
4316.867,400,270,30.861,14.406173816500068
4316.927,400,250,28.575,14.406650066500065
4316.944,400,260,29.718,14.406790401500071
4316.964,400,270,30.861,14.406961851500068
4317.067,400,275,31.4325,14.407861170250069
4317.162,400,250,28.575,14.408615232750071
4317.462,400,250,28.575,14.410996482750072
4317.562,400,260,29.718,14.411821982750068
4317.77,400,264,30.1752,14.413565438750073
4317.863,400,270,30.861,14.414362681250072
4317.886,400,250,28.575,14.414545243750073
4317.929,400,250,28.575,14.414886556250071
4317.954,400,260,29.718,14.415092931250069
4318.014,400,260,29.718,14.415588231250071
4318.161,400,270,30.861,14.41684838875007
4318.168,400,250,28.575,14.416903951250067
4318.368,400,250,28.575,14.418491451250073
4318.462,400,250,28.575,14.419237576250074
4318.563,400,259,29.6037,14.420068124500071
4318.767,400,260,29.718,14.421752144500068
4318.87,400,260,29.718,14.422602409500069
4318.88,400,270,30.861,14.42268813450007
4318.962,400,261,29.8323,14.423367648000074
4319.275,400,250,28.575,14.425852085500068
4319.469,400,250,28.575,14.42739196050007
4319.567,400,250,28.575,14.42816983550007
4319.866,400,260,29.718,14.430638080500069
4319.914,400,257,29.3751,14.431029748500068
4319.963,400,260,29.718,14.431434243500068
4320.066,400,260,29.718,14.432284508500068
4320.373,400,250,28.575,14.434721321000067
4320.572,400,250,28.575,14.43630088350007
4320.761,400,255,29.1465,14.437831074750074
4320.863,400,260,29.718,14.438673084750073
4320.964,400,250,28.575,14.43947477225007
4321.06,400,260,29.718,14.440267252250074
4321.462,400,250,28.575,14.443458127250073
4321.874,400,250,28.575,14.446728377250068
4321.874,400,252,28.8036,14.446728377250068
4321.878,400,260,29.718,14.446761397250068
4321.974,400,250,28.575,14.447523397250071
4322.573,400,250,28.575,14.452277959750072
4322.763,400,250,28.575,14.45378608475007
4322.962,400,250,28.575,14.455365647250073
4322.966,400,250,28.575,14.455397397250072
4323.865,400,250,28.575,14.462533209750069
4323.962,400,250,28.575,14.463303147250073
4324.074,400,250,28.575,14.464192147250067
4324.783,400,250,28.575,14.469819834750073
4324.884,400,250,28.575,14.47062152225007
4325.879,400,250,28.575,14.47851933475007
4338.921,400,160,18.288,14.54477269475007
4339.257,400,160,18.288,14.546479574750068
4339.876,400,150,17.145,14.54942756225007
4339.923,400,150,17.145,14.549651399750068
4340.063,400,150,17.145,14.55031814975007
4340.368,400,160,18.288,14.551867549750073
4341.023,400,150,17.145,14.554986987250071
4341.268,400,150,17.145,14.55615379975007
4341.457,400,160,18.288,14.557113919750073
4341.926,400,150,17.145,14.559347532250072
4342.255,400,150,17.145,14.560914394750071
4342.257,400,150,17.145,14.560923919750069
4342.357,400,150,17.145,14.56140016975007
4342.564,400,158,18.0594,14.562438585250073
4342.933,400,140,16.002,14.564078790250072
4343.159,400,140,16.002,14.565083360250071
4343.457,400,150,17.145,14.566502585250074
4343.459,400,150,17.145,14.566512110250072
4343.465,400,150,17.145,14.566540685250073
4343.568,400,156,17.8308,14.567050844250074
4343.923,400,140,16.002,14.568628819250073
4344.158,400,140,16.002,14.569673394250076
4344.553,400,140,16.002,14.571429169250074
4344.554,400,150,17.145,14.571433931750075
4344.567,400,150,17.145,14.571495844250075
4344.844,400,150,17.145,14.572815056750075
4344.914,400,154,17.6022,14.573157321750074
4344.919,400,140,16.002,14.573179546750074
4345.255,400,140,16.002,14.574673066750075
4345.356,400,140,16.002,14.575122011750073
4345.453,400,140,16.002,14.575553176750077
4345.479,400,150,17.145,14.575677001750076
4345.754,400,148,16.9164,14.576969226750075
4345.874,400,151,17.2593,14.577544536750075
4345.922,400,130,14.859,14.577742656750074
4345.934,400,150,17.145,14.577799806750077
4346.251,400,130,14.859,14.579108224250078
4346.459,400,140,16.002,14.580032784250076
4346.474,400,146,16.6878,14.580102316750077
4346.555,400,140,16.002,14.580462361750078
4346.556,400,140,16.002,14.580466806750074
4346.768,400,150,17.145,14.581476456750076
4346.864,400,150,17.145,14.581933656750074
4346.922,400,130,14.859,14.582173051750074
4346.964,400,150,17.145,14.582373076750075
4347.157,400,130,14.859,14.583169684250077
4347.452,400,130,14.859,14.584387296750077
4347.755,400,144,16.4592,14.585772612750075
4347.76,400,140,16.002,14.585794837750075
4347.844,400,140,16.002,14.586168217750075
4347.866,400,150,17.145,14.586272992750075
4347.874,400,140,16.002,14.586308552750074
4347.918,400,130,14.859,14.586490162750074
4348.084,400,150,17.145,14.587280737750076
4348.254,400,130,14.859,14.587982412750076
4348.269,400,130,14.859,14.588044325250078
4348.552,400,130,14.859,14.589212407750075
4348.753,400,139,15.8877,14.590099471000075
4348.78,400,150,17.145,14.590228058500076
4348.859,400,140,16.002,14.590579213500078
4348.86,400,140,16.002,14.590583658500075
4348.862,400,141,16.1163,14.590592612000076
4348.873,400,125,14.2875,14.590636268250075
4348.918,400,125,14.2875,14.590814862000075
4349.253,400,125,14.2875,14.592144393250075
4349.459,400,130,14.859,14.592994658250076
4349.468,400,130,14.859,14.593031805750076
4349.557,400,130,14.859,14.593399153250076
4349.754,400,137,15.6591,14.594256054000075
4349.953,400,140,16.002,14.595140609000078
4350.055,400,140,16.002,14.595593999000076
4350.056,400,140,16.002,14.595598444000073
4350.159,400,125,14.2875,14.596007225250073
4350.253,400,125,14.2875,14.596380287750073
4350.457,400,130,14.859,14.597222297750076
4350.755,400,130,14.859,14.598452292750075
4350.756,400,135,15.4305,14.598456579000075
4350.757,400,140,16.002,14.598461024000072
4350.864,400,130,14.859,14.598902666500072
4350.921,400,115,13.1445,14.599110787750075
4351.153,400,140,16.002,14.600142027750074
4351.16,400,115,13.1445,14.600167586500072
4351.353,400,125,14.2875,14.600933555250073
4351.453,400,125,14.2875,14.601330430250075
4351.755,400,129,14.7447,14.602567346750073
4351.757,400,130,14.859,14.60257560175007
4351.866,400,130,14.859,14.603025499250071
4351.882,400,115,13.1445,14.60308391925007
4351.917,400,115,13.1445,14.603211713000073
4351.953,400,132,15.0876,14.603362589000074
4352.013,400,115,13.1445,14.603581664000073
4352.055,400,140,16.002,14.603768354000074
4352.353,400,115,13.1445,14.604856426500074
4352.454,400,125,14.2875,14.605257270250073
4352.459,400,125,14.2875,14.605277114000073
4352.864,400,128,14.6304,14.606923034000072
4352.954,400,130,14.859,14.607294509000074
4353.054,400,130,14.859,14.607707259000074
4353.06,400,130,14.859,14.607732024000075
4353.156,400,115,13.1445,14.608082544000073
4353.25,400,115,13.1445,14.608425761500072
4353.369,400,115,13.1445,14.60886026025007
4353.565,400,123,14.0589,14.60962568925007
4353.754,400,127,14.5161,14.610387784500071
4353.773,400,130,14.859,14.610466207000073
4353.884,400,125,14.2875,14.610906738250073
4353.919,400,105,12.0015,14.611023419500071
4354.154,400,130,14.859,14.611993382000074
4354.252,400,105,12.0015,14.612320089500074
4354.349,400,115,13.1445,14.612674260750072
4354.352,400,115,13.1445,14.612685214500072
4354.467,400,115,13.1445,14.613105108250071
4354.859,400,125,14.2875,14.614660858250074
4354.904,400,121,13.8303,14.614833737000074
4354.92,400,110,12.573,14.614889617000072
4354.954,400,125,14.2875,14.61502455450007
4355.053,400,130,14.859,14.615433177000071
4355.25,400,110,12.573,14.616121199500071
4355.452,400,115,13.1445,14.616858752000072
4355.455,400,105,12.0015,14.61686875325007
4355.458,400,115,13.1445,14.61687970700007
4355.56,400,115,13.1445,14.617252134500072
4355.759,400,125,14.2875,14.618041915750071
4355.761,400,119,13.6017,14.618049472250073
4355.917,400,105,12.0015,14.618569537250073
4355.959,400,125,14.2875,14.618736224750071
4356.155,400,105,12.0015,14.619389639750072
4356.452,400,110,12.573,14.620426912250073
4356.555,400,105,12.0015,14.620770288500074
4356.814,400,115,13.1445,14.621715962250073
4356.854,400,114,13.0302,14.621860742250073
4356.856,400,116,13.258799999999999,14.621868108250071
4356.859,400,125,14.2875,14.621880014500073
4356.915,400,105,12.0015,14.622066704500071
4357.014,400,115,13.1445,14.622428178250072
4357.252,400,105,12.0015,14.623221610750072
4357.451,400,105,12.0015,14.623885027000071
4357.75,400,106,12.1158,14.624891311500072
4357.751,400,115,13.1445,14.624894962750073
4357.774,400,115,13.1445,14.624978941500073
4357.794,400,110,12.573,14.625048791500072
4357.856,400,112,12.8016,14.625269263500071
4357.927,400,95,10.8585,14.62548341725007
4357.953,400,115,13.1445,14.625578349750073
4358.248,400,95,10.8585,14.626468143500071
4358.455,400,105,12.0015,14.627158229750073
4358.46,400,105,12.0015,14.627174898500073
4358.558,400,109,12.4587,14.627514052000073
4358.754,400,115,13.1445,14.628229697000073
4358.784,400,107,12.2301,14.628331614500071
4358.874,400,115,13.1445,14.628660227000072
4358.916,400,95,10.8585,14.628786909500073
4358.95,400,110,12.573,14.628905654500072
4359.151,400,95,10.8585,14.62951192075007
4359.451,400,95,10.8585,14.63041679575007
4359.752,400,108,12.3444,14.631448924750073
4359.753,400,108,12.3444,14.63145235375007
4359.779,400,115,13.1445,14.631547286250074
4359.814,400,105,12.0015,14.631663967500073
4359.844,400,105,12.0015,14.631763980000072
4359.994,400,107,12.2301,14.63227356750007
4360.45,400,95,10.8585,14.63364897750007
4360.454,400,95,10.8585,14.63366104250007
4360.752,400,105,12.0015,14.634654500000071
4360.784,400,103,11.7729,14.634759148000068
4360.859,400,107,12.2301,14.63501394175007
4360.865,400,105,12.0015,14.635033944250068
4360.952,400,109,12.4587,14.63533502950007
4361.46,400,95,10.8585,14.636867284500068
4361.75,400,101,11.5443,14.637797242000069
4361.804,400,95,10.8585,14.63796011950007
4361.949,400,105,12.0015,14.638443513250069
4362.052,400,105,12.0015,14.63878688950007
4362.06,400,110,12.573,14.638814829500072
4362.752,400,99,11.3157,14.640989958500072
4362.854,400,94,10.7442,14.64129437750007
4362.894,400,95,10.8585,14.64141502750007
4362.949,400,105,12.0015,14.641598383750068
4363.149,400,105,12.0015,14.64226513375007
4363.752,400,93,10.6299,14.644045642000071
4363.858,400,95,10.8585,14.64436536450007
4363.951,400,96,10.9728,14.644648828500069
4363.951,400,105,12.0015,14.644648828500069
4364.854,400,92,10.5156,14.64728649150007
4364.956,400,95,10.8585,14.647594149000069
4365.054,400,95,10.8585,14.64788974150007
4365.857,400,90,10.286999999999999,14.65018431400007
4366.151,400,95,10.8585,14.65107109150007
4366.951,400,90,10.286999999999999,14.65335709150007
4387.863,400,275,31.4325,14.835944991500071
4387.91,400,605,69.1515,14.836847802750063
4388.243,400,605,69.1515,14.843244316500073
4389.146,400,275,31.4325,14.851128635250067
4389.341,400,605,69.1515,14.854874341500079
4389.906,400,275,31.4325,14.859807497750076
4390.243,400,275,31.4325,14.86274992900008
4390.258,400,275,31.4325,14.862880897750074
4390.443,400,605,69.1515,14.866434516500082
4390.911,400,270,30.861,14.87044644650008
4391.24,400,270,30.861,14.873266799000078
4391.446,400,275,31.4325,14.875065436500078
4391.452,400,539,61.6077,14.875168116000083
4391.547,400,275,31.4325,14.875997584750078
4391.909,400,270,30.861,14.879100829750078
4392.148,400,270,30.861,14.881149657250083
4392.442,400,270,30.861,14.88366997225008
4392.744,400,275,31.4325,14.886306809750078
4392.744,400,985,112.5855,14.886306809750078
4392.764,400,473,54.0639,14.886607164750085
4392.906,400,260,29.718,14.887779374750084
4393.145,400,260,29.718,14.889752319750087
4393.354,400,270,30.861,14.891543972250085
4393.534,400,275,31.4325,14.89311559725008
4393.745,400,274,31.3182,14.894951191750083
4393.748,400,407,46.5201,14.89498995850008
4393.847,400,275,31.4325,14.895854352250081
4393.915,400,250,28.575,14.896394102250083
4393.941,400,700,80.01,14.89697195225008
4394.241,400,250,28.575,14.899353202250081
4394.434,400,270,30.861,14.901007694750083
4394.451,400,260,29.718,14.901148029750082
4394.543,400,270,30.861,14.90193669975008
4394.543,400,270,30.861,14.90193669975008
4394.741,400,273,31.2039,14.903652914250083
4394.843,400,308,35.2044,14.904650372250082
4394.909,400,250,28.575,14.90517424725008
4394.941,400,275,31.4325,14.905453647250082
4395.049,400,605,69.1515,14.907528192250085
4395.147,400,250,28.575,14.908306067250084
4395.341,400,250,28.575,14.909845942250087
4395.445,400,260,29.718,14.91070446225008
4395.741,400,275,31.4325,14.913288912250083
4395.744,400,272,31.0896,14.913314820250081
4395.747,400,270,30.861,14.913340537750086
4395.774,400,268,30.6324,14.913570280750086
4395.863,400,240,27.432,14.914248460750086
4395.909,400,240,27.432,14.914598980750082
4395.941,400,275,31.4325,14.914878380750084
4396.009,400,240,27.432,14.915396540750086
4396.262,400,250,28.575,14.917404728250084
4396.441,400,250,28.575,14.918825540750085
4396.744,400,266,30.4038,14.921384527250083
4396.852,400,270,30.861,14.922310357250085
4396.865,400,230,26.289,14.922405289750085
4396.94,400,271,30.9753,14.923050608500084
4397.043,400,275,31.4325,14.923949927250085
4397.239,400,240,27.432,14.925443447250084
4397.339,400,240,27.432,14.926205447250087
4397.353,400,250,28.575,14.926316572250087
4397.434,400,258,29.4894,14.926980083750088
4397.453,400,250,28.575,14.92713089625009
4397.743,400,256,29.2608,14.929488016250088
4397.942,400,264,30.1752,14.931156034250085
4397.942,400,270,30.861,14.931156034250085
4398.049,400,270,30.861,14.932073291750084
4398.144,400,230,26.289,14.932767029250087
4398.341,400,240,27.432,14.934268169250087
4398.541,400,240,27.432,14.935792169250085
4398.545,400,248,28.3464,14.935823665250085
4398.743,400,254,29.0322,14.937420436250088
4398.851,400,261,29.8323,14.938315405250082
4398.874,400,250,28.575,14.938497967750083
4398.906,400,230,26.289,14.938731647750084
4399.142,400,270,30.861,14.940754757750083
4399.241,400,230,26.289,14.941477705250085
4399.339,400,240,27.432,14.942224465250085
4399.36,400,240,27.432,14.942384485250082
4399.538,400,230,26.289,14.94368433025008
4399.553,400,246,28.1178,14.943801487750083
4399.755,400,250,28.575,14.945404862750085
4399.908,400,220,25.146,14.946473567750086
4399.94,400,260,29.718,14.94673772775008
4399.942,400,251,28.6893,14.946753666250082
4400.238,400,220,25.146,14.948821226250084
4400.45,400,230,26.289,14.95036935625008
4400.452,400,239,27.3177,14.950384532750084
4400.541,400,230,26.289,14.951034455250083
4400.541,400,240,27.432,14.951034455250083
4400.814,400,244,27.8892,14.953149386250084
4400.844,400,250,28.575,14.953387511250082
4400.942,400,250,28.575,14.95416538625008
4401.44,400,220,25.146,14.957643916250078
4401.544,400,230,26.289,14.958403376250079
4401.741,400,230,26.289,14.95984196875008
4401.746,400,237,27.0891,14.95987959250008
4401.768,400,241,27.5463,14.96004793100008
4401.947,400,250,28.575,14.961468743500081
4402.434,400,240,27.432,14.965179683500082
4402.538,400,220,25.146,14.965906123500078
4402.843,400,240,27.432,14.96823022350008
4402.845,400,235,26.8605,14.968245146000084
4402.846,400,230,26.289,14.96825244850008
4402.859,400,240,27.432,14.968351508500085
4403.034,400,228,26.0604,14.96961833350008
4403.739,400,226,25.8318,14.97467706100008
4403.841,400,230,26.289,14.975421916000085
4403.845,400,240,27.432,14.975452396000085
4404.041,400,232,26.517599999999998,14.976896132000084
4404.234,400,219,25.0317,14.978238109250086
4404.741,400,224,25.6032,14.981843893250083
4404.744,400,218,24.9174,14.981864657750082
4404.841,400,230,26.289,14.982573000250087
4405.138,400,230,26.289,14.984741842750083
4405.847,400,217,24.8031,14.989626675500082
4405.938,400,221,25.2603,14.990265199750084
4405.941,400,230,26.289,14.990287107250081
4406.94,400,215,24.5745,14.99710653100008
4407.048,400,220,25.146,14.997860911000082
4408.137,400,215,24.5745,15.005294697250081
4420.899,400,305,34.8615,15.128878714750087
4421.234,400,305,34.8615,15.132122771000088
4421.902,400,305,34.8615,15.138591516000085
4422.137,400,305,34.8615,15.140867197250081
4422.532,400,305,34.8615,15.144692278500086
4422.901,400,295,33.7185,15.148148424750083
4423.235,400,295,33.7185,15.151276752250082
4423.334,400,305,34.8615,15.152235443500084
4423.634,400,305,34.8615,15.155140568500086
4423.903,400,295,33.7185,15.157660089750088
4424.137,400,295,33.7185,15.159851792250084
4424.535,400,295,33.7185,15.163579559750085
4424.535,400,305,34.8615,15.163579559750085
4424.539,400,305,34.8615,15.163618294750083
4424.902,400,295,33.7185,15.167018243500086
4425.139,400,295,33.7185,15.169238044750086
4425.534,400,295,33.7185,15.172937713500081
4425.534,400,295,33.7185,15.172937713500081
4425.739,400,305,34.8615,15.174922882250081
4425.897,400,295,33.7185,15.176402749750086
4426.138,400,295,33.7185,15.178660016000086
4426.335,400,295,33.7185,15.180505167250086
4426.434,400,304,34.7472,15.181460715250088
4426.633,400,295,33.7185,15.183324599000084
4426.737,400,295,33.7185,15.184298689000087
4426.838,400,302,34.5186,15.185267127500085
4426.844,400,305,34.8615,15.185325230000087
4426.908,400,290,33.147,15.18591451000009
4427.133,400,290,33.147,15.187986197500086
4427.443,400,295,33.7185,15.19088973500009
4427.534,400,295,33.7185,15.191742063750084
4427.539,400,295,33.7185,15.191788895000085
4427.735,400,295,33.7185,15.193624680000084
4427.898,400,290,33.147,15.195125502500089
4427.932,400,300,34.29,15.195449352500086
4428.035,400,305,34.8615,15.196446778750087
4428.041,400,305,34.8615,15.196504881250089
4428.138,400,290,33.147,15.197398008750087
4428.338,400,290,33.147,15.199239508750084
4428.435,400,295,33.7185,15.20014803500009
4428.739,400,295,33.7185,15.202995375000082
4428.837,400,297,33.9471,15.203919490500091
4428.858,400,285,32.5755,15.204109514250089
4428.9,400,285,32.5755,15.204489561750083
4429.001,400,285,32.5755,15.205403485500089
4429.032,400,305,34.8615,15.205703681750087
4429.034,400,295,33.7185,15.205722414250083
4429.253,400,290,33.147,15.207738856750083
4429.433,400,290,33.147,15.209396206750085
4429.624,400,295,33.7185,15.211185160500083
4429.633,400,294,33.6042,15.211269171000083
4429.834,400,295,33.7185,15.213151787250084
4429.839,400,295,33.7185,15.213198618500085
4429.854,400,285,32.5755,15.213334349750088
4429.932,400,295,33.7185,15.214064917250084
4430.034,400,295,33.7185,15.215020274750083
4430.23,400,285,32.5755,15.216793829750083
4430.33,400,285,32.5755,15.217698704750086
4430.344,400,290,33.147,15.217827609750087
4430.445,400,290,33.147,15.218757567250083
4430.734,400,293,33.4899,15.221446062000089
4430.933,400,295,33.7185,15.223309945750085
4430.936,400,295,33.7185,15.223338044500082
4431.04,400,295,33.7185,15.224312134500085
4431.135,400,285,32.5755,15.225171765750087
4431.332,400,285,32.5755,15.226954369500088
4431.432,400,285,32.5755,15.227859244500083
4431.538,400,289,33.0327,15.22883187400008
4431.735,400,295,33.7185,15.230677025250081
4431.736,400,292,33.3756,15.230686296250083
4431.754,400,290,33.147,15.230852031250082
4431.896,400,285,32.5755,15.23213695375008
4432.133,400,295,33.7185,15.23435675500008
4432.233,400,285,32.5755,15.235261630000084
4432.33,400,285,32.5755,15.236139358750082
4432.351,400,285,32.5755,15.23632938250008
4432.53,400,285,32.5755,15.23794910875008
4432.539,400,288,32.9184,15.23803140475008
4432.836,400,290,33.147,15.240766032250084
4432.9,400,270,30.861,15.241314672250079
4432.933,400,290,33.147,15.241618519750082
4433.033,400,295,33.7185,15.242555144750085
4433.229,400,270,30.861,15.244235354750085
4433.443,400,285,32.5755,15.246171787250084
4433.444,400,285,32.5755,15.246180836000086
4433.533,400,285,32.5755,15.246986174750086
4433.534,400,285,32.5755,15.246995223500079
4433.784,400,287,32.8041,15.24927328600008
4433.842,400,290,33.147,15.249807321000079
4433.905,400,280,32.004,15.25036739100008
4434.034,400,290,33.147,15.251555158500079
4434.131,400,280,32.004,15.252417488500084
4434.431,400,270,30.861,15.254989238500078
4434.632,400,285,32.5755,15.256808037250078
4434.633,400,285,32.5755,15.25681708600008
4434.734,400,285,32.5755,15.257731009750085
4434.742,400,285,32.5755,15.257803399750083
4434.895,400,270,30.861,15.259114992250085
4434.933,400,290,33.147,15.259464877250082
4435.135,400,270,30.861,15.261196522250083
4435.431,400,280,32.004,15.263827962250078
4435.624,400,285,32.5755,15.26557437100008
4435.629,400,270,30.861,15.26561723350008
4435.631,400,283,32.3469,15.265635204000084
4435.834,400,285,32.5755,15.26747210025008
4435.835,400,285,32.5755,15.267481149000082
4435.85,400,285,32.5755,15.267616880250085
4435.887,400,270,30.861,15.26793406275008
4436.231,400,270,30.861,15.270883002750079
4436.329,400,270,30.861,15.271723107750079
4436.441,400,280,32.004,15.27271878775008
4436.624,400,285,32.5755,15.27437470900008
4436.832,400,280,32.004,15.276223829000084
4436.896,400,275,31.4325,15.27678262900008
4436.93,400,285,32.5755,15.277090286500085
4436.932,400,285,32.5755,15.27710838400008
4436.934,400,272,31.0896,15.277125656000083
4437.033,400,285,32.5755,15.278021482250084
4437.136,400,275,31.4325,15.278920801000085
4437.33,400,270,30.861,15.28058386600008
4437.532,400,270,30.861,15.282315511000082
4437.897,400,275,31.4325,15.28550241725008
4437.929,400,285,32.5755,15.285791977250081
4438.129,400,285,32.5755,15.28760172725008
4438.232,400,275,31.4325,15.28850104600008
4438.334,400,274,31.3182,15.28938839500008
4438.43,400,275,31.4325,15.290226595000084
4438.431,400,270,30.861,15.290235167500077
4438.534,400,270,30.861,15.291118135000078
4438.614,400,278,31.7754,15.291824255000076
4438.614,400,277,31.6611,15.291824255000076
4438.734,400,276,31.5468,15.292875815000084
4438.838,400,276,31.5468,15.293787167000078
4438.892,400,270,30.861,15.294250082000078
4438.929,400,273,31.2039,15.29457078875008
4438.932,400,285,32.5755,15.294597935000079
4439.136,400,270,30.861,15.296346725000085
4439.234,400,275,31.4325,15.297202387500084
4439.442,400,275,31.4325,15.299018487500081
4439.831,400,274,31.3182,15.302402593000082
4439.834,400,270,30.861,15.30242831050008
4439.899,400,265,30.2895,15.302975204250084
4439.988,400,265,30.2895,15.303724028000083
4440.033,400,279,31.8897,15.304122649250084
4440.131,400,270,30.861,15.304962754250084
4440.247,400,270,30.861,15.305957164250085
4440.43,400,275,31.4325,15.307554983000085
4440.614,400,270,30.861,15.309132323000078
4440.737,400,271,30.9753,15.310190645750083
4440.905,400,265,30.2895,15.31160415575008
4441.032,400,271,30.9753,15.312696895500084
4441.129,400,280,32.004,15.313559225500082
4441.231,400,265,30.2895,15.31441742800008
4441.234,400,275,31.4325,15.314443621750085
4441.328,400,265,30.2895,15.315234514250086
4441.33,400,270,30.861,15.315251659250082
4441.436,400,274,31.3182,15.31617380625008
4441.534,400,270,30.861,15.31701391125008
4441.737,400,275,31.4325,15.318786355000084
4441.837,400,270,30.861,15.319643605000087
4441.842,400,272,31.0896,15.31968678500008
4441.931,400,270,30.861,15.320449737500079
4442.431,400,265,30.2895,15.324656612500078
4442.436,400,265,30.2895,15.32469868125008
4442.449,400,269,30.7467,15.324809711000078
4442.541,400,273,31.2039,15.325607144000083
4442.735,400,275,31.4325,15.327301006500079
4442.931,400,274,31.3182,15.329006108500078
4443.032,400,270,30.861,15.329871931000083
4443.43,400,265,30.2895,15.333220603500084
4443.528,400,265,30.2895,15.334045151000083
4443.541,400,268,30.6324,15.334155768000082
4443.837,400,275,31.4325,15.336740218000084
4444.031,400,275,31.4325,15.33843408050008
4444.234,400,272,31.0896,15.340187188500085
4444.53,400,265,30.2895,15.34267765850008
4444.63,400,266,30.4038,15.343522208500083
4444.736,400,267,30.5181,15.344420797000081
4444.833,400,271,30.9753,15.345255409250079
4444.937,400,275,31.4325,15.346163459250082
4445.528,400,267,30.5181,15.351173514000084
4445.549,400,265,30.2895,15.351350202750082
4445.751,400,266,30.4038,15.353056193750083
4445.936,400,270,30.861,15.354642106250079
4446.756,400,265,30.2895,15.361541381250085
4447.574,400,268,30.6324,15.368501743250079
4447.604,400,265,30.2895,15.368754155750084
4447.838,400,269,30.7467,15.370752691250079
4447.842,400,265,30.2895,15.370786346250078
4449.03,400,270,30.861,15.380970476250079
4461.89,400,315,36.0045,15.509586551250084
4462.008,400,315,36.0045,15.510766698750079
4462.845,400,305,34.8615,15.518871997500083
4462.89,400,315,36.0045,15.519322053750084
4463.224,400,315,36.0045,15.522662471250083
4463.321,400,315,36.0045,15.52363259250008
4464.123,400,305,34.8615,15.531398960000077
4464.244,400,315,36.0045,15.532609111250078
4464.521,400,315,36.0045,15.53537945750008
4464.887,400,305,34.8615,15.538923710000079
4465.225,400,305,34.8615,15.542196817500084
4465.321,400,315,36.0045,15.543156937500079
4465.342,400,315,36.0045,15.543366963750076
4465.423,400,305,34.8615,15.544151347500078
4465.889,400,310,35.433,15.548737952500082
4466.223,400,310,35.433,15.55202534750008
4466.449,400,315,36.0045,15.554285630000077
4466.521,400,314,35.8902,15.555003434000078
4466.524,400,305,34.8615,15.555032485250084
4466.623,400,305,34.8615,15.555991176500077
4466.887,400,300,34.29,15.558505776500079
4467.126,400,300,34.29,15.560782251500083
4467.42,400,310,35.433,15.563675946500082
4467.523,400,305,34.8615,15.564673372750082
4467.623,400,305,34.8615,15.565641747750076
4467.902,400,290,33.147,15.568210640250081
4468.224,400,290,33.147,15.571175455250081
4468.422,400,300,34.29,15.573061405250076
4468.422,400,310,35.433,15.573061405250076
4468.514,400,315,36.0045,15.573981520250081
4468.544,400,312,35.6616,15.574278700250078
4468.827,400,305,34.8615,15.57701920150008
4468.828,400,310,35.433,15.577029044000083
4468.895,400,300,34.29,15.577667219000084
4469.222,400,300,34.29,15.580781894000078
4469.425,400,290,33.147,15.582651016500082
4469.434,400,309,35.3187,15.582739313250082
4469.514,400,305,34.8615,15.583514013250081
4469.521,400,306,34.9758,15.583582021750077
4469.624,400,300,34.29,15.584563096750077
4469.624,400,315,36.0045,15.584563096750077
4469.751,400,315,36.0045,15.58583325550008
4469.885,400,290,33.147,15.58706706050008
4469.921,400,305,34.8615,15.58741567550008
4469.921,400,307,35.0901,15.58741567550008
4470.128,400,290,33.147,15.589321628000075
4470.422,400,300,34.29,15.592121978000074
4470.522,400,290,33.147,15.593042728000079
4470.826,400,305,34.8615,15.595986588000079
4470.89,400,290,33.147,15.596575868000082
4470.921,400,307,35.0901,15.596878032750082
4471.021,400,305,34.8615,15.597846407750076
4471.121,400,290,33.147,15.59876715775008
4471.322,400,290,33.147,15.600617865250081
4471.526,400,300,34.29,15.602560965250078
4471.534,400,307,35.0901,15.602638943250076
4471.544,400,299,34.1757,15.602733875750078
4471.836,400,290,33.147,15.605422465750081
4471.883,400,300,34.29,15.605870140750078
4471.921,400,309,35.3187,15.606242949250083
4472.023,400,305,34.8615,15.60723069175008
4472.122,400,300,34.29,15.608173666750082
4472.421,400,290,33.147,15.610926709250082
4472.433,400,290,33.147,15.61103719925008
4472.524,400,298,34.0614,15.611898195750083
4472.524,400,292,33.3756,15.611898195750083
4472.524,400,297,33.9471,15.611898195750083
4472.524,400,305,34.8615,15.611898195750083
4472.92,400,303,34.6329,15.61570781475008
4472.923,400,295,33.7185,15.615735913500076
4473.029,400,310,35.433,15.616779218500083
4473.121,400,290,33.147,15.61762630850008
4473.126,400,300,34.29,15.61767393350008
4473.325,400,290,33.147,15.619506226000077
4473.584,400,294,33.6042,15.621923861500077
4473.63,400,290,33.147,15.62234740650008
4473.825,400,292,33.3756,15.624155251500076
4473.886,400,290,33.147,15.624716909000082
4474.02,400,300,34.29,15.625993259000081
4474.121,400,290,33.147,15.626923216500078
4474.319,400,290,33.147,15.628746301500081
4474.321,400,300,34.29,15.628765351500077
4474.527,400,291,33.2613,15.630668637000078
4474.584,400,296,33.8328,15.631204323000075
4474.584,400,296,33.8328,15.631204323000075
4474.622,400,290,33.147,15.631554208000079
4474.825,400,294,33.6042,15.633449111500074
4474.881,400,290,33.147,15.633964731500079
4474.92,400,299,34.1757,15.634334968250077
4475.022,400,290,33.147,15.635274133250075
4475.218,400,290,33.147,15.637078803250073
4475.321,400,290,33.147,15.638027175750073
4475.423,400,299,34.1757,15.638995487250073
4475.521,400,290,33.147,15.639897822250072
4475.621,400,293,33.4899,15.640828097250076
4475.826,400,290,33.147,15.642715634750076
4475.876,400,290,33.147,15.643176009750077
4475.922,400,291,33.2613,15.643601015250072
4476.029,400,300,34.29,15.64462019025008
4476.12,400,290,33.147,15.645458072750076
4476.124,400,290,33.147,15.645494902750075
4476.518,400,290,33.147,15.649122657750077
4476.519,400,290,33.147,15.649131865250078
4476.624,400,297,33.9471,15.650121989000075
4476.633,400,295,33.7185,15.650206285250075
4476.743,400,290,33.147,15.65121911025008
4476.885,400,290,33.147,15.652526575250079
4477.022,400,290,33.147,15.653788002750076
4477.12,400,290,33.147,15.654690337750075
4477.318,400,290,33.147,15.656513422750079
4477.42,400,290,33.147,15.657452587750077
4477.442,400,290,33.147,15.657655152750076
4477.618,400,290,33.147,15.659275672750079
4477.627,400,295,33.7185,15.659359969000079
4477.838,400,298,34.0614,15.661356345500073
4477.88,400,295,33.7185,15.661749728000077
4478.022,400,290,33.147,15.663057193000075
4478.217,400,295,33.7185,15.664883611750072
4478.426,400,290,33.147,15.666807979250079
4478.432,400,290,33.147,15.666863224250074
4478.518,400,290,33.147,15.667655069250076
4478.522,400,290,33.147,15.667691899250075
4478.541,400,290,33.147,15.667866841750078
4478.883,400,290,33.147,15.671015806750074
4478.922,400,300,34.29,15.671387281750071
4479.123,400,290,33.147,15.673237989250072
4479.319,400,295,33.7185,15.67507377425008
4479.524,400,293,33.4899,15.67698083800008
4479.622,400,290,33.147,15.67788317300008
4479.739,400,290,33.147,15.678960450500073
4479.876,400,290,33.147,15.68022187800008
4480.119,400,290,33.147,15.682459300500074
4480.419,400,290,33.147,15.685221550500076
4480.434,400,290,33.147,15.68535966300008
4480.514,400,290,33.147,15.68609626300008
4480.514,400,290,33.147,15.68609626300008
4480.52,400,291,33.2613,15.686151698500083
4480.524,400,290,33.147,15.686188528500082
4480.619,400,295,33.7185,15.687078322250077
4480.746,400,290,33.147,15.68824767475008
4480.824,400,290,33.147,15.688965859750075
4480.827,400,290,33.147,15.688993482250082
4480.869,400,290,33.147,15.689380197250077
4481.219,400,290,33.147,15.69260282225008
4481.319,400,290,33.147,15.693523572250085
4481.504,400,290,33.147,15.69522695975008
4481.526,400,290,33.147,15.695429524750079
4481.619,400,294,33.6042,15.696297633250078
4481.82,400,292,33.3756,15.698161104250078
4481.824,400,290,33.147,15.698197934250077
4481.891,400,285,32.5755,15.698804200500076
4481.918,400,290,33.147,15.699052803000077
4481.924,400,290,33.147,15.69910804800008
4482.125,400,285,32.5755,15.700926846750079
4482.322,400,290,33.147,15.70274072425008
4482.519,400,290,33.147,15.704554601750083
4482.63,400,293,33.4899,15.70558720700008
4483.018,400,290,33.147,15.70915971700008
4483.319,400,285,32.5755,15.711883390750083
4483.419,400,290,33.147,15.712804140750078
4483.484,400,290,33.147,15.713402628250083
4483.504,400,290,33.147,15.713586778250079
4483.504,400,293,33.4899,15.713586778250079
4483.519,400,290,33.147,15.713724890750083
4483.827,400,292,33.3756,15.716580358750083
4483.918,400,294,33.6042,15.717429798250077
4483.92,400,290,33.147,15.71744821325008
4484.421,400,285,32.5755,15.721981637000082
4484.494,400,290,33.147,15.722653784500077
4484.619,400,289,33.0327,15.723800753250076
4484.823,400,290,33.147,15.725679083250082
4484.92,400,291,33.2613,15.72657529050008
4485.119,400,295,33.7185,15.728439174250076
4485.494,400,290,33.147,15.731891986750076
4485.619,400,286,32.6898,15.733027049250076
4485.625,400,290,33.147,15.733082294250078
4485.627,400,288,32.9184,15.733100582250081
4485.919,400,290,33.147,15.735789172250076
4486.119,400,290,33.147,15.737630672250074
4486.624,400,287,32.8041,15.742232358500075
4486.826,400,290,33.147,15.744092273500078
4486.83,400,287,32.8041,15.744128722500077
4486.919,400,290,33.147,15.744948190000077
4487.826,400,286,32.6898,15.753184203500078
4488.019,400,290,33.147,15.754961251000081
4488.554,400,288,32.9184,15.759853291000079
4488.827,400,289,33.0327,15.762358270750081
4489.019,400,285,32.5755,15.76409563075008
4489.834,400,290,33.147,15.771599743250077
4501.83,400,325,37.1475,15.895383468250078
4503.119,400,325,37.1475,15.908684337000075
4503.876,400,320,36.576,15.91637545700008
4504.116,400,320,36.576,15.918813857000078
4504.318,400,325,37.1475,15.92089824450008
4504.828,400,310,35.433,15.925917919500082
4504.875,400,310,35.433,15.926380517000077
4505.113,400,310,35.433,15.928723032000079
4505.413,400,320,36.576,15.931771032000071
4505.513,400,325,37.1475,15.932802907000076
4505.979,400,310,35.433,15.93738951200008
4506.124,400,310,35.433,15.938816674500075
4506.413,400,320,36.576,15.941752914500071
4506.619,400,324,37.0332,15.943872036500073
4506.883,400,300,34.29,15.946386636500074
4507.134,400,310,35.433,15.948857104000076
4507.212,400,300,34.29,15.949600054000081
4507.318,400,310,35.433,15.950643359000079
4507.519,400,319,36.4617,15.95267913725008
4507.613,400,323,36.9189,15.95364313075008
4507.881,400,300,34.29,15.956195830750081
4508.209,400,300,34.29,15.959320030750076
4508.413,400,310,35.433,15.961327900750074
4508.415,400,310,35.433,15.961347585750078
4508.416,400,300,34.29,15.961357110750079
4508.613,400,317,36.2331,15.96333986650008
4508.817,400,322,36.8046,15.965425460500077
4508.873,400,290,33.147,15.965941080500073
4509.115,400,290,33.147,15.968169295500076
4509.413,400,309,35.3187,15.971092899000073
4509.509,400,300,34.29,15.972007299000078
4509.612,400,300,34.29,15.972988374000078
4509.613,400,310,35.433,15.97299821650008
4509.623,400,315,36.0045,15.973098229000074
4509.874,400,290,33.147,15.975409311500076
4510.212,400,290,33.147,15.978521446500082
4510.226,400,290,33.147,15.978650351500075
4510.432,400,307,35.0901,15.980658285000077
4510.574,400,321,36.6903,15.982105513500075
4510.609,400,300,34.29,15.982438888500083
4510.618,400,310,35.433,15.982527471000083
4510.827,400,280,32.004,15.98438548100008
4510.832,400,312,35.6616,15.984435011000082
4510.873,400,280,32.004,15.984799501000076
4511.013,400,320,36.576,15.986221901000079
4511.209,400,280,32.004,15.987964341000078
4511.404,400,300,34.29,15.989821716000083
4511.416,400,290,33.147,15.98993220600008
4511.431,400,300,34.29,15.990075081000075
4511.518,400,298,34.0614,15.99089823150008
4511.533,400,305,34.8615,15.991043487750082
4511.611,400,290,33.147,15.991761672750076
4511.622,400,310,35.433,15.99186994025008
4511.913,400,310,35.433,15.994734107750073
4512.114,400,280,32.004,15.996520997750073
4512.215,400,280,32.004,15.997418887750078
4512.512,400,290,33.147,16.000153515250073
4512.816,400,296,33.8328,16.003010507250075
4512.873,400,280,32.004,16.003517237250072
4513.211,400,280,32.004,16.006522057250077
4513.234,400,302,34.5186,16.00674259275008
4513.41,400,280,32.004,16.008307232750074
4513.411,400,280,32.004,16.008316122750074
4513.444,400,290,33.147,16.008619970250077
4513.484,400,300,34.29,16.009000970250078
4513.584,400,310,35.433,16.009985220250073
4513.815,400,294,33.6042,16.01214148975007
4513.825,400,300,34.29,16.012236739750072
4513.831,400,280,32.004,16.012290079750077
4513.873,400,280,32.004,16.012663459750073
4513.912,400,300,34.29,16.013034934750078
4514.31,400,280,32.004,16.01657315475008
4514.394,400,289,33.0327,16.01734391775008
4514.415,400,280,32.004,16.017530607750075
4514.424,400,290,33.147,16.017613475250077
4514.511,400,280,32.004,16.01838690525008
4514.611,400,280,32.004,16.019275905250073
4514.812,400,287,32.8041,16.021107467500073
4514.91,400,290,33.147,16.022009802500072
4515.012,400,291,33.2613,16.02295220600007
4515.017,400,300,34.29,16.02299983100007
4515.116,400,280,32.004,16.02387994100007
4515.21,400,280,32.004,16.02471560100007
4515.414,400,280,32.004,16.02652916100007
4515.815,400,290,33.147,16.03022136850007
4515.884,400,275,31.4325,16.030823824750073
4516.109,400,290,33.147,16.032895512250075
4516.11,400,275,31.4325,16.03290424350007
4516.316,400,280,32.004,16.034735583500073
4516.41,400,280,32.004,16.035571243500073
4516.414,400,280,32.004,16.035606803500073
4516.434,400,280,32.004,16.035784603500076
4516.484,400,285,32.5755,16.036237041000078
4516.611,400,280,32.004,16.037366071000072
4516.815,400,280,32.004,16.03917963100007
4516.834,400,265,30.2895,16.039339492250072
4516.872,400,275,31.4325,16.039671279750078
4516.909,400,282,32.2326,16.040002559250073
4516.969,400,275,31.4325,16.040526434250076
4517.012,400,290,33.147,16.040922356750073
4517.31,400,275,31.4325,16.043524269250078
4517.41,400,280,32.004,16.04441326925007
4517.414,400,280,32.004,16.044448829250072
4517.415,400,280,32.004,16.044457719250072
4517.814,400,280,32.004,16.048004829250075
4517.911,400,280,32.004,16.048867159250072
4518.011,400,280,32.004,16.049756159250077
4518.113,400,265,30.2895,16.050614361750075
4518.129,400,275,31.4325,16.050754061750073
4518.322,400,275,31.4325,16.052439193000076
4518.444,400,280,32.004,16.05352377300008
4518.61,400,279,31.8897,16.054994242500072
4518.615,400,280,32.004,16.055038692500073
4518.873,400,255,29.1465,16.057127525000073
4518.911,400,280,32.004,16.05746534500008
4519.008,400,280,32.004,16.058327675000076
4519.209,400,255,29.1465,16.059955021250076
4519.23,400,275,31.4325,16.060138377500074
4519.409,400,265,30.2895,16.061644438750076
4519.416,400,275,31.4325,16.06170555750008
4519.464,400,280,32.004,16.062132277500076
4519.615,400,278,31.7754,16.063465079000075
4519.814,400,280,32.004,16.06523418900008
4519.827,400,280,32.004,16.065349759000078
4519.877,400,255,29.1465,16.06575457150008
4519.913,400,280,32.004,16.06607461150007
4520.206,400,255,29.1465,16.068446812750075
4520.413,400,255,29.1465,16.07012273650007
4520.414,400,265,30.2895,16.070131150250074
4520.422,400,273,31.2039,16.070200492250073
4520.522,400,275,31.4325,16.071073617250075
4520.872,400,245,28.0035,16.07379617975008
4520.914,400,280,32.004,16.074169559750075
4521.112,400,245,28.0035,16.075709752250077
4521.408,400,255,29.1465,16.07810624225008
4521.444,400,280,32.004,16.07842628225008
4521.464,400,277,31.6611,16.078602177250076
4521.51,400,271,30.9753,16.078997972750077
4521.609,400,255,29.1465,16.07979950150008
4521.609,400,264,30.1752,16.07979950150008
4521.623,400,275,31.4325,16.079921739000074
4521.873,400,235,26.8605,16.081787051500076
4521.911,400,280,32.004,16.08212487150008
4522.108,400,235,26.8605,16.083594737750083
4522.506,400,245,28.0035,16.086690680250083
4522.51,400,262,29.9466,16.086723954250083
4522.574,400,275,31.4325,16.087282754250076
4522.606,400,255,29.1465,16.08754183425008
4522.609,400,255,29.1465,16.087566123000084
4522.61,400,269,30.7467,16.08757466375008
4522.821,400,275,31.4325,16.08941695750008
4522.825,400,275,31.4325,16.08945188250008
4522.868,400,230,26.289,16.089765890000084
4523.206,400,230,26.289,16.092234135000083
4523.306,400,235,26.8605,16.09298026000008
4523.508,400,245,28.0035,16.09455156750008
4523.607,400,255,29.1465,16.095353096250083
4523.608,400,254,29.0322,16.095361160750084
4523.63,400,266,30.4038,16.095546961750085
4523.824,400,275,31.4325,16.09724082425008
4523.907,400,260,29.718,16.097925989250083
4524.411,400,230,26.289,16.10160644925008
4524.506,400,235,26.8605,16.102315268000083
4524.734,400,265,30.2895,16.104233603000083
4525.374,400,257,29.3751,16.109455843000077
4525.394,400,252,28.8036,16.10961586300008
4525.404,400,244,27.8892,16.10969333300008
4525.408,400,234,26.746199999999998,16.10972305100008
4525.454,400,255,29.1465,16.110095478500075
4525.608,400,230,26.289,16.111220063500078
4525.815,400,250,28.575,16.11286312600007
4525.822,400,255,29.1465,16.112919799750077
4525.906,400,255,29.1465,16.113599884750077
4526.384,400,242,27.6606,16.117272597750077
4526.608,400,229,26.1747,16.118901245750077
4526.608,400,233,26.631899999999998,16.118901245750077
4526.809,400,240,27.432,16.12043286575008
4527.009,400,247,28.2321,16.122001315750076
4527.108,400,255,29.1465,16.12280284450008
4527.613,400,232,26.517599999999998,16.12652267450008
4528.006,400,237,27.0891,16.12947990125008
4528.106,400,245,28.0035,16.130257776250076
4528.384,400,228,26.0604,16.132270218250078
4528.815,400,227,25.9461,16.135376543000074
4528.815,400,231,26.403299999999998,16.135376543000074
4528.825,400,235,26.8605,16.135451155500075
4529.911,400,225,25.7175,16.143209268000078
4530.008,400,230,26.289,16.143917610500075
4531.108,400,225,25.7175,16.151775735500078
4543.869,400,150,17.145,16.212549998000075
4544.203,400,150,17.145,16.214140673000077
4544.867,400,145,16.5735,16.217197563000077
4545.106,400,145,16.5735,16.218297859250075
4545.503,400,150,17.145,16.220188571750075
4545.863,400,140,16.002,16.221788771750077
4546.203,400,140,16.002,16.223300071750078
4546.303,400,145,16.5735,16.223760446750074
4546.403,400,150,17.145,16.224236696750076
4546.877,400,120,13.716,16.226042636750076
4547.106,400,120,13.716,16.226915126750075
4547.306,400,140,16.002,16.227804126750076
4547.503,400,145,16.5735,16.228711065500075
4547.865,400,60,6.858,16.229400675500074
4548.107,400,60,6.858,16.229861685500072
4548.334,400,149,17.0307,16.230935565750073
4548.403,400,120,13.716,16.231198455750075
4548.503,400,144,16.4592,16.23165565575007
4548.603,400,140,16.002,16.23210015575007
4548.873,400,220,25.146,16.23398610575007
4549.107,400,220,25.146,16.235620595750074
4549.207,400,60,6.858,16.235811095750076
4549.311,400,120,13.716,16.236207335750073
4549.414,400,148,16.9164,16.236691332750073
4549.81,400,147,16.8021,16.238539563750077
4549.831,400,500,57.15,16.238872938750074
4549.899,400,480,54.864,16.239909258750078
4550.104,400,480,54.864,16.243033458750077
4550.301,400,220,25.146,16.244409503750077
4550.334,400,138,15.7734,16.244554093250073
4550.334,400,143,16.3449,16.244554093250073
4550.407,400,60,6.858,16.244693158250072
4550.512,400,134,15.3162,16.24513988075007
4550.603,400,108,12.3444,16.24545191975007
4551.003,400,146,16.6878,16.247306119750068
4551.099,400,500,57.15,16.248830119750075
4551.103,400,150,17.145,16.248849169750073
4551.201,400,480,54.864,16.250342689750074
4551.301,400,220,25.146,16.251041189750076
4551.304,400,142,16.2306,16.251054715250074
4551.401,400,92,10.5156,16.251338052250073
4551.808,400,141,16.1163,16.253160089500074
4551.812,400,130,14.859,16.253176599500073
4552.003,400,145,16.5735,16.254055915750072
4552.221,400,480,54.864,16.25737823575007
4552.306,400,500,57.15,16.25872761075007
4552.334,400,96,10.9728,16.258812954750073
4552.415,400,246,28.1178,16.259445605250075
4552.601,400,124,14.1732,16.260177887250073
4552.812,400,124,14.1732,16.261008594250075
4552.901,400,140,16.002,16.261404199250077
4553.364,400,84,9.6012,16.262639020250077
4553.401,400,482,55.0926,16.263205249750083
4553.422,400,298,34.0614,16.26340394125008
4553.501,400,500,57.15,16.26465806625009
4553.907,400,66,7.5438,16.26550883925009
4554.008,400,120,13.716,16.26589364925009
4554.324,400,156,17.8308,16.267458797250086
4554.601,400,578,66.0654,16.272542162750085
4554.601,400,486,55.5498,16.272542162750085
4554.619,400,350,40.005,16.272742187750087
4554.905,400,60,6.858,16.273287017750086
4555.384,400,204,23.3172,16.27638950075009
4555.601,400,490,56.007,16.279765478250084
4555.812,400,428,48.9204,16.282632757250088
4555.814,400,220,25.146,16.28264672725009
4556.314,400,735,84.0105,16.29431485225009
4556.622,400,496,56.6928,16.29916523625009
4556.816,400,480,54.864,16.302121796250084
4556.899,400,892,101.9556,16.304472439250098
4558.554,400,500,57.15,16.330745564250094
4584.87,400,520,59.436,16.76522272425009
4585.192,400,520,59.436,16.77053894425009
4586.492,400,520,59.436,16.792001944250096
4587.592,400,520,59.436,16.810162944250088
4589.194,400,737,84.2391,16.847649343750106
4589.592,400,954,109.0422,16.859704564750082
4591.89,400,520,59.436,16.897644544750094
4598.857,400,660,75.438,17.043638029750085
4599.094,400,660,75.438,17.048604364750087
4599.855,400,340,38.862,17.056819359750083
4600.188,400,340,38.862,17.06041409475009
4600.488,400,660,75.438,17.066700594750095
4600.854,400,340,38.862,17.070651564750094
4601.188,400,340,38.862,17.07425709475009
4601.393,400,340,38.862,17.07647006975009
4601.399,400,660,75.438,17.0765957997501
4601.864,400,340,38.862,17.08161547475009
4602.094,400,340,38.862,17.084098324750094
4602.488,400,340,38.862,17.088351554750098
4602.588,400,340,38.862,17.08943105475009
4602.854,400,330,37.719,17.092218069750096
4603.184,400,628,71.7804,17.098797939750096
4603.188,400,330,37.719,17.098839849750096
4603.299,400,340,38.862,17.100038094750094
4603.388,400,340,38.862,17.10099884975009
4603.588,400,340,38.862,17.10315784975009
4603.792,400,564,64.4652,17.106810877750103
4603.855,400,330,37.719,17.107470960250094
4604.087,400,330,37.719,17.109901740250102
4604.287,400,330,37.719,17.1119972402501
4604.488,400,340,38.862,17.1141670352501
4604.586,400,340,38.862,17.1152249452501
4604.594,400,340,38.862,17.1153113052501
4604.853,400,330,37.719,17.1180249777501
4604.934,400,330,37.719,17.118873655250102
4604.988,400,895,102.2985,17.120408132750104
4605.184,400,500,57.15,17.123519632750103
4605.198,400,330,37.719,17.123666317750104
4605.393,400,330,37.719,17.1257094302501
4605.492,400,339,38.7477,17.126774992000104
4605.593,400,340,38.862,17.127865287000102
4605.886,400,404,46.1772,17.131623598000107
4605.887,400,660,75.438,17.131644553000093
4605.888,400,340,38.862,17.131655348000095
4606.198,400,330,37.719,17.1349033730001
4606.287,400,330,37.719,17.1358358705001
4606.494,400,330,37.719,17.138004713000093
4606.798,400,340,38.862,17.141286393000094
4606.803,400,340,38.862,17.141340368000094
4606.894,400,340,38.862,17.142322713000098
4607.244,400,337,38.5191,17.14606762550009
4607.387,400,330,37.719,17.147565908000093
4607.405,400,330,37.719,17.147754503000094
4607.499,400,330,37.719,17.148739388000095
4607.988,400,340,38.862,17.1540181430001
4608.088,400,340,38.862,17.155097643000094
4608.184,400,335,38.2905,17.156118723000098
4608.306,400,329,37.6047,17.15739310450009
4608.503,400,330,37.719,17.159457172000092
4608.8,400,332,37.9476,17.162587849000097
4608.892,400,340,38.862,17.163580989000092
4609.244,400,330,37.719,17.167269069000092
4609.487,400,327,37.3761,17.169791955750096
4609.792,400,330,37.719,17.1729875932501
4609.988,400,330,37.719,17.175041183250098
4610.174,400,330,37.719,17.176989998250093
4610.51,400,325,37.1475,17.180457098250095
4610.987,400,330,37.719,17.185454865750092
4611.274,400,330,37.719,17.188461908250094
4611.607,400,322,36.8046,17.19186633375009
4612.394,400,330,37.719,17.200112126250094
4631.845,400,655,74.8665,17.604619985000095
4632.089,400,655,74.8665,17.609694270000087
4632.84,400,320,36.576,17.61732443000009
4633.18,400,320,36.576,17.62077883000009
4633.38,400,655,74.8665,17.62493808000009
4633.845,400,315,36.0045,17.62958866125009
4634.179,400,315,36.0045,17.632929078750088
4634.38,400,320,36.576,17.634971238750087
4634.48,400,655,74.8665,17.637050863750076
4634.844,400,315,36.0045,17.640691318750083
4635.179,400,315,36.0045,17.644041737500082
4635.48,400,315,36.0045,17.647052113750078
4635.48,400,621,70.9803,17.647052113750078
4635.58,400,320,36.576,17.64806811375008
4635.84,400,310,35.433,17.650627163750084
4636.179,400,310,35.433,17.653963771250083
4636.279,400,315,36.0045,17.654963896250088
4636.379,400,315,36.0045,17.65596402125008
4636.852,400,320,36.576,17.660769701250082
4637.074,400,554,63.3222,17.664674570250078
4637.079,400,320,36.576,17.66472537025008
4637.104,400,319,36.4617,17.664978576500083
4637.284,400,310,35.433,17.666750226500078
4637.384,400,315,36.0045,17.667750351500082
4637.58,400,318,36.3474,17.66972926550008
4637.583,400,487,55.6641,17.669775652250078
4637.585,400,315,36.0045,17.669795654750082
4637.8,400,310,35.433,17.671911792250082
4637.852,400,310,35.433,17.672423602250078
4637.98,400,762,87.0966,17.67552037025007
4637.984,400,310,35.433,17.675559740250076
4638.19,400,320,36.576,17.677652700250068
4638.379,400,310,35.433,17.67951293275007
4638.48,400,314,35.8902,17.680519852250068
4638.88,400,317,36.2331,17.684545752250074
4638.88,400,655,74.8665,17.684545752250074
4639.144,400,420,48.006,17.688066192250076
4639.154,400,315,36.0045,17.68816620475008
4639.179,400,310,35.433,17.688412267250076
4639.179,400,310,35.433,17.688412267250076
4639.197,400,320,36.576,17.688595147250076
4639.485,400,311,35.5473,17.691438931250072
4639.788,400,316,36.1188,17.69447893025007
4639.844,400,310,35.433,17.695030110250077
4639.98,400,320,36.576,17.69641187025007
4640.094,400,313,35.7759,17.697544773750074
4640.134,400,315,36.0045,17.697944823750074
4640.178,400,310,35.433,17.698377893750074
4640.378,400,310,35.433,17.70034639375007
4640.379,400,310,35.433,17.700356236250073
4640.395,400,319,36.4617,17.700518288250077
4640.491,400,313,35.7759,17.701472312250072
4640.842,400,310,35.433,17.704927029750067
4640.979,400,315,36.0045,17.706297201000073
4641.079,400,315,36.0045,17.707297326000067
4641.081,400,310,35.433,17.70731701100007
4641.094,400,312,35.6616,17.707445789000072
4641.476,400,310,35.433,17.71120562400007
4641.476,400,310,35.433,17.71120562400007
4641.479,400,310,35.433,17.711235151500077
4641.585,400,317,36.2331,17.712302015000073
4641.791,400,315,36.0045,17.714362272500075
4641.842,400,310,35.433,17.71486424000007
4642.154,400,315,36.0045,17.71798463000008
4642.164,400,311,35.5473,17.71808337250007
4642.177,400,310,35.433,17.71821132500007
4642.283,400,310,35.433,17.719254630000076
4642.378,400,310,35.433,17.72018966750007
4642.479,400,310,35.433,17.721183760000073
4642.576,400,310,35.433,17.72213848250007
4642.587,400,315,36.0045,17.722248496250074
4642.788,400,318,36.3474,17.724277892750067
4642.843,400,310,35.433,17.72481923025007
4642.884,400,310,35.433,17.725222772750072
4643.177,400,310,35.433,17.72810662525007
4643.397,400,310,35.433,17.730271975250073
4643.477,400,310,35.433,17.731059375250073
4643.482,400,310,35.433,17.731108587750075
4643.578,400,310,35.433,17.73205346775008
4643.841,400,305,34.8615,17.73460029400008
4643.885,400,320,36.576,17.73504733400008
4644.054,400,310,35.433,17.736710716500077
4644.077,400,305,34.8615,17.73693344275008
4644.244,400,312,35.6616,17.738587744750074
4644.477,400,310,35.433,17.740881047250074
4644.577,400,310,35.433,17.741865297250076
4644.578,400,310,35.433,17.74187513975008
4644.601,400,310,35.433,17.74210151725007
4644.782,400,310,35.433,17.743883009750075
4644.848,400,305,34.8615,17.744522137250073
4645.114,400,310,35.433,17.74714024225007
4645.177,400,305,34.8615,17.74775031850007
4645.283,400,305,34.8615,17.748776796000076
4645.334,400,310,35.433,17.749278763500072
4645.477,400,310,35.433,17.75068624100007
4645.784,400,310,35.433,17.75370788850007
4645.787,400,310,35.433,17.753737416000078
4645.788,400,310,35.433,17.75374725850007
4645.794,400,310,35.433,17.753806313500075
4645.853,400,300,34.29,17.754368288500075
4646.054,400,310,35.433,17.756346631000074
4646.077,400,300,34.29,17.756565706000075
4646.382,400,305,34.8615,17.759519249750067
4646.481,400,309,35.3187,17.760490514000068
4646.482,400,305,34.8615,17.76050019775007
4646.577,400,310,35.433,17.761435235250072
4646.876,400,310,35.433,17.764378142750072
4646.978,400,310,35.433,17.765382077750072
4646.978,400,310,35.433,17.765382077750072
4647.377,400,300,34.29,17.769182552750074
4647.381,400,305,34.8615,17.769221287750074
4647.577,400,305,34.8615,17.771119302750073
4647.781,400,310,35.433,17.77312717275007
4647.875,400,310,35.433,17.77405236775007
4647.878,400,310,35.433,17.774081895250067
4648.124,400,308,35.2044,17.77648752925007
4648.381,400,300,34.29,17.778935454250075
4648.788,400,307,35.0901,17.782902585000066
4648.978,400,310,35.433,17.784772660000073
4648.978,400,310,35.433,17.784772660000073
4649.074,400,304,34.7472,17.785699252000068
4649.074,400,305,34.8615,17.785699252000068
4649.481,400,303,34.6329,17.78961469375007
4649.484,400,299,34.1757,17.789643173500078
4649.877,400,305,34.8615,17.79344888725008
4649.978,400,306,34.9758,17.794430152750078
4649.983,400,310,35.433,17.79447936525008
4650.78,400,305,34.8615,17.802197314000075
4650.786,400,302,34.5186,17.80225484500008
4650.975,400,305,34.8615,17.80408507375008
4651.074,400,298,34.0614,17.805021762250075
4651.882,400,301,34.4043,17.812743616250074
4651.978,400,305,34.8615,17.81367325625008
4652.114,400,297,33.9471,17.814955702250074
4652.883,400,296,33.8328,17.822182764250076
4652.977,400,300,34.29,17.823078114250077
4666.836,400,270,30.861,17.94188439175008
4667.172,400,270,30.861,17.944764751750075
4667.842,400,260,29.718,17.950295601750074
4668.077,400,260,29.718,17.95223552675008
4668.271,400,270,30.861,17.953898591750075
4668.849,400,260,29.718,17.958669981750077
4669.071,400,260,29.718,17.960502591750075
4669.371,400,260,29.718,17.962979091750075
4669.472,400,270,30.861,17.96384491425007
4669.841,400,245,28.0035,17.966715273000077
4670.076,400,245,28.0035,17.968543279250074
4670.371,400,260,29.718,17.970978504250073
4670.377,400,260,29.718,17.971028034250075
4670.577,400,269,30.7467,17.972736184250074
4670.834,400,245,28.0035,17.974735323000072
4670.95,400,245,28.0035,17.97563765800007
4671.17,400,245,28.0035,17.977348983000073
4671.377,400,260,29.718,17.979057768000075
4671.577,400,260,29.718,17.980708768000074
4671.85,400,450,51.435,17.984609255500075
4672.014,400,267,30.5181,17.985999524500073
4672.068,400,450,51.435,17.986771049500074
4672.181,400,245,28.0035,17.98765004825007
4672.281,400,245,28.0035,17.988427923250075
4672.38,400,258,29.4894,17.989238881750076
4672.78,400,265,30.2895,17.992604381750073
4673.014,400,260,29.718,17.994536051750078
4673.279,400,245,28.0035,17.99659742050008
4673.37,400,450,51.435,17.99789758300007
4673.387,400,245,28.0035,17.99802982175007
4673.571,400,255,29.1465,17.99951953175007
4673.871,400,262,29.9466,18.002015081750073
4674.014,400,260,29.718,18.003195546750074
4674.071,400,270,30.861,18.003684179250072
4674.37,400,286,32.6898,18.00639924875007
4674.468,400,450,51.435,18.007799423750072
4674.48,400,245,28.0035,18.007892768750068
4674.582,400,252,28.8036,18.008708870750073
4674.871,400,260,29.718,18.01109456575007
4674.971,400,260,29.718,18.011920065750065
4675.471,400,327,37.3761,18.017111190750065
4675.785,400,248,28.3464,18.019583626750066
4675.877,400,260,29.718,18.02034308675007
4676.004,400,562,64.2366,18.02260921125006
4676.004,400,245,28.0035,18.02260921125006
4676.389,400,787,89.9541,18.032229302500067
4676.491,400,368,42.0624,18.033421070500065
4676.97,400,245,28.0035,18.037147091750068
4677.014,400,245,28.0035,18.03748935675007
4677.593,400,429,49.0347,18.045375771000064
4677.787,400,245,28.0035,18.046884848500067
4679.274,400,450,51.435,18.06813036100007
4681.793,400,890,101.727,18.13931100350005
4682.965,400,890,101.727,18.172428793500064
4683.829,400,300,34.29,18.18065839350006
4684.167,400,300,34.29,18.183877843500067
4684.167,400,890,101.727,18.183877843500067
4684.829,400,295,33.7185,18.19007830100006
4685.165,400,295,33.7185,18.193225361000064
4685.37,400,300,34.29,18.19517798600006
4685.467,400,890,101.727,18.197918963500054
4685.831,400,285,32.5755,18.20121270850006
4686.166,400,285,32.5755,18.20424403975006
4686.465,400,295,33.7185,18.207044548500058
4686.567,400,300,34.29,18.208016098500057
4686.567,400,831,94.9833,18.208016098500057
4686.826,400,280,32.004,18.210318608500057
4687.166,400,280,32.004,18.213341208500058
4687.266,400,285,32.5755,18.214246083500054
4687.367,400,295,33.7185,18.21519207475006
4687.465,400,713,81.4959,18.21741057425006
4687.944,400,299,34.1757,18.221957841000062
4688.366,400,280,32.004,18.225709421000058
4688.466,400,285,32.5755,18.22661429600006
4688.488,400,595,68.0085,18.22702990350006
4688.564,400,298,34.0614,18.22774897750006
4688.944,400,294,33.6042,18.23129608750006
4689.464,400,280,32.004,18.235918887500056
4689.466,400,284,32.4612,18.23593692150006
4689.864,400,297,33.9471,18.239689962000053
4689.954,400,418,47.7774,18.240884397000055
4690.024,400,292,33.3756,18.241533367000063
4690.274,400,890,101.727,18.24859774200006
4690.865,400,300,34.29,18.254227017000055
4690.866,400,290,33.147,18.25423622450006
4690.867,400,296,33.8328,18.25424562250006
4690.934,400,283,32.3469,18.254847634250062
4690.964,400,280,32.004,18.25511433425006
4691.566,400,280,32.004,18.260466114250058
4691.964,400,282,32.2326,18.26402960725006
4691.967,400,287,32.8041,18.264056944000057
4692.067,400,295,33.7185,18.26499356900006
4692.866,400,280,32.004,18.27209667900006
4692.866,400,285,32.5755,18.27209667900006
4693.034,400,281,32.1183,18.27359553300006
4693.773,400,280,32.004,18.280165243000063
4693.967,400,280,32.004,18.28188990300006
4695.066,400,280,32.004,18.29166001300006
4707.817,400,190,21.717,18.368580420500063
4708.16,400,190,21.717,18.37064956800006
4708.82,400,180,20.573999999999998,18.37442146800006
4709.158,400,180,20.573999999999998,18.376353138000066
4709.461,400,190,21.717,18.378180985500066
4709.814,400,180,20.573999999999998,18.380198380500065
4710.064,400,180,20.573999999999998,18.381627130500064
4710.16,400,180,20.573999999999998,18.382175770500062
4710.461,400,190,21.717,18.383991553000065
4710.826,400,180,20.573999999999998,18.386077528000065
4711.16,400,180,20.573999999999998,18.387986338000065
4711.36,400,180,20.573999999999998,18.389129338000064
4711.458,400,180,20.573999999999998,18.389689408000063
4711.833,400,170,19.431,18.39171347050006
4711.884,400,189,21.6027,18.392019508750064
4712.16,400,170,19.431,18.39350921875006
4712.364,400,180,20.573999999999998,18.39467507875006
4712.371,400,180,20.573999999999998,18.39471508375006
4712.56,400,180,20.573999999999998,18.395795218750063
4712.824,400,165,18.8595,18.39717824875006
4712.884,400,187,21.3741,18.39753448375006
4713.065,400,165,18.8595,18.398482697500057
4713.26,400,170,19.431,18.39953521000006
4713.364,400,180,20.573999999999998,18.400129570000058
4713.822,400,165,18.8595,18.40252891750006
4713.904,400,180,20.573999999999998,18.40299754750006
4713.914,400,180,20.573999999999998,18.403054697500057
4713.964,400,185,21.1455,18.403348385000058
4714.059,400,165,18.8595,18.403846066250058
4714.265,400,165,18.8595,18.404925248750057
4714.364,400,170,19.431,18.405459601250055
4714.56,400,179,20.4597,18.40657351825006
4714.764,400,180,20.573999999999998,18.407739378250056
4714.784,400,160,18.288,18.407840978250054
4714.82,400,160,18.288,18.408023858250054
4714.904,400,180,20.573999999999998,18.40850391825006
4714.913,400,160,18.288,18.408549638250054
4714.961,400,182,20.802599999999998,18.408827006250057
4715.058,400,190,21.717,18.409412158750055
4715.259,400,165,18.8595,18.410465147500055
4715.359,400,165,18.8595,18.410989022500058
4715.461,400,169,19.3167,18.411536329000057
4715.86,400,180,20.573999999999998,18.413816614000055
4715.884,400,180,20.573999999999998,18.413953774000056
4715.904,400,177,20.2311,18.41406616900006
4715.961,400,180,20.573999999999998,18.414391924000057
4716.062,400,160,18.288,18.414905004000055
4716.081,400,160,18.288,18.415001524000054
4716.268,400,165,18.8595,18.415981170250053
4716.56,400,165,18.8595,18.417510885250053
4716.767,400,180,20.573999999999998,18.41869389025005
4716.816,400,150,17.145,18.418927252750052
4716.858,400,180,20.573999999999998,18.419167282750053
4716.904,400,168,19.2024,18.419412646750054
4716.964,400,175,20.0025,18.41974602175005
4717.158,400,150,17.145,18.420669946750053
4717.18,400,160,18.288,18.420781706750052
4717.359,400,160,18.288,18.421691026750054
4717.37,400,164,18.7452,18.42174830375005
4717.565,400,165,18.8595,18.42276986000005
4717.77,400,167,19.0881,18.42385682125005
4717.819,400,150,17.145,18.424090183750053
4717.864,400,172,19.6596,18.424335928750047
4717.961,400,180,20.573999999999998,18.424890283750052
4718.156,400,150,17.145,18.425818971250052
4718.259,400,160,18.288,18.426342211250052
4718.373,400,160,18.288,18.42692133125005
4718.459,400,150,17.145,18.427330906250052
4718.47,400,163,18.6309,18.427387834000054
4718.763,400,166,18.9738,18.42893209050005
4718.826,400,150,17.145,18.429232128000052
4718.864,400,170,19.431,18.42943723300005
4718.954,400,165,18.8595,18.429908720500052
4719.062,400,150,17.145,18.43042307050005
4719.256,400,150,17.145,18.431346995500054
4719.356,400,159,18.1737,18.43185182050005
4719.459,400,160,18.288,18.43237506050005
4719.559,400,150,17.145,18.43285131050005
4719.573,400,162,18.5166,18.432923319500052
4719.815,400,140,16.002,18.43399900950005
4719.96,400,165,18.8595,18.43475862825005
4720.054,400,165,18.8595,18.435251070750052
4720.058,400,140,16.002,18.435268850750052
4720.378,400,157,17.9451,18.43686397075005
4720.456,400,150,17.145,18.43723544575005
4720.556,400,150,17.145,18.43771169575005
4720.559,400,160,18.288,18.437726935750053
4720.768,400,161,18.4023,18.438795291500053
4720.774,400,165,18.8595,18.438826724000055
4720.805,400,140,16.002,18.438964519000056
4720.864,400,150,17.145,18.439245506500054
4721.155,400,140,16.002,18.440539001500056
4721.358,400,140,16.002,18.44144133650006
4721.459,400,150,17.145,18.44192234900006
4721.556,400,150,17.145,18.442384311500057
4721.558,400,150,17.145,18.44239383650006
4721.581,400,160,18.288,18.44251067650006
4721.759,400,155,17.7165,18.44338665900006
4721.773,400,160,18.288,18.44345777900006
4721.816,400,140,16.002,18.443648914000057
4721.955,400,140,16.002,18.44426676900006
4722.358,400,140,16.002,18.44605810400006
4722.456,400,140,16.002,18.44649371400006
4722.578,400,152,17.3736,18.44708248600006
4722.762,400,150,17.145,18.447958786000058
4722.769,400,130,14.859,18.44798767850006
4722.814,400,130,14.859,18.44817341600006
4722.884,400,149,17.0307,18.44850456850006
4722.894,400,150,17.145,18.44855219350006
4723.134,400,160,18.288,18.449771393500058
4723.157,400,130,14.859,18.44986632600006
4723.358,400,140,16.002,18.450759771000058
4723.363,400,140,16.002,18.45078199600006
4723.458,400,140,16.002,18.45120427100006
4723.858,400,150,17.145,18.453109271000063
4723.862,400,150,17.145,18.45312832100006
4723.884,400,147,16.8021,18.45323100050006
4724.056,400,130,14.859,18.45394093050006
4724.084,400,150,17.145,18.454074280500063
4724.257,400,130,14.859,18.45478833800006
4724.457,400,140,16.002,18.455677338000065
4724.561,400,140,16.002,18.456139618000062
4724.816,400,130,14.859,18.45719213050006
4724.854,400,140,16.002,18.457361040500064
4724.864,400,145,16.5735,18.45740707800006
4724.954,400,130,14.859,18.45777855300006
4724.958,400,150,17.145,18.45779760300006
4725.058,400,150,17.145,18.458273853000062
4725.166,400,130,14.859,18.458719623000064
4725.457,400,130,14.859,18.459920725500066
4725.561,400,139,15.8877,18.460379703500063
4725.561,400,140,16.002,18.460379703500063
4725.78,400,125,14.2875,18.461248859750064
4725.826,400,120,13.716,18.461424119750067
4725.856,400,142,16.2306,18.461559374750067
4725.884,400,140,16.002,18.46168383475007
4726.056,400,150,17.145,18.462502984750067
4726.056,400,120,13.716,18.462502984750067
4726.175,400,130,14.859,18.46299415725007
4726.357,400,130,14.859,18.46374536225007
4726.362,400,130,14.859,18.46376599975007
4726.779,400,115,13.1445,18.46528857100007
4726.858,400,140,16.002,18.465639726000067
4726.858,400,140,16.002,18.465639726000067
4726.861,400,140,16.002,18.465653061000065
4726.934,400,137,15.6591,18.465970592750068
4727.153,400,125,14.2875,18.46683974900007
4727.156,400,120,13.716,18.466851179000066
4727.266,400,130,14.859,18.467305204000066
4727.462,400,130,14.859,18.46811419400007
4727.563,400,130,14.859,18.468531071500067
4727.861,400,140,16.002,18.469855681500064
4727.884,400,135,15.4305,18.469954265250063
4727.958,400,140,16.002,18.47028319525006
4728.061,400,115,13.1445,18.470659274000063
4728.154,400,125,14.2875,18.471028367750066
4728.256,400,120,13.716,18.471416987750064
4728.456,400,129,14.7447,18.472236137750063
4728.556,400,130,14.859,18.47264888775006
4728.757,400,132,15.0876,18.47349127875006
4728.874,400,130,14.859,18.47397419625006
4729.057,400,140,16.002,18.474787631250063
4729.177,400,125,14.2875,18.47526388125006
4729.279,400,120,13.716,18.475652501250064
4729.353,400,115,13.1445,18.47592269375006
4729.466,400,127,14.5161,18.47637833800006
4729.76,400,130,14.859,18.47759182300006
4729.765,400,130,14.859,18.477612460500062
4729.774,400,130,14.859,18.47764960800006
4730.359,400,115,13.1445,18.47978558925006
4730.379,400,121,13.8303,18.479862424250058
4730.46,400,124,14.1732,18.480181321250058
4730.556,400,125,14.2875,18.480562321250055
4730.914,400,130,14.859,18.482039966250056
4730.957,400,130,14.859,18.48221744875006
4731.456,400,122,13.9446,18.48415032525006
4731.568,400,122,13.9446,18.484584157250058
4731.857,400,130,14.859,18.48577700475006
4731.864,400,115,13.1445,18.48580256350006
4732.074,400,122,13.9446,18.48661599850006
4732.554,400,120,13.716,18.488444798500062
4732.759,400,116,13.258799999999999,18.48919981350006
4732.772,400,120,13.716,18.48924934350006
4732.874,400,124,14.1732,18.489650917500057
4733.853,400,117,13.373099999999999,18.49328765775006
4733.864,400,117,13.373099999999999,18.49332852000006
4734.094,400,125,14.2875,18.49424133250006
4734.756,400,119,13.6017,18.49674253400006
4734.954,400,115,13.1445,18.497465481500058
4764.805,400,595,68.0085,19.061388185250067
4765.147,400,595,68.0085,19.06784899275006
4765.795,400,320,36.576,19.074432672750063
4766.147,400,320,36.576,19.07800899275006
4766.347,400,595,68.0085,19.081787242750057
4766.806,400,320,36.576,19.086450682750055
4767.052,400,320,36.576,19.088950042750056
4767.246,400,320,36.576,19.09092108275006
4767.447,400,595,68.0085,19.09471822400006
4767.802,400,310,35.433,19.098212311500056
4768.046,400,310,35.433,19.100613881500063
4768.346,400,320,36.576,19.103661881500056
4768.347,400,595,68.0085,19.10368077275006
4768.447,400,320,36.576,19.104696772750064
4768.797,400,300,34.29,19.10803052275006
4769.046,400,300,34.29,19.110402247750066
4769.246,400,310,35.433,19.112370747750063
4769.352,400,320,36.576,19.113447707750062
4769.544,400,540,61.722,19.11673954775006
4769.546,400,320,36.576,19.116759867750066
4770.146,400,300,34.29,19.12247486775006
4770.346,400,310,35.433,19.124443367750057
4770.55,400,485,55.4355,19.127584712750068
4770.554,400,319,36.4617,19.127625225750066
4770.764,400,320,36.576,19.129758825750066
4770.845,400,824,94.1832,19.13187794775007
4771.257,400,300,34.29,19.135802247750064
4771.346,400,309,35.3187,19.136675404500064
4771.755,400,320,36.576,19.14083084450007
4771.764,400,317,36.2331,19.14092142725007
4771.846,400,430,49.149,19.14204093225006
4771.85,400,595,68.0085,19.142116497250075
4772.452,400,299,34.1757,19.147831433750074
4772.457,400,307,35.0901,19.147880170000075
4772.75,400,315,36.0045,19.150810536250074
4772.753,400,320,36.576,19.15084101625007
4772.947,400,347,39.6621,19.152978362750073
4773.455,400,297,33.9471,19.15776867575007
4773.553,400,305,34.8615,19.15871768325007
4773.753,400,312,35.6616,19.16069888325007
4774.047,400,320,36.576,19.163685923250068
4774.755,400,303,34.6329,19.170497060250074
4774.764,400,295,33.7185,19.170581356500076
4774.846,400,310,35.433,19.17138844150007
4775.824,400,292,33.3756,19.180455479500072
4775.849,400,300,34.29,19.180693604500078
4776.763,400,290,33.147,19.189109259500075
4789.803,400,340,38.862,19.329876059500073
4789.938,400,340,38.862,19.331333384500077
4790.799,400,340,38.862,19.340627879500076
4791.04,400,340,38.862,19.343229474500077
4791.245,400,340,38.862,19.345442449500077
4791.764,400,330,37.719,19.35088027200008
4791.789,400,340,38.862,19.351150147000077
4791.916,400,340,38.862,19.35252111200008
4792.14,400,340,38.862,19.35493919200008
4792.251,400,340,38.862,19.35613743700008
4792.764,400,335,38.2905,19.36159383325008
4793.139,400,330,37.719,19.36552289575008
4793.139,400,340,38.862,19.36552289575008
4793.34,400,340,38.862,19.36769269075008
4793.446,400,340,38.862,19.368836960750077
4794.039,400,335,38.2905,19.375144257000077
4794.137,400,330,37.719,19.376171052000075
4794.162,400,340,38.862,19.37644092700008
4794.34,400,340,38.862,19.378362437000078
4794.797,400,330,37.719,19.38315065450007
4795.139,400,330,37.719,19.386733959500077
4795.239,400,330,37.719,19.38778170950007
4795.245,400,335,38.2905,19.387845527000074
4795.26,400,340,38.862,19.38800745200008
4795.334,400,340,38.862,19.388806282000075
4795.446,400,340,38.862,19.390015322000075
4795.804,400,325,37.1475,19.393709434500078
4796.139,400,325,37.1475,19.39716621575008
4796.334,400,340,38.862,19.399271240750075
4796.339,400,330,37.719,19.399323628250077
4796.364,400,338,38.6334,19.399591915750072
4796.439,400,330,37.719,19.40037772825008
4796.442,400,335,38.2905,19.400409637000077
4796.545,400,340,38.862,19.401521522000078
4796.749,400,340,38.862,19.403723702000075
4796.798,400,330,37.719,19.404237099500076
4796.946,400,340,38.862,19.405834759500078
4797.042,400,330,37.719,19.406840599500082
4797.436,400,325,37.1475,19.410906187000077
4797.539,400,330,37.719,19.411985369500076
4797.539,400,334,38.1762,19.411985369500076
4797.553,400,336,38.4048,19.412134721500077
4797.753,400,340,38.862,19.414293721500076
4797.788,400,320,36.576,19.414649321500075
4798.138,400,320,36.576,19.41820532150008
4798.234,400,331,37.8333,19.419214209500083
4798.244,400,330,37.719,19.419318984500077
4798.334,400,340,38.862,19.42029053450008
4798.438,400,325,37.1475,19.421363684500083
4798.536,400,329,37.6047,19.42238736800008
4798.742,400,333,38.0619,19.424565354500082
4798.743,400,332,37.9476,19.424575895500084
4798.743,400,333,38.0619,19.424575895500084
4798.756,400,340,38.862,19.42471623050008
4798.814,400,315,36.0045,19.42529630300008
4799.138,400,315,36.0045,19.428536708000077
4799.438,400,320,36.576,19.43158470800008
4799.439,400,330,37.719,19.431595185500083
4799.444,400,325,37.1475,19.431646779250084
4799.539,400,328,37.4904,19.432636109250076
4799.739,400,332,37.9476,19.434744309250075
4799.934,400,331,37.8333,19.43679361300008
4800.034,400,334,38.1762,19.437854063000074
4800.436,400,329,37.6047,19.442053254500074
4800.438,400,315,36.0045,19.44207325700008
4800.438,400,320,36.576,19.44207325700008
4800.739,400,327,37.3761,19.445198314250074
4800.742,400,331,37.8333,19.44522984200008
4800.914,400,335,38.2905,19.447059277000076
4801.438,400,315,36.0045,19.45229993200008
4801.534,400,326,37.2618,19.453293580000075
4801.536,400,327,37.3761,19.45331434450008
4801.538,400,320,36.576,19.453334664500073
4801.747,400,327,37.3761,19.455504554750082
4801.939,400,326,37.2618,19.45749185075008
4802.036,400,330,37.719,19.458508168250077
4802.446,400,386,44.1198,19.463532923250074
4802.538,400,319,36.4617,19.46446472225007
4802.739,400,325,37.1475,19.466538791000072
4802.938,400,329,37.6047,19.46861749525008
4802.942,400,325,37.1475,19.468658770250077
4803.742,400,318,36.3474,19.47673597025008
4803.744,400,322,36.8046,19.476756417250073
4803.754,400,529,60.4647,19.476924374750077
4803.942,400,330,37.719,19.47889414475008
4804.938,400,316,36.1188,19.48888701275008
4804.938,400,320,36.576,19.48888701275008
4805.434,400,672,76.8096,19.49946966875008
4805.838,400,887,101.3841,19.51084721775007
4805.941,400,315,36.0045,19.511877346500068
4809.794,400,600,68.58,19.58527699650007
4810.135,400,600,68.58,19.591773046500077
4811.338,400,600,68.58,19.614690196500067
4812.435,400,600,68.58,19.63558804650008
4813.535,400,578,66.0654,19.655774696500067
4814.834,400,535,61.1505,19.67783983525007
4815.841,400,960,109.728,19.708533195250084
4816.334,400,492,56.2356,19.716234348250076
4816.835,400,720,82.29599999999999,19.72768720825008
4816.839,400,428,48.9204,19.72774156425008
4817.839,400,385,44.0055,19.73996531425008
4830.817,400,875,100.0125,20.100510376750083
4831.13,400,875,100.0125,20.109205908000085
4832.333,400,875,100.0125,20.142626751750072
4833.53,400,875,100.0125,20.175880908000074
4834.53,400,875,100.0125,20.203662158000075
4834.753,400,815,93.1545,20.209432561750074
4835.902,400,815,93.1545,20.239164373000083
4836.787,400,390,44.577,20.250122885500087
4837.128,400,390,44.577,20.25434531800008
4837.128,400,815,93.1545,20.25434531800008
4837.784,400,380,43.434,20.26225995800008
4837.936,400,822,93.9546,20.26622693000008
4838.125,400,380,43.434,20.268507215000085
4838.126,400,390,44.577,20.268519597500088
4838.328,400,815,93.1545,20.273746600000095
4838.787,400,370,42.291,20.27913870250009
4839.031,400,370,42.291,20.28200509250009
4839.325,400,380,43.434,20.28555220250009
4839.328,400,815,93.1545,20.285629831250105
4839.428,400,390,44.577,20.2868680812501
4839.798,400,370,42.291,20.291214656250098
4840.127,400,370,42.291,20.295079583750105
4840.237,400,370,42.291,20.296371808750102
4840.325,400,380,43.434,20.297433528750098
4840.325,400,389,44.4627,20.297433528750098
4840.35,400,730,83.439,20.29801296625011
4840.786,400,355,40.5765,20.302927231250106
4841.225,400,355,40.5765,20.30787531000011
4841.427,400,370,42.291,20.3102483050001
4841.428,400,387,44.2341,20.310260592250103
4841.433,400,379,43.3197,20.310320758500104
4841.527,400,370,42.291,20.311425023500107
4841.528,400,645,73.7235,20.31144550225011
4841.775,400,345,39.4335,20.314151078500103
4842.03,400,345,39.4335,20.316944284750104
4842.127,400,355,40.5765,20.31803759600011
4842.428,400,370,42.291,20.321573593500105
4842.528,400,385,44.0055,20.32279596850011
4842.552,400,517,59.0931,20.3231899225001
4842.629,400,370,42.291,20.324094480000102
4842.743,400,932,106.52759999999999,20.327467854000115
4842.798,400,340,38.862,20.32806157900011
4843.127,400,340,38.862,20.33161313400012
4843.333,400,345,39.4335,20.33386960650011
4843.425,400,355,40.5765,20.334906561500116
4843.525,400,368,42.0624,20.33607496150011
4843.614,400,377,43.0911,20.33714026925011
4843.737,400,375,42.8625,20.338604738000114
4843.743,400,432,49.3776,20.33868703400012
4843.828,400,382,43.6626,20.33971795650012
4844.33,400,340,38.862,20.345137046500113
4844.33,400,354,40.4622,20.345137046500113
4844.427,400,345,39.4335,20.34619956025011
4844.614,400,370,42.291,20.34839634275011
4844.825,400,370,42.291,20.35087506525011
4844.928,400,372,42.5196,20.352091598250112
4844.932,400,380,43.434,20.352139858250112
4845.432,400,340,38.862,20.357537358250113
4845.574,400,365,41.7195,20.35918296075011
4845.628,400,345,39.4335,20.359774463250112
4845.628,400,352,40.2336,20.359774463250112
4845.634,400,362,41.376599999999996,20.359843424250116
4845.734,400,370,42.291,20.36101817425012
4845.925,400,370,42.291,20.363261946750118
4846.432,400,340,38.862,20.368735011750115
4846.628,400,344,39.3192,20.370875723750114
4846.927,400,358,40.9194,20.374274307250115
4847.025,400,370,42.291,20.375425562250115
4847.604,400,350,40.005,20.381859699750123
4847.629,400,348,39.7764,20.38213592475012
4847.631,400,481,54.9783,20.382166468250126
4847.927,400,355,40.5765,20.38550275825012
4848.604,400,343,39.2049,20.392875457500125
4848.734,400,622,71.0946,20.395442762500128
4848.833,400,341,38.9763,20.39651461075012
4848.924,400,345,39.4335,20.397511402000124
4849.83,400,833,95.2119,20.421473063500123
4849.833,400,340,38.862,20.42150544850012
4850.791,400,460,52.578,20.435497038500127
4850.93,400,974,111.3282,20.43979554400013
4851.028,400,460,52.578,20.44122683400013
4852.23,400,460,52.578,20.45878204400012
4853.525,400,460,52.578,20.47769551900012
4854.626,400,448,51.2064,20.49335614300013
4855.625,400,425,48.5775,20.50683639925013
4856.925,400,721,82.41029999999999,20.536595674250133
4857.544,400,402,45.9486,20.544496280750128
4857.923,400,460,52.578,20.550031575750126
4858.564,400,368,42.0624,20.557521019750133
4871.786,400,315,36.0045,20.68975754725013
4872.022,400,315,36.0045,20.69211784225013
4872.775,400,310,35.433,20.699529244750128
4873.119,400,310,35.433,20.70291506475013
4873.225,400,315,36.0045,20.703975197250138
4873.78,400,305,34.8615,20.709349678500132
4874.119,400,305,34.8615,20.712632469750133
4874.419,400,310,35.433,20.715585219750135
4874.519,400,315,36.0045,20.71658534475014
4874.772,400,300,34.29,20.718995169750137
4875.022,400,300,34.29,20.721376419750136
4875.116,400,305,34.8615,20.722286692250137
4875.419,400,310,35.433,20.725268969750136
4875.62,400,314,35.8902,20.727272839250137
4875.778,400,290,33.147,20.72872762425014
4876.118,400,290,33.147,20.731858174250142
4876.219,400,300,34.29,20.73282019925014
4876.416,400,305,34.8615,20.73472789800014
4876.617,400,309,35.3187,20.736699858750143
4876.62,400,313,35.7759,20.73672967200014
4876.781,400,290,33.147,20.73821207950014
4877.219,400,290,33.147,20.74224496450014
4877.322,400,290,33.147,20.743193337000143
4877.421,400,304,34.7472,20.744148885000143
4877.519,400,300,34.29,20.74508233500014
4877.624,400,308,35.2044,20.746109130000136
4877.771,400,270,30.861,20.747369287500135
4878.023,400,270,30.861,20.74952955750014
4878.119,400,290,33.147,20.750413477500135
4878.322,400,290,33.147,20.75228260000014
4878.494,400,312,35.6616,20.753986432000136
4878.62,400,300,34.29,20.75518658200014
4878.62,400,303,34.6329,20.75518658200014
4878.626,400,307,35.0901,20.75524506550014
4878.788,400,270,30.861,20.756633810500134
4879.017,400,315,36.0045,20.758924096750135
4879.023,400,270,30.861,20.75897553175014
4879.223,400,270,30.861,20.760690031750137
4879.322,400,290,33.147,20.76160157425014
4879.514,400,311,35.5473,20.76349743025014
4879.62,400,290,33.147,20.764473425250138
4879.62,400,298,34.0614,20.764473425250138
4879.62,400,302,34.5186,20.764473425250138
4879.779,400,250,28.575,20.765735487750142
4879.823,400,306,34.9758,20.76616296975014
4879.872,400,250,28.575,20.76655190725014
4880.017,400,310,35.433,20.767979069750137
4880.217,400,270,30.861,20.769693569750135
4880.418,400,270,30.861,20.771416642250134
4880.419,400,288,32.9184,20.771425786250138
4880.623,400,290,33.147,20.773304116250134
4880.624,400,220,25.146,20.773311101250137
4880.923,400,305,34.8615,20.776206542500137
4881.023,400,220,25.146,20.77690504250014
4881.029,400,250,28.575,20.776952667500144
4881.141,400,270,30.861,20.777912787500135
4881.484,400,301,34.4043,20.781190752750142
4881.517,400,270,30.861,20.781473645250138
4881.522,400,284,32.4612,20.781518730250138
4881.524,400,296,33.8328,20.78153752625014
4881.625,400,290,33.147,20.78246748375014
4881.775,400,205,23.4315,20.783443796250136
4881.917,400,300,34.29,20.784796346250143
4882.117,400,205,23.4315,20.786098096250143
4882.223,400,250,28.575,20.78693947125014
4882.317,400,220,25.146,20.78759606125014
4882.328,400,268,30.6324,20.787689660250145
4882.514,400,293,33.4899,20.789419971750142
4882.518,400,270,30.861,20.78945426175014
4882.777,400,190,21.717,20.79101667925014
4882.825,400,290,33.147,20.791458639250138
4882.922,400,291,33.2613,20.792354846500135
4883.115,400,190,21.717,20.793519119000138
4883.229,400,247,28.2321,20.794413135500143
4883.321,400,220,25.146,20.79505575550014
4883.417,400,205,23.4315,20.795680595500144
4883.429,400,264,30.1752,20.795781179500143
4883.514,400,280,32.004,20.79653682950014
4883.623,400,276,31.5468,20.797491996500135
4883.625,400,270,30.861,20.79750914150014
4883.771,400,175,20.0025,20.798320354000136
4883.919,400,290,33.147,20.79968306400014
4884.02,400,175,20.0025,20.80024424525014
4884.117,400,190,21.717,20.80082939775014
4884.417,400,205,23.4315,20.80278202275014
4884.417,400,241,27.5463,20.80278202275014
4884.517,400,220,25.146,20.803480522750135
4884.53,400,260,29.718,20.803587837750136
4884.744,400,270,30.861,20.805422352750135
4884.773,400,150,17.145,20.80556046525014
4884.822,400,270,30.861,20.80598051775014
4885.116,400,150,17.145,20.80738069275014
4885.415,400,190,21.717,20.80918441025014
4885.417,400,175,20.0025,20.80919552275014
4885.428,400,235,26.8605,20.809277596500138
4885.616,400,205,23.4315,20.810501241500138
4885.776,400,120,13.716,20.81111084150014
4885.818,400,270,30.861,20.811470886500143
4886.113,400,120,13.716,20.812594836500143
4886.32,400,190,21.717,20.813843564000138
4886.416,400,175,20.0025,20.81437696400014
4886.417,400,150,17.145,20.81438172650014
4886.442,400,229,26.1747,20.814563495250137
4886.504,400,217,24.8031,20.814990659750137
4886.515,400,202,23.0886,20.81506120825014
4886.515,400,214,24.4602,20.81506120825014
4886.574,400,254,29.0322,20.815537013750134
4886.777,400,80,9.144,20.816052633750136
4887.019,400,80,9.144,20.816667313750138
4887.115,400,120,13.716,20.817033073750135
4887.42,400,150,17.145,20.818485636250138
4887.434,400,250,28.575,20.818596761250138
4887.536,400,209,23.8887,20.819273607750137
4887.617,400,175,20.0025,20.819723664000136
4887.618,400,187,21.3741,20.81972960125014
4887.623,400,199,22.7457,20.819761192500135
4887.773,400,40,4.572,20.819951692500137
4887.934,400,220,25.146,20.821076277500136
4888.018,400,40,4.572,20.821182957500135
4888.319,400,80,9.144,20.821947497500137
4888.415,400,120,13.716,20.822313257500134
4888.514,400,147,16.8021,20.822775315250134
4888.618,400,170,19.431,20.823336655250134
4888.764,400,10,1.143,20.823383010250133
4888.821,400,194,22.1742,20.82373410175013
4889.015,400,10,1.143,20.823795696750132
4889.234,400,206,23.5458,20.825228066250133
4889.314,400,40,4.572,20.825329666250134
4889.415,400,80,9.144,20.825586206250133
4889.421,400,116,13.258799999999999,20.825608304250135
4889.504,400,184,21.0312,20.826093190250134
4889.777,0,0,0.0,20.826093190250134
4889.917,400,191,21.8313,20.826942185250136
4890.015,0,0,0.0,20.826942185250136
4890.215,400,10,1.143,20.827005685250136
4890.315,400,40,4.572,20.827132685250135
4890.464,400,165,18.8595,20.827913259000137
4890.494,400,141,16.1163,20.828047561500135
4890.494,400,181,20.688299999999998,20.828047561500135
4890.518,400,76,8.6868,20.828105473500134
4890.616,400,108,12.3444,20.828441515500135
4890.623,400,135,15.4305,20.828471519250133
4890.775,0,0,0.0,20.828471519250133
4890.917,400,157,17.9451,20.82917935375014
4890.921,0,0,0.0,20.82917935375014
4891.22,0,0,0.0,20.82917935375014
4891.234,528,5,0.5715,20.82918157625014
4891.315,400,37,4.2291,20.82927673100014
4891.32,400,10,1.143,20.82927831850014
4891.464,400,176,20.1168,20.83008299050014
4891.518,400,68,7.7724,20.830199576500142
4891.819,400,126,14.4018,20.831403727000144
4891.823,400,152,17.3736,20.831423031000142
4891.863,528,5,0.5715,20.83142938100014
4891.935,0,0,0.0,20.83142938100014
4892.229,0,0,0.0,20.83142938100014
4892.42,400,10,1.143,20.83149002350014
4892.484,400,100,11.43,20.831693223500142
4892.518,400,31,3.5433,20.831726688000142
4892.921,400,120,13.716,20.833262118000142
4893.126,0,0,0.0,20.833262118000142
4893.412,528,5,0.5715,20.833307520500142
4893.415,0,0,0.0,20.833307520500142
4893.444,400,88,10.0584,20.833388546500142
4893.484,400,60,6.858,20.83346474650014
4893.514,320,8,0.9144,20.833472366500143
4893.518,400,25,2.8575,20.833475541500142
4893.818,400,48,5.4864,20.833932741500142
4893.916,400,80,9.144,20.834181661500143
4894.214,528,5,0.5715,20.834228969000144
4894.226,0,0,0.0,20.834228969000144
4894.428,0,0,0.0,20.834228969000144
4894.821,400,40,4.572,20.834728079000143
4895.42,105,1,0.1143,20.834747097250144
4895.435,0,0,0.0,20.834747097250144
4895.474,240,6,0.6858,20.834754526750142
4895.504,400,19,2.1717,20.834772624250142
4895.514,528,5,0.5715,20.834774211750144
4895.915,400,10,1.143,20.834901529250143
4896.414,528,7,0.8001,20.83501243200014
4896.429,211,2,0.2286,20.83501338450014
4896.474,120,3,0.3429,20.83501767075014
4896.821,40,1,0.1143,20.83502868800014
4897.034,0,0,0.0,20.83502868800014
4897.511,528,9,1.0287,20.83516499075014
4897.616,316,3,0.3429,20.83517499200014
4898.614,0,0,0.0,20.83517499200014
4898.626,475,4,0.4572,20.835176516000143
4898.814,528,12,1.3716,20.835248144000143
4900.444,528,14,1.6002,20.835972679000143
4912.735,528,55,6.2865,20.857435837750142
4912.776,528,45,5.1434999999999995,20.857494416500142
4913.009,528,45,5.1434999999999995,20.85782731525014
4913.873,528,55,6.2865,20.85933607525014
4914.109,528,45,5.1434999999999995,20.85967326025014
4914.779,528,45,5.1434999999999995,20.860630522750142
4915.108,528,45,5.1434999999999995,20.861100581500143
4915.129,528,45,5.1434999999999995,20.86113058525014
4915.208,528,55,6.2865,20.86126853900014
4915.772,528,50,5.715,20.86216388900014
4916.107,528,50,5.715,20.86269570150014
4916.308,528,45,5.1434999999999995,20.86298288025014
4916.408,528,55,6.2865,20.86315750525014
4916.409,528,46,5.2578,20.863158965750138
4916.776,528,45,5.1434999999999995,20.863683317000138
4917.011,528,45,5.1434999999999995,20.864019073250137
4917.405,528,50,5.715,20.864644548250137
4917.508,528,45,5.1434999999999995,20.864791709500135
4917.508,528,55,6.2865,20.864791709500135
4917.508,528,48,5.4864,20.864791709500135
4917.776,528,40,4.572,20.865132069500135
4918.107,528,40,4.572,20.865552439500135
4918.213,528,45,5.1434999999999995,20.865703887000134
4918.305,528,50,5.715,20.865849937000135
4918.406,528,53,6.0579,20.866019894750135
4918.427,528,50,5.715,20.866053232250135
4918.607,528,45,5.1434999999999995,20.866310407250136
4918.771,528,15,1.7145,20.866388512250136
4919.007,528,15,1.7145,20.866500907250135
4919.307,528,40,4.572,20.866881907250136
4919.506,528,51,5.8293,20.867204138000137
4919.507,528,45,5.1434999999999995,20.867205566750137
4919.606,528,50,5.715,20.867362729250136
4919.609,528,46,5.2578,20.867367110750138
4919.61,528,53,6.0579,20.867368793500138
4919.776,0,0,0.0,20.867368793500138
4920.106,0,0,0.0,20.867368793500138
4920.405,528,40,4.572,20.867748523500136
4920.407,528,15,1.7145,20.867749476000135
4920.511,528,45,5.1434999999999995,20.867898066000137
4920.514,528,45,5.1434999999999995,20.867902352250137
4920.528,528,48,5.4864,20.867923688250137
4920.773,0,0,0.0,20.867923688250137
4920.806,528,47,5.3721,20.867972932500138
4920.934,528,55,6.2865,20.86819645250014
4921.106,0,0,0.0,20.86819645250014
4921.307,0,0,0.0,20.86819645250014
4921.31,528,15,1.7145,20.86819788125014
4921.404,528,49,5.6007,20.86834412175014
4921.608,528,37,4.2291,20.868583770750142
4921.773,0,0,0.0,20.868583770750142
4922.006,0,0,0.0,20.868583770750142
4922.312,0,0,0.0,20.868583770750142
4922.404,528,44,5.0292,20.868712294750143
4922.41,0,0,0.0,20.868712294750143
4922.444,528,48,5.4864,20.868764110750142
4922.464,528,48,5.4864,20.86879459075014
4922.507,528,32,3.6576,20.86883827875014
4922.514,528,46,5.2578,20.86884850225014
4922.608,475,13,1.4859,20.868887300750142
4922.771,0,0,0.0,20.868887300750142
4922.908,528,46,5.2578,20.869087389250144
4923.006,0,0,0.0,20.869087389250144
4923.007,528,49,5.6007,20.869088945000144
4923.212,0,0,0.0,20.869088945000144
4923.307,0,0,0.0,20.869088945000144
4923.444,528,43,4.9149,20.869275984250145
4923.512,0,0,0.0,20.869275984250145
4923.594,0,0,0.0,20.869275984250145
4923.807,528,27,3.0861,20.869458578500144
4923.908,528,45,5.1434999999999995,20.869602882250145
4924.106,0,0,0.0,20.869602882250145
4924.119,0,0,0.0,20.869602882250145
4924.312,0,0,0.0,20.869602882250145
4924.394,528,41,4.6863,20.869709625750147
4924.404,369,10,1.143,20.869712800750147
4924.506,0,0,0.0,20.869712800750147
4924.594,0,0,0.0,20.869712800750147
4924.807,528,20,2.286,20.869848055750147
4924.905,528,40,4.572,20.869972515750145
4925.106,0,0,0.0,20.869972515750145
4925.204,0,0,0.0,20.869972515750145
4925.312,0,0,0.0,20.869972515750145
4925.394,0,0,0.0,20.869972515750145
4925.406,0,0,0.0,20.869972515750145
4925.444,264,7,0.8001,20.869980961250146
4925.506,0,0,0.0,20.869980961250146
4925.584,0,0,0.0,20.869980961250146
4925.807,0,0,0.0,20.869980961250146
4925.907,105,3,0.3429,20.869990486250146
4926.006,0,0,0.0,20.869990486250146
4926.007,528,15,1.7145,20.869990962500147
4926.103,0,0,0.0,20.869990962500147
4926.127,0,0,0.0,20.869990962500147
4926.317,0,0,0.0,20.869990962500147
4926.607,0,0,0.0,20.869990962500147
4926.767,0,0,0.0,20.869990962500147
4926.805,0,0,0.0,20.869990962500147
4927.105,0,0,0.0,20.869990962500147
4927.211,0,0,0.0,20.869990962500147
4927.303,0,0,0.0,20.869990962500147
4927.306,0,0,0.0,20.869990962500147
4927.394,0,0,0.0,20.869990962500147
4927.394,0,0,0.0,20.869990962500147
4927.406,0,0,0.0,20.869990962500147
4927.607,0,0,0.0,20.869990962500147
4927.775,0,0,0.0,20.869990962500147
4927.807,0,0,0.0,20.869990962500147
4927.907,0,0,0.0,20.869990962500147
4928.005,0,0,0.0,20.869990962500147
4928.306,0,0,0.0,20.869990962500147
4928.33,0,0,0.0,20.869990962500147
4928.405,0,0,0.0,20.869990962500147
4928.505,0,0,0.0,20.869990962500147
4928.517,0,0,0.0,20.869990962500147
4928.769,0,0,0.0,20.869990962500147
4928.81,0,0,0.0,20.869990962500147
4929.008,0,0,0.0,20.869990962500147
4929.402,0,0,0.0,20.869990962500147
4929.444,0,0,0.0,20.869990962500147
4929.505,0,0,0.0,20.869990962500147
4929.506,0,0,0.0,20.869990962500147
4929.606,0,0,0.0,20.869990962500147
4929.607,0,0,0.0,20.869990962500147
4929.627,0,0,0.0,20.869990962500147
4929.769,0,0,0.0,20.869990962500147
4929.807,0,0,0.0,20.869990962500147
4930.104,0,0,0.0,20.869990962500147
4930.21,0,0,0.0,20.869990962500147
4930.502,0,0,0.0,20.869990962500147
4930.604,0,0,0.0,20.869990962500147
4930.754,0,0,0.0,20.869990962500147
4930.902,0,0,0.0,20.869990962500147
4931.384,0,0,0.0,20.869990962500147
4931.384,0,0,0.0,20.869990962500147
4931.384,0,0,0.0,20.869990962500147
4931.404,0,0,0.0,20.869990962500147
4931.504,0,0,0.0,20.869990962500147
4931.505,0,0,0.0,20.869990962500147
4931.508,0,0,0.0,20.869990962500147
4931.574,0,0,0.0,20.869990962500147
4931.634,0,0,0.0,20.869990962500147
4931.804,0,0,0.0,20.869990962500147
4932.102,0,0,0.0,20.869990962500147
4932.103,0,0,0.0,20.869990962500147
4932.354,0,0,0.0,20.869990962500147
4932.404,0,0,0.0,20.869990962500147
4932.51,0,0,0.0,20.869990962500147
4932.594,0,0,0.0,20.869990962500147
4932.803,0,0,0.0,20.869990962500147
4933.004,0,0,0.0,20.869990962500147
4933.107,0,0,0.0,20.869990962500147
4933.354,0,0,0.0,20.869990962500147
4933.374,0,0,0.0,20.869990962500147
4933.384,0,0,0.0,20.869990962500147
4933.404,0,0,0.0,20.869990962500147
4933.574,0,0,0.0,20.869990962500147
4933.603,0,0,0.0,20.869990962500147
4933.605,0,0,0.0,20.869990962500147
4933.808,0,0,0.0,20.869990962500147
4933.903,0,0,0.0,20.869990962500147
4934.207,0,0,0.0,20.869990962500147
4934.307,0,0,0.0,20.869990962500147
4934.374,0,0,0.0,20.869990962500147
4934.404,0,0,0.0,20.869990962500147
4934.605,0,0,0.0,20.869990962500147
4934.805,0,0,0.0,20.869990962500147
4934.905,0,0,0.0,20.869990962500147
4934.908,0,0,0.0,20.869990962500147
4935.203,0,0,0.0,20.869990962500147
4935.504,0,0,0.0,20.869990962500147
4935.605,0,0,0.0,20.869990962500147
4935.609,0,0,0.0,20.869990962500147
4936.002,0,0,0.0,20.869990962500147
4936.364,0,0,0.0,20.869990962500147
4936.404,0,0,0.0,20.869990962500147
4936.407,0,0,0.0,20.869990962500147
4936.605,0,0,0.0,20.869990962500147
4936.808,0,0,0.0,20.869990962500147
4936.902,0,0,0.0,20.869990962500147
4937.417,0,0,0.0,20.869990962500147
4937.608,0,0,0.0,20.869990962500147
4937.908,0,0,0.0,20.869990962500147
4938.354,0,0,0.0,20.869990962500147
4938.507,0,0,0.0,20.869990962500147
4938.611,0,0,0.0,20.869990962500147
4938.904,0,0,0.0,20.869990962500147
4939.809,0,0,0.0,20.869990962500147
4940.414,0,0,0.0,20.869990962500147
4954.001,0,0,0.0,20.869990962500147
4954.484,0,0,0.0,20.869990962500147
4954.998,0,0,0.0,20.869990962500147
4955.298,0,0,0.0,20.869990962500147
4955.514,0,0,0.0,20.869990962500147
4955.997,0,0,0.0,20.869990962500147
4956.098,0,0,0.0,20.869990962500147
4956.201,0,0,0.0,20.869990962500147
4956.394,0,0,0.0,20.869990962500147
4956.504,0,0,0.0,20.869990962500147
4956.907,0,0,0.0,20.869990962500147
4957.097,0,0,0.0,20.869990962500147
4957.298,0,0,0.0,20.869990962500147
4957.298,0,0,0.0,20.869990962500147
4957.897,0,0,0.0,20.869990962500147
4957.998,0,0,0.0,20.869990962500147
4958.208,0,0,0.0,20.869990962500147
4958.305,0,0,0.0,20.869990962500147
4958.404,0,0,0.0,20.869990962500147
4958.501,0,0,0.0,20.869990962500147
4958.997,0,0,0.0,20.869990962500147
4958.997,0,0,0.0,20.869990962500147
4959.018,0,0,0.0,20.869990962500147
4959.304,0,0,0.0,20.869990962500147
4959.504,0,0,0.0,20.869990962500147
4959.599,0,0,0.0,20.869990962500147
4959.798,0,0,0.0,20.869990962500147
4960.096,0,0,0.0,20.869990962500147
4960.097,0,0,0.0,20.869990962500147
4960.197,0,0,0.0,20.869990962500147
4960.209,0,0,0.0,20.869990962500147
4960.306,0,0,0.0,20.869990962500147
4960.434,0,0,0.0,20.869990962500147
4960.498,0,0,0.0,20.869990962500147
4961.094,0,0,0.0,20.869990962500147
4961.296,0,0,0.0,20.869990962500147
4961.297,0,0,0.0,20.869990962500147
4961.311,0,0,0.0,20.869990962500147
4961.354,0,0,0.0,20.869990962500147
4961.397,0,0,0.0,20.869990962500147
4961.414,0,0,0.0,20.869990962500147
4961.454,0,0,0.0,20.869990962500147
4961.504,0,0,0.0,20.869990962500147
4961.996,0,0,0.0,20.869990962500147
4962.099,0,0,0.0,20.869990962500147
4962.294,0,0,0.0,20.869990962500147
4962.294,0,0,0.0,20.869990962500147
4962.3,0,0,0.0,20.869990962500147
4962.344,0,0,0.0,20.869990962500147
4962.397,0,0,0.0,20.869990962500147
4962.494,0,0,0.0,20.869990962500147
4962.497,0,0,0.0,20.869990962500147
4962.51,0,0,0.0,20.869990962500147
4962.798,0,0,0.0,20.869990962500147
4963.096,0,0,0.0,20.869990962500147
4963.294,0,0,0.0,20.869990962500147
4963.294,0,0,0.0,20.869990962500147
4963.296,0,0,0.0,20.869990962500147
4963.318,0,0,0.0,20.869990962500147
4963.394,0,0,0.0,20.869990962500147
4963.484,0,0,0.0,20.869990962500147
4963.51,0,0,0.0,20.869990962500147
4964.199,0,0,0.0,20.869990962500147
4964.294,0,0,0.0,20.869990962500147
4964.299,0,0,0.0,20.869990962500147
4964.414,0,0,0.0,20.869990962500147
4964.416,0,0,0.0,20.869990962500147
4964.464,0,0,0.0,20.869990962500147
4964.496,0,0,0.0,20.869990962500147
4964.496,0,0,0.0,20.869990962500147
4964.519,0,0,0.0,20.869990962500147
4964.595,0,0,0.0,20.869990962500147
4965.199,0,0,0.0,20.869990962500147
4965.296,0,0,0.0,20.869990962500147
4965.296,0,0,0.0,20.869990962500147
4965.474,0,0,0.0,20.869990962500147
4965.496,0,0,0.0,20.869990962500147
4965.499,0,0,0.0,20.869990962500147
4965.519,0,0,0.0,20.869990962500147
4965.598,0,0,0.0,20.869990962500147
4965.623,0,0,0.0,20.869990962500147
4966.095,0,0,0.0,20.869990962500147
4966.199,0,0,0.0,20.869990962500147
4966.294,0,0,0.0,20.869990962500147
4966.396,0,0,0.0,20.869990962500147
4966.396,0,0,0.0,20.869990962500147
4966.464,0,0,0.0,20.869990962500147
4966.493,0,0,0.0,20.869990962500147
4966.797,0,0,0.0,20.869990962500147
4966.995,0,0,0.0,20.869990962500147
4967.199,0,0,0.0,20.869990962500147
4967.294,0,0,0.0,20.869990962500147
4967.344,0,0,0.0,20.869990962500147
4967.396,0,0,0.0,20.869990962500147
4967.424,0,0,0.0,20.869990962500147
4967.495,0,0,0.0,20.869990962500147
4967.595,0,0,0.0,20.869990962500147
4967.896,0,0,0.0,20.869990962500147
4967.998,0,0,0.0,20.869990962500147
4968.195,0,0,0.0,20.869990962500147
4968.254,0,0,0.0,20.869990962500147
4968.284,0,0,0.0,20.869990962500147
4968.295,0,0,0.0,20.869990962500147
4968.394,0,0,0.0,20.869990962500147
4968.401,0,0,0.0,20.869990962500147
4968.454,0,0,0.0,20.869990962500147
4968.597,0,0,0.0,20.869990962500147
4968.794,0,0,0.0,20.869990962500147
4968.894,0,0,0.0,20.869990962500147
4969.001,0,0,0.0,20.869990962500147
4969.092,0,0,0.0,20.869990962500147
4969.204,0,0,0.0,20.869990962500147
4969.294,0,0,0.0,20.869990962500147
4969.399,0,0,0.0,20.869990962500147
4969.495,0,0,0.0,20.869990962500147
4969.597,0,0,0.0,20.869990962500147
4969.793,0,0,0.0,20.869990962500147
4969.802,0,0,0.0,20.869990962500147
4969.994,0,0,0.0,20.869990962500147
4970.091,0,0,0.0,20.869990962500147
4970.108,0,0,0.0,20.869990962500147
4970.395,0,0,0.0,20.869990962500147
4970.495,0,0,0.0,20.869990962500147
4970.796,0,0,0.0,20.869990962500147
4971.091,0,0,0.0,20.869990962500147
4971.097,0,0,0.0,20.869990962500147
4971.192,0,0,0.0,20.869990962500147
4971.206,0,0,0.0,20.869990962500147
4971.254,0,0,0.0,20.869990962500147
4971.314,0,0,0.0,20.869990962500147
4971.354,0,0,0.0,20.869990962500147
4971.495,0,0,0.0,20.869990962500147
4971.601,0,0,0.0,20.869990962500147
4971.896,0,0,0.0,20.869990962500147
4972.093,0,0,0.0,20.869990962500147
4972.113,0,0,0.0,20.869990962500147
4972.291,0,0,0.0,20.869990962500147
4972.293,0,0,0.0,20.869990962500147
4972.309,0,0,0.0,20.869990962500147
4972.334,0,0,0.0,20.869990962500147
4972.404,0,0,0.0,20.869990962500147
4972.501,0,0,0.0,20.869990962500147
4972.608,0,0,0.0,20.869990962500147
4972.895,0,0,0.0,20.869990962500147
4973.29,0,0,0.0,20.869990962500147
4973.293,0,0,0.0,20.869990962500147
4973.391,0,0,0.0,20.869990962500147
4973.392,0,0,0.0,20.869990962500147
4973.392,0,0,0.0,20.869990962500147
4973.404,0,0,0.0,20.869990962500147
4973.406,0,0,0.0,20.869990962500147
4973.606,0,0,0.0,20.869990962500147
4974.091,0,0,0.0,20.869990962500147
4974.196,0,0,0.0,20.869990962500147
4974.294,0,0,0.0,20.869990962500147
4974.297,0,0,0.0,20.869990962500147
4974.324,0,0,0.0,20.869990962500147
4974.454,0,0,0.0,20.869990962500147
4974.491,0,0,0.0,20.869990962500147
4974.492,0,0,0.0,20.869990962500147
4974.508,0,0,0.0,20.869990962500147
4975.09,0,0,0.0,20.869990962500147
4975.293,0,0,0.0,20.869990962500147
4975.344,0,0,0.0,20.869990962500147
4975.391,0,0,0.0,20.869990962500147
4975.414,0,0,0.0,20.869990962500147
4975.49,0,0,0.0,20.869990962500147
4975.492,0,0,0.0,20.869990962500147
4975.494,0,0,0.0,20.869990962500147
4975.592,0,0,0.0,20.869990962500147
4975.61,0,0,0.0,20.869990962500147
4976.092,0,0,0.0,20.869990962500147
4976.293,0,0,0.0,20.869990962500147
4976.384,0,0,0.0,20.869990962500147
4976.391,0,0,0.0,20.869990962500147
4976.493,0,0,0.0,20.869990962500147
4976.494,0,0,0.0,20.869990962500147
4976.592,0,0,0.0,20.869990962500147
4977.101,0,0,0.0,20.869990962500147
4977.234,0,0,0.0,20.869990962500147
4977.244,0,0,0.0,20.869990962500147
4977.292,0,0,0.0,20.869990962500147
4977.393,0,0,0.0,20.869990962500147
4977.394,0,0,0.0,20.869990962500147
4977.493,0,0,0.0,20.869990962500147
4977.591,0,0,0.0,20.869990962500147
4977.616,0,0,0.0,20.869990962500147
4977.791,0,0,0.0,20.869990962500147
4977.891,0,0,0.0,20.869990962500147
4978.097,0,0,0.0,20.869990962500147
4978.196,0,0,0.0,20.869990962500147
4978.264,0,0,0.0,20.869990962500147
4978.292,0,0,0.0,20.869990962500147
4978.434,0,0,0.0,20.869990962500147
4978.493,0,0,0.0,20.869990962500147
4978.591,0,0,0.0,20.869990962500147
4978.594,0,0,0.0,20.869990962500147
4978.791,0,0,0.0,20.869990962500147
4978.791,0,0,0.0,20.869990962500147
4979.298,0,0,0.0,20.869990962500147
4979.492,0,0,0.0,20.869990962500147
4979.594,0,0,0.0,20.869990962500147
4979.791,0,0,0.0,20.869990962500147
4979.794,0,0,0.0,20.869990962500147
4980.224,0,0,0.0,20.869990962500147
4980.392,0,0,0.0,20.869990962500147
4980.593,0,0,0.0,20.869990962500147
4980.793,0,0,0.0,20.869990962500147
4980.891,0,0,0.0,20.869990962500147
4981.274,0,0,0.0,20.869990962500147
4981.498,0,0,0.0,20.869990962500147
4981.598,0,0,0.0,20.869990962500147
4981.89,0,0,0.0,20.869990962500147
4982.284,0,0,0.0,20.869990962500147
4982.498,0,0,0.0,20.869990962500147
4982.892,0,0,0.0,20.869990962500147
4983.284,0,0,0.0,20.869990962500147
4983.798,0,0,0.0,20.869990962500147
4984.294,0,0,0.0,20.869990962500147
4984.798,0,0,0.0,20.869990962500147
5004.264,0,0,0.0,20.869990962500147
5004.289,0,0,0.0,20.869990962500147
5005.082,0,0,0.0,20.869990962500147
5005.185,0,0,0.0,20.869990962500147
5005.364,0,0,0.0,20.869990962500147
5005.982,0,0,0.0,20.869990962500147
5006.185,0,0,0.0,20.869990962500147
5006.314,0,0,0.0,20.869990962500147
5006.383,0,0,0.0,20.869990962500147
5007.084,0,0,0.0,20.869990962500147
5007.282,0,0,0.0,20.869990962500147
5007.314,0,0,0.0,20.869990962500147
5007.382,0,0,0.0,20.869990962500147
5007.485,0,0,0.0,20.869990962500147
5008.19,0,0,0.0,20.869990962500147
5008.282,0,0,0.0,20.869990962500147
5008.284,0,0,0.0,20.869990962500147
5008.314,0,0,0.0,20.869990962500147
5008.485,0,0,0.0,20.869990962500147
5008.584,0,0,0.0,20.869990962500147
5009.184,0,0,0.0,20.869990962500147
5009.254,0,0,0.0,20.869990962500147
5009.284,0,0,0.0,20.869990962500147
5009.285,0,0,0.0,20.869990962500147
5009.482,0,0,0.0,20.869990962500147
5009.488,0,0,0.0,20.869990962500147
5009.584,0,0,0.0,20.869990962500147
5009.59,0,0,0.0,20.869990962500147
5010.083,0,0,0.0,20.869990962500147
5010.19,0,0,0.0,20.869990962500147
5010.294,0,0,0.0,20.869990962500147
5010.385,0,0,0.0,20.869990962500147
5010.482,0,0,0.0,20.869990962500147
5010.484,0,0,0.0,20.869990962500147
5010.59,0,0,0.0,20.869990962500147
5010.783,0,0,0.0,20.869990962500147
5010.983,0,0,0.0,20.869990962500147
5011.144,0,0,0.0,20.869990962500147
5011.189,0,0,0.0,20.869990962500147
5011.304,0,0,0.0,20.869990962500147
5011.384,0,0,0.0,20.869990962500147
5011.484,0,0,0.0,20.869990962500147
5011.583,0,0,0.0,20.869990962500147
5011.783,0,0,0.0,20.869990962500147
5011.882,0,0,0.0,20.869990962500147
5011.983,0,0,0.0,20.869990962500147
5012.093,0,0,0.0,20.869990962500147
5012.144,0,0,0.0,20.869990962500147
5012.164,0,0,0.0,20.869990962500147
5012.284,0,0,0.0,20.869990962500147
5012.334,0,0,0.0,20.869990962500147
5012.384,0,0,0.0,20.869990962500147
5012.585,0,0,0.0,20.869990962500147
5012.785,0,0,0.0,20.869990962500147
5012.882,0,0,0.0,20.869990962500147
5012.981,0,0,0.0,20.869990962500147
5013.089,0,0,0.0,20.869990962500147
5013.174,0,0,0.0,20.869990962500147
5013.184,0,0,0.0,20.869990962500147
5013.389,0,0,0.0,20.869990962500147
5013.484,0,0,0.0,20.869990962500147
5013.585,0,0,0.0,20.869990962500147
5013.782,0,0,0.0,20.869990962500147
5013.882,0,0,0.0,20.869990962500147
5013.983,0,0,0.0,20.869990962500147
5014.08,0,0,0.0,20.869990962500147
5014.183,0,0,0.0,20.869990962500147
5014.383,0,0,0.0,20.869990962500147
5014.484,0,0,0.0,20.869990962500147
5014.589,0,0,0.0,20.869990962500147
5014.785,0,0,0.0,20.869990962500147
5014.884,0,0,0.0,20.869990962500147
5014.981,0,0,0.0,20.869990962500147
5014.986,0,0,0.0,20.869990962500147
5015.087,0,0,0.0,20.869990962500147
5015.194,0,0,0.0,20.869990962500147
5015.244,0,0,0.0,20.869990962500147
5015.393,0,0,0.0,20.869990962500147
5015.589,0,0,0.0,20.869990962500147
5015.886,0,0,0.0,20.869990962500147
5016.083,0,0,0.0,20.869990962500147
5016.224,0,0,0.0,20.869990962500147
5016.281,0,0,0.0,20.869990962500147
5016.281,0,0,0.0,20.869990962500147
5016.283,0,0,0.0,20.869990962500147
5016.304,0,0,0.0,20.869990962500147
5016.383,0,0,0.0,20.869990962500147
5016.489,0,0,0.0,20.869990962500147
5016.591,0,0,0.0,20.869990962500147
5016.884,0,0,0.0,20.869990962500147
5017.281,0,0,0.0,20.869990962500147
5017.281,0,0,0.0,20.869990962500147
5017.284,0,0,0.0,20.869990962500147
5017.287,0,0,0.0,20.869990962500147
5017.304,0,0,0.0,20.869990962500147
5017.383,0,0,0.0,20.869990962500147
5017.395,0,0,0.0,20.869990962500147
5017.596,0,0,0.0,20.869990962500147
5017.784,0,0,0.0,20.869990962500147
5018.079,0,0,0.0,20.869990962500147
5018.28,0,0,0.0,20.869990962500147
5018.283,0,0,0.0,20.869990962500147
5018.294,0,0,0.0,20.869990962500147
5018.386,0,0,0.0,20.869990962500147
5018.48,0,0,0.0,20.869990962500147
5018.483,0,0,0.0,20.869990962500147
5018.585,0,0,0.0,20.869990962500147
5019.079,0,0,0.0,20.869990962500147
5019.224,0,0,0.0,20.869990962500147
5019.282,0,0,0.0,20.869990962500147
5019.314,0,0,0.0,20.869990962500147
5019.381,0,0,0.0,20.869990962500147
5019.381,0,0,0.0,20.869990962500147
5019.48,0,0,0.0,20.869990962500147
5019.483,0,0,0.0,20.869990962500147
5019.496,0,0,0.0,20.869990962500147
5019.6,0,0,0.0,20.869990962500147
5020.081,0,0,0.0,20.869990962500147
5020.274,0,0,0.0,20.869990962500147
5020.282,0,0,0.0,20.869990962500147
5020.379,0,0,0.0,20.869990962500147
5020.483,0,0,0.0,20.869990962500147
5020.582,0,0,0.0,20.869990962500147
5020.588,0,0,0.0,20.869990962500147
5021.087,0,0,0.0,20.869990962500147
5021.134,0,0,0.0,20.869990962500147
5021.154,0,0,0.0,20.869990962500147
5021.281,0,0,0.0,20.869990962500147
5021.284,0,0,0.0,20.869990962500147
5021.382,0,0,0.0,20.869990962500147
5021.385,0,0,0.0,20.869990962500147
5021.582,0,0,0.0,20.869990962500147
5021.609,0,0,0.0,20.869990962500147
5021.781,0,0,0.0,20.869990962500147
5021.781,0,0,0.0,20.869990962500147
5022.164,0,0,0.0,20.869990962500147
5022.179,0,0,0.0,20.869990962500147
5022.181,0,0,0.0,20.869990962500147
5022.284,0,0,0.0,20.869990962500147
5022.286,0,0,0.0,20.869990962500147
5022.334,0,0,0.0,20.869990962500147
5022.482,0,0,0.0,20.869990962500147
5022.58,0,0,0.0,20.869990962500147
5022.584,0,0,0.0,20.869990962500147
5022.781,0,0,0.0,20.869990962500147
5022.883,0,0,0.0,20.869990962500147
5022.89,0,0,0.0,20.869990962500147
5023.088,0,0,0.0,20.869990962500147
5023.264,0,0,0.0,20.869990962500147
5023.286,0,0,0.0,20.869990962500147
5023.481,0,0,0.0,20.869990962500147
5023.585,0,0,0.0,20.869990962500147
5023.78,0,0,0.0,20.869990962500147
5023.784,0,0,0.0,20.869990962500147
5023.89,0,0,0.0,20.869990962500147
5024.081,0,0,0.0,20.869990962500147
5024.114,0,0,0.0,20.869990962500147
5024.124,0,0,0.0,20.869990962500147
5024.191,0,0,0.0,20.869990962500147
5024.381,0,0,0.0,20.869990962500147
5024.584,0,0,0.0,20.869990962500147
5024.782,0,0,0.0,20.869990962500147
5024.879,0,0,0.0,20.869990962500147
5024.984,0,0,0.0,20.869990962500147
5025.079,0,0,0.0,20.869990962500147
5025.092,0,0,0.0,20.869990962500147
5025.144,0,0,0.0,20.869990962500147
5025.287,0,0,0.0,20.869990962500147
5025.486,0,0,0.0,20.869990962500147
5025.591,0,0,0.0,20.869990962500147
5025.879,0,0,0.0,20.869990962500147
5026.077,0,0,0.0,20.869990962500147
5026.08,0,0,0.0,20.869990962500147
5026.114,0,0,0.0,20.869990962500147
5026.183,0,0,0.0,20.869990962500147
5026.214,0,0,0.0,20.869990962500147
5026.281,0,0,0.0,20.869990962500147
5026.481,0,0,0.0,20.869990962500147
5026.584,0,0,0.0,20.869990962500147
5026.779,0,0,0.0,20.869990962500147
5027.077,0,0,0.0,20.869990962500147
5027.174,0,0,0.0,20.869990962500147
5027.183,0,0,0.0,20.869990962500147
5027.278,0,0,0.0,20.869990962500147
5027.283,0,0,0.0,20.869990962500147
5027.292,0,0,0.0,20.869990962500147
5027.314,0,0,0.0,20.869990962500147
5027.491,0,0,0.0,20.869990962500147
5027.786,0,0,0.0,20.869990962500147
5028.076,0,0,0.0,20.869990962500147
5028.194,0,0,0.0,20.869990962500147
5028.264,0,0,0.0,20.869990962500147
5028.28,0,0,0.0,20.869990962500147
5028.286,0,0,0.0,20.869990962500147
5028.377,0,0,0.0,20.869990962500147
5028.378,0,0,0.0,20.869990962500147
5028.481,0,0,0.0,20.869990962500147
5028.584,0,0,0.0,20.869990962500147
5028.782,0,0,0.0,20.869990962500147
5029.079,0,0,0.0,20.869990962500147
5029.264,0,0,0.0,20.869990962500147
5029.277,0,0,0.0,20.869990962500147
5029.377,0,0,0.0,20.869990962500147
5029.38,0,0,0.0,20.869990962500147
5029.401,0,0,0.0,20.869990962500147
5029.477,0,0,0.0,20.869990962500147
5029.578,0,0,0.0,20.869990962500147
5030.183,0,0,0.0,20.869990962500147
5030.254,0,0,0.0,20.869990962500147
5030.264,0,0,0.0,20.869990962500147
5030.276,0,0,0.0,20.869990962500147
5030.379,0,0,0.0,20.869990962500147
5030.48,0,0,0.0,20.869990962500147
5030.578,0,0,0.0,20.869990962500147
5030.579,0,0,0.0,20.869990962500147
5030.581,0,0,0.0,20.869990962500147
5030.597,0,0,0.0,20.869990962500147
5031.178,0,0,0.0,20.869990962500147
5031.279,0,0,0.0,20.869990962500147
5031.279,0,0,0.0,20.869990962500147
5031.294,0,0,0.0,20.869990962500147
5031.476,0,0,0.0,20.869990962500147
5031.483,0,0,0.0,20.869990962500147
5031.578,0,0,0.0,20.869990962500147
5031.578,0,0,0.0,20.869990962500147
5031.582,0,0,0.0,20.869990962500147
5032.381,0,0,0.0,20.869990962500147
5032.476,0,0,0.0,20.869990962500147
5032.578,0,0,0.0,20.869990962500147
5032.778,0,0,0.0,20.869990962500147
5032.78,0,0,0.0,20.869990962500147
5033.094,0,0,0.0,20.869990962500147
5033.478,0,0,0.0,20.869990962500147
5033.577,0,0,0.0,20.869990962500147
5033.78,0,0,0.0,20.869990962500147
5033.877,0,0,0.0,20.869990962500147
5034.084,0,0,0.0,20.869990962500147
5034.581,0,0,0.0,20.869990962500147
5034.779,0,0,0.0,20.869990962500147
5034.876,0,0,0.0,20.869990962500147
5035.144,0,0,0.0,20.869990962500147
5035.58,0,0,0.0,20.869990962500147
5035.776,0,0,0.0,20.869990962500147
5035.877,0,0,0.0,20.869990962500147
5036.779,0,0,0.0,20.869990962500147
5036.878,0,0,0.0,20.869990962500147
5037.879,0,0,0.0,20.869990962500147
5056.044,0,0,0.0,20.869990962500147
5056.969,0,0,0.0,20.869990962500147
5057.044,0,0,0.0,20.869990962500147
5057.972,0,0,0.0,20.869990962500147
5058.069,0,0,0.0,20.869990962500147
5058.972,0,0,0.0,20.869990962500147
5059.069,0,0,0.0,20.869990962500147
5059.134,0,0,0.0,20.869990962500147
5059.169,0,0,0.0,20.869990962500147
5060.071,0,0,0.0,20.869990962500147
5060.174,0,0,0.0,20.869990962500147
5060.269,0,0,0.0,20.869990962500147
5060.272,0,0,0.0,20.869990962500147
5060.37,0,0,0.0,20.869990962500147
5061.174,0,0,0.0,20.869990962500147
5061.268,0,0,0.0,20.869990962500147
5061.271,0,0,0.0,20.869990962500147
5061.369,0,0,0.0,20.869990962500147
5061.372,0,0,0.0,20.869990962500147
5061.373,0,0,0.0,20.869990962500147
5061.469,0,0,0.0,20.869990962500147
5062.068,0,0,0.0,20.869990962500147
5062.224,0,0,0.0,20.869990962500147
5062.268,0,0,0.0,20.869990962500147
5062.269,0,0,0.0,20.869990962500147
5062.469,0,0,0.0,20.869990962500147
5062.469,0,0,0.0,20.869990962500147
5062.471,0,0,0.0,20.869990962500147
5062.485,0,0,0.0,20.869990962500147
5063.068,0,0,0.0,20.869990962500147
5063.164,0,0,0.0,20.869990962500147
5063.272,0,0,0.0,20.869990962500147
5063.369,0,0,0.0,20.869990962500147
5063.468,0,0,0.0,20.869990962500147
5063.472,0,0,0.0,20.869990962500147
5063.472,0,0,0.0,20.869990962500147
5063.57,0,0,0.0,20.869990962500147
5063.589,0,0,0.0,20.869990962500147
5064.071,0,0,0.0,20.869990962500147
5064.164,0,0,0.0,20.869990962500147
5064.271,0,0,0.0,20.869990962500147
5064.368,0,0,0.0,20.869990962500147
5064.471,0,0,0.0,20.869990962500147
5064.569,0,0,0.0,20.869990962500147
5064.77,0,0,0.0,20.869990962500147
5064.772,0,0,0.0,20.869990962500147
5065.014,0,0,0.0,20.869990962500147
5065.076,0,0,0.0,20.869990962500147
5065.174,0,0,0.0,20.869990962500147
5065.271,0,0,0.0,20.869990962500147
5065.37,0,0,0.0,20.869990962500147
5065.371,0,0,0.0,20.869990962500147
5065.569,0,0,0.0,20.869990962500147
5065.772,0,0,0.0,20.869990962500147
5065.87,0,0,0.0,20.869990962500147
5066.034,0,0,0.0,20.869990962500147
5066.069,0,0,0.0,20.869990962500147
5066.154,0,0,0.0,20.869990962500147
5066.177,0,0,0.0,20.869990962500147
5066.194,0,0,0.0,20.869990962500147
5066.276,0,0,0.0,20.869990962500147
5066.467,0,0,0.0,20.869990962500147
5066.471,0,0,0.0,20.869990962500147
5066.572,0,0,0.0,20.869990962500147
5066.769,0,0,0.0,20.869990962500147
5066.775,0,0,0.0,20.869990962500147
5066.878,0,0,0.0,20.869990962500147
5067.07,0,0,0.0,20.869990962500147
5067.124,0,0,0.0,20.869990962500147
5067.27,0,0,0.0,20.869990962500147
5067.374,0,0,0.0,20.869990962500147
5067.571,0,0,0.0,20.869990962500147
5067.768,0,0,0.0,20.869990962500147
5067.871,0,0,0.0,20.869990962500147
5067.878,0,0,0.0,20.869990962500147
5067.981,0,0,0.0,20.869990962500147
5068.004,0,0,0.0,20.869990962500147
5068.175,0,0,0.0,20.869990962500147
5068.279,0,0,0.0,20.869990962500147
5068.479,0,0,0.0,20.869990962500147
5068.771,0,0,0.0,20.869990962500147
5068.868,0,0,0.0,20.869990962500147
5068.968,0,0,0.0,20.869990962500147
5069.034,0,0,0.0,20.869990962500147
5069.067,0,0,0.0,20.869990962500147
5069.07,0,0,0.0,20.869990962500147
5069.144,0,0,0.0,20.869990962500147
5069.18,0,0,0.0,20.869990962500147
5069.47,0,0,0.0,20.869990962500147
5069.575,0,0,0.0,20.869990962500147
5069.868,0,0,0.0,20.869990962500147
5070.024,0,0,0.0,20.869990962500147
5070.072,0,0,0.0,20.869990962500147
5070.154,0,0,0.0,20.869990962500147
5070.166,0,0,0.0,20.869990962500147
5070.268,0,0,0.0,20.869990962500147
5070.269,0,0,0.0,20.869990962500147
5070.375,0,0,0.0,20.869990962500147
5070.479,0,0,0.0,20.869990962500147
5070.87,0,0,0.0,20.869990962500147
5071.054,0,0,0.0,20.869990962500147
5071.066,0,0,0.0,20.869990962500147
5071.172,0,0,0.0,20.869990962500147
5071.172,0,0,0.0,20.869990962500147
5071.194,0,0,0.0,20.869990962500147
5071.267,0,0,0.0,20.869990962500147
5071.269,0,0,0.0,20.869990962500147
5071.475,0,0,0.0,20.869990962500147
5071.77,0,0,0.0,20.869990962500147
5072.014,0,0,0.0,20.869990962500147
5072.065,0,0,0.0,20.869990962500147
5072.174,0,0,0.0,20.869990962500147
5072.266,0,0,0.0,20.869990962500147
5072.268,0,0,0.0,20.869990962500147
5072.278,0,0,0.0,20.869990962500147
5072.366,0,0,0.0,20.869990962500147
5072.469,0,0,0.0,20.869990962500147
5072.482,0,0,0.0,20.869990962500147
5072.77,0,0,0.0,20.869990962500147
5073.067,0,0,0.0,20.869990962500147
5073.144,0,0,0.0,20.869990962500147
5073.265,0,0,0.0,20.869990962500147
5073.366,0,0,0.0,20.869990962500147
5073.369,0,0,0.0,20.869990962500147
5073.466,0,0,0.0,20.869990962500147
5073.468,0,0,0.0,20.869990962500147
5073.47,0,0,0.0,20.869990962500147
5074.084,0,0,0.0,20.869990962500147
5074.134,0,0,0.0,20.869990962500147
5074.173,0,0,0.0,20.869990962500147
5074.265,0,0,0.0,20.869990962500147
5074.368,0,0,0.0,20.869990962500147
5074.372,0,0,0.0,20.869990962500147
5074.566,0,0,0.0,20.869990962500147
5074.567,0,0,0.0,20.869990962500147
5074.568,0,0,0.0,20.869990962500147
5074.579,0,0,0.0,20.869990962500147
5075.167,0,0,0.0,20.869990962500147
5075.184,0,0,0.0,20.869990962500147
5075.267,0,0,0.0,20.869990962500147
5075.268,0,0,0.0,20.869990962500147
5075.465,0,0,0.0,20.869990962500147
5075.566,0,0,0.0,20.869990962500147
5075.569,0,0,0.0,20.869990962500147
5075.57,0,0,0.0,20.869990962500147
5075.964,0,0,0.0,20.869990962500147
5075.984,0,0,0.0,20.869990962500147
5076.174,0,0,0.0,20.869990962500147
5076.184,0,0,0.0,20.869990962500147
5076.367,0,0,0.0,20.869990962500147
5076.465,0,0,0.0,20.869990962500147
5076.568,0,0,0.0,20.869990962500147
5076.569,0,0,0.0,20.869990962500147
5076.966,0,0,0.0,20.869990962500147
5076.974,0,0,0.0,20.869990962500147
5076.984,0,0,0.0,20.869990962500147
5077.078,0,0,0.0,20.869990962500147
5077.134,0,0,0.0,20.869990962500147
5077.271,0,0,0.0,20.869990962500147
5077.467,0,0,0.0,20.869990962500147
5077.568,0,0,0.0,20.869990962500147
5077.766,0,0,0.0,20.869990962500147
5077.866,0,0,0.0,20.869990962500147
5077.882,0,0,0.0,20.869990962500147
5077.974,0,0,0.0,20.869990962500147
5078.024,0,0,0.0,20.869990962500147
5078.072,0,0,0.0,20.869990962500147
5078.164,0,0,0.0,20.869990962500147
5078.267,0,0,0.0,20.869990962500147
5078.367,0,0,0.0,20.869990962500147
5078.568,0,0,0.0,20.869990962500147
5078.865,0,0,0.0,20.869990962500147
5078.974,0,0,0.0,20.869990962500147
5079.034,0,0,0.0,20.869990962500147
5079.064,0,0,0.0,20.869990962500147
5079.072,0,0,0.0,20.869990962500147
5079.079,0,0,0.0,20.869990962500147
5079.367,0,0,0.0,20.869990962500147
5079.467,0,0,0.0,20.869990962500147
5079.765,0,0,0.0,20.869990962500147
5079.766,0,0,0.0,20.869990962500147
5079.966,0,0,0.0,20.869990962500147
5080.004,0,0,0.0,20.869990962500147
5080.063,0,0,0.0,20.869990962500147
5080.166,0,0,0.0,20.869990962500147
5080.272,0,0,0.0,20.869990962500147
5080.376,0,0,0.0,20.869990962500147
5080.571,0,0,0.0,20.869990962500147
5080.768,0,0,0.0,20.869990962500147
5080.867,0,0,0.0,20.869990962500147
5080.963,0,0,0.0,20.869990962500147
5080.966,0,0,0.0,20.869990962500147
5081.074,0,0,0.0,20.869990962500147
5081.164,0,0,0.0,20.869990962500147
5081.166,0,0,0.0,20.869990962500147
5081.373,0,0,0.0,20.869990962500147
5081.568,0,0,0.0,20.869990962500147
5081.867,0,0,0.0,20.869990962500147
5082.065,0,0,0.0,20.869990962500147
5082.074,0,0,0.0,20.869990962500147
5082.124,0,0,0.0,20.869990962500147
5082.263,0,0,0.0,20.869990962500147
5082.266,0,0,0.0,20.869990962500147
5082.364,0,0,0.0,20.869990962500147
5082.366,0,0,0.0,20.869990962500147
5082.379,0,0,0.0,20.869990962500147
5082.573,0,0,0.0,20.869990962500147
5082.767,0,0,0.0,20.869990962500147
5083.124,0,0,0.0,20.869990962500147
5083.263,0,0,0.0,20.869990962500147
5083.265,0,0,0.0,20.869990962500147
5083.266,0,0,0.0,20.869990962500147
5083.364,0,0,0.0,20.869990962500147
5083.366,0,0,0.0,20.869990962500147
5083.466,0,0,0.0,20.869990962500147
5083.573,0,0,0.0,20.869990962500147
5083.767,0,0,0.0,20.869990962500147
5084.263,0,0,0.0,20.869990962500147
5084.265,0,0,0.0,20.869990962500147
5084.463,0,0,0.0,20.869990962500147
5084.463,0,0,0.0,20.869990962500147
5084.466,0,0,0.0,20.869990962500147
5084.568,0,0,0.0,20.869990962500147
5084.994,0,0,0.0,20.869990962500147
5085.363,0,0,0.0,20.869990962500147
5085.463,0,0,0.0,20.869990962500147
5085.465,0,0,0.0,20.869990962500147
5085.466,0,0,0.0,20.869990962500147
5085.564,0,0,0.0,20.869990962500147
5085.581,0,0,0.0,20.869990962500147
5086.465,0,0,0.0,20.869990962500147
5086.564,0,0,0.0,20.869990962500147
5086.954,0,0,0.0,20.869990962500147
5086.964,0,0,0.0,20.869990962500147
5086.984,0,0,0.0,20.869990962500147
5087.564,0,0,0.0,20.869990962500147
5087.586,0,0,0.0,20.869990962500147
5087.763,0,0,0.0,20.869990962500147
5087.766,0,0,0.0,20.869990962500147
5087.984,0,0,0.0,20.869990962500147
5088.463,0,0,0.0,20.869990962500147
5088.763,0,0,0.0,20.869990962500147
5088.863,0,0,0.0,20.869990962500147
5089.763,0,0,0.0,20.869990962500147
5089.865,0,0,0.0,20.869990962500147
5090.862,0,0,0.0,20.869990962500147
5110.004,0,0,0.0,20.869990962500147
5110.084,0,0,0.0,20.869990962500147
5110.155,0,0,0.0,20.869990962500147
5110.863,0,0,0.0,20.869990962500147
5111.004,0,0,0.0,20.869990962500147
5111.058,0,0,0.0,20.869990962500147
5111.863,0,0,0.0,20.869990962500147
5111.958,0,0,0.0,20.869990962500147
5112.163,0,0,0.0,20.869990962500147
5113.034,0,0,0.0,20.869990962500147
5113.055,0,0,0.0,20.869990962500147
5113.155,0,0,0.0,20.869990962500147
5113.158,0,0,0.0,20.869990962500147
5113.258,0,0,0.0,20.869990962500147
5113.458,0,0,0.0,20.869990962500147
5114.034,0,0,0.0,20.869990962500147
5114.057,0,0,0.0,20.869990962500147
5114.155,0,0,0.0,20.869990962500147
5114.257,0,0,0.0,20.869990962500147
5114.258,0,0,0.0,20.869990962500147
5114.363,0,0,0.0,20.869990962500147
5114.47,0,0,0.0,20.869990962500147
5115.084,0,0,0.0,20.869990962500147
5115.155,0,0,0.0,20.869990962500147
5115.254,0,0,0.0,20.869990962500147
5115.255,0,0,0.0,20.869990962500147
5115.267,0,0,0.0,20.869990962500147
5115.355,0,0,0.0,20.869990962500147
5115.463,0,0,0.0,20.869990962500147
5115.904,0,0,0.0,20.869990962500147
5115.974,0,0,0.0,20.869990962500147
5116.054,0,0,0.0,20.869990962500147
5116.254,0,0,0.0,20.869990962500147
5116.257,0,0,0.0,20.869990962500147
5116.354,0,0,0.0,20.869990962500147
5116.355,0,0,0.0,20.869990962500147
5116.457,0,0,0.0,20.869990962500147
5116.559,0,0,0.0,20.869990962500147
5116.974,0,0,0.0,20.869990962500147
5117.034,0,0,0.0,20.869990962500147
5117.056,0,0,0.0,20.869990962500147
5117.256,0,0,0.0,20.869990962500147
5117.354,0,0,0.0,20.869990962500147
5117.454,0,0,0.0,20.869990962500147
5117.457,0,0,0.0,20.869990962500147
5117.463,0,0,0.0,20.869990962500147
5117.556,0,0,0.0,20.869990962500147
5117.964,0,0,0.0,20.869990962500147
5118.024,0,0,0.0,20.869990962500147
5118.164,0,0,0.0,20.869990962500147
5118.255,0,0,0.0,20.869990962500147
5118.26,0,0,0.0,20.869990962500147
5118.354,0,0,0.0,20.869990962500147
5118.555,0,0,0.0,20.869990962500147
5118.558,0,0,0.0,20.869990962500147
5118.864,0,0,0.0,20.869990962500147
5118.904,0,0,0.0,20.869990962500147
5119.074,0,0,0.0,20.869990962500147
5119.161,0,0,0.0,20.869990962500147
5119.256,0,0,0.0,20.869990962500147
5119.355,0,0,0.0,20.869990962500147
5119.454,0,0,0.0,20.869990962500147
5119.555,0,0,0.0,20.869990962500147
5119.558,0,0,0.0,20.869990962500147
5119.558,0,0,0.0,20.869990962500147
5119.864,0,0,0.0,20.869990962500147
5119.957,0,0,0.0,20.869990962500147
5120.064,0,0,0.0,20.869990962500147
5120.161,0,0,0.0,20.869990962500147
5120.356,0,0,0.0,20.869990962500147
5120.454,0,0,0.0,20.869990962500147
5120.558,0,0,0.0,20.869990962500147
5120.755,0,0,0.0,20.869990962500147
5120.857,0,0,0.0,20.869990962500147
5120.864,0,0,0.0,20.869990962500147
5120.955,0,0,0.0,20.869990962500147
5121.014,0,0,0.0,20.869990962500147
5121.067,0,0,0.0,20.869990962500147
5121.26,0,0,0.0,20.869990962500147
5121.361,0,0,0.0,20.869990962500147
5121.46,0,0,0.0,20.869990962500147
5121.757,0,0,0.0,20.869990962500147
5121.854,0,0,0.0,20.869990962500147
5121.858,0,0,0.0,20.869990962500147
5121.864,0,0,0.0,20.869990962500147
5121.994,0,0,0.0,20.869990962500147
5122.056,0,0,0.0,20.869990962500147
5122.158,0,0,0.0,20.869990962500147
5122.26,0,0,0.0,20.869990962500147
5122.557,0,0,0.0,20.869990962500147
5122.854,0,0,0.0,20.869990962500147
5122.864,0,0,0.0,20.869990962500147
5122.874,0,0,0.0,20.869990962500147
5122.884,0,0,0.0,20.869990962500147
5122.994,0,0,0.0,20.869990962500147
5123.055,0,0,0.0,20.869990962500147
5123.154,0,0,0.0,20.869990962500147
5123.155,0,0,0.0,20.869990962500147
5123.258,0,0,0.0,20.869990962500147
5123.453,0,0,0.0,20.869990962500147
5123.56,0,0,0.0,20.869990962500147
5123.754,0,0,0.0,20.869990962500147
5123.755,0,0,0.0,20.869990962500147
5123.958,0,0,0.0,20.869990962500147
5124.052,0,0,0.0,20.869990962500147
5124.155,0,0,0.0,20.869990962500147
5124.26,0,0,0.0,20.869990962500147
5124.36,0,0,0.0,20.869990962500147
5124.56,0,0,0.0,20.869990962500147
5124.857,0,0,0.0,20.869990962500147
5124.894,0,0,0.0,20.869990962500147
5124.954,0,0,0.0,20.869990962500147
5125.052,0,0,0.0,20.869990962500147
5125.153,0,0,0.0,20.869990962500147
5125.252,0,0,0.0,20.869990962500147
5125.255,0,0,0.0,20.869990962500147
5125.271,0,0,0.0,20.869990962500147
5125.458,0,0,0.0,20.869990962500147
5125.761,0,0,0.0,20.869990962500147
5125.874,0,0,0.0,20.869990962500147
5125.954,0,0,0.0,20.869990962500147
5126.014,0,0,0.0,20.869990962500147
5126.158,0,0,0.0,20.869990962500147
5126.252,0,0,0.0,20.869990962500147
5126.352,0,0,0.0,20.869990962500147
5126.355,0,0,0.0,20.869990962500147
5126.358,0,0,0.0,20.869990962500147
5126.563,0,0,0.0,20.869990962500147
5126.754,0,0,0.0,20.869990962500147
5127.014,0,0,0.0,20.869990962500147
5127.252,0,0,0.0,20.869990962500147
5127.254,0,0,0.0,20.869990962500147
5127.355,0,0,0.0,20.869990962500147
5127.452,0,0,0.0,20.869990962500147
5127.454,0,0,0.0,20.869990962500147
5127.455,0,0,0.0,20.869990962500147
5127.563,0,0,0.0,20.869990962500147
5127.924,0,0,0.0,20.869990962500147
5128.054,0,0,0.0,20.869990962500147
5128.154,0,0,0.0,20.869990962500147
5128.252,0,0,0.0,20.869990962500147
5128.254,0,0,0.0,20.869990962500147
5128.451,0,0,0.0,20.869990962500147
5128.454,0,0,0.0,20.869990962500147
5128.458,0,0,0.0,20.869990962500147
5128.556,0,0,0.0,20.869990962500147
5128.572,0,0,0.0,20.869990962500147
5129.051,0,0,0.0,20.869990962500147
5129.054,0,0,0.0,20.869990962500147
5129.254,0,0,0.0,20.869990962500147
5129.352,0,0,0.0,20.869990962500147
5129.451,0,0,0.0,20.869990962500147
5129.458,0,0,0.0,20.869990962500147
5129.553,0,0,0.0,20.869990962500147
5129.555,0,0,0.0,20.869990962500147
5129.57,0,0,0.0,20.869990962500147
5129.994,0,0,0.0,20.869990962500147
5130.053,0,0,0.0,20.869990962500147
5130.157,0,0,0.0,20.869990962500147
5130.351,0,0,0.0,20.869990962500147
5130.454,0,0,0.0,20.869990962500147
5130.553,0,0,0.0,20.869990962500147
5130.752,0,0,0.0,20.869990962500147
5130.844,0,0,0.0,20.869990962500147
5130.864,0,0,0.0,20.869990962500147
5130.994,0,0,0.0,20.869990962500147
5131.053,0,0,0.0,20.869990962500147
5131.151,0,0,0.0,20.869990962500147
5131.254,0,0,0.0,20.869990962500147
5131.353,0,0,0.0,20.869990962500147
5131.552,0,0,0.0,20.869990962500147
5131.752,0,0,0.0,20.869990962500147
5131.874,0,0,0.0,20.869990962500147
5131.904,0,0,0.0,20.869990962500147
5131.954,0,0,0.0,20.869990962500147
5132.024,0,0,0.0,20.869990962500147
5132.056,0,0,0.0,20.869990962500147
5132.252,0,0,0.0,20.869990962500147
5132.255,0,0,0.0,20.869990962500147
5132.355,0,0,0.0,20.869990962500147
5132.551,0,0,0.0,20.869990962500147
5132.555,0,0,0.0,20.869990962500147
5132.752,0,0,0.0,20.869990962500147
5132.852,0,0,0.0,20.869990962500147
5132.952,0,0,0.0,20.869990962500147
5133.052,0,0,0.0,20.869990962500147
5133.156,0,0,0.0,20.869990962500147
5133.353,0,0,0.0,20.869990962500147
5133.456,0,0,0.0,20.869990962500147
5133.751,0,0,0.0,20.869990962500147
5133.752,0,0,0.0,20.869990962500147
5133.864,0,0,0.0,20.869990962500147
5133.949,0,0,0.0,20.869990962500147
5133.958,0,0,0.0,20.869990962500147
5134.004,0,0,0.0,20.869990962500147
5134.152,0,0,0.0,20.869990962500147
5134.258,0,0,0.0,20.869990962500147
5134.455,0,0,0.0,20.869990962500147
5134.555,0,0,0.0,20.869990962500147
5134.754,0,0,0.0,20.869990962500147
5134.853,0,0,0.0,20.869990962500147
5134.984,0,0,0.0,20.869990962500147
5135.052,0,0,0.0,20.869990962500147
5135.149,0,0,0.0,20.869990962500147
5135.25,0,0,0.0,20.869990962500147
5135.252,0,0,0.0,20.869990962500147
5135.356,0,0,0.0,20.869990962500147
5135.554,0,0,0.0,20.869990962500147
5135.851,0,0,0.0,20.869990962500147
5135.854,0,0,0.0,20.869990962500147
5135.994,0,0,0.0,20.869990962500147
5136.052,0,0,0.0,20.869990962500147
5136.149,0,0,0.0,20.869990962500147
5136.35,0,0,0.0,20.869990962500147
5136.352,0,0,0.0,20.869990962500147
5136.352,0,0,0.0,20.869990962500147
5136.458,0,0,0.0,20.869990962500147
5136.755,0,0,0.0,20.869990962500147
5136.844,0,0,0.0,20.869990962500147
5137.149,0,0,0.0,20.869990962500147
5137.151,0,0,0.0,20.869990962500147
5137.349,0,0,0.0,20.869990962500147
5137.352,0,0,0.0,20.869990962500147
5137.452,0,0,0.0,20.869990962500147
5137.557,0,0,0.0,20.869990962500147
5137.755,0,0,0.0,20.869990962500147
5138.252,0,0,0.0,20.869990962500147
5138.349,0,0,0.0,20.869990962500147
5138.349,0,0,0.0,20.869990962500147
5138.551,0,0,0.0,20.869990962500147
5138.554,0,0,0.0,20.869990962500147
5138.934,0,0,0.0,20.869990962500147
5139.449,0,0,0.0,20.869990962500147
5139.452,0,0,0.0,20.869990962500147
5139.458,0,0,0.0,20.869990962500147
5139.55,0,0,0.0,20.869990962500147
5139.854,0,0,0.0,20.869990962500147
5140.55,0,0,0.0,20.869990962500147
5140.553,0,0,0.0,20.869990962500147
5140.75,0,0,0.0,20.869990962500147
5140.814,0,0,0.0,20.869990962500147
5141.553,0,0,0.0,20.869990962500147
5141.557,0,0,0.0,20.869990962500147
5141.814,0,0,0.0,20.869990962500147
5142.749,0,0,0.0,20.869990962500147
5142.749,0,0,0.0,20.869990962500147
5162.964,0,0,0.0,20.869990962500147
5163.145,0,0,0.0,20.869990962500147
5163.964,0,0,0.0,20.869990962500147
5164.045,0,0,0.0,20.869990962500147
5164.147,0,0,0.0,20.869990962500147
5164.855,0,0,0.0,20.869990962500147
5164.944,0,0,0.0,20.869990962500147
5165.051,0,0,0.0,20.869990962500147
5165.345,0,0,0.0,20.869990962500147
5165.348,0,0,0.0,20.869990962500147
5165.947,0,0,0.0,20.869990962500147
5165.954,0,0,0.0,20.869990962500147
5166.144,0,0,0.0,20.869990962500147
5166.148,0,0,0.0,20.869990962500147
5166.345,0,0,0.0,20.869990962500147
5166.546,0,0,0.0,20.869990962500147
5166.764,0,0,0.0,20.869990962500147
5166.924,0,0,0.0,20.869990962500147
5167.141,0,0,0.0,20.869990962500147
5167.144,0,0,0.0,20.869990962500147
5167.144,0,0,0.0,20.869990962500147
5167.351,0,0,0.0,20.869990962500147
5167.546,0,0,0.0,20.869990962500147
5167.549,0,0,0.0,20.869990962500147
5168.041,0,0,0.0,20.869990962500147
5168.043,0,0,0.0,20.869990962500147
5168.149,0,0,0.0,20.869990962500147
5168.344,0,0,0.0,20.869990962500147
5168.351,0,0,0.0,20.869990962500147
5168.746,0,0,0.0,20.869990962500147
5168.784,0,0,0.0,20.869990962500147
5168.934,0,0,0.0,20.869990962500147
5169.041,0,0,0.0,20.869990962500147
5169.143,0,0,0.0,20.869990962500147
5169.143,0,0,0.0,20.869990962500147
5169.241,0,0,0.0,20.869990962500147
5169.249,0,0,0.0,20.869990962500147
5169.552,0,0,0.0,20.869990962500147
5169.746,0,0,0.0,20.869990962500147
5169.774,0,0,0.0,20.869990962500147
5169.894,0,0,0.0,20.869990962500147
5170.04,0,0,0.0,20.869990962500147
5170.143,0,0,0.0,20.869990962500147
5170.241,0,0,0.0,20.869990962500147
5170.243,0,0,0.0,20.869990962500147
5170.441,0,0,0.0,20.869990962500147
5170.545,0,0,0.0,20.869990962500147
5170.552,0,0,0.0,20.869990962500147
5170.845,0,0,0.0,20.869990962500147
5170.884,0,0,0.0,20.869990962500147
5171.241,0,0,0.0,20.869990962500147
5171.243,0,0,0.0,20.869990962500147
5171.246,0,0,0.0,20.869990962500147
5171.343,0,0,0.0,20.869990962500147
5171.441,0,0,0.0,20.869990962500147
5171.443,0,0,0.0,20.869990962500147
5171.75,0,0,0.0,20.869990962500147
5171.754,0,0,0.0,20.869990962500147
5171.934,0,0,0.0,20.869990962500147
5172.24,0,0,0.0,20.869990962500147
5172.242,0,0,0.0,20.869990962500147
5172.343,0,0,0.0,20.869990962500147
5172.44,0,0,0.0,20.869990962500147
5172.44,0,0,0.0,20.869990962500147
5172.443,0,0,0.0,20.869990962500147
5172.734,0,0,0.0,20.869990962500147
5172.764,0,0,0.0,20.869990962500147
5172.894,0,0,0.0,20.869990962500147
5173.042,0,0,0.0,20.869990962500147
5173.244,0,0,0.0,20.869990962500147
5173.34,0,0,0.0,20.869990962500147
5173.441,0,0,0.0,20.869990962500147
5173.443,0,0,0.0,20.869990962500147
5173.541,0,0,0.0,20.869990962500147
5173.544,0,0,0.0,20.869990962500147
5173.545,0,0,0.0,20.869990962500147
5173.884,0,0,0.0,20.869990962500147
5173.945,0,0,0.0,20.869990962500147
5174.142,0,0,0.0,20.869990962500147
5174.343,0,0,0.0,20.869990962500147
5174.442,0,0,0.0,20.869990962500147
5174.544,0,0,0.0,20.869990962500147
5174.741,0,0,0.0,20.869990962500147
5174.743,0,0,0.0,20.869990962500147
5174.884,0,0,0.0,20.869990962500147
5175.047,0,0,0.0,20.869990962500147
5175.242,0,0,0.0,20.869990962500147
5175.34,0,0,0.0,20.869990962500147
5175.342,0,0,0.0,20.869990962500147
5175.534,0,0,0.0,20.869990962500147
5175.541,0,0,0.0,20.869990962500147
5175.754,0,0,0.0,20.869990962500147
5175.834,0,0,0.0,20.869990962500147
5175.841,0,0,0.0,20.869990962500147
5175.914,0,0,0.0,20.869990962500147
5176.147,0,0,0.0,20.869990962500147
5176.241,0,0,0.0,20.869990962500147
5176.242,0,0,0.0,20.869990962500147
5176.442,0,0,0.0,20.869990962500147
5176.534,0,0,0.0,20.869990962500147
5176.543,0,0,0.0,20.869990962500147
5176.741,0,0,0.0,20.869990962500147
5176.754,0,0,0.0,20.869990962500147
5176.841,0,0,0.0,20.869990962500147
5176.841,0,0,0.0,20.869990962500147
5177.046,0,0,0.0,20.869990962500147
5177.247,0,0,0.0,20.869990962500147
5177.442,0,0,0.0,20.869990962500147
5177.445,0,0,0.0,20.869990962500147
5177.74,0,0,0.0,20.869990962500147
5177.754,0,0,0.0,20.869990962500147
5177.843,0,0,0.0,20.869990962500147
5177.894,0,0,0.0,20.869990962500147
5177.938,0,0,0.0,20.869990962500147
5178.041,0,0,0.0,20.869990962500147
5178.241,0,0,0.0,20.869990962500147
5178.247,0,0,0.0,20.869990962500147
5178.345,0,0,0.0,20.869990962500147
5178.743,0,0,0.0,20.869990962500147
5178.746,0,0,0.0,20.869990962500147
5178.754,0,0,0.0,20.869990962500147
5178.84,0,0,0.0,20.869990962500147
5178.854,0,0,0.0,20.869990962500147
5179.138,0,0,0.0,20.869990962500147
5179.238,0,0,0.0,20.869990962500147
5179.241,0,0,0.0,20.869990962500147
5179.447,0,0,0.0,20.869990962500147
5179.734,0,0,0.0,20.869990962500147
5179.744,0,0,0.0,20.869990962500147
5179.814,0,0,0.0,20.869990962500147
5179.842,0,0,0.0,20.869990962500147
5180.04,0,0,0.0,20.869990962500147
5180.138,0,0,0.0,20.869990962500147
5180.14,0,0,0.0,20.869990962500147
5180.339,0,0,0.0,20.869990962500147
5180.441,0,0,0.0,20.869990962500147
5180.447,0,0,0.0,20.869990962500147
5180.742,0,0,0.0,20.869990962500147
5180.842,0,0,0.0,20.869990962500147
5180.914,0,0,0.0,20.869990962500147
5181.04,0,0,0.0,20.869990962500147
5181.237,0,0,0.0,20.869990962500147
5181.238,0,0,0.0,20.869990962500147
5181.25,0,0,0.0,20.869990962500147
5181.338,0,0,0.0,20.869990962500147
5181.452,0,0,0.0,20.869990962500147
5181.744,0,0,0.0,20.869990962500147
5181.794,0,0,0.0,20.869990962500147
5181.914,0,0,0.0,20.869990962500147
5182.037,0,0,0.0,20.869990962500147
5182.24,0,0,0.0,20.869990962500147
5182.244,0,0,0.0,20.869990962500147
5182.337,0,0,0.0,20.869990962500147
5182.438,0,0,0.0,20.869990962500147
5182.539,0,0,0.0,20.869990962500147
5182.542,0,0,0.0,20.869990962500147
5182.804,0,0,0.0,20.869990962500147
5182.874,0,0,0.0,20.869990962500147
5183.039,0,0,0.0,20.869990962500147
5183.143,0,0,0.0,20.869990962500147
5183.338,0,0,0.0,20.869990962500147
5183.44,0,0,0.0,20.869990962500147
5183.444,0,0,0.0,20.869990962500147
5183.538,0,0,0.0,20.869990962500147
5183.539,0,0,0.0,20.869990962500147
5183.844,0,0,0.0,20.869990962500147
5183.864,0,0,0.0,20.869990962500147
5184.139,0,0,0.0,20.869990962500147
5184.24,0,0,0.0,20.869990962500147
5184.337,0,0,0.0,20.869990962500147
5184.34,0,0,0.0,20.869990962500147
5184.538,0,0,0.0,20.869990962500147
5184.541,0,0,0.0,20.869990962500147
5184.734,0,0,0.0,20.869990962500147
5184.739,0,0,0.0,20.869990962500147
5184.914,0,0,0.0,20.869990962500147
5185.239,0,0,0.0,20.869990962500147
5185.24,0,0,0.0,20.869990962500147
5185.34,0,0,0.0,20.869990962500147
5185.437,0,0,0.0,20.869990962500147
5185.538,0,0,0.0,20.869990962500147
5185.541,0,0,0.0,20.869990962500147
5185.542,0,0,0.0,20.869990962500147
5185.904,0,0,0.0,20.869990962500147
5186.038,0,0,0.0,20.869990962500147
5186.139,0,0,0.0,20.869990962500147
5186.234,0,0,0.0,20.869990962500147
5186.34,0,0,0.0,20.869990962500147
5186.439,0,0,0.0,20.869990962500147
5186.541,0,0,0.0,20.869990962500147
5186.738,0,0,0.0,20.869990962500147
5186.741,0,0,0.0,20.869990962500147
5186.848,0,0,0.0,20.869990962500147
5186.894,0,0,0.0,20.869990962500147
5187.039,0,0,0.0,20.869990962500147
5187.234,0,0,0.0,20.869990962500147
5187.34,0,0,0.0,20.869990962500147
5187.343,0,0,0.0,20.869990962500147
5187.439,0,0,0.0,20.869990962500147
5187.74,0,0,0.0,20.869990962500147
5187.838,0,0,0.0,20.869990962500147
5187.84,0,0,0.0,20.869990962500147
5187.894,0,0,0.0,20.869990962500147
5188.138,0,0,0.0,20.869990962500147
5188.234,0,0,0.0,20.869990962500147
5188.244,0,0,0.0,20.869990962500147
5188.339,0,0,0.0,20.869990962500147
5188.54,0,0,0.0,20.869990962500147
5188.837,0,0,0.0,20.869990962500147
5188.864,0,0,0.0,20.869990962500147
5189.048,0,0,0.0,20.869990962500147
5189.136,0,0,0.0,20.869990962500147
5189.138,0,0,0.0,20.869990962500147
5189.344,0,0,0.0,20.869990962500147
5189.534,0,0,0.0,20.869990962500147
5189.534,0,0,0.0,20.869990962500147
5189.54,0,0,0.0,20.869990962500147
5189.544,0,0,0.0,20.869990962500147
5189.737,0,0,0.0,20.869990962500147
5189.74,0,0,0.0,20.869990962500147
5190.038,0,0,0.0,20.869990962500147
5190.054,0,0,0.0,20.869990962500147
5190.339,0,0,0.0,20.869990962500147
5190.343,0,0,0.0,20.869990962500147
5190.546,0,0,0.0,20.869990962500147
5190.74,0,0,0.0,20.869990962500147
5190.839,0,0,0.0,20.869990962500147
5191.236,0,0,0.0,20.869990962500147
5191.238,0,0,0.0,20.869990962500147
5191.339,0,0,0.0,20.869990962500147
5191.545,0,0,0.0,20.869990962500147
5191.74,0,0,0.0,20.869990962500147
5192.138,0,0,0.0,20.869990962500147
5192.334,0,0,0.0,20.869990962500147
5192.436,0,0,0.0,20.869990962500147
5192.539,0,0,0.0,20.869990962500147
5192.839,0,0,0.0,20.869990962500147
5193.334,0,0,0.0,20.869990962500147
5193.435,0,0,0.0,20.869990962500147
5193.438,0,0,0.0,20.869990962500147
5193.745,0,0,0.0,20.869990962500147
5194.334,0,0,0.0,20.869990962500147
5194.438,0,0,0.0,20.869990962500147
5195.034,0,0,0.0,20.869990962500147
5195.434,0,0,0.0,20.869990962500147
5195.545,0,0,0.0,20.869990962500147
5215.834,0,0,0.0,20.869990962500147
5216.332,0,0,0.0,20.869990962500147
5216.834,0,0,0.0,20.869990962500147
5217.032,0,0,0.0,20.869990962500147
5217.232,0,0,0.0,20.869990962500147
5217.332,0,0,0.0,20.869990962500147
5217.774,0,0,0.0,20.869990962500147
5217.931,0,0,0.0,20.869990962500147
5218.131,0,0,0.0,20.869990962500147
5218.332,0,0,0.0,20.869990962500147
5218.335,0,0,0.0,20.869990962500147
5218.774,0,0,0.0,20.869990962500147
5218.931,0,0,0.0,20.869990962500147
5219.231,0,0,0.0,20.869990962500147
5219.332,0,0,0.0,20.869990962500147
5219.432,0,0,0.0,20.869990962500147
5219.53,0,0,0.0,20.869990962500147
5219.814,0,0,0.0,20.869990962500147
5220.136,0,0,0.0,20.869990962500147
5220.228,0,0,0.0,20.869990962500147
5220.231,0,0,0.0,20.869990962500147
5220.432,0,0,0.0,20.869990962500147
5220.533,0,0,0.0,20.869990962500147
5220.534,0,0,0.0,20.869990962500147
5220.734,0,0,0.0,20.869990962500147
5220.784,0,0,0.0,20.869990962500147
5220.93,0,0,0.0,20.869990962500147
5221.036,0,0,0.0,20.869990962500147
5221.14,0,0,0.0,20.869990962500147
5221.431,0,0,0.0,20.869990962500147
5221.435,0,0,0.0,20.869990962500147
5221.734,0,0,0.0,20.869990962500147
5221.927,0,0,0.0,20.869990962500147
5222.03,0,0,0.0,20.869990962500147
5222.231,0,0,0.0,20.869990962500147
5222.234,0,0,0.0,20.869990962500147
5222.431,0,0,0.0,20.869990962500147
5222.594,0,0,0.0,20.869990962500147
5222.734,0,0,0.0,20.869990962500147
5222.754,0,0,0.0,20.869990962500147
5223.029,0,0,0.0,20.869990962500147
5223.127,0,0,0.0,20.869990962500147
5223.227,0,0,0.0,20.869990962500147
5223.231,0,0,0.0,20.869990962500147
5223.436,0,0,0.0,20.869990962500147
5223.614,0,0,0.0,20.869990962500147
5223.614,0,0,0.0,20.869990962500147
5223.634,0,0,0.0,20.869990962500147
5223.832,0,0,0.0,20.869990962500147
5223.934,0,0,0.0,20.869990962500147
5224.029,0,0,0.0,20.869990962500147
5224.127,0,0,0.0,20.869990962500147
5224.129,0,0,0.0,20.869990962500147
5224.234,0,0,0.0,20.869990962500147
5224.33,0,0,0.0,20.869990962500147
5224.431,0,0,0.0,20.869990962500147
5224.436,0,0,0.0,20.869990962500147
5224.804,0,0,0.0,20.869990962500147
5224.831,0,0,0.0,20.869990962500147
5225.226,0,0,0.0,20.869990962500147
5225.229,0,0,0.0,20.869990962500147
5225.327,0,0,0.0,20.869990962500147
5225.329,0,0,0.0,20.869990962500147
5225.33,0,0,0.0,20.869990962500147
5225.344,0,0,0.0,20.869990962500147
5225.604,0,0,0.0,20.869990962500147
5225.804,0,0,0.0,20.869990962500147
5226.026,0,0,0.0,20.869990962500147
5226.134,0,0,0.0,20.869990962500147
5226.229,0,0,0.0,20.869990962500147
5226.229,0,0,0.0,20.869990962500147
5226.326,0,0,0.0,20.869990962500147
5226.427,0,0,0.0,20.869990962500147
5226.528,0,0,0.0,20.869990962500147
5226.532,0,0,0.0,20.869990962500147
5226.604,0,0,0.0,20.869990962500147
5226.734,0,0,0.0,20.869990962500147
5226.754,0,0,0.0,20.869990962500147
5227.026,0,0,0.0,20.869990962500147
5227.128,0,0,0.0,20.869990962500147
5227.327,0,0,0.0,20.869990962500147
5227.429,0,0,0.0,20.869990962500147
5227.528,0,0,0.0,20.869990962500147
5227.53,0,0,0.0,20.869990962500147
5227.531,0,0,0.0,20.869990962500147
5227.734,0,0,0.0,20.869990962500147
5227.754,0,0,0.0,20.869990962500147
5228.128,0,0,0.0,20.869990962500147
5228.229,0,0,0.0,20.869990962500147
5228.326,0,0,0.0,20.869990962500147
5228.329,0,0,0.0,20.869990962500147
5228.527,0,0,0.0,20.869990962500147
5228.534,0,0,0.0,20.869990962500147
5228.63,0,0,0.0,20.869990962500147
5228.754,0,0,0.0,20.869990962500147
5229.139,0,0,0.0,20.869990962500147
5229.228,0,0,0.0,20.869990962500147
5229.328,0,0,0.0,20.869990962500147
5229.425,0,0,0.0,20.869990962500147
5229.527,0,0,0.0,20.869990962500147
5229.531,0,0,0.0,20.869990962500147
5229.564,0,0,0.0,20.869990962500147
5229.632,0,0,0.0,20.869990962500147
5229.794,0,0,0.0,20.869990962500147
5230.028,0,0,0.0,20.869990962500147
5230.128,0,0,0.0,20.869990962500147
5230.234,0,0,0.0,20.869990962500147
5230.428,0,0,0.0,20.869990962500147
5230.529,0,0,0.0,20.869990962500147
5230.564,0,0,0.0,20.869990962500147
5230.629,0,0,0.0,20.869990962500147
5230.774,0,0,0.0,20.869990962500147
5230.927,0,0,0.0,20.869990962500147
5231.033,0,0,0.0,20.869990962500147
5231.328,0,0,0.0,20.869990962500147
5231.328,0,0,0.0,20.869990962500147
5231.426,0,0,0.0,20.869990962500147
5231.564,0,0,0.0,20.869990962500147
5231.584,0,0,0.0,20.869990962500147
5231.629,0,0,0.0,20.869990962500147
5231.784,0,0,0.0,20.869990962500147
5231.827,0,0,0.0,20.869990962500147
5232.127,0,0,0.0,20.869990962500147
5232.234,0,0,0.0,20.869990962500147
5232.328,0,0,0.0,20.869990962500147
5232.529,0,0,0.0,20.869990962500147
5232.584,0,0,0.0,20.869990962500147
5232.624,0,0,0.0,20.869990962500147
5232.631,0,0,0.0,20.869990962500147
5232.632,0,0,0.0,20.869990962500147
5232.754,0,0,0.0,20.869990962500147
5232.826,0,0,0.0,20.869990962500147
5233.125,0,0,0.0,20.869990962500147
5233.127,0,0,0.0,20.869990962500147
5233.127,0,0,0.0,20.869990962500147
5233.333,0,0,0.0,20.869990962500147
5233.529,0,0,0.0,20.869990962500147
5233.532,0,0,0.0,20.869990962500147
5233.826,0,0,0.0,20.869990962500147
5233.927,0,0,0.0,20.869990962500147
5234.024,0,0,0.0,20.869990962500147
5234.027,0,0,0.0,20.869990962500147
5234.327,0,0,0.0,20.869990962500147
5234.334,0,0,0.0,20.869990962500147
5234.529,0,0,0.0,20.869990962500147
5234.584,0,0,0.0,20.869990962500147
5234.828,0,0,0.0,20.869990962500147
5235.024,0,0,0.0,20.869990962500147
5235.034,0,0,0.0,20.869990962500147
5235.124,0,0,0.0,20.869990962500147
5235.224,0,0,0.0,20.869990962500147
5235.236,0,0,0.0,20.869990962500147
5235.324,0,0,0.0,20.869990962500147
5235.535,0,0,0.0,20.869990962500147
5235.574,0,0,0.0,20.869990962500147
5236.026,0,0,0.0,20.869990962500147
5236.127,0,0,0.0,20.869990962500147
5236.13,0,0,0.0,20.869990962500147
5236.224,0,0,0.0,20.869990962500147
5236.424,0,0,0.0,20.869990962500147
5236.528,0,0,0.0,20.869990962500147
5236.534,0,0,0.0,20.869990962500147
5236.535,0,0,0.0,20.869990962500147
5236.574,0,0,0.0,20.869990962500147
5236.574,0,0,0.0,20.869990962500147
5236.828,0,0,0.0,20.869990962500147
5237.223,0,0,0.0,20.869990962500147
5237.224,0,0,0.0,20.869990962500147
5237.226,0,0,0.0,20.869990962500147
5237.324,0,0,0.0,20.869990962500147
5237.424,0,0,0.0,20.869990962500147
5237.427,0,0,0.0,20.869990962500147
5237.534,0,0,0.0,20.869990962500147
5237.63,0,0,0.0,20.869990962500147
5237.764,0,0,0.0,20.869990962500147
5238.223,0,0,0.0,20.869990962500147
5238.231,0,0,0.0,20.869990962500147
5238.324,0,0,0.0,20.869990962500147
5238.327,0,0,0.0,20.869990962500147
5238.424,0,0,0.0,20.869990962500147
5238.424,0,0,0.0,20.869990962500147
5238.624,0,0,0.0,20.869990962500147
5238.627,0,0,0.0,20.869990962500147
5238.631,0,0,0.0,20.869990962500147
5238.774,0,0,0.0,20.869990962500147
5239.025,0,0,0.0,20.869990962500147
5239.225,0,0,0.0,20.869990962500147
5239.326,0,0,0.0,20.869990962500147
5239.423,0,0,0.0,20.869990962500147
5239.524,0,0,0.0,20.869990962500147
5239.527,0,0,0.0,20.869990962500147
5239.626,0,0,0.0,20.869990962500147
5239.631,0,0,0.0,20.869990962500147
5239.734,0,0,0.0,20.869990962500147
5240.025,0,0,0.0,20.869990962500147
5240.125,0,0,0.0,20.869990962500147
5240.325,0,0,0.0,20.869990962500147
5240.423,0,0,0.0,20.869990962500147
5240.424,0,0,0.0,20.869990962500147
5240.627,0,0,0.0,20.869990962500147
5240.629,0,0,0.0,20.869990962500147
5240.93,0,0,0.0,20.869990962500147
5241.225,0,0,0.0,20.869990962500147
5241.325,0,0,0.0,20.869990962500147
5241.425,0,0,0.0,20.869990962500147
5241.524,0,0,0.0,20.869990962500147
5241.534,0,0,0.0,20.869990962500147
5241.534,0,0,0.0,20.869990962500147
5241.626,0,0,0.0,20.869990962500147
5241.629,0,0,0.0,20.869990962500147
5241.63,0,0,0.0,20.869990962500147
5241.754,0,0,0.0,20.869990962500147
5242.13,0,0,0.0,20.869990962500147
5242.224,0,0,0.0,20.869990962500147
5242.225,0,0,0.0,20.869990962500147
5242.425,0,0,0.0,20.869990962500147
5242.526,0,0,0.0,20.869990962500147
5242.534,0,0,0.0,20.869990962500147
5242.629,0,0,0.0,20.869990962500147
5243.024,0,0,0.0,20.869990962500147
5243.13,0,0,0.0,20.869990962500147
5243.425,0,0,0.0,20.869990962500147
5243.428,0,0,0.0,20.869990962500147
5243.53,0,0,0.0,20.869990962500147
5243.534,0,0,0.0,20.869990962500147
5243.534,0,0,0.0,20.869990962500147
5244.224,0,0,0.0,20.869990962500147
5244.328,0,0,0.0,20.869990962500147
5244.33,0,0,0.0,20.869990962500147
5244.524,0,0,0.0,20.869990962500147
5244.534,0,0,0.0,20.869990962500147
5244.629,0,0,0.0,20.869990962500147
5245.224,0,0,0.0,20.869990962500147
5245.43,0,0,0.0,20.869990962500147
5245.554,0,0,0.0,20.869990962500147
5245.554,0,0,0.0,20.869990962500147
5245.628,0,0,0.0,20.869990962500147
5245.631,0,0,0.0,20.869990962500147
5245.826,0,0,0.0,20.869990962500147
5246.424,0,0,0.0,20.869990962500147
5246.428,0,0,0.0,20.869990962500147
5246.825,0,0,0.0,20.869990962500147
5247.544,0,0,0.0,20.869990962500147
5247.633,0,0,0.0,20.869990962500147
5248.544,0,0,0.0,20.869990962500147
5248.634,0,0,0.0,20.869990962500147
5269.215,0,0,0.0,20.869990962500147
5270.318,0,0,0.0,20.869990962500147
5270.561,0,0,0.0,20.869990962500147
5270.904,0,0,0.0,20.869990962500147
5271.321,0,0,0.0,20.869990962500147
5271.76,0,0,0.0,20.869990962500147
5271.762,0,0,0.0,20.869990962500147
5272.516,0,0,0.0,20.869990962500147
5272.862,0,0,0.0,20.869990962500147
5272.864,0,0,0.0,20.869990962500147
5272.904,0,0,0.0,20.869990962500147
5273.52,0,0,0.0,20.869990962500147
5273.894,0,0,0.0,20.869990962500147
5273.904,0,0,0.0,20.869990962500147
5273.961,0,0,0.0,20.869990962500147
5273.961,0,0,0.0,20.869990962500147
5274.566,0,0,0.0,20.869990962500147
5274.762,0,0,0.0,20.869990962500147
5274.865,0,0,0.0,20.869990962500147
5275.059,0,0,0.0,20.869990962500147
5275.061,0,0,0.0,20.869990962500147
5275.454,0,0,0.0,20.869990962500147
5275.56,0,0,0.0,20.869990962500147
5275.765,0,0,0.0,20.869990962500147
5275.934,0,0,0.0,20.869990962500147
5275.961,0,0,0.0,20.869990962500147
5276.161,0,0,0.0,20.869990962500147
5276.463,0,0,0.0,20.869990962500147
5276.565,0,0,0.0,20.869990962500147
5276.767,0,0,0.0,20.869990962500147
5276.961,0,0,0.0,20.869990962500147
5277.061,0,0,0.0,20.869990962500147
5277.259,0,0,0.0,20.869990962500147
5277.365,0,0,0.0,20.869990962500147
5277.461,0,0,0.0,20.869990962500147
5277.56,0,0,0.0,20.869990962500147
5277.761,0,0,0.0,20.869990962500147
5277.863,0,0,0.0,20.869990962500147
5277.884,0,0,0.0,20.869990962500147
5277.961,0,0,0.0,20.869990962500147
5278.261,0,0,0.0,20.869990962500147
5278.459,0,0,0.0,20.869990962500147
5278.461,0,0,0.0,20.869990962500147
5278.559,0,0,0.0,20.869990962500147
5278.559,0,0,0.0,20.869990962500147
5278.767,0,0,0.0,20.869990962500147
5278.877,0,0,0.0,20.869990962500147
5278.924,0,0,0.0,20.869990962500147
5278.964,0,0,0.0,20.869990962500147
5279.361,0,0,0.0,20.869990962500147
5279.461,0,0,0.0,20.869990962500147
5279.559,0,0,0.0,20.869990962500147
5279.568,0,0,0.0,20.869990962500147
5279.765,0,0,0.0,20.869990962500147
5279.864,0,0,0.0,20.869990962500147
5279.877,0,0,0.0,20.869990962500147
5279.96,0,0,0.0,20.869990962500147
5280.46,0,0,0.0,20.869990962500147
5280.46,0,0,0.0,20.869990962500147
5280.559,0,0,0.0,20.869990962500147
5280.561,0,0,0.0,20.869990962500147
5280.757,0,0,0.0,20.869990962500147
5280.761,0,0,0.0,20.869990962500147
5280.854,0,0,0.0,20.869990962500147
5280.863,0,0,0.0,20.869990962500147
5280.882,0,0,0.0,20.869990962500147
5281.163,0,0,0.0,20.869990962500147
5281.362,0,0,0.0,20.869990962500147
5281.467,0,0,0.0,20.869990962500147
5281.76,0,0,0.0,20.869990962500147
5281.77,0,0,0.0,20.869990962500147
5281.854,0,0,0.0,20.869990962500147
5281.859,0,0,0.0,20.869990962500147
5281.859,0,0,0.0,20.869990962500147
5281.881,0,0,0.0,20.869990962500147
5282.16,0,0,0.0,20.869990962500147
5282.26,0,0,0.0,20.869990962500147
5282.464,0,0,0.0,20.869990962500147
5282.854,0,0,0.0,20.869990962500147
5282.859,0,0,0.0,20.869990962500147
5282.861,0,0,0.0,20.869990962500147
5282.879,0,0,0.0,20.869990962500147
5282.914,0,0,0.0,20.869990962500147
5282.957,0,0,0.0,20.869990962500147
5283.065,0,0,0.0,20.869990962500147
5283.263,0,0,0.0,20.869990962500147
5283.46,0,0,0.0,20.869990962500147
5283.757,0,0,0.0,20.869990962500147
5283.859,0,0,0.0,20.869990962500147
5283.861,0,0,0.0,20.869990962500147
5283.873,0,0,0.0,20.869990962500147
5283.874,0,0,0.0,20.869990962500147
5284.056,0,0,0.0,20.869990962500147
5284.259,0,0,0.0,20.869990962500147
5284.259,0,0,0.0,20.869990962500147
5284.36,0,0,0.0,20.869990962500147
5284.759,0,0,0.0,20.869990962500147
5284.862,0,0,0.0,20.869990962500147
5284.874,0,0,0.0,20.869990962500147
5284.874,0,0,0.0,20.869990962500147
5284.956,0,0,0.0,20.869990962500147
5284.957,0,0,0.0,20.869990962500147
5285.257,0,0,0.0,20.869990962500147
5285.257,0,0,0.0,20.869990962500147
5285.271,0,0,0.0,20.869990962500147
5285.561,0,0,0.0,20.869990962500147
5285.862,0,0,0.0,20.869990962500147
5285.874,0,0,0.0,20.869990962500147
5285.904,0,0,0.0,20.869990962500147
5285.956,0,0,0.0,20.869990962500147
5286.058,0,0,0.0,20.869990962500147
5286.257,0,0,0.0,20.869990962500147
5286.359,0,0,0.0,20.869990962500147
5286.457,0,0,0.0,20.869990962500147
5286.461,0,0,0.0,20.869990962500147
5286.561,0,0,0.0,20.869990962500147
5286.861,0,0,0.0,20.869990962500147
5286.876,0,0,0.0,20.869990962500147
5286.958,0,0,0.0,20.869990962500147
5286.959,0,0,0.0,20.869990962500147
5287.256,0,0,0.0,20.869990962500147
5287.362,0,0,0.0,20.869990962500147
5287.457,0,0,0.0,20.869990962500147
5287.556,0,0,0.0,20.869990962500147
5287.762,0,0,0.0,20.869990962500147
5287.864,0,0,0.0,20.869990962500147
5287.864,0,0,0.0,20.869990962500147
5287.875,0,0,0.0,20.869990962500147
5288.058,0,0,0.0,20.869990962500147
5288.456,0,0,0.0,20.869990962500147
5288.456,0,0,0.0,20.869990962500147
5288.457,0,0,0.0,20.869990962500147
5288.458,0,0,0.0,20.869990962500147
5288.56,0,0,0.0,20.869990962500147
5288.863,0,0,0.0,20.869990962500147
5288.88,0,0,0.0,20.869990962500147
5288.924,0,0,0.0,20.869990962500147
5289.058,0,0,0.0,20.869990962500147
5289.456,0,0,0.0,20.869990962500147
5289.462,0,0,0.0,20.869990962500147
5289.466,0,0,0.0,20.869990962500147
5289.554,0,0,0.0,20.869990962500147
5289.558,0,0,0.0,20.869990962500147
5289.86,0,0,0.0,20.869990962500147
5289.864,0,0,0.0,20.869990962500147
5289.875,0,0,0.0,20.869990962500147
5289.957,0,0,0.0,20.869990962500147
5290.258,0,0,0.0,20.869990962500147
5290.458,0,0,0.0,20.869990962500147
5290.556,0,0,0.0,20.869990962500147
5290.559,0,0,0.0,20.869990962500147
5290.758,0,0,0.0,20.869990962500147
5290.834,0,0,0.0,20.869990962500147
5290.854,0,0,0.0,20.869990962500147
5290.861,0,0,0.0,20.869990962500147
5290.875,0,0,0.0,20.869990962500147
5291.257,0,0,0.0,20.869990962500147
5291.358,0,0,0.0,20.869990962500147
5291.559,0,0,0.0,20.869990962500147
5291.755,0,0,0.0,20.869990962500147
5291.757,0,0,0.0,20.869990962500147
5291.844,0,0,0.0,20.869990962500147
5291.864,0,0,0.0,20.869990962500147
5291.875,0,0,0.0,20.869990962500147
5291.954,0,0,0.0,20.869990962500147
5292.163,0,0,0.0,20.869990962500147
5292.361,0,0,0.0,20.869990962500147
5292.553,0,0,0.0,20.869990962500147
5292.558,0,0,0.0,20.869990962500147
5292.754,0,0,0.0,20.869990962500147
5292.757,0,0,0.0,20.869990962500147
5292.761,0,0,0.0,20.869990962500147
5292.86,0,0,0.0,20.869990962500147
5292.878,0,0,0.0,20.869990962500147
5293.357,0,0,0.0,20.869990962500147
5293.457,0,0,0.0,20.869990962500147
5293.457,0,0,0.0,20.869990962500147
5293.754,0,0,0.0,20.869990962500147
5293.824,0,0,0.0,20.869990962500147
5293.857,0,0,0.0,20.869990962500147
5293.859,0,0,0.0,20.869990962500147
5293.872,0,0,0.0,20.869990962500147
5293.874,0,0,0.0,20.869990962500147
5293.954,0,0,0.0,20.869990962500147
5294.155,0,0,0.0,20.869990962500147
5294.262,0,0,0.0,20.869990962500147
5294.367,0,0,0.0,20.869990962500147
5294.756,0,0,0.0,20.869990962500147
5294.844,0,0,0.0,20.869990962500147
5294.856,0,0,0.0,20.869990962500147
5294.954,0,0,0.0,20.869990962500147
5295.056,0,0,0.0,20.869990962500147
5295.166,0,0,0.0,20.869990962500147
5295.254,0,0,0.0,20.869990962500147
5295.36,0,0,0.0,20.869990962500147
5295.824,0,0,0.0,20.869990962500147
5295.844,0,0,0.0,20.869990962500147
5295.856,0,0,0.0,20.869990962500147
5295.858,0,0,0.0,20.869990962500147
5295.872,0,0,0.0,20.869990962500147
5295.96,0,0,0.0,20.869990962500147
5296.254,0,0,0.0,20.869990962500147
5296.354,0,0,0.0,20.869990962500147
5296.357,0,0,0.0,20.869990962500147
5296.555,0,0,0.0,20.869990962500147
5296.756,0,0,0.0,20.869990962500147
5296.858,0,0,0.0,20.869990962500147
5296.859,0,0,0.0,20.869990962500147
5296.873,0,0,0.0,20.869990962500147
5297.053,0,0,0.0,20.869990962500147
5297.356,0,0,0.0,20.869990962500147
5297.454,0,0,0.0,20.869990962500147
5297.759,0,0,0.0,20.869990962500147
5297.854,0,0,0.0,20.869990962500147
5297.874,0,0,0.0,20.869990962500147
5297.877,0,0,0.0,20.869990962500147
5297.955,0,0,0.0,20.869990962500147
5298.053,0,0,0.0,20.869990962500147
5298.453,0,0,0.0,20.869990962500147
5298.456,0,0,0.0,20.869990962500147
5298.556,0,0,0.0,20.869990962500147
5298.756,0,0,0.0,20.869990962500147
5298.873,0,0,0.0,20.869990962500147
5298.955,0,0,0.0,20.869990962500147
5299.055,0,0,0.0,20.869990962500147
5299.253,0,0,0.0,20.869990962500147
5299.453,0,0,0.0,20.869990962500147
5299.553,0,0,0.0,20.869990962500147
5299.872,0,0,0.0,20.869990962500147
5299.955,0,0,0.0,20.869990962500147
5300.159,0,0,0.0,20.869990962500147
5300.355,0,0,0.0,20.869990962500147
5300.553,0,0,0.0,20.869990962500147
5300.872,0,0,0.0,20.869990962500147
5301.258,0,0,0.0,20.869990962500147
5301.453,0,0,0.0,20.869990962500147
5301.455,0,0,0.0,20.869990962500147
5301.872,0,0,0.0,20.869990962500147
5302.364,0,0,0.0,20.869990962500147
5302.455,0,0,0.0,20.869990962500147
5302.555,0,0,0.0,20.869990962500147
5303.354,0,0,0.0,20.869990962500147
5303.461,0,0,0.0,20.869990962500147
5304.458,0,0,0.0,20.869990962500147
5318.549,0,0,0.0,20.869990962500147
5319.455,0,0,0.0,20.869990962500147
5319.844,0,0,0.0,20.869990962500147
5320.458,0,0,0.0,20.869990962500147
5320.46,0,0,0.0,20.869990962500147
5320.75,0,0,0.0,20.869990962500147
5321.446,0,0,0.0,20.869990962500147
5321.551,0,0,0.0,20.869990962500147
5321.75,0,0,0.0,20.869990962500147
5321.844,0,0,0.0,20.869990962500147
5322.269,0,0,0.0,20.869990962500147
5322.454,0,0,0.0,20.869990962500147
5322.75,0,0,0.0,20.869990962500147
5322.756,0,0,0.0,20.869990962500147
5322.949,0,0,0.0,20.869990962500147
5323.453,0,0,0.0,20.869990962500147
5323.466,0,0,0.0,20.869990962500147
5323.546,0,0,0.0,20.869990962500147
5323.851,0,0,0.0,20.869990962500147
5323.949,0,0,0.0,20.869990962500147
5324.548,0,0,0.0,20.869990962500147
5324.769,0,0,0.0,20.869990962500147
5324.774,0,0,0.0,20.869990962500147
5324.774,0,0,0.0,20.869990962500147
5324.873,0,0,0.0,20.869990962500147
5324.884,0,0,0.0,20.869990962500147
5325.155,0,0,0.0,20.869990962500147
5325.255,0,0,0.0,20.869990962500147
5325.744,0,0,0.0,20.869990962500147
5325.744,0,0,0.0,20.869990962500147
5325.75,0,0,0.0,20.869990962500147
5325.85,0,0,0.0,20.869990962500147
5325.851,0,0,0.0,20.869990962500147
5325.874,0,0,0.0,20.869990962500147
5326.149,0,0,0.0,20.869990962500147
5326.254,0,0,0.0,20.869990962500147
5326.449,0,0,0.0,20.869990962500147
5326.453,0,0,0.0,20.869990962500147
5326.774,0,0,0.0,20.869990962500147
5326.848,0,0,0.0,20.869990962500147
5326.85,0,0,0.0,20.869990962500147
5326.861,0,0,0.0,20.869990962500147
5326.874,0,0,0.0,20.869990962500147
5326.948,0,0,0.0,20.869990962500147
5327.06,0,0,0.0,20.869990962500147
5327.255,0,0,0.0,20.869990962500147
5327.449,0,0,0.0,20.869990962500147
5327.551,0,0,0.0,20.869990962500147
5327.747,0,0,0.0,20.869990962500147
5327.749,0,0,0.0,20.869990962500147
5327.771,0,0,0.0,20.869990962500147
5327.804,0,0,0.0,20.869990962500147
5327.946,0,0,0.0,20.869990962500147
5328.148,0,0,0.0,20.869990962500147
5328.157,0,0,0.0,20.869990962500147
5328.268,0,0,0.0,20.869990962500147
5328.748,0,0,0.0,20.869990962500147
5328.752,0,0,0.0,20.869990962500147
5328.764,0,0,0.0,20.869990962500147
5328.861,0,0,0.0,20.869990962500147
5328.948,0,0,0.0,20.869990962500147
5329.045,0,0,0.0,20.869990962500147
5329.146,0,0,0.0,20.869990962500147
5329.245,0,0,0.0,20.869990962500147
5329.248,0,0,0.0,20.869990962500147
5329.547,0,0,0.0,20.869990962500147
5329.547,0,0,0.0,20.869990962500147
5329.752,0,0,0.0,20.869990962500147
5329.948,0,0,0.0,20.869990962500147
5329.951,0,0,0.0,20.869990962500147
5330.148,0,0,0.0,20.869990962500147
5330.148,0,0,0.0,20.869990962500147
5330.246,0,0,0.0,20.869990962500147
5330.452,0,0,0.0,20.869990962500147
5330.749,0,0,0.0,20.869990962500147
5330.751,0,0,0.0,20.869990962500147
5330.764,0,0,0.0,20.869990962500147
5330.869,0,0,0.0,20.869990962500147
5330.948,0,0,0.0,20.869990962500147
5331.151,0,0,0.0,20.869990962500147
5331.345,0,0,0.0,20.869990962500147
5331.348,0,0,0.0,20.869990962500147
5331.352,0,0,0.0,20.869990962500147
5331.754,0,0,0.0,20.869990962500147
5331.754,0,0,0.0,20.869990962500147
5331.85,0,0,0.0,20.869990962500147
5331.871,0,0,0.0,20.869990962500147
5332.047,0,0,0.0,20.869990962500147
5332.247,0,0,0.0,20.869990962500147
5332.355,0,0,0.0,20.869990962500147
5332.448,0,0,0.0,20.869990962500147
5332.457,0,0,0.0,20.869990962500147
5332.548,0,0,0.0,20.869990962500147
5332.754,0,0,0.0,20.869990962500147
5332.855,0,0,0.0,20.869990962500147
5332.867,0,0,0.0,20.869990962500147
5332.95,0,0,0.0,20.869990962500147
5333.147,0,0,0.0,20.869990962500147
5333.445,0,0,0.0,20.869990962500147
5333.446,0,0,0.0,20.869990962500147
5333.448,0,0,0.0,20.869990962500147
5333.557,0,0,0.0,20.869990962500147
5333.747,0,0,0.0,20.869990962500147
5333.754,0,0,0.0,20.869990962500147
5333.854,0,0,0.0,20.869990962500147
5333.875,0,0,0.0,20.869990962500147
5334.247,0,0,0.0,20.869990962500147
5334.253,0,0,0.0,20.869990962500147
5334.451,0,0,0.0,20.869990962500147
5334.543,0,0,0.0,20.869990962500147
5334.734,0,0,0.0,20.869990962500147
5334.747,0,0,0.0,20.869990962500147
5334.753,0,0,0.0,20.869990962500147
5334.856,0,0,0.0,20.869990962500147
5334.87,0,0,0.0,20.869990962500147
5335.247,0,0,0.0,20.869990962500147
5335.347,0,0,0.0,20.869990962500147
5335.451,0,0,0.0,20.869990962500147
5335.543,0,0,0.0,20.869990962500147
5335.547,0,0,0.0,20.869990962500147
5335.754,0,0,0.0,20.869990962500147
5335.847,0,0,0.0,20.869990962500147
5335.855,0,0,0.0,20.869990962500147
5335.874,0,0,0.0,20.869990962500147
5336.058,0,0,0.0,20.869990962500147
5336.352,0,0,0.0,20.869990962500147
5336.547,0,0,0.0,20.869990962500147
5336.548,0,0,0.0,20.869990962500147
5336.744,0,0,0.0,20.869990962500147
5336.745,0,0,0.0,20.869990962500147
5336.746,0,0,0.0,20.869990962500147
5336.753,0,0,0.0,20.869990962500147
5336.859,0,0,0.0,20.869990962500147
5336.873,0,0,0.0,20.869990962500147
5337.146,0,0,0.0,20.869990962500147
5337.252,0,0,0.0,20.869990962500147
5337.346,0,0,0.0,20.869990962500147
5337.746,0,0,0.0,20.869990962500147
5337.75,0,0,0.0,20.869990962500147
5337.849,0,0,0.0,20.869990962500147
5337.944,0,0,0.0,20.869990962500147
5337.946,0,0,0.0,20.869990962500147
5338.052,0,0,0.0,20.869990962500147
5338.155,0,0,0.0,20.869990962500147
5338.352,0,0,0.0,20.869990962500147
5338.434,0,0,0.0,20.869990962500147
5338.544,0,0,0.0,20.869990962500147
5338.734,0,0,0.0,20.869990962500147
5338.848,0,0,0.0,20.869990962500147
5338.945,0,0,0.0,20.869990962500147
5338.949,0,0,0.0,20.869990962500147
5339.065,0,0,0.0,20.869990962500147
5339.143,0,0,0.0,20.869990962500147
5339.346,0,0,0.0,20.869990962500147
5339.547,0,0,0.0,20.869990962500147
5339.746,0,0,0.0,20.869990962500147
5339.844,0,0,0.0,20.869990962500147
5339.879,0,0,0.0,20.869990962500147
5339.943,0,0,0.0,20.869990962500147
5340.146,0,0,0.0,20.869990962500147
5340.257,0,0,0.0,20.869990962500147
5340.346,0,0,0.0,20.869990962500147
5340.846,0,0,0.0,20.869990962500147
5340.848,0,0,0.0,20.869990962500147
5340.872,0,0,0.0,20.869990962500147
5341.042,0,0,0.0,20.869990962500147
5341.245,0,0,0.0,20.869990962500147
5341.446,0,0,0.0,20.869990962500147
5341.446,0,0,0.0,20.869990962500147
5341.875,0,0,0.0,20.869990962500147
5341.944,0,0,0.0,20.869990962500147
5342.044,0,0,0.0,20.869990962500147
5342.048,0,0,0.0,20.869990962500147
5342.443,0,0,0.0,20.869990962500147
5342.546,0,0,0.0,20.869990962500147
5342.873,0,0,0.0,20.869990962500147
5342.944,0,0,0.0,20.869990962500147
5343.244,0,0,0.0,20.869990962500147
5343.25,0,0,0.0,20.869990962500147
5343.545,0,0,0.0,20.869990962500147
5343.867,0,0,0.0,20.869990962500147
5344.241,0,0,0.0,20.869990962500147
5344.344,0,0,0.0,20.869990962500147
5344.544,0,0,0.0,20.869990962500147
5344.871,0,0,0.0,20.869990962500147
5345.053,0,0,0.0,20.869990962500147
5345.441,0,0,0.0,20.869990962500147
5345.444,0,0,0.0,20.869990962500147
5346.341,0,0,0.0,20.869990962500147
5359.834,0,0,0.0,20.869990962500147
5360.734,0,0,0.0,20.869990962500147
5361.134,0,0,0.0,20.869990962500147
5361.538,0,0,0.0,20.869990962500147
5361.745,0,0,0.0,20.869990962500147
5361.842,0,0,0.0,20.869990962500147
5362.443,0,0,0.0,20.869990962500147
5362.739,0,0,0.0,20.869990962500147
5362.939,0,0,0.0,20.869990962500147
5362.939,0,0,0.0,20.869990962500147
5363.039,0,0,0.0,20.869990962500147
5363.449,0,0,0.0,20.869990962500147
5364.034,0,0,0.0,20.869990962500147
5364.037,0,0,0.0,20.869990962500147
5364.039,0,0,0.0,20.869990962500147
5364.443,0,0,0.0,20.869990962500147
5364.534,0,0,0.0,20.869990962500147
5364.538,0,0,0.0,20.869990962500147
5364.846,0,0,0.0,20.869990962500147
5364.873,0,0,0.0,20.869990962500147
5364.938,0,0,0.0,20.869990962500147
5365.236,0,0,0.0,20.869990962500147
5365.334,0,0,0.0,20.869990962500147
5365.346,0,0,0.0,20.869990962500147
5365.455,0,0,0.0,20.869990962500147
5365.734,0,0,0.0,20.869990962500147
5365.841,0,0,0.0,20.869990962500147
5365.873,0,0,0.0,20.869990962500147
5365.938,0,0,0.0,20.869990962500147
5366.136,0,0,0.0,20.869990962500147
5366.337,0,0,0.0,20.869990962500147
5366.339,0,0,0.0,20.869990962500147
5366.537,0,0,0.0,20.869990962500147
5366.774,0,0,0.0,20.869990962500147
5366.774,0,0,0.0,20.869990962500147
5366.867,0,0,0.0,20.869990962500147
5366.943,0,0,0.0,20.869990962500147
5367.238,0,0,0.0,20.869990962500147
5367.336,0,0,0.0,20.869990962500147
5367.434,0,0,0.0,20.869990962500147
5367.536,0,0,0.0,20.869990962500147
5367.537,0,0,0.0,20.869990962500147
5367.539,0,0,0.0,20.869990962500147
5367.758,0,0,0.0,20.869990962500147
5367.847,0,0,0.0,20.869990962500147
5367.851,0,0,0.0,20.869990962500147
5367.861,0,0,0.0,20.869990962500147
5368.238,0,0,0.0,20.869990962500147
5368.341,0,0,0.0,20.869990962500147
5368.444,0,0,0.0,20.869990962500147
5368.458,0,0,0.0,20.869990962500147
5368.534,0,0,0.0,20.869990962500147
5368.634,0,0,0.0,20.869990962500147
5368.76,0,0,0.0,20.869990962500147
5369.138,0,0,0.0,20.869990962500147
5369.241,0,0,0.0,20.869990962500147
5369.438,0,0,0.0,20.869990962500147
5369.534,0,0,0.0,20.869990962500147
5369.735,0,0,0.0,20.869990962500147
5369.738,0,0,0.0,20.869990962500147
5369.834,0,0,0.0,20.869990962500147
5369.834,0,0,0.0,20.869990962500147
5369.84,0,0,0.0,20.869990962500147
5369.862,0,0,0.0,20.869990962500147
5370.138,0,0,0.0,20.869990962500147
5370.244,0,0,0.0,20.869990962500147
5370.438,0,0,0.0,20.869990962500147
5370.534,0,0,0.0,20.869990962500147
5370.742,0,0,0.0,20.869990962500147
5370.834,0,0,0.0,20.869990962500147
5370.84,0,0,0.0,20.869990962500147
5370.841,0,0,0.0,20.869990962500147
5370.852,0,0,0.0,20.869990962500147
5370.872,0,0,0.0,20.869990962500147
5371.046,0,0,0.0,20.869990962500147
5371.337,0,0,0.0,20.869990962500147
5371.438,0,0,0.0,20.869990962500147
5371.441,0,0,0.0,20.869990962500147
5371.734,0,0,0.0,20.869990962500147
5371.734,0,0,0.0,20.869990962500147
5371.756,0,0,0.0,20.869990962500147
5371.839,0,0,0.0,20.869990962500147
5372.036,0,0,0.0,20.869990962500147
5372.037,0,0,0.0,20.869990962500147
5372.143,0,0,0.0,20.869990962500147
5372.337,0,0,0.0,20.869990962500147
5372.539,0,0,0.0,20.869990962500147
5372.736,0,0,0.0,20.869990962500147
5372.934,0,0,0.0,20.869990962500147
5373.034,0,0,0.0,20.869990962500147
5373.237,0,0,0.0,20.869990962500147
5373.237,0,0,0.0,20.869990962500147
5373.334,0,0,0.0,20.869990962500147
5373.336,0,0,0.0,20.869990962500147
5373.734,0,0,0.0,20.869990962500147
5373.734,0,0,0.0,20.869990962500147
5373.736,0,0,0.0,20.869990962500147
5373.845,0,0,0.0,20.869990962500147
5373.872,0,0,0.0,20.869990962500147
5373.936,0,0,0.0,20.869990962500147
5374.233,0,0,0.0,20.869990962500147
5374.337,0,0,0.0,20.869990962500147
5374.437,0,0,0.0,20.869990962500147
5374.44,0,0,0.0,20.869990962500147
5374.734,0,0,0.0,20.869990962500147
5374.835,0,0,0.0,20.869990962500147
5374.839,0,0,0.0,20.869990962500147
5374.864,0,0,0.0,20.869990962500147
5374.936,0,0,0.0,20.869990962500147
5375.135,0,0,0.0,20.869990962500147
5375.336,0,0,0.0,20.869990962500147
5375.343,0,0,0.0,20.869990962500147
5375.434,0,0,0.0,20.869990962500147
5375.734,0,0,0.0,20.869990962500147
5375.737,0,0,0.0,20.869990962500147
5375.742,0,0,0.0,20.869990962500147
5375.859,0,0,0.0,20.869990962500147
5376.036,0,0,0.0,20.869990962500147
5376.136,0,0,0.0,20.869990962500147
5376.333,0,0,0.0,20.869990962500147
5376.34,0,0,0.0,20.869990962500147
5376.434,0,0,0.0,20.869990962500147
5376.534,0,0,0.0,20.869990962500147
5376.843,0,0,0.0,20.869990962500147
5376.848,0,0,0.0,20.869990962500147
5376.853,0,0,0.0,20.869990962500147
5376.939,0,0,0.0,20.869990962500147
5377.233,0,0,0.0,20.869990962500147
5377.234,0,0,0.0,20.869990962500147
5377.434,0,0,0.0,20.869990962500147
5377.434,0,0,0.0,20.869990962500147
5377.436,0,0,0.0,20.869990962500147
5377.436,0,0,0.0,20.869990962500147
5377.534,0,0,0.0,20.869990962500147
5377.837,0,0,0.0,20.869990962500147
5377.941,0,0,0.0,20.869990962500147
5378.133,0,0,0.0,20.869990962500147
5378.335,0,0,0.0,20.869990962500147
5378.439,0,0,0.0,20.869990962500147
5378.538,0,0,0.0,20.869990962500147
5378.543,0,0,0.0,20.869990962500147
5378.634,0,0,0.0,20.869990962500147
5378.744,0,0,0.0,20.869990962500147
5378.838,0,0,0.0,20.869990962500147
5378.861,0,0,0.0,20.869990962500147
5379.138,0,0,0.0,20.869990962500147
5379.241,0,0,0.0,20.869990962500147
5379.534,0,0,0.0,20.869990962500147
5379.536,0,0,0.0,20.869990962500147
5379.537,0,0,0.0,20.869990962500147
5379.634,0,0,0.0,20.869990962500147
5379.735,0,0,0.0,20.869990962500147
5379.843,0,0,0.0,20.869990962500147
5379.866,0,0,0.0,20.869990962500147
5380.134,0,0,0.0,20.869990962500147
5380.435,0,0,0.0,20.869990962500147
5380.441,0,0,0.0,20.869990962500147
5380.534,0,0,0.0,20.869990962500147
5380.634,0,0,0.0,20.869990962500147
5380.834,0,0,0.0,20.869990962500147
5380.847,0,0,0.0,20.869990962500147
5380.863,0,0,0.0,20.869990962500147
5381.049,0,0,0.0,20.869990962500147
5381.24,0,0,0.0,20.869990962500147
5381.44,0,0,0.0,20.869990962500147
5381.614,0,0,0.0,20.869990962500147
5381.753,0,0,0.0,20.869990962500147
5381.844,0,0,0.0,20.869990962500147
5382.134,0,0,0.0,20.869990962500147
5382.134,0,0,0.0,20.869990962500147
5382.143,0,0,0.0,20.869990962500147
5382.244,0,0,0.0,20.869990962500147
5382.624,0,0,0.0,20.869990962500147
5382.837,0,0,0.0,20.869990962500147
5382.934,0,0,0.0,20.869990962500147
5383.134,0,0,0.0,20.869990962500147
5383.231,0,0,0.0,20.869990962500147
5383.34,0,0,0.0,20.869990962500147
5383.856,0,0,0.0,20.869990962500147
5384.134,0,0,0.0,20.869990962500147
5384.134,0,0,0.0,20.869990962500147
5384.24,0,0,0.0,20.869990962500147
5384.856,0,0,0.0,20.869990962500147
5385.137,0,0,0.0,20.869990962500147
5385.234,0,0,0.0,20.869990962500147
5385.431,0,0,0.0,20.869990962500147
5386.337,0,0,0.0,20.869990962500147
5386.434,0,0,0.0,20.869990962500147
5387.533,0,0,0.0,20.869990962500147
5400.428,0,0,0.0,20.869990962500147
5400.525,0,0,0.0,20.869990962500147
5401.433,0,0,0.0,20.869990962500147
5401.528,0,0,0.0,20.869990962500147
5401.528,0,0,0.0,20.869990962500147
5402.531,0,0,0.0,20.869990962500147
5402.628,0,0,0.0,20.869990962500147
5402.628,0,0,0.0,20.869990962500147
5403.584,0,0,0.0,20.869990962500147
5403.627,0,0,0.0,20.869990962500147
5403.832,0,0,0.0,20.869990962500147
5403.928,0,0,0.0,20.869990962500147
5404.527,0,0,0.0,20.869990962500147
5404.574,0,0,0.0,20.869990962500147
5404.614,0,0,0.0,20.869990962500147
5404.627,0,0,0.0,20.869990962500147
5404.928,0,0,0.0,20.869990962500147
5404.931,0,0,0.0,20.869990962500147
5405.53,0,0,0.0,20.869990962500147
5405.53,0,0,0.0,20.869990962500147
5405.614,0,0,0.0,20.869990962500147
5405.828,0,0,0.0,20.869990962500147
5405.857,0,0,0.0,20.869990962500147
5405.926,0,0,0.0,20.869990962500147
5406.131,0,0,0.0,20.869990962500147
5406.43,0,0,0.0,20.869990962500147
5406.584,0,0,0.0,20.869990962500147
5406.83,0,0,0.0,20.869990962500147
5406.83,0,0,0.0,20.869990962500147
5406.853,0,0,0.0,20.869990962500147
5407.025,0,0,0.0,20.869990962500147
5407.228,0,0,0.0,20.869990962500147
5407.428,0,0,0.0,20.869990962500147
5407.432,0,0,0.0,20.869990962500147
5407.574,0,0,0.0,20.869990962500147
5407.626,0,0,0.0,20.869990962500147
5407.847,0,0,0.0,20.869990962500147
5407.927,0,0,0.0,20.869990962500147
5408.027,0,0,0.0,20.869990962500147
5408.125,0,0,0.0,20.869990962500147
5408.425,0,0,0.0,20.869990962500147
5408.428,0,0,0.0,20.869990962500147
5408.526,0,0,0.0,20.869990962500147
5408.532,0,0,0.0,20.869990962500147
5408.564,0,0,0.0,20.869990962500147
5408.626,0,0,0.0,20.869990962500147
5408.854,0,0,0.0,20.869990962500147
5408.927,0,0,0.0,20.869990962500147
5408.927,0,0,0.0,20.869990962500147
5409.227,0,0,0.0,20.869990962500147
5409.327,0,0,0.0,20.869990962500147
5409.424,0,0,0.0,20.869990962500147
5409.431,0,0,0.0,20.869990962500147
5409.526,0,0,0.0,20.869990962500147
5409.829,0,0,0.0,20.869990962500147
5409.836,0,0,0.0,20.869990962500147
5409.849,0,0,0.0,20.869990962500147
5410.225,0,0,0.0,20.869990962500147
5410.325,0,0,0.0,20.869990962500147
5410.327,0,0,0.0,20.869990962500147
5410.526,0,0,0.0,20.869990962500147
5410.528,0,0,0.0,20.869990962500147
5410.564,0,0,0.0,20.869990962500147
5410.631,0,0,0.0,20.869990962500147
5410.856,0,0,0.0,20.869990962500147
5410.932,0,0,0.0,20.869990962500147
5411.127,0,0,0.0,20.869990962500147
5411.427,0,0,0.0,20.869990962500147
5411.527,0,0,0.0,20.869990962500147
5411.529,0,0,0.0,20.869990962500147
5411.574,0,0,0.0,20.869990962500147
5411.625,0,0,0.0,20.869990962500147
5411.626,0,0,0.0,20.869990962500147
5411.754,0,0,0.0,20.869990962500147
5411.836,0,0,0.0,20.869990962500147
5411.849,0,0,0.0,20.869990962500147
5412.132,0,0,0.0,20.869990962500147
5412.325,0,0,0.0,20.869990962500147
5412.33,0,0,0.0,20.869990962500147
5412.525,0,0,0.0,20.869990962500147
5412.622,0,0,0.0,20.869990962500147
5412.829,0,0,0.0,20.869990962500147
5412.839,0,0,0.0,20.869990962500147
5412.841,0,0,0.0,20.869990962500147
5412.843,0,0,0.0,20.869990962500147
5413.131,0,0,0.0,20.869990962500147
5413.33,0,0,0.0,20.869990962500147
5413.332,0,0,0.0,20.869990962500147
5413.525,0,0,0.0,20.869990962500147
5413.554,0,0,0.0,20.869990962500147
5413.622,0,0,0.0,20.869990962500147
5413.623,0,0,0.0,20.869990962500147
5413.829,0,0,0.0,20.869990962500147
5414.037,0,0,0.0,20.869990962500147
5414.226,0,0,0.0,20.869990962500147
5414.432,0,0,0.0,20.869990962500147
5414.524,0,0,0.0,20.869990962500147
5414.528,0,0,0.0,20.869990962500147
5414.624,0,0,0.0,20.869990962500147
5414.825,0,0,0.0,20.869990962500147
5414.863,0,0,0.0,20.869990962500147
5414.981,0,0,0.0,20.869990962500147
5415.238,0,0,0.0,20.869990962500147
5415.332,0,0,0.0,20.869990962500147
5415.424,0,0,0.0,20.869990962500147
5415.554,0,0,0.0,20.869990962500147
5415.554,0,0,0.0,20.869990962500147
5415.749,0,0,0.0,20.869990962500147
5415.827,0,0,0.0,20.869990962500147
5415.828,0,0,0.0,20.869990962500147
5415.856,0,0,0.0,20.869990962500147
5416.023,0,0,0.0,20.869990962500147
5416.225,0,0,0.0,20.869990962500147
5416.326,0,0,0.0,20.869990962500147
5416.426,0,0,0.0,20.869990962500147
5416.53,0,0,0.0,20.869990962500147
5416.544,0,0,0.0,20.869990962500147
5416.925,0,0,0.0,20.869990962500147
5417.025,0,0,0.0,20.869990962500147
5417.025,0,0,0.0,20.869990962500147
5417.125,0,0,0.0,20.869990962500147
5417.326,0,0,0.0,20.869990962500147
5417.544,0,0,0.0,20.869990962500147
5417.544,0,0,0.0,20.869990962500147
5417.623,0,0,0.0,20.869990962500147
5417.624,0,0,0.0,20.869990962500147
5417.627,0,0,0.0,20.869990962500147
5417.846,0,0,0.0,20.869990962500147
5417.922,0,0,0.0,20.869990962500147
5417.925,0,0,0.0,20.869990962500147
5418.224,0,0,0.0,20.869990962500147
5418.225,0,0,0.0,20.869990962500147
5418.231,0,0,0.0,20.869990962500147
5418.429,0,0,0.0,20.869990962500147
5418.631,0,0,0.0,20.869990962500147
5418.828,0,0,0.0,20.869990962500147
5418.847,0,0,0.0,20.869990962500147
5418.924,0,0,0.0,20.869990962500147
5419.222,0,0,0.0,20.869990962500147
5419.324,0,0,0.0,20.869990962500147
5419.332,0,0,0.0,20.869990962500147
5419.525,0,0,0.0,20.869990962500147
5419.529,0,0,0.0,20.869990962500147
5419.574,0,0,0.0,20.869990962500147
5419.827,0,0,0.0,20.869990962500147
5419.827,0,0,0.0,20.869990962500147
5419.851,0,0,0.0,20.869990962500147
5420.024,0,0,0.0,20.869990962500147
5420.034,0,0,0.0,20.869990962500147
5420.422,0,0,0.0,20.869990962500147
5420.422,0,0,0.0,20.869990962500147
5420.529,0,0,0.0,20.869990962500147
5420.629,0,0,0.0,20.869990962500147
5420.826,0,0,0.0,20.869990962500147
5420.847,0,0,0.0,20.869990962500147
5421.024,0,0,0.0,20.869990962500147
5421.124,0,0,0.0,20.869990962500147
5421.322,0,0,0.0,20.869990962500147
5421.422,0,0,0.0,20.869990962500147
5421.532,0,0,0.0,20.869990962500147
5421.826,0,0,0.0,20.869990962500147
5421.836,0,0,0.0,20.869990962500147
5421.84,0,0,0.0,20.869990962500147
5421.84,0,0,0.0,20.869990962500147
5422.224,0,0,0.0,20.869990962500147
5422.424,0,0,0.0,20.869990962500147
5422.424,0,0,0.0,20.869990962500147
5422.832,0,0,0.0,20.869990962500147
5423.124,0,0,0.0,20.869990962500147
5423.324,0,0,0.0,20.869990962500147
5423.524,0,0,0.0,20.869990962500147
5423.534,0,0,0.0,20.869990962500147
5423.827,0,0,0.0,20.869990962500147
5423.852,0,0,0.0,20.869990962500147
5424.128,0,0,0.0,20.869990962500147
5424.329,0,0,0.0,20.869990962500147
5424.524,0,0,0.0,20.869990962500147
5424.838,0,0,0.0,20.869990962500147
5424.85,0,0,0.0,20.869990962500147
5425.029,0,0,0.0,20.869990962500147
5425.323,0,0,0.0,20.869990962500147
5425.429,0,0,0.0,20.869990962500147
5426.034,0,0,0.0,20.869990962500147
5426.123,0,0,0.0,20.869990962500147
5426.329,0,0,0.0,20.869990962500147
5427.127,0,0,0.0,20.869990962500147
5427.235,0,0,0.0,20.869990962500147
5428.323,0,0,0.0,20.869990962500147
5440.423,0,0,0.0,20.869990962500147
5441.326,0,0,0.0,20.869990962500147
5441.617,0,0,0.0,20.869990962500147
5442.238,0,0,0.0,20.869990962500147
5442.518,0,0,0.0,20.869990962500147
5442.623,0,0,0.0,20.869990962500147
5443.417,0,0,0.0,20.869990962500147
5443.429,0,0,0.0,20.869990962500147
5443.518,0,0,0.0,20.869990962500147
5443.82,0,0,0.0,20.869990962500147
5444.517,0,0,0.0,20.869990962500147
5444.527,0,0,0.0,20.869990962500147
5444.617,0,0,0.0,20.869990962500147
5444.629,0,0,0.0,20.869990962500147
5444.821,0,0,0.0,20.869990962500147
5445.417,0,0,0.0,20.869990962500147
5445.517,0,0,0.0,20.869990962500147
5445.617,0,0,0.0,20.869990962500147
5445.827,0,0,0.0,20.869990962500147
5446.118,0,0,0.0,20.869990962500147
5446.422,0,0,0.0,20.869990962500147
5446.474,0,0,0.0,20.869990962500147
5446.514,0,0,0.0,20.869990962500147
5446.617,0,0,0.0,20.869990962500147
5446.818,0,0,0.0,20.869990962500147
5446.83,0,0,0.0,20.869990962500147
5446.849,0,0,0.0,20.869990962500147
5447.019,0,0,0.0,20.869990962500147
5447.223,0,0,0.0,20.869990962500147
5447.444,0,0,0.0,20.869990962500147
5447.616,0,0,0.0,20.869990962500147
5447.622,0,0,0.0,20.869990962500147
5447.737,0,0,0.0,20.869990962500147
5448.117,0,0,0.0,20.869990962500147
5448.217,0,0,0.0,20.869990962500147
5448.226,0,0,0.0,20.869990962500147
5448.444,0,0,0.0,20.869990962500147
5448.474,0,0,0.0,20.869990962500147
5448.474,0,0,0.0,20.869990962500147
5448.616,0,0,0.0,20.869990962500147
5448.616,0,0,0.0,20.869990962500147
5448.82,0,0,0.0,20.869990962500147
5448.83,0,0,0.0,20.869990962500147
5448.917,0,0,0.0,20.869990962500147
5449.117,0,0,0.0,20.869990962500147
5449.215,0,0,0.0,20.869990962500147
5449.323,0,0,0.0,20.869990962500147
5449.474,0,0,0.0,20.869990962500147
5449.519,0,0,0.0,20.869990962500147
5449.616,0,0,0.0,20.869990962500147
5449.817,0,0,0.0,20.869990962500147
5449.917,0,0,0.0,20.869990962500147
5450.117,0,0,0.0,20.869990962500147
5450.117,0,0,0.0,20.869990962500147
5450.223,0,0,0.0,20.869990962500147
5450.454,0,0,0.0,20.869990962500147
5450.515,0,0,0.0,20.869990962500147
5450.621,0,0,0.0,20.869990962500147
5450.82,0,0,0.0,20.869990962500147
5450.84,0,0,0.0,20.869990962500147
5451.014,0,0,0.0,20.869990962500147
5451.12,0,0,0.0,20.869990962500147
5451.217,0,0,0.0,20.869990962500147
5451.327,0,0,0.0,20.869990962500147
5451.415,0,0,0.0,20.869990962500147
5451.444,0,0,0.0,20.869990962500147
5451.62,0,0,0.0,20.869990962500147
5451.825,0,0,0.0,20.869990962500147
5451.829,0,0,0.0,20.869990962500147
5451.839,0,0,0.0,20.869990962500147
5452.014,0,0,0.0,20.869990962500147
5452.114,0,0,0.0,20.869990962500147
5452.32,0,0,0.0,20.869990962500147
5452.416,0,0,0.0,20.869990962500147
5452.42,0,0,0.0,20.869990962500147
5452.514,0,0,0.0,20.869990962500147
5452.515,0,0,0.0,20.869990962500147
5452.615,0,0,0.0,20.869990962500147
5452.915,0,0,0.0,20.869990962500147
5453.016,0,0,0.0,20.869990962500147
5453.114,0,0,0.0,20.869990962500147
5453.317,0,0,0.0,20.869990962500147
5453.411,0,0,0.0,20.869990962500147
5453.42,0,0,0.0,20.869990962500147
5453.515,0,0,0.0,20.869990962500147
5453.62,0,0,0.0,20.869990962500147
5453.817,0,0,0.0,20.869990962500147
5453.82,0,0,0.0,20.869990962500147
5453.84,0,0,0.0,20.869990962500147
5454.216,0,0,0.0,20.869990962500147
5454.222,0,0,0.0,20.869990962500147
5454.235,0,0,0.0,20.869990962500147
5454.42,0,0,0.0,20.869990962500147
5454.514,0,0,0.0,20.869990962500147
5454.62,0,0,0.0,20.869990962500147
5454.828,0,0,0.0,20.869990962500147
5454.848,0,0,0.0,20.869990962500147
5455.215,0,0,0.0,20.869990962500147
5455.416,0,0,0.0,20.869990962500147
5455.419,0,0,0.0,20.869990962500147
5455.433,0,0,0.0,20.869990962500147
5455.512,0,0,0.0,20.869990962500147
5455.514,0,0,0.0,20.869990962500147
5455.516,0,0,0.0,20.869990962500147
5455.626,0,0,0.0,20.869990962500147
5455.827,0,0,0.0,20.869990962500147
5455.841,0,0,0.0,20.869990962500147
5456.115,0,0,0.0,20.869990962500147
5456.415,0,0,0.0,20.869990962500147
5456.514,0,0,0.0,20.869990962500147
5456.516,0,0,0.0,20.869990962500147
5456.613,0,0,0.0,20.869990962500147
5456.625,0,0,0.0,20.869990962500147
5456.841,0,0,0.0,20.869990962500147
5457.12,0,0,0.0,20.869990962500147
5457.22,0,0,0.0,20.869990962500147
5457.315,0,0,0.0,20.869990962500147
5457.434,0,0,0.0,20.869990962500147
5457.444,0,0,0.0,20.869990962500147
5457.817,0,0,0.0,20.869990962500147
5457.83,0,0,0.0,20.869990962500147
5457.84,0,0,0.0,20.869990962500147
5458.02,0,0,0.0,20.869990962500147
5458.22,0,0,0.0,20.869990962500147
5458.415,0,0,0.0,20.869990962500147
5458.434,0,0,0.0,20.869990962500147
5458.434,0,0,0.0,20.869990962500147
5458.454,0,0,0.0,20.869990962500147
5458.494,0,0,0.0,20.869990962500147
5458.513,0,0,0.0,20.869990962500147
5458.814,0,0,0.0,20.869990962500147
5458.814,0,0,0.0,20.869990962500147
5458.821,0,0,0.0,20.869990962500147
5458.827,0,0,0.0,20.869990962500147
5459.026,0,0,0.0,20.869990962500147
5459.214,0,0,0.0,20.869990962500147
5459.415,0,0,0.0,20.869990962500147
5459.434,0,0,0.0,20.869990962500147
5459.516,0,0,0.0,20.869990962500147
5459.74,0,0,0.0,20.869990962500147
5459.91,0,0,0.0,20.869990962500147
5459.911,0,0,0.0,20.869990962500147
5460.117,0,0,0.0,20.869990962500147
5460.123,0,0,0.0,20.869990962500147
5460.228,0,0,0.0,20.869990962500147
5460.434,0,0,0.0,20.869990962500147
5460.434,0,0,0.0,20.869990962500147
5460.512,0,0,0.0,20.869990962500147
5460.919,0,0,0.0,20.869990962500147
5461.011,0,0,0.0,20.869990962500147
5461.111,0,0,0.0,20.869990962500147
5461.214,0,0,0.0,20.869990962500147
5461.314,0,0,0.0,20.869990962500147
5461.424,0,0,0.0,20.869990962500147
5461.464,0,0,0.0,20.869990962500147
5461.51,0,0,0.0,20.869990962500147
5461.835,0,0,0.0,20.869990962500147
5461.913,0,0,0.0,20.869990962500147
5462.013,0,0,0.0,20.869990962500147
5462.111,0,0,0.0,20.869990962500147
5462.113,0,0,0.0,20.869990962500147
5462.212,0,0,0.0,20.869990962500147
5462.424,0,0,0.0,20.869990962500147
5462.845,0,0,0.0,20.869990962500147
5462.91,0,0,0.0,20.869990962500147
5463.213,0,0,0.0,20.869990962500147
5463.213,0,0,0.0,20.869990962500147
5463.311,0,0,0.0,20.869990962500147
5463.404,0,0,0.0,20.869990962500147
5463.464,0,0,0.0,20.869990962500147
5463.815,0,0,0.0,20.869990962500147
5463.85,0,0,0.0,20.869990962500147
5464.012,0,0,0.0,20.869990962500147
5464.213,0,0,0.0,20.869990962500147
5464.513,0,0,0.0,20.869990962500147
5464.514,0,0,0.0,20.869990962500147
5464.839,0,0,0.0,20.869990962500147
5464.916,0,0,0.0,20.869990962500147
5465.112,0,0,0.0,20.869990962500147
5465.41,0,0,0.0,20.869990962500147
5465.516,0,0,0.0,20.869990962500147
5465.839,0,0,0.0,20.869990962500147
5466.112,0,0,0.0,20.869990962500147
5466.31,0,0,0.0,20.869990962500147
5466.313,0,0,0.0,20.869990962500147
5467.318,0,0,0.0,20.869990962500147
5467.513,0,0,0.0,20.869990962500147
5468.513,0,0,0.0,20.869990962500147
5481.505,0,0,0.0,20.869990962500147
5482.416,0,0,0.0,20.869990962500147
5483.374,0,0,0.0,20.869990962500147
5483.512,0,0,0.0,20.869990962500147
5483.606,0,0,0.0,20.869990962500147
5483.612,0,0,0.0,20.869990962500147
5483.905,0,0,0.0,20.869990962500147
5484.412,0,0,0.0,20.869990962500147
5484.51,0,0,0.0,20.869990962500147
5484.817,0,0,0.0,20.869990962500147
5484.907,0,0,0.0,20.869990962500147
5485.315,0,0,0.0,20.869990962500147
5485.404,0,0,0.0,20.869990962500147
5485.512,0,0,0.0,20.869990962500147
5485.809,0,0,0.0,20.869990962500147
5486.006,0,0,0.0,20.869990962500147
5486.305,0,0,0.0,20.869990962500147
5486.424,0,0,0.0,20.869990962500147
5486.511,0,0,0.0,20.869990962500147
5486.612,0,0,0.0,20.869990962500147
5486.829,0,0,0.0,20.869990962500147
5487.007,0,0,0.0,20.869990962500147
5487.107,0,0,0.0,20.869990962500147
5487.305,0,0,0.0,20.869990962500147
5487.374,0,0,0.0,20.869990962500147
5487.411,0,0,0.0,20.869990962500147
5487.515,0,0,0.0,20.869990962500147
5487.809,0,0,0.0,20.869990962500147
5487.815,0,0,0.0,20.869990962500147
5487.819,0,0,0.0,20.869990962500147
5487.836,0,0,0.0,20.869990962500147
5488.206,0,0,0.0,20.869990962500147
5488.405,0,0,0.0,20.869990962500147
5488.407,0,0,0.0,20.869990962500147
5488.512,0,0,0.0,20.869990962500147
5488.602,0,0,0.0,20.869990962500147
5488.815,0,0,0.0,20.869990962500147
5489.106,0,0,0.0,20.869990962500147
5489.306,0,0,0.0,20.869990962500147
5489.364,0,0,0.0,20.869990962500147
5489.505,0,0,0.0,20.869990962500147
5489.507,0,0,0.0,20.869990962500147
5489.509,0,0,0.0,20.869990962500147
5489.605,0,0,0.0,20.869990962500147
5489.611,0,0,0.0,20.869990962500147
5489.809,0,0,0.0,20.869990962500147
5489.828,0,0,0.0,20.869990962500147
5490.106,0,0,0.0,20.869990962500147
5490.306,0,0,0.0,20.869990962500147
5490.504,0,0,0.0,20.869990962500147
5490.507,0,0,0.0,20.869990962500147
5490.605,0,0,0.0,20.869990962500147
5490.809,0,0,0.0,20.869990962500147
5490.821,0,0,0.0,20.869990962500147
5490.833,0,0,0.0,20.869990962500147
5491.012,0,0,0.0,20.869990962500147
5491.306,0,0,0.0,20.869990962500147
5491.354,0,0,0.0,20.869990962500147
5491.406,0,0,0.0,20.869990962500147
5491.454,0,0,0.0,20.869990962500147
5491.51,0,0,0.0,20.869990962500147
5491.805,0,0,0.0,20.869990962500147
5491.818,0,0,0.0,20.869990962500147
5491.905,0,0,0.0,20.869990962500147
5492.011,0,0,0.0,20.869990962500147
5492.206,0,0,0.0,20.869990962500147
5492.312,0,0,0.0,20.869990962500147
5492.324,0,0,0.0,20.869990962500147
5492.344,0,0,0.0,20.869990962500147
5492.604,0,0,0.0,20.869990962500147
5492.61,0,0,0.0,20.869990962500147
5492.61,0,0,0.0,20.869990962500147
5492.805,0,0,0.0,20.869990962500147
5492.808,0,0,0.0,20.869990962500147
5492.902,0,0,0.0,20.869990962500147
5493.105,0,0,0.0,20.869990962500147
5493.205,0,0,0.0,20.869990962500147
5493.217,0,0,0.0,20.869990962500147
5493.604,0,0,0.0,20.869990962500147
5493.807,0,0,0.0,20.869990962500147
5493.808,0,0,0.0,20.869990962500147
5493.904,0,0,0.0,20.869990962500147
5494.102,0,0,0.0,20.869990962500147
5494.205,0,0,0.0,20.869990962500147
5494.306,0,0,0.0,20.869990962500147
5494.404,0,0,0.0,20.869990962500147
5494.409,0,0,0.0,20.869990962500147
5494.807,0,0,0.0,20.869990962500147
5494.824,0,0,0.0,20.869990962500147
5494.904,0,0,0.0,20.869990962500147
5495.004,0,0,0.0,20.869990962500147
5495.014,0,0,0.0,20.869990962500147
5495.203,0,0,0.0,20.869990962500147
5495.303,0,0,0.0,20.869990962500147
5495.344,0,0,0.0,20.869990962500147
5495.405,0,0,0.0,20.869990962500147
5495.603,0,0,0.0,20.869990962500147
5495.609,0,0,0.0,20.869990962500147
5495.827,0,0,0.0,20.869990962500147
5495.905,0,0,0.0,20.869990962500147
5496.001,0,0,0.0,20.869990962500147
5496.104,0,0,0.0,20.869990962500147
5496.305,0,0,0.0,20.869990962500147
5496.402,0,0,0.0,20.869990962500147
5496.403,0,0,0.0,20.869990962500147
5496.603,0,0,0.0,20.869990962500147
5496.813,0,0,0.0,20.869990962500147
5496.82,0,0,0.0,20.869990962500147
5496.833,0,0,0.0,20.869990962500147
5496.902,0,0,0.0,20.869990962500147
5497.202,0,0,0.0,20.869990962500147
5497.311,0,0,0.0,20.869990962500147
5497.334,0,0,0.0,20.869990962500147
5497.404,0,0,0.0,20.869990962500147
5497.405,0,0,0.0,20.869990962500147
5497.414,0,0,0.0,20.869990962500147
5497.609,0,0,0.0,20.869990962500147
5497.812,0,0,0.0,20.869990962500147
5497.909,0,0,0.0,20.869990962500147
5498.101,0,0,0.0,20.869990962500147
5498.304,0,0,0.0,20.869990962500147
5498.406,0,0,0.0,20.869990962500147
5498.414,0,0,0.0,20.869990962500147
5498.505,0,0,0.0,20.869990962500147
5498.609,0,0,0.0,20.869990962500147
5498.832,0,0,0.0,20.869990962500147
5498.909,0,0,0.0,20.869990962500147
5499.204,0,0,0.0,20.869990962500147
5499.302,0,0,0.0,20.869990962500147
5499.334,0,0,0.0,20.869990962500147
5499.4,0,0,0.0,20.869990962500147
5499.41,0,0,0.0,20.869990962500147
5499.502,0,0,0.0,20.869990962500147
5499.512,0,0,0.0,20.869990962500147
5499.612,0,0,0.0,20.869990962500147
5499.812,0,0,0.0,20.869990962500147
5499.816,0,0,0.0,20.869990962500147
5499.827,0,0,0.0,20.869990962500147
5500.007,0,0,0.0,20.869990962500147
5500.307,0,0,0.0,20.869990962500147
5500.409,0,0,0.0,20.869990962500147
5500.425,0,0,0.0,20.869990962500147
5500.5,0,0,0.0,20.869990962500147
5500.601,0,0,0.0,20.869990962500147
5500.812,0,0,0.0,20.869990962500147
5501.013,0,0,0.0,20.869990962500147
5501.303,0,0,0.0,20.869990962500147
5501.304,0,0,0.0,20.869990962500147
5501.407,0,0,0.0,20.869990962500147
5501.602,0,0,0.0,20.869990962500147
5501.611,0,0,0.0,20.869990962500147
5501.828,0,0,0.0,20.869990962500147
5502.009,0,0,0.0,20.869990962500147
5502.209,0,0,0.0,20.869990962500147
5502.304,0,0,0.0,20.869990962500147
5502.314,0,0,0.0,20.869990962500147
5502.403,0,0,0.0,20.869990962500147
5502.464,0,0,0.0,20.869990962500147
5502.805,0,0,0.0,20.869990962500147
5502.805,0,0,0.0,20.869990962500147
5502.817,0,0,0.0,20.869990962500147
5502.826,0,0,0.0,20.869990962500147
5503.003,0,0,0.0,20.869990962500147
5503.208,0,0,0.0,20.869990962500147
5503.354,0,0,0.0,20.869990962500147
5503.403,0,0,0.0,20.869990962500147
5503.424,0,0,0.0,20.869990962500147
5503.802,0,0,0.0,20.869990962500147
5503.804,0,0,0.0,20.869990962500147
5503.902,0,0,0.0,20.869990962500147
5504.001,0,0,0.0,20.869990962500147
5504.008,0,0,0.0,20.869990962500147
5504.111,0,0,0.0,20.869990962500147
5504.212,0,0,0.0,20.869990962500147
5505.0,0,0,0.0,20.869990962500147
5505.102,0,0,0.0,20.869990962500147
5505.202,0,0,0.0,20.869990962500147
5505.214,0,0,0.0,20.869990962500147
5505.831,0,0,0.0,20.869990962500147
5506.199,0,0,0.0,20.869990962500147
5506.305,0,0,0.0,20.869990962500147
5506.403,0,0,0.0,20.869990962500147
5506.836,0,0,0.0,20.869990962500147
5507.099,0,0,0.0,20.869990962500147
5507.302,0,0,0.0,20.869990962500147
5507.4,0,0,0.0,20.869990962500147
5508.499,0,0,0.0,20.869990962500147
5508.502,0,0,0.0,20.869990962500147
5509.407,0,0,0.0,20.869990962500147
5521.396,0,0,0.0,20.869990962500147
5522.502,0,0,0.0,20.869990962500147
5523.264,0,0,0.0,20.869990962500147
5523.593,0,0,0.0,20.869990962500147
5524.264,0,0,0.0,20.869990962500147
5524.264,0,0,0.0,20.869990962500147
5524.593,0,0,0.0,20.869990962500147
5524.595,0,0,0.0,20.869990962500147
5524.796,0,0,0.0,20.869990962500147
5524.796,0,0,0.0,20.869990962500147
5525.499,0,0,0.0,20.869990962500147
5525.796,0,0,0.0,20.869990962500147
5525.894,0,0,0.0,20.869990962500147
5526.244,0,0,0.0,20.869990962500147
5526.254,0,0,0.0,20.869990962500147
5526.495,0,0,0.0,20.869990962500147
5526.804,0,0,0.0,20.869990962500147
5526.809,0,0,0.0,20.869990962500147
5526.993,0,0,0.0,20.869990962500147
5527.254,0,0,0.0,20.869990962500147
5527.294,0,0,0.0,20.869990962500147
5527.493,0,0,0.0,20.869990962500147
5527.493,0,0,0.0,20.869990962500147
5527.495,0,0,0.0,20.869990962500147
5527.895,0,0,0.0,20.869990962500147
5527.995,0,0,0.0,20.869990962500147
5528.093,0,0,0.0,20.869990962500147
5528.495,0,0,0.0,20.869990962500147
5528.595,0,0,0.0,20.869990962500147
5528.822,0,0,0.0,20.869990962500147
5528.895,0,0,0.0,20.869990962500147
5528.895,0,0,0.0,20.869990962500147
5529.196,0,0,0.0,20.869990962500147
5529.202,0,0,0.0,20.869990962500147
5529.294,0,0,0.0,20.869990962500147
5529.294,0,0,0.0,20.869990962500147
5529.506,0,0,0.0,20.869990962500147
5529.797,0,0,0.0,20.869990962500147
5529.818,0,0,0.0,20.869990962500147
5529.995,0,0,0.0,20.869990962500147
5530.195,0,0,0.0,20.869990962500147
5530.294,0,0,0.0,20.869990962500147
5530.304,0,0,0.0,20.869990962500147
5530.395,0,0,0.0,20.869990962500147
5530.405,0,0,0.0,20.869990962500147
5530.496,0,0,0.0,20.869990962500147
5530.594,0,0,0.0,20.869990962500147
5530.83,0,0,0.0,20.869990962500147
5530.899,0,0,0.0,20.869990962500147
5531.004,0,0,0.0,20.869990962500147
5531.284,0,0,0.0,20.869990962500147
5531.393,0,0,0.0,20.869990962500147
5531.493,0,0,0.0,20.869990962500147
5531.494,0,0,0.0,20.869990962500147
5531.496,0,0,0.0,20.869990962500147
5531.503,0,0,0.0,20.869990962500147
5531.822,0,0,0.0,20.869990962500147
5531.895,0,0,0.0,20.869990962500147
5532.195,0,0,0.0,20.869990962500147
5532.295,0,0,0.0,20.869990962500147
5532.314,0,0,0.0,20.869990962500147
5532.394,0,0,0.0,20.869990962500147
5532.395,0,0,0.0,20.869990962500147
5532.591,0,0,0.0,20.869990962500147
5532.804,0,0,0.0,20.869990962500147
5532.822,0,0,0.0,20.869990962500147
5533.194,0,0,0.0,20.869990962500147
5533.234,0,0,0.0,20.869990962500147
5533.3,0,0,0.0,20.869990962500147
5533.304,0,0,0.0,20.869990962500147
5533.493,0,0,0.0,20.869990962500147
5533.493,0,0,0.0,20.869990962500147
5533.495,0,0,0.0,20.869990962500147
5533.594,0,0,0.0,20.869990962500147
5533.821,0,0,0.0,20.869990962500147
5534.0,0,0,0.0,20.869990962500147
5534.234,0,0,0.0,20.869990962500147
5534.294,0,0,0.0,20.869990962500147
5534.424,0,0,0.0,20.869990962500147
5534.495,0,0,0.0,20.869990962500147
5534.496,0,0,0.0,20.869990962500147
5534.593,0,0,0.0,20.869990962500147
5534.822,0,0,0.0,20.869990962500147
5534.891,0,0,0.0,20.869990962500147
5535.004,0,0,0.0,20.869990962500147
5535.2,0,0,0.0,20.869990962500147
5535.234,0,0,0.0,20.869990962500147
5535.294,0,0,0.0,20.869990962500147
5535.304,0,0,0.0,20.869990962500147
5535.434,0,0,0.0,20.869990962500147
5535.493,0,0,0.0,20.869990962500147
5535.797,0,0,0.0,20.869990962500147
5535.899,0,0,0.0,20.869990962500147
5535.999,0,0,0.0,20.869990962500147
5536.2,0,0,0.0,20.869990962500147
5536.224,0,0,0.0,20.869990962500147
5536.264,0,0,0.0,20.869990962500147
5536.3,0,0,0.0,20.869990962500147
5536.434,0,0,0.0,20.869990962500147
5536.49,0,0,0.0,20.869990962500147
5536.592,0,0,0.0,20.869990962500147
5536.893,0,0,0.0,20.869990962500147
5536.993,0,0,0.0,20.869990962500147
5537.013,0,0,0.0,20.869990962500147
5537.091,0,0,0.0,20.869990962500147
5537.234,0,0,0.0,20.869990962500147
5537.294,0,0,0.0,20.869990962500147
5537.495,0,0,0.0,20.869990962500147
5537.598,0,0,0.0,20.869990962500147
5537.793,0,0,0.0,20.869990962500147
5537.815,0,0,0.0,20.869990962500147
5537.89,0,0,0.0,20.869990962500147
5537.893,0,0,0.0,20.869990962500147
5538.093,0,0,0.0,20.869990962500147
5538.193,0,0,0.0,20.869990962500147
5538.208,0,0,0.0,20.869990962500147
5538.395,0,0,0.0,20.869990962500147
5538.597,0,0,0.0,20.869990962500147
5538.795,0,0,0.0,20.869990962500147
5538.796,0,0,0.0,20.869990962500147
5538.833,0,0,0.0,20.869990962500147
5538.99,0,0,0.0,20.869990962500147
5539.193,0,0,0.0,20.869990962500147
5539.391,0,0,0.0,20.869990962500147
5539.393,0,0,0.0,20.869990962500147
5539.493,0,0,0.0,20.869990962500147
5539.592,0,0,0.0,20.869990962500147
5539.795,0,0,0.0,20.869990962500147
5539.82,0,0,0.0,20.869990962500147
5539.993,0,0,0.0,20.869990962500147
5540.095,0,0,0.0,20.869990962500147
5540.224,0,0,0.0,20.869990962500147
5540.39,0,0,0.0,20.869990962500147
5540.397,0,0,0.0,20.869990962500147
5540.497,0,0,0.0,20.869990962500147
5540.591,0,0,0.0,20.869990962500147
5540.597,0,0,0.0,20.869990962500147
5540.82,0,0,0.0,20.869990962500147
5540.89,0,0,0.0,20.869990962500147
5540.892,0,0,0.0,20.869990962500147
5541.192,0,0,0.0,20.869990962500147
5541.196,0,0,0.0,20.869990962500147
5541.293,0,0,0.0,20.869990962500147
5541.389,0,0,0.0,20.869990962500147
5541.4,0,0,0.0,20.869990962500147
5541.794,0,0,0.0,20.869990962500147
5541.801,0,0,0.0,20.869990962500147
5541.814,0,0,0.0,20.869990962500147
5542.19,0,0,0.0,20.869990962500147
5542.214,0,0,0.0,20.869990962500147
5542.296,0,0,0.0,20.869990962500147
5542.411,0,0,0.0,20.869990962500147
5542.493,0,0,0.0,20.869990962500147
5542.591,0,0,0.0,20.869990962500147
5542.819,0,0,0.0,20.869990962500147
5542.897,0,0,0.0,20.869990962500147
5543.002,0,0,0.0,20.869990962500147
5543.224,0,0,0.0,20.869990962500147
5543.392,0,0,0.0,20.869990962500147
5543.493,0,0,0.0,20.869990962500147
5543.603,0,0,0.0,20.869990962500147
5543.801,0,0,0.0,20.869990962500147
5543.814,0,0,0.0,20.869990962500147
5544.098,0,0,0.0,20.869990962500147
5544.184,0,0,0.0,20.869990962500147
5544.292,0,0,0.0,20.869990962500147
5544.295,0,0,0.0,20.869990962500147
5544.793,0,0,0.0,20.869990962500147
5544.801,0,0,0.0,20.869990962500147
5544.804,0,0,0.0,20.869990962500147
5544.808,0,0,0.0,20.869990962500147
5544.991,0,0,0.0,20.869990962500147
5545.297,0,0,0.0,20.869990962500147
5545.392,0,0,0.0,20.869990962500147
5545.794,0,0,0.0,20.869990962500147
5546.003,0,0,0.0,20.869990962500147
5546.192,0,0,0.0,20.869990962500147
5546.397,0,0,0.0,20.869990962500147
5546.827,0,0,0.0,20.869990962500147
5546.949,0,0,0.0,20.869990962500147
5547.106,0,0,0.0,20.869990962500147
5547.297,0,0,0.0,20.869990962500147
5547.821,0,0,0.0,20.869990962500147
5548.191,0,0,0.0,20.869990962500147
5548.291,0,0,0.0,20.869990962500147
5548.391,0,0,0.0,20.869990962500147
5549.091,0,0,0.0,20.869990962500147
5549.391,0,0,0.0,20.869990962500147
5562.385,0,0,0.0,20.869990962500147
5563.399,0,0,0.0,20.869990962500147
5563.482,0,0,0.0,20.869990962500147
5564.485,0,0,0.0,20.869990962500147
5564.485,0,0,0.0,20.869990962500147
5564.591,0,0,0.0,20.869990962500147
5565.284,0,0,0.0,20.869990962500147
5565.382,0,0,0.0,20.869990962500147
5565.594,0,0,0.0,20.869990962500147
5565.789,0,0,0.0,20.869990962500147
5566.407,0,0,0.0,20.869990962500147
5566.482,0,0,0.0,20.869990962500147
5566.49,0,0,0.0,20.869990962500147
5566.794,0,0,0.0,20.869990962500147
5566.885,0,0,0.0,20.869990962500147
5567.584,0,0,0.0,20.869990962500147
5567.584,0,0,0.0,20.869990962500147
5567.59,0,0,0.0,20.869990962500147
5567.811,0,0,0.0,20.869990962500147
5568.085,0,0,0.0,20.869990962500147
5568.134,0,0,0.0,20.869990962500147
5568.384,0,0,0.0,20.869990962500147
5568.581,0,0,0.0,20.869990962500147
5568.584,0,0,0.0,20.869990962500147
5568.787,0,0,0.0,20.869990962500147
5568.788,0,0,0.0,20.869990962500147
5568.808,0,0,0.0,20.869990962500147
5568.938,0,0,0.0,20.869990962500147
5569.101,0,0,0.0,20.869990962500147
5569.154,0,0,0.0,20.869990962500147
5569.389,0,0,0.0,20.869990962500147
5569.784,0,0,0.0,20.869990962500147
5569.787,0,0,0.0,20.869990962500147
5569.812,0,0,0.0,20.869990962500147
5569.984,0,0,0.0,20.869990962500147
5569.988,0,0,0.0,20.869990962500147
5570.144,0,0,0.0,20.869990962500147
5570.182,0,0,0.0,20.869990962500147
5570.285,0,0,0.0,20.869990962500147
5570.485,0,0,0.0,20.869990962500147
5570.787,0,0,0.0,20.869990962500147
5570.817,0,0,0.0,20.869990962500147
5570.982,0,0,0.0,20.869990962500147
5571.134,0,0,0.0,20.869990962500147
5571.144,0,0,0.0,20.869990962500147
5571.184,0,0,0.0,20.869990962500147
5571.185,0,0,0.0,20.869990962500147
5571.206,0,0,0.0,20.869990962500147
5571.489,0,0,0.0,20.869990962500147
5571.791,0,0,0.0,20.869990962500147
5571.801,0,0,0.0,20.869990962500147
5571.814,0,0,0.0,20.869990962500147
5571.884,0,0,0.0,20.869990962500147
5572.134,0,0,0.0,20.869990962500147
5572.174,0,0,0.0,20.869990962500147
5572.182,0,0,0.0,20.869990962500147
5572.29,0,0,0.0,20.869990962500147
5572.384,0,0,0.0,20.869990962500147
5572.388,0,0,0.0,20.869990962500147
5572.483,0,0,0.0,20.869990962500147
5572.787,0,0,0.0,20.869990962500147
5572.884,0,0,0.0,20.869990962500147
5572.887,0,0,0.0,20.869990962500147
5573.082,0,0,0.0,20.869990962500147
5573.284,0,0,0.0,20.869990962500147
5573.296,0,0,0.0,20.869990962500147
5573.382,0,0,0.0,20.869990962500147
5573.488,0,0,0.0,20.869990962500147
5573.806,0,0,0.0,20.869990962500147
5573.887,0,0,0.0,20.869990962500147
5574.083,0,0,0.0,20.869990962500147
5574.114,0,0,0.0,20.869990962500147
5574.134,0,0,0.0,20.869990962500147
5574.201,0,0,0.0,20.869990962500147
5574.384,0,0,0.0,20.869990962500147
5574.482,0,0,0.0,20.869990962500147
5574.482,0,0,0.0,20.869990962500147
5574.588,0,0,0.0,20.869990962500147
5574.796,0,0,0.0,20.869990962500147
5574.807,0,0,0.0,20.869990962500147
5574.887,0,0,0.0,20.869990962500147
5574.983,0,0,0.0,20.869990962500147
5575.194,0,0,0.0,20.869990962500147
5575.381,0,0,0.0,20.869990962500147
5575.384,0,0,0.0,20.869990962500147
5575.384,0,0,0.0,20.869990962500147
5575.394,0,0,0.0,20.869990962500147
5575.482,0,0,0.0,20.869990962500147
5575.785,0,0,0.0,20.869990962500147
5575.889,0,0,0.0,20.869990962500147
5576.083,0,0,0.0,20.869990962500147
5576.281,0,0,0.0,20.869990962500147
5576.379,0,0,0.0,20.869990962500147
5576.484,0,0,0.0,20.869990962500147
5576.491,0,0,0.0,20.869990962500147
5576.593,0,0,0.0,20.869990962500147
5576.786,0,0,0.0,20.869990962500147
5576.805,0,0,0.0,20.869990962500147
5577.086,0,0,0.0,20.869990962500147
5577.114,0,0,0.0,20.869990962500147
5577.189,0,0,0.0,20.869990962500147
5577.483,0,0,0.0,20.869990962500147
5577.579,0,0,0.0,20.869990962500147
5577.582,0,0,0.0,20.869990962500147
5577.805,0,0,0.0,20.869990962500147
5578.082,0,0,0.0,20.869990962500147
5578.124,0,0,0.0,20.869990962500147
5578.154,0,0,0.0,20.869990962500147
5578.283,0,0,0.0,20.869990962500147
5578.324,0,0,0.0,20.869990962500147
5578.387,0,0,0.0,20.869990962500147
5578.389,0,0,0.0,20.869990962500147
5578.579,0,0,0.0,20.869990962500147
5578.782,0,0,0.0,20.869990962500147
5578.814,0,0,0.0,20.869990962500147
5578.882,0,0,0.0,20.869990962500147
5578.987,0,0,0.0,20.869990962500147
5579.084,0,0,0.0,20.869990962500147
5579.188,0,0,0.0,20.869990962500147
5579.382,0,0,0.0,20.869990962500147
5579.481,0,0,0.0,20.869990962500147
5579.586,0,0,0.0,20.869990962500147
5579.786,0,0,0.0,20.869990962500147
5579.811,0,0,0.0,20.869990962500147
5579.881,0,0,0.0,20.869990962500147
5579.991,0,0,0.0,20.869990962500147
5580.114,0,0,0.0,20.869990962500147
5580.114,0,0,0.0,20.869990962500147
5580.188,0,0,0.0,20.869990962500147
5580.191,0,0,0.0,20.869990962500147
5580.578,0,0,0.0,20.869990962500147
5580.58,0,0,0.0,20.869990962500147
5580.794,0,0,0.0,20.869990962500147
5580.795,0,0,0.0,20.869990962500147
5580.881,0,0,0.0,20.869990962500147
5581.082,0,0,0.0,20.869990962500147
5581.114,0,0,0.0,20.869990962500147
5581.179,0,0,0.0,20.869990962500147
5581.288,0,0,0.0,20.869990962500147
5581.481,0,0,0.0,20.869990962500147
5581.484,0,0,0.0,20.869990962500147
5581.781,0,0,0.0,20.869990962500147
5581.881,0,0,0.0,20.869990962500147
5581.885,0,0,0.0,20.869990962500147
5582.003,0,0,0.0,20.869990962500147
5582.079,0,0,0.0,20.869990962500147
5582.188,0,0,0.0,20.869990962500147
5582.48,0,0,0.0,20.869990962500147
5582.58,0,0,0.0,20.869990962500147
5582.784,0,0,0.0,20.869990962500147
5582.81,0,0,0.0,20.869990962500147
5582.981,0,0,0.0,20.869990962500147
5583.084,0,0,0.0,20.869990962500147
5583.114,0,0,0.0,20.869990962500147
5583.279,0,0,0.0,20.869990962500147
5583.482,0,0,0.0,20.869990962500147
5583.585,0,0,0.0,20.869990962500147
5583.794,0,0,0.0,20.869990962500147
5583.804,0,0,0.0,20.869990962500147
5583.978,0,0,0.0,20.869990962500147
5583.979,0,0,0.0,20.869990962500147
5584.144,0,0,0.0,20.869990962500147
5584.154,0,0,0.0,20.869990962500147
5584.381,0,0,0.0,20.869990962500147
5584.387,0,0,0.0,20.869990962500147
5584.583,0,0,0.0,20.869990962500147
5584.88,0,0,0.0,20.869990962500147
5584.981,0,0,0.0,20.869990962500147
5585.081,0,0,0.0,20.869990962500147
5585.179,0,0,0.0,20.869990962500147
5585.379,0,0,0.0,20.869990962500147
5585.782,0,0,0.0,20.869990962500147
5585.808,0,0,0.0,20.869990962500147
5585.88,0,0,0.0,20.869990962500147
5586.18,0,0,0.0,20.869990962500147
5586.186,0,0,0.0,20.869990962500147
5586.479,0,0,0.0,20.869990962500147
5586.795,0,0,0.0,20.869990962500147
5586.812,0,0,0.0,20.869990962500147
5587.18,0,0,0.0,20.869990962500147
5587.286,0,0,0.0,20.869990962500147
5587.481,0,0,0.0,20.869990962500147
5587.814,0,0,0.0,20.869990962500147
5588.08,0,0,0.0,20.869990962500147
5588.38,0,0,0.0,20.869990962500147
5588.48,0,0,0.0,20.869990962500147
5589.28,0,0,0.0,20.869990962500147
5589.28,0,0,0.0,20.869990962500147
5590.38,0,0,0.0,20.869990962500147
5603.478,0,0,0.0,20.869990962500147
5604.377,0,0,0.0,20.869990962500147
5604.574,0,0,0.0,20.869990962500147
5604.778,0,0,0.0,20.869990962500147
5605.379,0,0,0.0,20.869990962500147
5605.572,0,0,0.0,20.869990962500147
5605.574,0,0,0.0,20.869990962500147
5605.778,0,0,0.0,20.869990962500147
5606.379,0,0,0.0,20.869990962500147
5606.574,0,0,0.0,20.869990962500147
5606.58,0,0,0.0,20.869990962500147
5606.874,0,0,0.0,20.869990962500147
5606.975,0,0,0.0,20.869990962500147
5607.371,0,0,0.0,20.869990962500147
5607.383,0,0,0.0,20.869990962500147
5607.777,0,0,0.0,20.869990962500147
5607.784,0,0,0.0,20.869990962500147
5608.044,0,0,0.0,20.869990962500147
5608.273,0,0,0.0,20.869990962500147
5608.394,0,0,0.0,20.869990962500147
5608.574,0,0,0.0,20.869990962500147
5608.781,0,0,0.0,20.869990962500147
5608.801,0,0,0.0,20.869990962500147
5608.978,0,0,0.0,20.869990962500147
5609.044,0,0,0.0,20.869990962500147
5609.573,0,0,0.0,20.869990962500147
5609.573,0,0,0.0,20.869990962500147
5609.585,0,0,0.0,20.869990962500147
5609.783,0,0,0.0,20.869990962500147
5609.797,0,0,0.0,20.869990962500147
5610.014,0,0,0.0,20.869990962500147
5610.08,0,0,0.0,20.869990962500147
5610.277,0,0,0.0,20.869990962500147
5610.473,0,0,0.0,20.869990962500147
5610.57,0,0,0.0,20.869990962500147
5610.573,0,0,0.0,20.869990962500147
5610.776,0,0,0.0,20.869990962500147
5610.783,0,0,0.0,20.869990962500147
5610.786,0,0,0.0,20.869990962500147
5610.79,0,0,0.0,20.869990962500147
5611.074,0,0,0.0,20.869990962500147
5611.28,0,0,0.0,20.869990962500147
5611.374,0,0,0.0,20.869990962500147
5611.47,0,0,0.0,20.869990962500147
5611.473,0,0,0.0,20.869990962500147
5611.57,0,0,0.0,20.869990962500147
5611.571,0,0,0.0,20.869990962500147
5611.877,0,0,0.0,20.869990962500147
5611.985,0,0,0.0,20.869990962500147
5612.179,0,0,0.0,20.869990962500147
5612.38,0,0,0.0,20.869990962500147
5612.572,0,0,0.0,20.869990962500147
5612.572,0,0,0.0,20.869990962500147
5612.594,0,0,0.0,20.869990962500147
5612.773,0,0,0.0,20.869990962500147
5612.809,0,0,0.0,20.869990962500147
5612.931,0,0,0.0,20.869990962500147
5613.014,0,0,0.0,20.869990962500147
5613.083,0,0,0.0,20.869990962500147
5613.279,0,0,0.0,20.869990962500147
5613.472,0,0,0.0,20.869990962500147
5613.575,0,0,0.0,20.869990962500147
5613.775,0,0,0.0,20.869990962500147
5613.776,0,0,0.0,20.869990962500147
5613.786,0,0,0.0,20.869990962500147
5613.806,0,0,0.0,20.869990962500147
5613.97,0,0,0.0,20.869990962500147
5614.073,0,0,0.0,20.869990962500147
5614.281,0,0,0.0,20.869990962500147
5614.373,0,0,0.0,20.869990962500147
5614.472,0,0,0.0,20.869990962500147
5614.772,0,0,0.0,20.869990962500147
5614.973,0,0,0.0,20.869990962500147
5614.977,0,0,0.0,20.869990962500147
5615.004,0,0,0.0,20.869990962500147
5615.014,0,0,0.0,20.869990962500147
5615.073,0,0,0.0,20.869990962500147
5615.271,0,0,0.0,20.869990962500147
5615.477,0,0,0.0,20.869990962500147
5615.577,0,0,0.0,20.869990962500147
5615.577,0,0,0.0,20.869990962500147
5615.789,0,0,0.0,20.869990962500147
5615.87,0,0,0.0,20.869990962500147
5615.87,0,0,0.0,20.869990962500147
5616.173,0,0,0.0,20.869990962500147
5616.173,0,0,0.0,20.869990962500147
5616.179,0,0,0.0,20.869990962500147
5616.377,0,0,0.0,20.869990962500147
5616.475,0,0,0.0,20.869990962500147
5616.781,0,0,0.0,20.869990962500147
5616.795,0,0,0.0,20.869990962500147
5616.871,0,0,0.0,20.869990962500147
5617.054,0,0,0.0,20.869990962500147
5617.17,0,0,0.0,20.869990962500147
5617.276,0,0,0.0,20.869990962500147
5617.28,0,0,0.0,20.869990962500147
5617.38,0,0,0.0,20.869990962500147
5617.473,0,0,0.0,20.869990962500147
5617.78,0,0,0.0,20.869990962500147
5617.799,0,0,0.0,20.869990962500147
5617.872,0,0,0.0,20.869990962500147
5617.981,0,0,0.0,20.869990962500147
5618.074,0,0,0.0,20.869990962500147
5618.27,0,0,0.0,20.869990962500147
5618.276,0,0,0.0,20.869990962500147
5618.473,0,0,0.0,20.869990962500147
5618.477,0,0,0.0,20.869990962500147
5618.577,0,0,0.0,20.869990962500147
5618.795,0,0,0.0,20.869990962500147
5618.972,0,0,0.0,20.869990962500147
5619.014,0,0,0.0,20.869990962500147
5619.075,0,0,0.0,20.869990962500147
5619.27,0,0,0.0,20.869990962500147
5619.272,0,0,0.0,20.869990962500147
5619.37,0,0,0.0,20.869990962500147
5619.376,0,0,0.0,20.869990962500147
5619.48,0,0,0.0,20.869990962500147
5619.774,0,0,0.0,20.869990962500147
5619.784,0,0,0.0,20.869990962500147
5619.798,0,0,0.0,20.869990962500147
5619.871,0,0,0.0,20.869990962500147
5620.172,0,0,0.0,20.869990962500147
5620.37,0,0,0.0,20.869990962500147
5620.371,0,0,0.0,20.869990962500147
5620.372,0,0,0.0,20.869990962500147
5620.476,0,0,0.0,20.869990962500147
5620.568,0,0,0.0,20.869990962500147
5620.786,0,0,0.0,20.869990962500147
5621.014,0,0,0.0,20.869990962500147
5621.071,0,0,0.0,20.869990962500147
5621.271,0,0,0.0,20.869990962500147
5621.472,0,0,0.0,20.869990962500147
5621.569,0,0,0.0,20.869990962500147
5621.57,0,0,0.0,20.869990962500147
5621.57,0,0,0.0,20.869990962500147
5621.57,0,0,0.0,20.869990962500147
5621.794,0,0,0.0,20.869990962500147
5622.014,0,0,0.0,20.869990962500147
5622.071,0,0,0.0,20.869990962500147
5622.177,0,0,0.0,20.869990962500147
5622.47,0,0,0.0,20.869990962500147
5622.472,0,0,0.0,20.869990962500147
5622.57,0,0,0.0,20.869990962500147
5622.773,0,0,0.0,20.869990962500147
5622.786,0,0,0.0,20.869990962500147
5622.798,0,0,0.0,20.869990962500147
5622.977,0,0,0.0,20.869990962500147
5623.004,0,0,0.0,20.869990962500147
5623.104,0,0,0.0,20.869990962500147
5623.271,0,0,0.0,20.869990962500147
5623.274,0,0,0.0,20.869990962500147
5623.369,0,0,0.0,20.869990962500147
5623.871,0,0,0.0,20.869990962500147
5623.974,0,0,0.0,20.869990962500147
5623.982,0,0,0.0,20.869990962500147
5624.004,0,0,0.0,20.869990962500147
5624.044,0,0,0.0,20.869990962500147
5624.171,0,0,0.0,20.869990962500147
5624.194,0,0,0.0,20.869990962500147
5624.271,0,0,0.0,20.869990962500147
5624.575,0,0,0.0,20.869990962500147
5624.773,0,0,0.0,20.869990962500147
5624.867,0,0,0.0,20.869990962500147
5624.994,0,0,0.0,20.869990962500147
5625.004,0,0,0.0,20.869990962500147
5625.071,0,0,0.0,20.869990962500147
5625.17,0,0,0.0,20.869990962500147
5625.182,0,0,0.0,20.869990962500147
5625.779,0,0,0.0,20.869990962500147
5625.87,0,0,0.0,20.869990962500147
5626.068,0,0,0.0,20.869990962500147
5626.168,0,0,0.0,20.869990962500147
5626.27,0,0,0.0,20.869990962500147
5626.797,0,0,0.0,20.869990962500147
5626.876,0,0,0.0,20.869990962500147
5626.976,0,0,0.0,20.869990962500147
5627.168,0,0,0.0,20.869990962500147
5627.268,0,0,0.0,20.869990962500147
5627.801,0,0,0.0,20.869990962500147
5628.069,0,0,0.0,20.869990962500147
5628.27,0,0,0.0,20.869990962500147
5628.367,0,0,0.0,20.869990962500147
5628.791,0,0,0.0,20.869990962500147
5629.167,0,0,0.0,20.869990962500147
5629.269,0,0,0.0,20.869990962500147
5629.369,0,0,0.0,20.869990962500147
5630.17,0,0,0.0,20.869990962500147
5630.47,0,0,0.0,20.869990962500147
5631.467,0,0,0.0,20.869990962500147
5643.561,0,0,0.0,20.869990962500147
5644.369,0,0,0.0,20.869990962500147
5644.567,0,0,0.0,20.869990962500147
5645.464,0,0,0.0,20.869990962500147
5645.569,0,0,0.0,20.869990962500147
5645.934,0,0,0.0,20.869990962500147
5646.563,0,0,0.0,20.869990962500147
5646.864,0,0,0.0,20.869990962500147
5646.934,0,0,0.0,20.869990962500147
5646.974,0,0,0.0,20.869990962500147
5647.464,0,0,0.0,20.869990962500147
5647.467,0,0,0.0,20.869990962500147
5647.767,0,0,0.0,20.869990962500147
5647.864,0,0,0.0,20.869990962500147
5647.963,0,0,0.0,20.869990962500147
5648.467,0,0,0.0,20.869990962500147
5648.469,0,0,0.0,20.869990962500147
5648.767,0,0,0.0,20.869990962500147
5648.867,0,0,0.0,20.869990962500147
5648.944,0,0,0.0,20.869990962500147
5649.363,0,0,0.0,20.869990962500147
5649.568,0,0,0.0,20.869990962500147
5649.766,0,0,0.0,20.869990962500147
5649.786,0,0,0.0,20.869990962500147
5649.961,0,0,0.0,20.869990962500147
5649.961,0,0,0.0,20.869990962500147
5649.974,0,0,0.0,20.869990962500147
5650.368,0,0,0.0,20.869990962500147
5650.468,0,0,0.0,20.869990962500147
5650.785,0,0,0.0,20.869990962500147
5650.863,0,0,0.0,20.869990962500147
5650.934,0,0,0.0,20.869990962500147
5650.963,0,0,0.0,20.869990962500147
5650.967,0,0,0.0,20.869990962500147
5651.261,0,0,0.0,20.869990962500147
5651.371,0,0,0.0,20.869990962500147
5651.464,0,0,0.0,20.869990962500147
5651.562,0,0,0.0,20.869990962500147
5651.568,0,0,0.0,20.869990962500147
5651.766,0,0,0.0,20.869990962500147
5651.799,0,0,0.0,20.869990962500147
5651.863,0,0,0.0,20.869990962500147
5652.163,0,0,0.0,20.869990962500147
5652.169,0,0,0.0,20.869990962500147
5652.181,0,0,0.0,20.869990962500147
5652.461,0,0,0.0,20.869990962500147
5652.462,0,0,0.0,20.869990962500147
5652.568,0,0,0.0,20.869990962500147
5652.772,0,0,0.0,20.869990962500147
5652.789,0,0,0.0,20.869990962500147
5652.994,0,0,0.0,20.869990962500147
5653.063,0,0,0.0,20.869990962500147
5653.263,0,0,0.0,20.869990962500147
5653.367,0,0,0.0,20.869990962500147
5653.459,0,0,0.0,20.869990962500147
5653.463,0,0,0.0,20.869990962500147
5653.559,0,0,0.0,20.869990962500147
5653.571,0,0,0.0,20.869990962500147
5653.776,0,0,0.0,20.869990962500147
5653.79,0,0,0.0,20.869990962500147
5654.063,0,0,0.0,20.869990962500147
5654.361,0,0,0.0,20.869990962500147
5654.363,0,0,0.0,20.869990962500147
5654.461,0,0,0.0,20.869990962500147
5654.462,0,0,0.0,20.869990962500147
5654.765,0,0,0.0,20.869990962500147
5654.785,0,0,0.0,20.869990962500147
5654.924,0,0,0.0,20.869990962500147
5654.924,0,0,0.0,20.869990962500147
5655.062,0,0,0.0,20.869990962500147
5655.263,0,0,0.0,20.869990962500147
5655.263,0,0,0.0,20.869990962500147
5655.559,0,0,0.0,20.869990962500147
5655.764,0,0,0.0,20.869990962500147
5655.78,0,0,0.0,20.869990962500147
5655.782,0,0,0.0,20.869990962500147
5655.924,0,0,0.0,20.869990962500147
5655.954,0,0,0.0,20.869990962500147
5655.968,0,0,0.0,20.869990962500147
5656.154,0,0,0.0,20.869990962500147
5656.168,0,0,0.0,20.869990962500147
5656.272,0,0,0.0,20.869990962500147
5656.459,0,0,0.0,20.869990962500147
5656.559,0,0,0.0,20.869990962500147
5656.762,0,0,0.0,20.869990962500147
5656.862,0,0,0.0,20.869990962500147
5656.924,0,0,0.0,20.869990962500147
5656.962,0,0,0.0,20.869990962500147
5657.062,0,0,0.0,20.869990962500147
5657.363,0,0,0.0,20.869990962500147
5657.46,0,0,0.0,20.869990962500147
5657.561,0,0,0.0,20.869990962500147
5657.762,0,0,0.0,20.869990962500147
5657.762,0,0,0.0,20.869990962500147
5657.793,0,0,0.0,20.869990962500147
5657.859,0,0,0.0,20.869990962500147
5657.924,0,0,0.0,20.869990962500147
5658.065,0,0,0.0,20.869990962500147
5658.174,0,0,0.0,20.869990962500147
5658.26,0,0,0.0,20.869990962500147
5658.46,0,0,0.0,20.869990962500147
5658.765,0,0,0.0,20.869990962500147
5658.775,0,0,0.0,20.869990962500147
5658.904,0,0,0.0,20.869990962500147
5658.954,0,0,0.0,20.869990962500147
5658.959,0,0,0.0,20.869990962500147
5658.965,0,0,0.0,20.869990962500147
5659.262,0,0,0.0,20.869990962500147
5659.362,0,0,0.0,20.869990962500147
5659.46,0,0,0.0,20.869990962500147
5659.862,0,0,0.0,20.869990962500147
5659.874,0,0,0.0,20.869990962500147
5659.904,0,0,0.0,20.869990962500147
5659.961,0,0,0.0,20.869990962500147
5659.965,0,0,0.0,20.869990962500147
5660.059,0,0,0.0,20.869990962500147
5660.081,0,0,0.0,20.869990962500147
5660.459,0,0,0.0,20.869990962500147
5660.559,0,0,0.0,20.869990962500147
5660.789,0,0,0.0,20.869990962500147
5660.86,0,0,0.0,20.869990962500147
5660.861,0,0,0.0,20.869990962500147
5660.964,0,0,0.0,20.869990962500147
5661.162,0,0,0.0,20.869990962500147
5661.167,0,0,0.0,20.869990962500147
5661.259,0,0,0.0,20.869990962500147
5661.261,0,0,0.0,20.869990962500147
5661.465,0,0,0.0,20.869990962500147
5661.762,0,0,0.0,20.869990962500147
5661.769,0,0,0.0,20.869990962500147
5661.783,0,0,0.0,20.869990962500147
5661.954,0,0,0.0,20.869990962500147
5662.061,0,0,0.0,20.869990962500147
5662.259,0,0,0.0,20.869990962500147
5662.262,0,0,0.0,20.869990962500147
5662.37,0,0,0.0,20.869990962500147
5662.462,0,0,0.0,20.869990962500147
5662.565,0,0,0.0,20.869990962500147
5662.788,0,0,0.0,20.869990962500147
5662.864,0,0,0.0,20.869990962500147
5662.934,0,0,0.0,20.869990962500147
5663.061,0,0,0.0,20.869990962500147
5663.259,0,0,0.0,20.869990962500147
5663.359,0,0,0.0,20.869990962500147
5663.362,0,0,0.0,20.869990962500147
5663.459,0,0,0.0,20.869990962500147
5663.468,0,0,0.0,20.869990962500147
5663.782,0,0,0.0,20.869990962500147
5663.865,0,0,0.0,20.869990962500147
5663.954,0,0,0.0,20.869990962500147
5664.06,0,0,0.0,20.869990962500147
5664.261,0,0,0.0,20.869990962500147
5664.359,0,0,0.0,20.869990962500147
5664.36,0,0,0.0,20.869990962500147
5664.459,0,0,0.0,20.869990962500147
5664.769,0,0,0.0,20.869990962500147
5664.781,0,0,0.0,20.869990962500147
5664.954,0,0,0.0,20.869990962500147
5665.159,0,0,0.0,20.869990962500147
5665.265,0,0,0.0,20.869990962500147
5665.365,0,0,0.0,20.869990962500147
5665.458,0,0,0.0,20.869990962500147
5665.564,0,0,0.0,20.869990962500147
5665.786,0,0,0.0,20.869990962500147
5665.965,0,0,0.0,20.869990962500147
5665.984,0,0,0.0,20.869990962500147
5666.06,0,0,0.0,20.869990962500147
5666.46,0,0,0.0,20.869990962500147
5666.558,0,0,0.0,20.869990962500147
5666.771,0,0,0.0,20.869990962500147
5666.787,0,0,0.0,20.869990962500147
5666.954,0,0,0.0,20.869990962500147
5666.968,0,0,0.0,20.869990962500147
5667.165,0,0,0.0,20.869990962500147
5667.359,0,0,0.0,20.869990962500147
5667.762,0,0,0.0,20.869990962500147
5667.768,0,0,0.0,20.869990962500147
5667.964,0,0,0.0,20.869990962500147
5668.165,0,0,0.0,20.869990962500147
5668.265,0,0,0.0,20.869990962500147
5668.762,0,0,0.0,20.869990962500147
5668.978,0,0,0.0,20.869990962500147
5669.056,0,0,0.0,20.869990962500147
5669.17,0,0,0.0,20.869990962500147
5670.058,0,0,0.0,20.869990962500147
5670.158,0,0,0.0,20.869990962500147
5670.17,0,0,0.0,20.869990962500147
5671.358,0,0,0.0,20.869990962500147
