elapsed_sec,MotorRPM,Speed,Speed_kmh,Distance_km
0.0,0,0,0.0,0.0
0.241,0,0,0.0,0.0
0.638,0,0,0.0,0.0
0.995,0,0,0.0,0.0
1.235,0,0,0.0,0.0
1.435,0,0,0.0,0.0
1.641,0,0,0.0,0.0
2.003,0,0,0.0,0.0
2.437,0,0,0.0,0.0
2.635,0,0,0.0,0.0
2.706,0,0,0.0,0.0
2.838,0,0,0.0,0.0
3.004,0,0,0.0,0.0
3.542,0,0,0.0,0.0
3.543,0,0,0.0,0.0
3.706,0,0,0.0,0.0
3.737,0,0,0.0,0.0
3.842,0,0,0.0,0.0
4.003,0,0,0.0,0.0
4.236,0,0,0.0,0.0
4.54,0,0,0.0,0.0
4.641,0,0,0.0,0.0
4.737,0,0,0.0,0.0
4.838,0,0,0.0,0.0
4.839,0,0,0.0,0.0
4.998,0,0,0.0,0.0
5.242,0,0,0.0,0.0
5.637,0,0,0.0,0.0
5.736,0,0,0.0,0.0
5.838,0,0,0.0,0.0
5.838,0,0,0.0,0.0
5.941,0,0,0.0,0.0
6.005,0,0,0.0,0.0
6.135,0,0,0.0,0.0
6.236,0,0,0.0,0.0
6.436,0,0,0.0,0.0
6.542,0,0,0.0,0.0
6.742,0,0,0.0,0.0
6.838,0,0,0.0,0.0
6.998,0,0,0.0,0.0
7.038,0,0,0.0,0.0
7.038,0,0,0.0,0.0
7.136,0,0,0.0,0.0
7.138,0,0,0.0,0.0
7.542,0,0,0.0,0.0
7.637,0,0,0.0,0.0
7.696,0,0,0.0,0.0
7.843,0,0,0.0,0.0
8.0,0,0,0.0,0.0
8.037,0,0,0.0,0.0
8.037,0,0,0.0,0.0
8.135,0,0,0.0,0.0
8.436,0,0,0.0,0.0
8.642,0,0,0.0,0.0
8.686,0,0,0.0,0.0
8.74,0,0,0.0,0.0
8.746,0,0,0.0,0.0
8.941,0,0,0.0,0.0
8.949,0,0,0.0,0.0
8.998,0,0,0.0,0.0
9.237,0,0,0.0,0.0
9.548,0,0,0.0,0.0
9.636,0,0,0.0,0.0
9.646,0,0,0.0,0.0
9.666,0,0,0.0,0.0
9.74,0,0,0.0,0.0
9.876,0,0,0.0,0.0
10.003,0,0,0.0,0.0
10.042,0,0,0.0,0.0
10.232,0,0,0.0,0.0
10.237,0,0,0.0,0.0
10.635,0,0,0.0,0.0
10.648,0,0,0.0,0.0
10.735,0,0,0.0,0.0
10.736,0,0,0.0,0.0
10.837,0,0,0.0,0.0
10.838,0,0,0.0,0.0
10.997,0,0,0.0,0.0
11.04,0,0,0.0,0.0
11.238,0,0,0.0,0.0
11.633,0,0,0.0,0.0
11.635,0,0,0.0,0.0
11.636,0,0,0.0,0.0
11.735,0,0,0.0,0.0
11.837,0,0,0.0,0.0
11.847,0,0,0.0,0.0
11.947,0,0,0.0,0.0
11.997,0,0,0.0,0.0
12.042,0,0,0.0,0.0
12.54,0,0,0.0,0.0
12.633,0,0,0.0,0.0
12.635,0,0,0.0,0.0
12.654,0,0,0.0,0.0
12.686,0,0,0.0,0.0
12.732,0,0,0.0,0.0
12.847,0,0,0.0,0.0
13.042,0,0,0.0,0.0
13.232,0,0,0.0,0.0
13.432,0,0,0.0,0.0
13.635,0,0,0.0,0.0
13.735,0,0,0.0,0.0
13.738,0,0,0.0,0.0
13.836,0,0,0.0,0.0
13.837,0,0,0.0,0.0
13.939,0,0,0.0,0.0
13.997,0,0,0.0,0.0
14.431,0,0,0.0,0.0
14.632,0,0,0.0,0.0
14.676,0,0,0.0,0.0
14.836,0,0,0.0,0.0
14.836,0,0,0.0,0.0
14.939,0,0,0.0,0.0
14.997,0,0,0.0,0.0
15.035,0,0,0.0,0.0
15.133,0,0,0.0,0.0
15.237,0,0,0.0,0.0
15.537,0,0,0.0,0.0
15.54,0,0,0.0,0.0
15.734,0,0,0.0,0.0
15.935,0,0,0.0,0.0
16.001,0,0,0.0,0.0
16.035,0,0,0.0,0.0
16.035,0,0,0.0,0.0
16.235,0,0,0.0,0.0
16.236,0,0,0.0,0.0
16.533,0,0,0.0,0.0
16.634,0,0,0.0,0.0
16.74,0,0,0.0,0.0
16.835,0,0,0.0,0.0
16.835,0,0,0.0,0.0
16.995,0,0,0.0,0.0
17.038,0,0,0.0,0.0
17.233,0,0,0.0,0.0
17.235,0,0,0.0,0.0
17.446,0,0,0.0,0.0
17.726,0,0,0.0,0.0
17.737,0,0,0.0,0.0
17.835,0,0,0.0,0.0
17.938,0,0,0.0,0.0
17.948,0,0,0.0,0.0
17.997,0,0,0.0,0.0
18.132,0,0,0.0,0.0
18.233,0,0,0.0,0.0
18.533,0,0,0.0,0.0
18.633,0,0,0.0,0.0
18.726,0,0,0.0,0.0
18.737,0,0,0.0,0.0
18.934,0,0,0.0,0.0
18.997,0,0,0.0,0.0
19.034,0,0,0.0,0.0
19.135,0,0,0.0,0.0
19.136,0,0,0.0,0.0
19.442,0,0,0.0,0.0
19.539,0,0,0.0,0.0
19.656,0,0,0.0,0.0
19.742,0,0,0.0,0.0
19.943,0,0,0.0,0.0
19.998,0,0,0.0,0.0
20.034,0,0,0.0,0.0
20.132,0,0,0.0,0.0
20.43,0,0,0.0,0.0
20.539,0,0,0.0,0.0
20.656,0,0,0.0,0.0
20.733,0,0,0.0,0.0
20.84,0,0,0.0,0.0
20.866,0,0,0.0,0.0
20.999,0,0,0.0,0.0
21.042,0,0,0.0,0.0
21.234,0,0,0.0,0.0
21.532,0,0,0.0,0.0
21.538,0,0,0.0,0.0
21.626,0,0,0.0,0.0
21.632,0,0,0.0,0.0
21.634,0,0,0.0,0.0
21.834,0,0,0.0,0.0
21.997,0,0,0.0,0.0
22.033,0,0,0.0,0.0
22.136,0,0,0.0,0.0
22.232,0,0,0.0,0.0
22.532,0,0,0.0,0.0
22.633,0,0,0.0,0.0
22.732,0,0,0.0,0.0
22.732,0,0,0.0,0.0
22.745,0,0,0.0,0.0
22.834,0,0,0.0,0.0
22.994,0,0,0.0,0.0
23.033,0,0,0.0,0.0
23.234,0,0,0.0,0.0
23.629,0,0,0.0,0.0
23.729,0,0,0.0,0.0
23.73,0,0,0.0,0.0
23.833,0,0,0.0,0.0
23.854,0,0,0.0,0.0
23.936,0,0,0.0,0.0
23.946,0,0,0.0,0.0
23.998,0,0,0.0,0.0
24.537,0,0,0.0,0.0
24.616,0,0,0.0,0.0
24.631,0,0,0.0,0.0
24.83,0,0,0.0,0.0
24.834,0,0,0.0,0.0
24.933,0,0,0.0,0.0
24.936,0,0,0.0,0.0
24.947,0,0,0.0,0.0
24.999,0,0,0.0,0.0
25.228,0,0,0.0,0.0
25.531,0,0,0.0,0.0
25.637,0,0,0.0,0.0
25.831,0,0,0.0,0.0
25.832,0,0,0.0,0.0
25.833,0,0,0.0,0.0
25.933,0,0,0.0,0.0
25.939,0,0,0.0,0.0
25.993,0,0,0.0,0.0
26.234,0,0,0.0,0.0
26.73,0,0,0.0,0.0
26.766,0,0,0.0,0.0
26.832,0,0,0.0,0.0
26.832,0,0,0.0,0.0
26.935,0,0,0.0,0.0
26.94,0,0,0.0,0.0
26.993,0,0,0.0,0.0
27.032,0,0,0.0,0.0
27.236,0,0,0.0,0.0
27.53,0,0,0.0,0.0
27.631,0,0,0.0,0.0
27.636,0,0,0.0,0.0
27.932,0,0,0.0,0.0
27.935,0,0,0.0,0.0
27.998,0,0,0.0,0.0
28.035,0,0,0.0,0.0
28.141,0,0,0.0,0.0
28.232,0,0,0.0,0.0
28.435,0,0,0.0,0.0
28.536,0,0,0.0,0.0
28.736,0,0,0.0,0.0
28.832,0,0,0.0,0.0
28.934,0,0,0.0,0.0
28.994,0,0,0.0,0.0
29.129,0,0,0.0,0.0
29.229,0,0,0.0,0.0
29.232,0,0,0.0,0.0
29.53,0,0,0.0,0.0
29.686,0,0,0.0,0.0
29.73,0,0,0.0,0.0
29.831,0,0,0.0,0.0
29.94,0,0,0.0,0.0
29.944,0,0,0.0,0.0
29.991,0,0,0.0,0.0
30.131,0,0,0.0,0.0
30.229,0,0,0.0,0.0
30.429,0,0,0.0,0.0
30.439,0,0,0.0,0.0
30.543,0,0,0.0,0.0
30.73,0,0,0.0,0.0
30.938,0,0,0.0,0.0
30.993,0,0,0.0,0.0
31.035,0,0,0.0,0.0
31.131,0,0,0.0,0.0
31.229,0,0,0.0,0.0
31.427,0,0,0.0,0.0
31.541,0,0,0.0,0.0
31.629,0,0,0.0,0.0
31.735,0,0,0.0,0.0
31.831,0,0,0.0,0.0
31.937,0,0,0.0,0.0
31.996,0,0,0.0,0.0
32.231,0,0,0.0,0.0
32.529,0,0,0.0,0.0
32.529,0,0,0.0,0.0
32.626,0,0,0.0,0.0
32.627,0,0,0.0,0.0
32.639,0,0,0.0,0.0
32.83,0,0,0.0,0.0
32.942,0,0,0.0,0.0
32.997,0,0,0.0,0.0
33.136,0,0,0.0,0.0
33.535,0,0,0.0,0.0
33.55,0,0,0.0,0.0
33.606,0,0,0.0,0.0
33.627,0,0,0.0,0.0
33.729,0,0,0.0,0.0
33.735,0,0,0.0,0.0
33.938,0,0,0.0,0.0
33.995,0,0,0.0,0.0
34.039,0,0,0.0,0.0
34.226,0,0,0.0,0.0
34.529,0,0,0.0,0.0
34.729,0,0,0.0,0.0
34.729,0,0,0.0,0.0
34.729,0,0,0.0,0.0
34.738,0,0,0.0,0.0
34.832,0,0,0.0,0.0
34.948,0,0,0.0,0.0
34.993,0,0,0.0,0.0
35.228,0,0,0.0,0.0
35.627,0,0,0.0,0.0
35.628,0,0,0.0,0.0
35.729,0,0,0.0,0.0
35.831,0,0,0.0,0.0
35.933,0,0,0.0,0.0
35.941,0,0,0.0,0.0
35.945,0,0,0.0,0.0
35.967,0,0,0.0,0.0
36.029,0,0,0.0,0.0
36.528,0,0,0.0,0.0
36.534,0,0,0.0,0.0
36.616,0,0,0.0,0.0
36.827,0,0,0.0,0.0
36.93,0,0,0.0,0.0
37.029,0,0,0.0,0.0
37.129,0,0,0.0,0.0
37.129,0,0,0.0,0.0
37.228,0,0,0.0,0.0
37.428,0,0,0.0,0.0
37.628,0,0,0.0,0.0
37.735,0,0,0.0,0.0
37.829,0,0,0.0,0.0
37.949,0,0,0.0,0.0
38.027,0,0,0.0,0.0
38.029,0,0,0.0,0.0
38.129,0,0,0.0,0.0
38.228,0,0,0.0,0.0
38.427,0,0,0.0,0.0
38.628,0,0,0.0,0.0
38.628,0,0,0.0,0.0
38.829,0,0,0.0,0.0
38.938,0,0,0.0,0.0
38.941,0,0,0.0,0.0
38.953,0,0,0.0,0.0
39.029,0,0,0.0,0.0
39.129,0,0,0.0,0.0
39.132,0,0,0.0,0.0
39.427,0,0,0.0,0.0
39.533,0,0,0.0,0.0
39.534,0,0,0.0,0.0
39.829,0,0,0.0,0.0
39.928,0,0,0.0,0.0
39.941,0,0,0.0,0.0
40.029,0,0,0.0,0.0
40.132,0,0,0.0,0.0
40.229,0,0,0.0,0.0
40.427,0,0,0.0,0.0
40.596,0,0,0.0,0.0
40.633,0,0,0.0,0.0
40.734,0,0,0.0,0.0
40.829,0,0,0.0,0.0
40.929,0,0,0.0,0.0
41.128,0,0,0.0,0.0
41.229,0,0,0.0,0.0
41.24,0,0,0.0,0.0
41.426,0,0,0.0,0.0
41.596,0,0,0.0,0.0
41.627,0,0,0.0,0.0
41.631,0,0,0.0,0.0
41.932,0,0,0.0,0.0
42.028,0,0,0.0,0.0
42.028,0,0,0.0,0.0
42.147,0,0,0.0,0.0
42.426,0,0,0.0,0.0
42.526,0,0,0.0,0.0
42.576,0,0,0.0,0.0
42.639,0,0,0.0,0.0
42.832,0,0,0.0,0.0
42.931,0,0,0.0,0.0
42.944,0,0,0.0,0.0
43.128,0,0,0.0,0.0
43.132,0,0,0.0,0.0
43.424,0,0,0.0,0.0
43.438,0,0,0.0,0.0
43.576,0,0,0.0,0.0
43.632,0,0,0.0,0.0
43.735,0,0,0.0,0.0
43.829,0,0,0.0,0.0
43.946,0,0,0.0,0.0
44.128,0,0,0.0,0.0
44.226,0,0,0.0,0.0
44.424,0,0,0.0,0.0
44.426,0,0,0.0,0.0
44.523,0,0,0.0,0.0
44.532,0,0,0.0,0.0
44.726,0,0,0.0,0.0
44.929,0,0,0.0,0.0
44.938,0,0,0.0,0.0
44.94,0,0,0.0,0.0
45.033,0,0,0.0,0.0
45.222,0,0,0.0,0.0
45.429,0,0,0.0,0.0
45.525,0,0,0.0,0.0
45.526,0,0,0.0,0.0
45.632,0,0,0.0,0.0
45.724,0,0,0.0,0.0
45.833,0,0,0.0,0.0
45.936,0,0,0.0,0.0
46.222,0,0,0.0,0.0
46.424,0,0,0.0,0.0
46.625,0,0,0.0,0.0
46.63,0,0,0.0,0.0
46.726,0,0,0.0,0.0
46.726,0,0,0.0,0.0
46.732,0,0,0.0,0.0
46.849,0,0,0.0,0.0
46.946,0,0,0.0,0.0
47.228,0,0,0.0,0.0
47.43,0,0,0.0,0.0
47.526,0,0,0.0,0.0
47.622,0,0,0.0,0.0
47.726,0,0,0.0,0.0
47.827,0,0,0.0,0.0
47.837,0,0,0.0,0.0
47.93,0,0,0.0,0.0
47.945,0,0,0.0,0.0
48.224,0,0,0.0,0.0
48.524,0,0,0.0,0.0
48.524,0,0,0.0,0.0
48.534,0,0,0.0,0.0
48.824,0,0,0.0,0.0
48.826,0,0,0.0,0.0
48.827,0,0,0.0,0.0
48.945,0,0,0.0,0.0
49.027,0,0,0.0,0.0
49.224,0,0,0.0,0.0
49.428,0,0,0.0,0.0
49.528,0,0,0.0,0.0
49.724,0,0,0.0,0.0
49.725,0,0,0.0,0.0
49.825,0,0,0.0,0.0
49.948,0,0,0.0,0.0
50.024,0,0,0.0,0.0
50.027,0,0,0.0,0.0
50.223,0,0,0.0,0.0
50.53,0,0,0.0,0.0
50.626,0,0,0.0,0.0
50.722,0,0,0.0,0.0
50.724,0,0,0.0,0.0
50.928,0,0,0.0,0.0
50.935,0,0,0.0,0.0
50.95,0,0,0.0,0.0
51.026,0,0,0.0,0.0
51.135,0,0,0.0,0.0
51.523,0,0,0.0,0.0
51.53,0,0,0.0,0.0
51.566,0,0,0.0,0.0
51.73,0,0,0.0,0.0
51.843,0,0,0.0,0.0
51.927,0,0,0.0,0.0
51.928,0,0,0.0,0.0
51.953,0,0,0.0,0.0
52.125,0,0,0.0,0.0
52.132,0,0,0.0,0.0
52.423,0,0,0.0,0.0
52.529,0,0,0.0,0.0
52.566,0,0,0.0,0.0
52.729,0,0,0.0,0.0
52.73,0,0,0.0,0.0
52.83,0,0,0.0,0.0
53.122,0,0,0.0,0.0
53.223,0,0,0.0,0.0
53.226,0,0,0.0,0.0
53.436,0,0,0.0,0.0
53.723,0,0,0.0,0.0
53.776,0,0,0.0,0.0
53.825,0,0,0.0,0.0
53.937,0,0,0.0,0.0
53.938,0,0,0.0,0.0
54.024,0,0,0.0,0.0
54.025,0,0,0.0,0.0
54.22,0,0,0.0,0.0
54.429,0,0,0.0,0.0
54.522,0,0,0.0,0.0
54.523,0,0,0.0,0.0
54.535,0,0,0.0,0.0
54.824,0,0,0.0,0.0
54.93,0,0,0.0,0.0
55.028,0,0,0.0,0.0
55.22,0,0,0.0,0.0
55.422,0,0,0.0,0.0
55.423,0,0,0.0,0.0
55.622,0,0,0.0,0.0
55.623,0,0,0.0,0.0
55.729,0,0,0.0,0.0
55.825,0,0,0.0,0.0
55.944,0,0,0.0,0.0
56.025,0,0,0.0,0.0
56.222,0,0,0.0,0.0
56.522,0,0,0.0,0.0
56.522,0,0,0.0,0.0
56.523,0,0,0.0,0.0
56.62,0,0,0.0,0.0
56.825,0,0,0.0,0.0
56.927,0,0,0.0,0.0
56.936,0,0,0.0,0.0
56.943,0,0,0.0,0.0
57.125,0,0,0.0,0.0
57.522,0,0,0.0,0.0
57.522,0,0,0.0,0.0
57.542,0,0,0.0,0.0
57.62,0,0,0.0,0.0
57.628,0,0,0.0,0.0
57.825,0,0,0.0,0.0
57.933,0,0,0.0,0.0
57.942,0,0,0.0,0.0
58.221,0,0,0.0,0.0
58.419,0,0,0.0,0.0
58.622,0,0,0.0,0.0
58.722,0,0,0.0,0.0
58.722,0,0,0.0,0.0
58.723,0,0,0.0,0.0
58.728,0,0,0.0,0.0
58.85,0,0,0.0,0.0
58.946,0,0,0.0,0.0
59.421,0,0,0.0,0.0
59.546,0,0,0.0,0.0
59.621,0,0,0.0,0.0
59.719,0,0,0.0,0.0
59.823,0,0,0.0,0.0
59.824,0,0,0.0,0.0
59.925,0,0,0.0,0.0
59.926,0,0,0.0,0.0
59.942,0,0,0.0,0.0
60.222,0,0,0.0,0.0
60.423,0,0,0.0,0.0
60.527,0,0,0.0,0.0
60.621,0,0,0.0,0.0
60.823,0,0,0.0,0.0
60.923,0,0,0.0,0.0
60.945,0,0,0.0,0.0
61.022,0,0,0.0,0.0
61.122,0,0,0.0,0.0
61.126,0,0,0.0,0.0
61.421,0,0,0.0,0.0
61.521,0,0,0.0,0.0
61.621,0,0,0.0,0.0
61.727,0,0,0.0,0.0
61.822,0,0,0.0,0.0
61.922,0,0,0.0,0.0
61.923,0,0,0.0,0.0
61.938,0,0,0.0,0.0
62.02,0,0,0.0,0.0
62.126,0,0,0.0,0.0
62.423,0,0,0.0,0.0
62.596,0,0,0.0,0.0
62.624,0,0,0.0,0.0
62.822,0,0,0.0,0.0
62.826,0,0,0.0,0.0
62.839,0,0,0.0,0.0
62.929,0,0,0.0,0.0
63.022,0,0,0.0,0.0
63.22,0,0,0.0,0.0
63.426,0,0,0.0,0.0
63.506,0,0,0.0,0.0
63.53,0,0,0.0,0.0
63.621,0,0,0.0,0.0
63.925,0,0,0.0,0.0
64.022,0,0,0.0,0.0
64.025,0,0,0.0,0.0
64.141,0,0,0.0,0.0
64.217,0,0,0.0,0.0
64.52,0,0,0.0,0.0
64.586,0,0,0.0,0.0
64.626,0,0,0.0,0.0
64.822,0,0,0.0,0.0
64.827,0,0,0.0,0.0
64.941,0,0,0.0,0.0
65.024,0,0,0.0,0.0
65.223,0,0,0.0,0.0
65.42,0,0,0.0,0.0
65.517,0,0,0.0,0.0
65.526,0,0,0.0,0.0
65.626,0,0,0.0,0.0
65.724,0,0,0.0,0.0
65.826,0,0,0.0,0.0
65.94,0,0,0.0,0.0
66.121,0,0,0.0,0.0
66.219,0,0,0.0,0.0
66.422,0,0,0.0,0.0
66.519,0,0,0.0,0.0
66.519,0,0,0.0,0.0
66.531,0,0,0.0,0.0
66.629,0,0,0.0,0.0
66.923,0,0,0.0,0.0
66.94,0,0,0.0,0.0
67.026,0,0,0.0,0.0
67.119,0,0,0.0,0.0
67.496,0,0,0.0,0.0
67.519,0,0,0.0,0.0
67.519,0,0,0.0,0.0
67.629,0,0,0.0,0.0
67.719,0,0,0.0,0.0
67.822,0,0,0.0,0.0
67.93,0,0,0.0,0.0
67.943,0,0,0.0,0.0
68.526,0,0,0.0,0.0
68.576,0,0,0.0,0.0
68.616,0,0,0.0,0.0
68.617,0,0,0.0,0.0
68.62,0,0,0.0,0.0
68.719,0,0,0.0,0.0
68.731,0,0,0.0,0.0
68.84,0,0,0.0,0.0
68.94,0,0,0.0,0.0
69.424,0,0,0.0,0.0
69.516,0,0,0.0,0.0
69.525,0,0,0.0,0.0
69.619,0,0,0.0,0.0
69.639,0,0,0.0,0.0
69.817,0,0,0.0,0.0
69.818,0,0,0.0,0.0
69.83,0,0,0.0,0.0
69.943,0,0,0.0,0.0
70.123,0,0,0.0,0.0
70.516,0,0,0.0,0.0
70.518,0,0,0.0,0.0
70.619,0,0,0.0,0.0
70.724,0,0,0.0,0.0
70.818,0,0,0.0,0.0
70.82,0,0,0.0,0.0
70.82,0,0,0.0,0.0
70.941,0,0,0.0,0.0
71.217,0,0,0.0,0.0
71.418,0,0,0.0,0.0
71.423,0,0,0.0,0.0
71.716,0,0,0.0,0.0
71.718,0,0,0.0,0.0
71.82,0,0,0.0,0.0
71.923,0,0,0.0,0.0
71.934,0,0,0.0,0.0
71.936,0,0,0.0,0.0
72.019,0,0,0.0,0.0
72.217,0,0,0.0,0.0
72.523,0,0,0.0,0.0
72.566,0,0,0.0,0.0
72.619,0,0,0.0,0.0
72.718,0,0,0.0,0.0
72.919,0,0,0.0,0.0
73.019,0,0,0.0,0.0
73.022,0,0,0.0,0.0
73.129,0,0,0.0,0.0
73.236,0,0,0.0,0.0
73.517,0,0,0.0,0.0
73.617,0,0,0.0,0.0
73.723,0,0,0.0,0.0
73.839,0,0,0.0,0.0
73.921,0,0,0.0,0.0
73.922,0,0,0.0,0.0
73.946,52,5,0.5715,3.8100000000001444e-06
74.116,0,0,0.0,3.8100000000001444e-06
74.217,52,5,0.5715,1.984375e-05
74.417,0,0,0.0,1.984375e-05
74.517,0,0,0.0,1.984375e-05
74.566,0,0,0.0,1.984375e-05
74.72,0,0,0.0,1.984375e-05
74.824,0,0,0.0,1.984375e-05
74.922,0,0,0.0,1.984375e-05
74.929,52,5,0.5715,2.0955000000000795e-05
75.116,0,0,0.0,2.0955000000000795e-05
75.214,0,0,0.0,2.0955000000000795e-05
75.217,52,5,0.5715,2.1431250000000812e-05
75.417,5,0,0.0,2.1431250000000812e-05
75.523,0,0,0.0,2.1431250000000812e-05
75.626,0,0,0.0,2.1431250000000812e-05
75.72,0,0,0.0,2.1431250000000812e-05
76.018,0,0,0.0,2.1431250000000812e-05
76.019,0,0,0.0,2.1431250000000812e-05
76.214,52,5,0.5715,5.2387499999999735e-05
76.496,0,0,0.0,5.2387499999999735e-05
76.506,46,4,0.4572,5.3657500000000385e-05
76.617,0,0,0.0,5.3657500000000385e-05
76.717,15,1,0.1143,5.6832500000000205e-05
76.726,0,0,0.0,5.6832500000000205e-05
76.926,0,0,0.0,5.6832500000000205e-05
76.94,0,0,0.0,5.6832500000000205e-05
77.018,0,0,0.0,5.6832500000000205e-05
77.414,5,0,0.0,5.6832500000000205e-05
77.496,0,0,0.0,5.6832500000000205e-05
77.556,52,5,0.5715,6.635750000000057e-05
77.617,26,2,0.2286,7.023100000000102e-05
77.716,36,3,0.3429,7.966075000000002e-05
77.723,0,0,0.0,7.966075000000002e-05
77.825,0,0,0.0,7.966075000000002e-05
77.93,0,0,0.0,7.966075000000002e-05
77.937,0,0,0.0,7.966075000000002e-05
78.486,0,0,0.0,7.966075000000002e-05
78.515,0,0,0.0,7.966075000000002e-05
78.516,15,1,0.1143,7.969250000000017e-05
78.522,26,2,0.2286,8.007350000000017e-05
78.616,46,4,0.4572,9.201149999999942e-05
78.717,36,3,0.3429,0.00010163174999999934
78.819,0,0,0.0,0.00010163174999999934
78.941,0,0,0.0,0.00010163174999999934
79.017,0,0,0.0,0.00010163174999999934
79.121,0,0,0.0,0.00010163174999999934
79.513,0,0,0.0,0.00010163174999999934
79.515,0,0,0.0,0.00010163174999999934
79.62,15,1,0.1143,0.00010496549999999946
79.622,36,3,0.3429,0.00010515599999999902
79.817,26,2,0.2286,0.00011753849999999858
79.818,52,5,0.5715,0.00011769724999999933
79.834,0,0,0.0,0.00011769724999999933
79.941,0,0,0.0,0.00011769724999999933
80.215,0,0,0.0,0.00011769724999999933
80.415,0,0,0.0,0.00011769724999999933
80.415,0,0,0.0,0.00011769724999999933
80.713,0,0,0.0,0.00011769724999999933
80.817,26,2,0.2286,0.00012430124999999927
80.817,36,3,0.3429,0.00012430124999999927
80.919,5,0,0.0,0.00012430124999999927
80.92,52,5,0.5715,0.00012446000000000004
80.935,0,0,0.0,0.00012446000000000004
81.418,0,0,0.0,0.00012446000000000004
81.486,0,0,0.0,0.00012446000000000004
81.615,0,0,0.0,0.00012446000000000004
81.616,0,0,0.0,0.00012446000000000004
81.713,0,0,0.0,0.00012446000000000004
81.818,0,0,0.0,0.00012446000000000004
81.916,52,5,0.5715,0.00014001749999999988
81.917,15,1,0.1143,0.00014004925000000003
81.944,0,0,0.0,0.00014004925000000003
82.124,0,0,0.0,0.00014004925000000003
82.415,0,0,0.0,0.00014004925000000003
82.615,0,0,0.0,0.00014004925000000003
82.618,0,0,0.0,0.00014004925000000003
82.816,0,0,0.0,0.00014004925000000003
82.817,5,0,0.0,0.00014004925000000003
82.916,0,0,0.0,0.00014004925000000003
82.916,52,5,0.5715,0.00014004925000000003
82.945,0,0,0.0,0.00014004925000000003
83.121,0,0,0.0,0.00014004925000000003
83.414,0,0,0.0,0.00014004925000000003
83.415,0,0,0.0,0.00014004925000000003
83.415,0,0,0.0,0.00014004925000000003
83.816,0,0,0.0,0.00014004925000000003
83.816,0,0,0.0,0.00014004925000000003
83.917,0,0,0.0,0.00014004925000000003
83.918,0,0,0.0,0.00014004925000000003
83.933,0,0,0.0,0.00014004925000000003
84.114,0,0,0.0,0.00014004925000000003
84.115,0,0,0.0,0.00014004925000000003
84.42,0,0,0.0,0.00014004925000000003
84.536,0,0,0.0,0.00014004925000000003
84.623,0,0,0.0,0.00014004925000000003
84.816,0,0,0.0,0.00014004925000000003
84.816,0,0,0.0,0.00014004925000000003
85.016,0,0,0.0,0.00014004925000000003
85.115,0,0,0.0,0.00014004925000000003
85.123,0,0,0.0,0.00014004925000000003
85.214,0,0,0.0,0.00014004925000000003
85.42,0,0,0.0,0.00014004925000000003
85.615,0,0,0.0,0.00014004925000000003
85.714,0,0,0.0,0.00014004925000000003
85.915,0,0,0.0,0.00014004925000000003
85.919,0,0,0.0,0.00014004925000000003
85.933,0,0,0.0,0.00014004925000000003
86.015,0,0,0.0,0.00014004925000000003
86.213,0,0,0.0,0.00014004925000000003
86.426,0,0,0.0,0.00014004925000000003
86.466,0,0,0.0,0.00014004925000000003
86.586,0,0,0.0,0.00014004925000000003
86.621,0,0,0.0,0.00014004925000000003
86.822,0,0,0.0,0.00014004925000000003
86.918,0,0,0.0,0.00014004925000000003
86.941,0,0,0.0,0.00014004925000000003
87.021,0,0,0.0,0.00014004925000000003
87.425,0,0,0.0,0.00014004925000000003
87.466,0,0,0.0,0.00014004925000000003
87.513,0,0,0.0,0.00014004925000000003
87.613,0,0,0.0,0.00014004925000000003
87.62,0,0,0.0,0.00014004925000000003
87.718,0,0,0.0,0.00014004925000000003
87.82,0,0,0.0,0.00014004925000000003
87.938,0,0,0.0,0.00014004925000000003
88.112,0,0,0.0,0.00014004925000000003
88.115,0,0,0.0,0.00014004925000000003
88.41,0,0,0.0,0.00014004925000000003
88.413,0,0,0.0,0.00014004925000000003
88.614,0,0,0.0,0.00014004925000000003
88.617,0,0,0.0,0.00014004925000000003
88.715,0,0,0.0,0.00014004925000000003
88.826,0,0,0.0,0.00014004925000000003
88.938,0,0,0.0,0.00014004925000000003
89.018,0,0,0.0,0.00014004925000000003
89.212,0,0,0.0,0.00014004925000000003
89.413,0,0,0.0,0.00014004925000000003
89.434,0,0,0.0,0.00014004925000000003
89.496,0,0,0.0,0.00014004925000000003
89.623,0,0,0.0,0.00014004925000000003
89.814,0,0,0.0,0.00014004925000000003
89.822,0,0,0.0,0.00014004925000000003
89.924,0,0,0.0,0.00014004925000000003
89.942,0,0,0.0,0.00014004925000000003
90.416,0,0,0.0,0.00014004925000000003
90.436,0,0,0.0,0.00014004925000000003
90.613,0,0,0.0,0.00014004925000000003
90.614,0,0,0.0,0.00014004925000000003
90.71,0,0,0.0,0.00014004925000000003
90.714,0,0,0.0,0.00014004925000000003
90.814,0,0,0.0,0.00014004925000000003
90.834,0,0,0.0,0.00014004925000000003
90.944,0,0,0.0,0.00014004925000000003
91.211,0,0,0.0,0.00014004925000000003
91.415,0,0,0.0,0.00014004925000000003
91.613,0,0,0.0,0.00014004925000000003
91.616,0,0,0.0,0.00014004925000000003
91.713,0,0,0.0,0.00014004925000000003
91.811,0,0,0.0,0.00014004925000000003
91.814,0,0,0.0,0.00014004925000000003
91.82,0,0,0.0,0.00014004925000000003
91.933,0,0,0.0,0.00014004925000000003
92.211,0,0,0.0,0.00014004925000000003
92.409,0,0,0.0,0.00014004925000000003
92.512,0,0,0.0,0.00014004925000000003
92.613,0,0,0.0,0.00014004925000000003
92.813,0,0,0.0,0.00014004925000000003
92.817,0,0,0.0,0.00014004925000000003
92.917,0,0,0.0,0.00014004925000000003
92.925,0,0,0.0,0.00014004925000000003
92.925,0,0,0.0,0.00014004925000000003
92.937,0,0,0.0,0.00014004925000000003
93.211,0,0,0.0,0.00014004925000000003
93.417,0,0,0.0,0.00014004925000000003
93.511,0,0,0.0,0.00014004925000000003
93.61,0,0,0.0,0.00014004925000000003
93.712,0,0,0.0,0.00014004925000000003
93.712,0,0,0.0,0.00014004925000000003
94.013,0,0,0.0,0.00014004925000000003
94.12,0,0,0.0,0.00014004925000000003
94.213,0,0,0.0,0.00014004925000000003
94.466,0,0,0.0,0.00014004925000000003
94.515,0,0,0.0,0.00014004925000000003
94.711,0,0,0.0,0.00014004925000000003
94.712,0,0,0.0,0.00014004925000000003
94.913,0,0,0.0,0.00014004925000000003
94.914,52,5,0.5715,0.0001402080000000008
94.918,0,0,0.0,0.0001402080000000008
94.935,0,0,0.0,0.0001402080000000008
95.01,0,0,0.0,0.0001402080000000008
95.121,0,0,0.0,0.0001402080000000008
95.22,0,0,0.0,0.0001402080000000008
95.511,0,0,0.0,0.0001402080000000008
95.611,0,0,0.0,0.0001402080000000008
95.711,0,0,0.0,0.0001402080000000008
95.831,0,0,0.0,0.0001402080000000008
95.915,0,0,0.0,0.0001402080000000008
95.915,0,0,0.0,0.0001402080000000008
96.112,0,0,0.0,0.0001402080000000008
96.22,0,0,0.0,0.0001402080000000008
96.417,0,0,0.0,0.0001402080000000008
96.436,52,5,0.5715,0.00014322425000000167
96.517,0,0,0.0,0.00014322425000000167
96.709,0,0,0.0,0.00014322425000000167
96.717,0,0,0.0,0.00014322425000000167
96.914,0,0,0.0,0.00014322425000000167
97.112,0,0,0.0,0.00014322425000000167
97.208,0,0,0.0,0.00014322425000000167
97.211,52,5,0.5715,0.00014370050000000168
97.446,0,0,0.0,0.00014370050000000168
97.517,0,0,0.0,0.00014370050000000168
97.711,0,0,0.0,0.00014370050000000168
97.813,0,0,0.0,0.00014370050000000168
97.912,0,0,0.0,0.00014370050000000168
97.952,0,0,0.0,0.00014370050000000168
98.012,0,0,0.0,0.00014370050000000168
98.422,10,1,0.1143,0.00015671800000000157
98.436,0,0,0.0,0.00015671800000000157
98.446,0,0,0.0,0.00015671800000000157
98.446,46,4,0.4572,0.00015671800000000157
98.612,0,0,0.0,0.00015671800000000157
98.812,0,0,0.0,0.00015671800000000157
98.92,0,0,0.0,0.00015671800000000157
98.921,0,0,0.0,0.00015671800000000157
98.957,0,0,0.0,0.00015671800000000157
99.406,0,0,0.0,0.00015671800000000157
99.411,36,3,0.3429,0.00015719425000000113
99.413,0,0,0.0,0.00015719425000000113
99.511,20,2,0.2286,0.00016341725000000107
99.611,0,0,0.0,0.00016341725000000107
99.717,0,0,0.0,0.00016341725000000107
99.815,0,0,0.0,0.00016341725000000107
99.925,0,0,0.0,0.00016341725000000107
99.96,52,5,0.5715,0.00016897350000000052
100.115,52,5,0.5715,0.0001935797500000007
100.61,0,0,0.0,0.0001935797500000007
100.61,0,0,0.0,0.0001935797500000007
100.614,0,0,0.0,0.0001935797500000007
100.62,31,3,0.3429,0.00019415125000000073
100.711,26,2,0.2286,0.00019992975000000034
100.723,0,0,0.0,0.00019992975000000034
100.924,0,0,0.0,0.00019992975000000034
100.931,0,0,0.0,0.00019992975000000034
101.209,0,0,0.0,0.00019992975000000034
101.507,52,5,0.5715,0.0002472372500000006
101.61,5,0,0.0,0.0002472372500000006
101.611,15,1,0.1143,0.00024726900000000075
101.71,0,0,0.0,0.00024726900000000075
101.811,0,0,0.0,0.00024726900000000075
101.812,46,4,0.4572,0.00024739599999999955
101.921,0,0,0.0,0.00024739599999999955
101.929,0,0,0.0,0.00024739599999999955
102.412,0,0,0.0,0.00024739599999999955
102.426,0,0,0.0,0.00024739599999999955
102.515,46,4,0.4572,0.0002586989999999994
102.61,0,0,0.0,0.0002586989999999994
102.711,5,0,0.0,0.0002586989999999994
102.714,0,0,0.0,0.0002586989999999994
102.808,15,1,0.1143,0.00026168349999999965
102.818,52,5,0.5715,0.0002632709999999982
102.934,0,0,0.0,0.0002632709999999982
103.208,0,0,0.0,0.0002632709999999982
103.409,0,0,0.0,0.0002632709999999982
103.609,0,0,0.0,0.0002632709999999982
103.709,36,3,0.3429,0.000272795999999999
103.709,26,2,0.2286,0.000272795999999999
103.732,0,0,0.0,0.000272795999999999
103.809,0,0,0.0,0.000272795999999999
103.91,0,0,0.0,0.000272795999999999
103.93,0,0,0.0,0.000272795999999999
104.208,0,0,0.0,0.000272795999999999
104.416,0,0,0.0,0.000272795999999999
104.609,0,0,0.0,0.000272795999999999
104.609,0,0,0.0,0.000272795999999999
104.81,26,2,0.2286,0.0002855594999999995
104.913,0,0,0.0,0.0002855594999999995
104.923,0,0,0.0,0.0002855594999999995
104.934,0,0,0.0,0.0002855594999999995
105.01,36,3,0.3429,0.0002927985000000002
105.108,0,0,0.0,0.0002927985000000002
105.208,0,0,0.0,0.0002927985000000002
105.408,0,0,0.0,0.0002927985000000002
105.508,0,0,0.0,0.0002927985000000002
105.709,0,0,0.0,0.0002927985000000002
105.81,0,0,0.0,0.0002927985000000002
105.81,15,1,0.1143,0.0002927985000000002
105.923,0,0,0.0,0.0002927985000000002
106.11,52,5,0.5715,0.0003224847499999998
106.11,0,0,0.0,0.0003224847499999998
106.12,0,0,0.0,0.0003224847499999998
106.217,0,0,0.0,0.0003224847499999998
106.41,0,0,0.0,0.0003224847499999998
106.614,0,0,0.0,0.0003224847499999998
106.714,0,0,0.0,0.0003224847499999998
106.718,0,0,0.0,0.0003224847499999998
107.007,5,0,0.0,0.0003224847499999998
107.107,52,5,0.5715,0.00033835974999999895
107.219,0,0,0.0,0.00033835974999999895
107.406,0,0,0.0,0.00033835974999999895
107.413,0,0,0.0,0.00033835974999999895
107.608,0,0,0.0,0.00033835974999999895
107.71,0,0,0.0,0.00033835974999999895
107.912,0,0,0.0,0.00033835974999999895
107.919,0,0,0.0,0.00033835974999999895
107.935,0,0,0.0,0.00033835974999999895
108.009,0,0,0.0,0.00033835974999999895
108.408,0,0,0.0,0.00033835974999999895
108.416,0,0,0.0,0.00033835974999999895
108.417,0,0,0.0,0.00033835974999999895
108.508,0,0,0.0,0.00033835974999999895
108.708,0,0,0.0,0.00033835974999999895
108.813,0,0,0.0,0.00033835974999999895
108.911,0,0,0.0,0.00033835974999999895
108.926,0,0,0.0,0.00033835974999999895
109.107,0,0,0.0,0.00033835974999999895
109.109,0,0,0.0,0.00033835974999999895
109.204,0,0,0.0,0.00033835974999999895
109.419,0,0,0.0,0.00033835974999999895
109.614,0,0,0.0,0.00033835974999999895
109.708,0,0,0.0,0.00033835974999999895
109.714,0,0,0.0,0.00033835974999999895
109.919,0,0,0.0,0.00033835974999999895
109.931,0,0,0.0,0.00033835974999999895
110.109,0,0,0.0,0.00033835974999999895
110.207,0,0,0.0,0.00033835974999999895
110.407,0,0,0.0,0.00033835974999999895
110.504,0,0,0.0,0.00033835974999999895
110.508,0,0,0.0,0.00033835974999999895
110.708,0,0,0.0,0.00033835974999999895
110.809,0,0,0.0,0.00033835974999999895
110.911,0,0,0.0,0.00033835974999999895
110.918,0,0,0.0,0.00033835974999999895
110.927,0,0,0.0,0.00033835974999999895
111.41,0,0,0.0,0.00033835974999999895
111.607,0,0,0.0,0.00033835974999999895
111.607,0,0,0.0,0.00033835974999999895
111.62,0,0,0.0,0.00033835974999999895
111.808,0,0,0.0,0.00033835974999999895
111.815,0,0,0.0,0.00033835974999999895
111.918,0,0,0.0,0.00033835974999999895
111.931,0,0,0.0,0.00033835974999999895
112.096,0,0,0.0,0.00033835974999999895
112.11,0,0,0.0,0.00033835974999999895
112.206,0,0,0.0,0.00033835974999999895
112.607,0,0,0.0,0.00033835974999999895
112.613,0,0,0.0,0.00033835974999999895
112.707,0,0,0.0,0.00033835974999999895
112.719,0,0,0.0,0.00033835974999999895
112.806,0,0,0.0,0.00033835974999999895
112.911,0,0,0.0,0.00033835974999999895
112.928,0,0,0.0,0.00033835974999999895
113.209,0,0,0.0,0.00033835974999999895
113.506,0,0,0.0,0.00033835974999999895
113.604,0,0,0.0,0.00033835974999999895
113.607,0,0,0.0,0.00033835974999999895
113.808,0,0,0.0,0.00033835974999999895
113.818,0,0,0.0,0.00033835974999999895
113.91,0,0,0.0,0.00033835974999999895
113.911,0,0,0.0,0.00033835974999999895
113.919,0,0,0.0,0.00033835974999999895
113.927,0,0,0.0,0.00033835974999999895
114.206,0,0,0.0,0.00033835974999999895
114.506,0,0,0.0,0.00033835974999999895
114.508,0,0,0.0,0.00033835974999999895
114.703,0,0,0.0,0.00033835974999999895
114.805,0,0,0.0,0.00033835974999999895
114.807,0,0,0.0,0.00033835974999999895
115.007,0,0,0.0,0.00033835974999999895
115.205,0,0,0.0,0.00033835974999999895
115.208,0,0,0.0,0.00033835974999999895
115.426,0,0,0.0,0.00033835974999999895
115.506,0,0,0.0,0.00033835974999999895
115.706,0,0,0.0,0.00033835974999999895
115.706,0,0,0.0,0.00033835974999999895
115.805,0,0,0.0,0.00033835974999999895
115.808,0,0,0.0,0.00033835974999999895
115.814,0,0,0.0,0.00033835974999999895
115.925,0,0,0.0,0.00033835974999999895
116.205,0,0,0.0,0.00033835974999999895
116.446,0,0,0.0,0.00033835974999999895
116.512,0,0,0.0,0.00033835974999999895
116.606,0,0,0.0,0.00033835974999999895
116.706,0,0,0.0,0.00033835974999999895
116.909,0,0,0.0,0.00033835974999999895
116.909,0,0,0.0,0.00033835974999999895
116.919,0,0,0.0,0.00033835974999999895
116.92,0,0,0.0,0.00033835974999999895
116.927,0,0,0.0,0.00033835974999999895
117.116,0,0,0.0,0.00033835974999999895
117.436,0,0,0.0,0.00033835974999999895
117.506,0,0,0.0,0.00033835974999999895
117.512,0,0,0.0,0.00033835974999999895
117.807,0,0,0.0,0.00033835974999999895
117.827,0,0,0.0,0.00033835974999999895
117.909,0,0,0.0,0.00033835974999999895
117.909,0,0,0.0,0.00033835974999999895
118.006,0,0,0.0,0.00033835974999999895
118.106,0,0,0.0,0.00033835974999999895
118.216,0,0,0.0,0.00033835974999999895
118.404,0,0,0.0,0.00033835974999999895
118.606,0,0,0.0,0.00033835974999999895
118.711,0,0,0.0,0.00033835974999999895
118.714,0,0,0.0,0.00033835974999999895
119.006,0,0,0.0,0.00033835974999999895
119.104,0,0,0.0,0.00033835974999999895
119.204,0,0,0.0,0.00033835974999999895
119.436,0,0,0.0,0.00033835974999999895
119.504,0,0,0.0,0.00033835974999999895
119.606,0,0,0.0,0.00033835974999999895
119.709,0,0,0.0,0.00033835974999999895
119.915,0,0,0.0,0.00033835974999999895
119.93,0,0,0.0,0.00033835974999999895
120.008,0,0,0.0,0.00033835974999999895
120.096,0,0,0.0,0.00033835974999999895
120.407,0,0,0.0,0.00033835974999999895
120.414,0,0,0.0,0.00033835974999999895
120.504,0,0,0.0,0.00033835974999999895
120.516,0,0,0.0,0.00033835974999999895
120.796,0,0,0.0,0.00033835974999999895
120.807,0,0,0.0,0.00033835974999999895
120.909,0,0,0.0,0.00033835974999999895
120.928,0,0,0.0,0.00033835974999999895
121.106,0,0,0.0,0.00033835974999999895
121.107,0,0,0.0,0.00033835974999999895
121.404,0,0,0.0,0.00033835974999999895
121.566,0,0,0.0,0.00033835974999999895
121.604,0,0,0.0,0.00033835974999999895
121.605,0,0,0.0,0.00033835974999999895
121.71,0,0,0.0,0.00033835974999999895
121.807,0,0,0.0,0.00033835974999999895
121.93,0,0,0.0,0.00033835974999999895
122.009,0,0,0.0,0.00033835974999999895
122.206,0,0,0.0,0.00033835974999999895
122.401,0,0,0.0,0.00033835974999999895
122.404,0,0,0.0,0.00033835974999999895
122.501,0,0,0.0,0.00033835974999999895
122.504,0,0,0.0,0.00033835974999999895
122.605,0,0,0.0,0.00033835974999999895
122.812,0,0,0.0,0.00033835974999999895
122.915,0,0,0.0,0.00033835974999999895
122.919,0,0,0.0,0.00033835974999999895
122.929,0,0,0.0,0.00033835974999999895
123.2,0,0,0.0,0.00033835974999999895
123.503,0,0,0.0,0.00033835974999999895
123.503,0,0,0.0,0.00033835974999999895
123.525,0,0,0.0,0.00033835974999999895
123.601,0,0,0.0,0.00033835974999999895
123.701,0,0,0.0,0.00033835974999999895
123.713,0,0,0.0,0.00033835974999999895
123.914,0,0,0.0,0.00033835974999999895
124.2,0,0,0.0,0.00033835974999999895
124.403,0,0,0.0,0.00033835974999999895
124.503,0,0,0.0,0.00033835974999999895
124.703,0,0,0.0,0.00033835974999999895
124.704,0,0,0.0,0.00033835974999999895
124.704,0,0,0.0,0.00033835974999999895
124.805,0,0,0.0,0.00033835974999999895
124.907,0,0,0.0,0.00033835974999999895
124.927,0,0,0.0,0.00033835974999999895
125.416,0,0,0.0,0.00033835974999999895
125.5,0,0,0.0,0.00033835974999999895
125.603,0,0,0.0,0.00033835974999999895
125.703,0,0,0.0,0.00033835974999999895
125.809,0,0,0.0,0.00033835974999999895
125.896,0,0,0.0,0.00033835974999999895
125.907,0,0,0.0,0.00033835974999999895
125.908,0,0,0.0,0.00033835974999999895
125.927,0,0,0.0,0.00033835974999999895
126.203,0,0,0.0,0.00033835974999999895
126.408,0,0,0.0,0.00033835974999999895
126.509,0,0,0.0,0.00033835974999999895
126.603,0,0,0.0,0.00033835974999999895
126.801,0,0,0.0,0.00033835974999999895
126.802,0,0,0.0,0.00033835974999999895
126.915,0,0,0.0,0.00033835974999999895
126.927,0,0,0.0,0.00033835974999999895
127.004,0,0,0.0,0.00033835974999999895
127.103,0,0,0.0,0.00033835974999999895
127.114,0,0,0.0,0.00033835974999999895
127.402,0,0,0.0,0.00033835974999999895
127.503,0,0,0.0,0.00033835974999999895
127.609,0,0,0.0,0.00033835974999999895
127.708,0,0,0.0,0.00033835974999999895
127.804,0,0,0.0,0.00033835974999999895
127.821,0,0,0.0,0.00033835974999999895
128.001,0,0,0.0,0.00033835974999999895
128.101,0,0,0.0,0.00033835974999999895
128.107,0,0,0.0,0.00033835974999999895
128.402,0,0,0.0,0.00033835974999999895
128.606,0,0,0.0,0.00033835974999999895
128.703,0,0,0.0,0.00033835974999999895
128.804,0,0,0.0,0.00033835974999999895
128.821,0,0,0.0,0.00033835974999999895
128.896,0,0,0.0,0.00033835974999999895
128.913,0,0,0.0,0.00033835974999999895
129.003,0,0,0.0,0.00033835974999999895
129.201,0,0,0.0,0.00033835974999999895
129.407,0,0,0.0,0.00033835974999999895
129.496,0,0,0.0,0.00033835974999999895
129.511,0,0,0.0,0.00033835974999999895
129.603,0,0,0.0,0.00033835974999999895
129.802,0,0,0.0,0.00033835974999999895
129.906,0,0,0.0,0.00033835974999999895
130.003,0,0,0.0,0.00033835974999999895
130.107,0,0,0.0,0.00033835974999999895
130.201,0,0,0.0,0.00033835974999999895
130.502,0,0,0.0,0.00033835974999999895
130.701,0,0,0.0,0.00033835974999999895
130.796,0,0,0.0,0.00033835974999999895
130.804,0,0,0.0,0.00033835974999999895
130.812,0,0,0.0,0.00033835974999999895
130.928,0,0,0.0,0.00033835974999999895
131.103,0,0,0.0,0.00033835974999999895
131.204,0,0,0.0,0.00033835974999999895
131.407,0,0,0.0,0.00033835974999999895
131.499,0,0,0.0,0.00033835974999999895
131.607,0,0,0.0,0.00033835974999999895
131.707,0,0,0.0,0.00033835974999999895
131.796,0,0,0.0,0.00033835974999999895
131.911,0,0,0.0,0.00033835974999999895
131.913,0,0,0.0,0.00033835974999999895
131.922,0,0,0.0,0.00033835974999999895
132.103,0,0,0.0,0.00033835974999999895
132.198,0,0,0.0,0.00033835974999999895
132.501,0,0,0.0,0.00033835974999999895
132.501,0,0,0.0,0.00033835974999999895
132.501,0,0,0.0,0.00033835974999999895
132.507,0,0,0.0,0.00033835974999999895
132.703,0,0,0.0,0.00033835974999999895
132.904,0,0,0.0,0.00033835974999999895
133.005,0,0,0.0,0.00033835974999999895
133.198,0,0,0.0,0.00033835974999999895
133.401,0,0,0.0,0.00033835974999999895
133.501,0,0,0.0,0.00033835974999999895
133.504,0,0,0.0,0.00033835974999999895
133.61,0,0,0.0,0.00033835974999999895
133.701,0,0,0.0,0.00033835974999999895
133.803,0,0,0.0,0.00033835974999999895
133.905,0,0,0.0,0.00033835974999999895
133.922,0,0,0.0,0.00033835974999999895
134.598,0,0,0.0,0.00033835974999999895
134.598,0,0,0.0,0.00033835974999999895
134.601,0,0,0.0,0.00033835974999999895
134.696,0,0,0.0,0.00033835974999999895
134.696,0,0,0.0,0.00033835974999999895
134.701,0,0,0.0,0.00033835974999999895
134.71,0,0,0.0,0.00033835974999999895
134.911,0,0,0.0,0.00033835974999999895
134.927,0,0,0.0,0.00033835974999999895
135.596,0,0,0.0,0.00033835974999999895
135.6,0,0,0.0,0.00033835974999999895
135.601,0,0,0.0,0.00033835974999999895
135.601,0,0,0.0,0.00033835974999999895
135.622,0,0,0.0,0.00033835974999999895
135.799,0,0,0.0,0.00033835974999999895
135.8,0,0,0.0,0.00033835974999999895
135.812,0,0,0.0,0.00033835974999999895
135.924,0,0,0.0,0.00033835974999999895
136.103,0,0,0.0,0.00033835974999999895
136.5,0,0,0.0,0.00033835974999999895
136.603,0,0,0.0,0.00033835974999999895
136.7,0,0,0.0,0.00033835974999999895
136.706,0,0,0.0,0.00033835974999999895
136.72,0,0,0.0,0.00033835974999999895
136.8,0,0,0.0,0.00033835974999999895
136.802,0,0,0.0,0.00033835974999999895
136.925,0,0,0.0,0.00033835974999999895
137.2,0,0,0.0,0.00033835974999999895
137.4,0,0,0.0,0.00033835974999999895
137.701,0,0,0.0,0.00033835974999999895
137.801,0,0,0.0,0.00033835974999999895
137.808,0,0,0.0,0.00033835974999999895
137.896,0,0,0.0,0.00033835974999999895
137.905,0,0,0.0,0.00033835974999999895
137.917,0,0,0.0,0.00033835974999999895
138.001,0,0,0.0,0.00033835974999999895
138.204,0,0,0.0,0.00033835974999999895
138.505,0,0,0.0,0.00033835974999999895
138.7,0,0,0.0,0.00033835974999999895
138.801,0,0,0.0,0.00033835974999999895
138.901,0,0,0.0,0.00033835974999999895
138.912,0,0,0.0,0.00033835974999999895
138.927,0,0,0.0,0.00033835974999999895
139.0,0,0,0.0,0.00033835974999999895
139.001,0,0,0.0,0.00033835974999999895
139.096,0,0,0.0,0.00033835974999999895
139.11,0,0,0.0,0.00033835974999999895
139.496,0,0,0.0,0.00033835974999999895
139.499,0,0,0.0,0.00033835974999999895
139.599,0,0,0.0,0.00033835974999999895
139.802,0,0,0.0,0.00033835974999999895
139.803,0,0,0.0,0.00033835974999999895
139.824,0,0,0.0,0.00033835974999999895
140.0,0,0,0.0,0.00033835974999999895
140.098,0,0,0.0,0.00033835974999999895
140.201,0,0,0.0,0.00033835974999999895
140.207,0,0,0.0,0.00033835974999999895
140.436,0,0,0.0,0.00033835974999999895
140.511,0,0,0.0,0.00033835974999999895
140.702,0,0,0.0,0.00033835974999999895
140.804,0,0,0.0,0.00033835974999999895
140.905,0,0,0.0,0.00033835974999999895
141.005,0,0,0.0,0.00033835974999999895
141.098,0,0,0.0,0.00033835974999999895
141.196,0,0,0.0,0.00033835974999999895
141.196,0,0,0.0,0.00033835974999999895
141.436,0,0,0.0,0.00033835974999999895
141.504,0,0,0.0,0.00033835974999999895
141.599,0,0,0.0,0.00033835974999999895
141.699,0,0,0.0,0.00033835974999999895
142.0,0,0,0.0,0.00033835974999999895
142.099,0,0,0.0,0.00033835974999999895
142.195,0,0,0.0,0.00033835974999999895
142.396,0,0,0.0,0.00033835974999999895
142.496,0,0,0.0,0.00033835974999999895
142.498,0,0,0.0,0.00033835974999999895
142.598,0,0,0.0,0.00033835974999999895
142.708,0,0,0.0,0.00033835974999999895
142.907,0,0,0.0,0.00033835974999999895
142.918,52,5,0.5715,0.0003401059999999983
143.0,0,0,0.0,0.0003401059999999983
143.197,52,5,0.5715,0.0003713797499999987
143.504,0,0,0.0,0.0003713797499999987
143.536,0,0,0.0,0.0003713797499999987
143.704,0,0,0.0,0.0003713797499999987
143.806,0,0,0.0,0.0003713797499999987
143.918,52,5,0.5715,0.0003891597499999979
143.996,0,0,0.0,0.0003891597499999979
144.005,0,0,0.0,0.0003891597499999979
144.197,52,5,0.5715,0.00041963974999999903
144.286,0,0,0.0,0.00041963974999999903
144.497,52,5,0.5715,0.00045313600000000106
144.498,0,0,0.0,0.00045313600000000106
144.498,0,0,0.0,0.00045313600000000106
144.598,0,0,0.0,0.00045313600000000106
144.604,0,0,0.0,0.00045313600000000106
144.713,0,0,0.0,0.00045313600000000106
144.921,52,5,0.5715,0.0004861560000000008
144.999,0,0,0.0,0.0004861560000000008
145.1,52,5,0.5715,0.0005021897500000007
145.494,52,5,0.5715,0.0005647372500000015
145.497,52,5,0.5715,0.0005652135000000038
145.598,0,0,0.0,0.0005652135000000038
145.697,10,1,0.1143,0.0005683567500000035
145.71,0,0,0.0,0.0005683567500000035
145.799,0,0,0.0,0.0005683567500000035
145.902,0,0,0.0,0.0005683567500000035
145.922,52,5,0.5715,0.0005715317500000051
146.296,52,5,0.5715,0.0006309042500000044
146.496,52,5,0.5715,0.0006626542500000071
146.694,52,5,0.5715,0.0006940867500000037
146.798,20,2,0.2286,0.0007006907500000046
146.817,0,0,0.0,0.0007006907500000046
146.896,52,5,0.5715,0.0007132320000000014
146.901,0,0,0.0,0.0007132320000000014
146.901,0,0,0.0,0.0007132320000000014
146.924,52,5,0.5715,0.0007168832500000007
147.296,52,5,0.5715,0.0007759382499999985
147.396,52,5,0.5715,0.0007918132499999975
147.5,52,5,0.5715,0.0008083232499999997
147.596,52,5,0.5715,0.0008235632500000002
147.597,52,5,0.5715,0.000823722000000001
147.796,31,3,0.3429,0.0008426767499999995
147.799,0,0,0.0,0.0008426767499999995
147.9,0,0,0.0,0.0008426767499999995
147.931,0,0,0.0,0.0008426767499999995
148.102,0,0,0.0,0.0008426767499999995
148.496,52,5,0.5715,0.0009052242500000003
148.597,52,5,0.5715,0.0009212580000000002
148.6,52,5,0.5715,0.0009217342499999979
148.798,52,5,0.5715,0.0009531667499999991
148.799,41,4,0.4572,0.0009532937499999997
148.897,52,5,0.5715,0.0009688512499999973
148.898,0,0,0.0,0.0009688512499999973
148.908,0,0,0.0,0.0009688512499999973
148.922,0,0,0.0,0.0009688512499999973
149.101,0,0,0.0,0.0009688512499999973
149.496,46,4,0.4572,0.0010190162499999985
149.602,52,5,0.5715,0.0010358437499999977
149.797,52,5,0.5715,0.0010667999999999967
149.801,52,5,0.5715,0.0010674349999999953
149.904,52,5,0.5715,0.0010837862499999966
149.997,52,5,0.5715,0.0010985499999999994
150.095,52,5,0.5715,0.001114107499999997
150.101,0,0,0.0,0.001114107499999997
150.196,0,0,0.0,0.001114107499999997
150.399,0,0,0.0,0.001114107499999997
150.596,52,5,0.5715,0.0011453812499999975
150.605,36,3,0.3429,0.0011462384999999962
150.796,0,0,0.0,0.0011462384999999962
150.797,52,5,0.5715,0.001146397249999997
150.997,52,5,0.5715,0.0011781472499999997
151.001,52,5,0.5715,0.0011787822499999983
151.104,52,5,0.5715,0.0011951334999999997
151.195,0,0,0.0,0.0011951334999999997
151.401,0,0,0.0,0.0011951334999999997
151.596,0,0,0.0,0.0011951334999999997
151.702,26,2,0.2286,0.0012018644999999993
151.795,52,5,0.5715,0.0012166282499999977
151.9,52,5,0.5715,0.0012332970000000006
151.9,52,5,0.5715,0.0012332970000000006
151.915,0,0,0.0,0.0012332970000000006
152.2,0,0,0.0,0.0012332970000000006
152.295,52,5,0.5715,0.0012483782500000004
152.396,5,0,0.0,0.0012483782500000004
152.496,0,0,0.0,0.0012483782500000004
152.696,0,0,0.0,0.0012483782500000004
152.899,52,5,0.5715,0.001280604500000001
152.9,15,1,0.1143,0.001280636250000001
152.916,52,5,0.5715,0.0012831762499999997
153.096,52,5,0.5715,0.0013117512500000008
153.194,52,5,0.5715,0.0013273087499999984
153.295,52,5,0.5715,0.0013433424999999982
153.4,15,1,0.1143,0.0013466762499999988
153.495,0,0,0.0,0.0013466762499999988
153.596,0,0,0.0,0.0013466762499999988
153.702,0,0,0.0,0.0013466762499999988
153.905,0,0,0.0,0.0013466762499999988
153.912,0,0,0.0,0.0013466762499999988
154.096,52,5,0.5715,0.0013758862499999983
154.194,0,0,0.0,0.0013758862499999983
154.492,52,5,0.5715,0.0014231937499999986
154.494,0,0,0.0,0.0014231937499999986
154.595,26,2,0.2286,0.0014296072499999986
154.695,0,0,0.0,0.0014296072499999986
154.807,0,0,0.0,0.0014296072499999986
154.92,0,0,0.0,0.0014296072499999986
155.0,0,0,0.0,0.0014296072499999986
155.286,41,4,0.4572,0.0014659292499999987
155.294,0,0,0.0,0.0014659292499999987
155.414,31,3,0.3429,0.0014773592499999965
155.498,52,5,0.5715,0.0014906942499999971
155.605,36,3,0.3429,0.001500885999999997
155.696,0,0,0.0,0.001500885999999997
155.803,0,0,0.0,0.001500885999999997
155.905,0,0,0.0,0.001500885999999997
155.92,0,0,0.0,0.001500885999999997
156.256,10,1,0.1143,0.0015115539999999974
156.291,0,0,0.0,0.0015115539999999974
156.397,0,0,0.0,0.0015115539999999974
156.5,41,4,0.4572,0.0015246349999999986
156.503,20,2,0.2286,0.0015248254999999976
156.594,0,0,0.0,0.0015248254999999976
156.595,20,2,0.2286,0.001524888999999998
156.695,46,4,0.4572,0.0015375889999999972
156.905,0,0,0.0,0.0015375889999999972
156.929,0,0,0.0,0.0015375889999999972
157.193,0,0,0.0,0.0015375889999999972
157.594,0,0,0.0,0.0015375889999999972
157.594,0,0,0.0,0.0015375889999999972
157.597,0,0,0.0,0.0015375889999999972
157.616,10,1,0.1143,0.0015381922499999973
157.795,31,3,0.3429,0.0015552419999999949
157.795,31,3,0.3429,0.0015552419999999949
157.802,52,5,0.5715,0.0015563532499999957
157.914,52,5,0.5715,0.0015741332499999948
158.193,52,5,0.5715,0.0016184244999999987
158.495,0,0,0.0,0.0016184244999999987
158.594,0,0,0.0,0.0016184244999999987
158.694,0,0,0.0,0.0016184244999999987
158.795,0,0,0.0,0.0016184244999999987
158.799,20,2,0.2286,0.0016186784999999999
158.898,0,0,0.0,0.0016186784999999999
158.913,0,0,0.0,0.0016186784999999999
158.994,41,4,0.4572,0.0016289654999999984
159.193,0,0,0.0,0.0016289654999999984
159.396,5,0,0.0,0.0016289654999999984
159.399,52,5,0.5715,0.0016294417500000008
159.594,0,0,0.0,0.0016294417500000008
159.794,0,0,0.0,0.0016294417500000008
159.795,0,0,0.0,0.0016294417500000008
159.913,52,5,0.5715,0.0016481742500000045
159.994,52,5,0.5715,0.0016610330000000027
159.995,5,0,0.0,0.0016610330000000027
160.104,52,5,0.5715,0.001678336750000004
160.293,0,0,0.0,0.001678336750000004
160.496,52,5,0.5715,0.0017105630000000046
160.693,15,1,0.1143,0.0017168177500000046
160.699,0,0,0.0,0.0017168177500000046
160.703,0,0,0.0,0.0017168177500000046
160.894,0,0,0.0,0.0017168177500000046
160.895,0,0,0.0,0.0017168177500000046
160.916,0,0,0.0,0.0017168177500000046
160.995,0,0,0.0,0.0017168177500000046
161.104,0,0,0.0,0.0017168177500000046
161.402,0,0,0.0,0.0017168177500000046
161.496,52,5,0.5715,0.0017317402500000082
161.497,41,4,0.4572,0.0017318672500000088
161.795,26,2,0.2286,0.0017507902500000071
161.895,0,0,0.0,0.0017507902500000071
161.897,0,0,0.0,0.0017507902500000071
161.994,0,0,0.0,0.0017507902500000071
162.09,0,0,0.0,0.0017507902500000071
162.091,0,0,0.0,0.0017507902500000071
162.203,0,0,0.0,0.0017507902500000071
162.499,10,1,0.1143,0.0017601882500000068
162.698,31,3,0.3429,0.001779143000000008
162.794,36,3,0.3429,0.0017882870000000084
162.994,0,0,0.0,0.0017882870000000084
163.094,0,0,0.0,0.0017882870000000084
163.095,0,0,0.0,0.0017882870000000084
163.192,0,0,0.0,0.0017882870000000084
163.256,52,5,0.5715,0.0017984470000000073
163.292,0,0,0.0,0.0017984470000000073
163.498,41,4,0.4572,0.001824609000000006
163.692,20,2,0.2286,0.001836928000000007
163.693,20,2,0.2286,0.0018369915000000074
163.912,0,0,0.0,0.0018369915000000074
163.993,46,4,0.4572,0.001847278500000006
164.094,0,0,0.0,0.001847278500000006
164.292,0,0,0.0,0.001847278500000006
164.292,0,0,0.0,0.001847278500000006
164.397,0,0,0.0,0.001847278500000006
164.496,0,0,0.0,0.001847278500000006
164.593,31,3,0.3429,0.001856517750000004
164.794,31,3,0.3429,0.0018756630000000061
164.902,52,5,0.5715,0.0018928080000000023
164.904,5,0,0.0,0.0018928080000000023
164.918,0,0,0.0,0.0018928080000000023
165.188,0,0,0.0,0.0018928080000000023
165.503,0,0,0.0,0.0018928080000000023
165.592,0,0,0.0,0.0018928080000000023
165.692,20,2,0.2286,0.001899158000000002
165.795,46,4,0.4572,0.0019122389999999994
165.916,0,0,0.0,0.0019122389999999994
166.0,0,0,0.0,0.0019122389999999994
166.097,0,0,0.0,0.0019122389999999994
166.246,0,0,0.0,0.0019122389999999994
166.286,0,0,0.0,0.0019122389999999994
166.489,0,0,0.0,0.0019122389999999994
166.591,0,0,0.0,0.0019122389999999994
166.596,0,0,0.0,0.0019122389999999994
166.604,0,0,0.0,0.0019122389999999994
166.692,0,0,0.0,0.0019122389999999994
166.707,10,1,0.1143,0.001912715249999999
166.905,52,5,0.5715,0.00194414775
166.911,0,0,0.0,0.00194414775
167.191,0,0,0.0,0.00194414775
167.488,0,0,0.0,0.00194414775
167.491,0,0,0.0,0.00194414775
167.589,0,0,0.0,0.00194414775
167.689,0,0,0.0,0.00194414775
167.793,0,0,0.0,0.00194414775
167.793,0,0,0.0,0.00194414775
167.896,0,0,0.0,0.00194414775
167.91,0,0,0.0,0.00194414775
168.29,0,0,0.0,0.00194414775
168.49,0,0,0.0,0.00194414775
168.589,0,0,0.0,0.00194414775
168.688,0,0,0.0,0.00194414775
168.691,0,0,0.0,0.00194414775
168.793,0,0,0.0,0.00194414775
168.799,0,0,0.0,0.00194414775
168.911,0,0,0.0,0.00194414775
169.19,0,0,0.0,0.00194414775
169.276,0,0,0.0,0.00194414775
169.59,0,0,0.0,0.00194414775
169.691,0,0,0.0,0.00194414775
169.691,0,0,0.0,0.00194414775
169.793,0,0,0.0,0.00194414775
169.793,0,0,0.0,0.00194414775
169.891,0,0,0.0,0.00194414775
169.911,0,0,0.0,0.00194414775
170.19,0,0,0.0,0.00194414775
170.236,0,0,0.0,0.00194414775
170.396,0,0,0.0,0.00194414775
170.59,0,0,0.0,0.00194414775
170.59,0,0,0.0,0.00194414775
170.792,0,0,0.0,0.00194414775
170.894,0,0,0.0,0.00194414775
170.895,0,0,0.0,0.00194414775
170.905,0,0,0.0,0.00194414775
170.916,0,0,0.0,0.00194414775
171.089,0,0,0.0,0.00194414775
171.089,0,0,0.0,0.00194414775
171.49,0,0,0.0,0.00194414775
171.59,0,0,0.0,0.00194414775
171.791,0,0,0.0,0.00194414775
171.791,0,0,0.0,0.00194414775
171.904,0,0,0.0,0.00194414775
171.991,0,0,0.0,0.00194414775
172.091,0,0,0.0,0.00194414775
172.095,0,0,0.0,0.00194414775
172.226,0,0,0.0,0.00194414775
172.289,0,0,0.0,0.00194414775
172.596,0,0,0.0,0.00194414775
172.69,0,0,0.0,0.00194414775
172.695,0,0,0.0,0.00194414775
172.892,0,0,0.0,0.00194414775
172.989,0,0,0.0,0.00194414775
173.089,0,0,0.0,0.00194414775
173.195,0,0,0.0,0.00194414775
173.286,0,0,0.0,0.00194414775
173.289,0,0,0.0,0.00194414775
173.589,0,0,0.0,0.00194414775
173.593,0,0,0.0,0.00194414775
173.893,0,0,0.0,0.00194414775
173.895,0,0,0.0,0.00194414775
173.905,0,0,0.0,0.00194414775
174.188,0,0,0.0,0.00194414775
174.189,0,0,0.0,0.00194414775
174.226,0,0,0.0,0.00194414775
174.489,0,0,0.0,0.00194414775
174.599,0,0,0.0,0.00194414775
174.795,0,0,0.0,0.00194414775
174.893,0,0,0.0,0.00194414775
174.907,0,0,0.0,0.00194414775
175.09,0,0,0.0,0.00194414775
175.186,0,0,0.0,0.00194414775
175.188,0,0,0.0,0.00194414775
175.207,0,0,0.0,0.00194414775
175.226,0,0,0.0,0.00194414775
175.595,0,0,0.0,0.00194414775
175.695,0,0,0.0,0.00194414775
175.801,0,0,0.0,0.00194414775
175.908,0,0,0.0,0.00194414775
176.09,0,0,0.0,0.00194414775
176.188,0,0,0.0,0.00194414775
176.286,0,0,0.0,0.00194414775
176.486,0,0,0.0,0.00194414775
176.495,0,0,0.0,0.00194414775
176.695,0,0,0.0,0.00194414775
176.892,0,0,0.0,0.00194414775
176.897,0,0,0.0,0.00194414775
176.908,0,0,0.0,0.00194414775
177.226,0,0,0.0,0.00194414775
177.226,0,0,0.0,0.00194414775
177.285,0,0,0.0,0.00194414775
177.488,0,0,0.0,0.00194414775
177.489,0,0,0.0,0.00194414775
177.589,0,0,0.0,0.00194414775
177.595,0,0,0.0,0.00194414775
177.796,0,0,0.0,0.00194414775
177.899,0,0,0.0,0.00194414775
177.914,0,0,0.0,0.00194414775
178.185,0,0,0.0,0.00194414775
178.246,0,0,0.0,0.00194414775
178.588,0,0,0.0,0.00194414775
178.592,0,0,0.0,0.00194414775
178.688,0,0,0.0,0.00194414775
178.688,0,0,0.0,0.00194414775
178.695,0,0,0.0,0.00194414775
178.806,0,0,0.0,0.00194414775
178.908,0,0,0.0,0.00194414775
179.19,0,0,0.0,0.00194414775
179.206,0,0,0.0,0.00194414775
179.487,0,0,0.0,0.00194414775
179.585,0,0,0.0,0.00194414775
179.588,0,0,0.0,0.00194414775
179.686,0,0,0.0,0.00194414775
179.789,0,0,0.0,0.00194414775
179.8,0,0,0.0,0.00194414775
179.892,0,0,0.0,0.00194414775
179.899,0,0,0.0,0.00194414775
179.909,0,0,0.0,0.00194414775
180.09,0,0,0.0,0.00194414775
180.487,0,0,0.0,0.00194414775
180.487,0,0,0.0,0.00194414775
180.594,0,0,0.0,0.00194414775
180.688,0,0,0.0,0.00194414775
180.786,0,0,0.0,0.00194414775
180.787,0,0,0.0,0.00194414775
180.989,0,0,0.0,0.00194414775
181.09,0,0,0.0,0.00194414775
181.487,0,0,0.0,0.00194414775
181.687,0,0,0.0,0.00194414775
181.687,0,0,0.0,0.00194414775
181.697,0,0,0.0,0.00194414775
181.787,0,0,0.0,0.00194414775
181.79,0,0,0.0,0.00194414775
181.914,0,0,0.0,0.00194414775
182.186,0,0,0.0,0.00194414775
182.206,0,0,0.0,0.00194414775
182.292,0,0,0.0,0.00194414775
182.492,0,0,0.0,0.00194414775
182.687,0,0,0.0,0.00194414775
182.788,0,0,0.0,0.00194414775
182.891,0,0,0.0,0.00194414775
182.893,0,0,0.0,0.00194414775
182.901,0,0,0.0,0.00194414775
182.912,0,0,0.0,0.00194414775
182.988,0,0,0.0,0.00194414775
183.097,0,0,0.0,0.00194414775
183.396,0,0,0.0,0.00194414775
183.487,0,0,0.0,0.00194414775
183.49,0,0,0.0,0.00194414775
183.788,0,0,0.0,0.00194414775
183.885,0,0,0.0,0.00194414775
183.89,0,0,0.0,0.00194414775
183.891,0,0,0.0,0.00194414775
184.088,0,0,0.0,0.00194414775
184.092,0,0,0.0,0.00194414775
184.192,0,0,0.0,0.00194414775
184.491,0,0,0.0,0.00194414775
184.692,0,0,0.0,0.00194414775
184.693,0,0,0.0,0.00194414775
184.893,0,0,0.0,0.00194414775
185.085,0,0,0.0,0.00194414775
185.185,0,0,0.0,0.00194414775
185.196,0,0,0.0,0.00194414775
185.286,0,0,0.0,0.00194414775
185.292,0,0,0.0,0.00194414775
185.486,0,0,0.0,0.00194414775
185.59,0,0,0.0,0.00194414775
185.788,0,0,0.0,0.00194414775
185.896,0,0,0.0,0.00194414775
185.905,0,0,0.0,0.00194414775
185.987,0,0,0.0,0.00194414775
186.282,0,0,0.0,0.00194414775
186.401,0,0,0.0,0.00194414775
186.485,0,0,0.0,0.00194414775
186.497,0,0,0.0,0.00194414775
186.787,0,0,0.0,0.00194414775
186.893,0,0,0.0,0.00194414775
186.911,0,0,0.0,0.00194414775
186.99,0,0,0.0,0.00194414775
187.183,0,0,0.0,0.00194414775
187.216,0,0,0.0,0.00194414775
187.285,0,0,0.0,0.00194414775
187.499,0,0,0.0,0.00194414775
187.585,0,0,0.0,0.00194414775
187.691,0,0,0.0,0.00194414775
187.788,0,0,0.0,0.00194414775
187.906,0,0,0.0,0.00194414775
187.991,0,0,0.0,0.00194414775
188.186,0,0,0.0,0.00194414775
188.187,0,0,0.0,0.00194414775
188.482,0,0,0.0,0.00194414775
188.485,0,0,0.0,0.00194414775
188.583,0,0,0.0,0.00194414775
188.585,0,0,0.0,0.00194414775
188.598,0,0,0.0,0.00194414775
188.787,0,0,0.0,0.00194414775
188.899,0,0,0.0,0.00194414775
188.906,0,0,0.0,0.00194414775
189.184,0,0,0.0,0.00194414775
189.484,0,0,0.0,0.00194414775
189.484,0,0,0.0,0.00194414775
189.506,0,0,0.0,0.00194414775
189.583,0,0,0.0,0.00194414775
189.685,0,0,0.0,0.00194414775
189.692,0,0,0.0,0.00194414775
189.895,0,0,0.0,0.00194414775
189.906,0,0,0.0,0.00194414775
190.181,0,0,0.0,0.00194414775
190.281,0,0,0.0,0.00194414775
190.484,0,0,0.0,0.00194414775
190.684,0,0,0.0,0.00194414775
190.685,0,0,0.0,0.00194414775
190.685,0,0,0.0,0.00194414775
190.792,0,0,0.0,0.00194414775
190.793,0,0,0.0,0.00194414775
190.908,0,0,0.0,0.00194414775
191.284,0,0,0.0,0.00194414775
191.289,0,0,0.0,0.00194414775
191.482,0,0,0.0,0.00194414775
191.584,0,0,0.0,0.00194414775
191.684,0,0,0.0,0.00194414775
191.79,0,0,0.0,0.00194414775
191.796,0,0,0.0,0.00194414775
191.889,0,0,0.0,0.00194414775
191.906,52,5,0.5715,0.0019468464999999994
192.189,52,5,0.5715,0.001991772749999997
192.49,0,0,0.0,0.001991772749999997
192.584,0,0,0.0,0.001991772749999997
192.783,0,0,0.0,0.001991772749999997
192.885,0,0,0.0,0.001991772749999997
192.908,0,0,0.0,0.001991772749999997
192.985,0,0,0.0,0.001991772749999997
193.085,0,0,0.0,0.001991772749999997
193.089,0,0,0.0,0.001991772749999997
193.236,0,0,0.0,0.001991772749999997
193.584,0,0,0.0,0.001991772749999997
193.69,0,0,0.0,0.001991772749999997
193.785,0,0,0.0,0.001991772749999997
193.804,0,0,0.0,0.001991772749999997
193.901,0,0,0.0,0.001991772749999997
193.983,0,0,0.0,0.001991772749999997
193.985,0,0,0.0,0.001991772749999997
194.088,0,0,0.0,0.001991772749999997
194.166,52,5,0.5715,0.002004155249999998
194.206,5,0,0.0,0.002004155249999998
194.288,0,0,0.0,0.002004155249999998
194.684,15,1,0.1143,0.0020167282499999975
194.684,0,0,0.0,0.0020167282499999975
194.785,0,0,0.0,0.0020167282499999975
194.802,0,0,0.0,0.0020167282499999975
194.894,0,0,0.0,0.0020167282499999975
194.984,0,0,0.0,0.0020167282499999975
195.166,46,4,0.4572,0.002039842249999996
195.18,0,0,0.0,0.002039842249999996
195.197,0,0,0.0,0.002039842249999996
195.494,36,3,0.3429,0.002068131499999996
195.584,26,2,0.2286,0.002073846499999996
195.887,0,0,0.0,0.002073846499999996
195.984,0,0,0.0,0.002073846499999996
195.988,0,0,0.0,0.002073846499999996
196.18,0,0,0.0,0.002073846499999996
196.183,0,0,0.0,0.002073846499999996
196.276,0,0,0.0,0.002073846499999996
196.288,0,0,0.0,0.002073846499999996
196.483,0,0,0.0,0.002073846499999996
196.683,26,2,0.2286,0.0020865464999999953
196.785,0,0,0.0,0.0020865464999999953
196.791,36,3,0.3429,0.0020871179999999954
196.906,0,0,0.0,0.0020871179999999954
197.084,0,0,0.0,0.0020871179999999954
197.182,0,0,0.0,0.0020871179999999954
197.201,0,0,0.0,0.0020871179999999954
197.48,0,0,0.0,0.0020871179999999954
197.588,0,0,0.0,0.0020871179999999954
197.687,15,1,0.1143,0.002090261249999996
197.789,46,4,0.4572,0.002103215249999993
197.908,0,0,0.0,0.002103215249999993
198.084,0,0,0.0,0.002103215249999993
198.166,0,0,0.0,0.002103215249999993
198.179,0,0,0.0,0.002103215249999993
198.481,0,0,0.0,0.002103215249999993
198.482,0,0,0.0,0.002103215249999993
198.482,0,0,0.0,0.002103215249999993
198.494,0,0,0.0,0.002103215249999993
198.683,0,0,0.0,0.002103215249999993
198.886,5,0,0.0,0.002103215249999993
198.906,0,0,0.0,0.002103215249999993
198.989,52,5,0.5715,0.0021163914999999924
199.179,0,0,0.0,0.0021163914999999924
199.481,0,0,0.0,0.0021163914999999924
199.482,0,0,0.0,0.0021163914999999924
199.598,0,0,0.0,0.0021163914999999924
199.682,0,0,0.0,0.0021163914999999924
199.79,0,0,0.0,0.0021163914999999924
199.887,0,0,0.0,0.0021163914999999924
199.906,0,0,0.0,0.0021163914999999924
200.126,0,0,0.0,0.0021163914999999924
200.281,0,0,0.0,0.0021163914999999924
200.287,0,0,0.0,0.0021163914999999924
200.579,0,0,0.0,0.0021163914999999924
200.579,0,0,0.0,0.0021163914999999924
200.583,0,0,0.0,0.0021163914999999924
200.682,0,0,0.0,0.0021163914999999924
200.689,0,0,0.0,0.0021163914999999924
200.892,0,0,0.0,0.0021163914999999924
200.902,52,5,0.5715,0.0021179789999999908
201.18,52,5,0.5715,0.002162111499999994
201.481,0,0,0.0,0.002162111499999994
201.487,0,0,0.0,0.002162111499999994
201.582,0,0,0.0,0.002162111499999994
201.602,0,0,0.0,0.002162111499999994
201.78,0,0,0.0,0.002162111499999994
201.781,0,0,0.0,0.002162111499999994
201.798,0,0,0.0,0.002162111499999994
201.906,0,0,0.0,0.002162111499999994
202.09,0,0,0.0,0.002162111499999994
202.481,5,0,0.0,0.002162111499999994
202.483,52,5,0.5715,0.0021624289999999957
202.588,0,0,0.0,0.0021624289999999957
202.687,0,0,0.0,0.0021624289999999957
202.781,0,0,0.0,0.0021624289999999957
202.782,0,0,0.0,0.0021624289999999957
202.783,0,0,0.0,0.0021624289999999957
202.907,0,0,0.0,0.0021624289999999957
203.18,0,0,0.0,0.0021624289999999957
203.481,52,5,0.5715,0.0022102127499999936
203.585,0,0,0.0,0.0022102127499999936
203.681,15,1,0.1143,0.002213260749999994
203.782,0,0,0.0,0.002213260749999994
203.891,0,0,0.0,0.002213260749999994
203.897,0,0,0.0,0.002213260749999994
203.904,0,0,0.0,0.002213260749999994
203.981,0,0,0.0,0.002213260749999994
204.136,0,0,0.0,0.002213260749999994
204.18,0,0,0.0,0.002213260749999994
204.486,0,0,0.0,0.002213260749999994
204.581,26,2,0.2286,0.0022192932499999936
204.681,41,4,0.4572,0.0022319932499999967
204.881,0,0,0.0,0.0022319932499999967
204.882,0,0,0.0,0.0022319932499999967
204.895,0,0,0.0,0.0022319932499999967
204.981,0,0,0.0,0.0022319932499999967
205.092,0,0,0.0,0.0022319932499999967
205.136,0,0,0.0,0.0022319932499999967
205.286,0,0,0.0,0.0022319932499999967
205.486,0,0,0.0,0.0022319932499999967
205.581,0,0,0.0,0.0022319932499999967
205.782,31,3,0.3429,0.0022511384999999986
205.783,0,0,0.0,0.0022511384999999986
205.879,0,0,0.0,0.0022511384999999986
205.884,36,3,0.3429,0.002251614749999998
206.079,0,0,0.0,0.002251614749999998
206.183,0,0,0.0,0.002251614749999998
206.195,0,0,0.0,0.002251614749999998
206.291,0,0,0.0,0.002251614749999998
206.48,0,0,0.0,0.002251614749999998
206.781,0,0,0.0,0.002251614749999998
206.785,20,2,0.2286,0.0022518687499999976
206.884,52,5,0.5715,0.002267584999999996
207.079,0,0,0.0,0.002267584999999996
207.177,0,0,0.0,0.002267584999999996
207.179,0,0,0.0,0.002267584999999996
207.291,0,0,0.0,0.002267584999999996
207.486,0,0,0.0,0.002267584999999996
207.68,0,0,0.0,0.002267584999999996
207.684,0,0,0.0,0.002267584999999996
207.904,0,0,0.0,0.002267584999999996
207.981,52,5,0.5715,0.0022798087499999956
207.981,10,1,0.1143,0.0022798087499999956
208.176,0,0,0.0,0.0022798087499999956
208.179,0,0,0.0,0.0022798087499999956
208.279,0,0,0.0,0.0022798087499999956
208.58,0,0,0.0,0.0022798087499999956
208.781,0,0,0.0,0.0022798087499999956
208.889,0,0,0.0,0.0022798087499999956
208.9,0,0,0.0,0.0022798087499999956
208.981,0,0,0.0,0.0022798087499999956
209.246,0,0,0.0,0.0022798087499999956
209.279,0,0,0.0,0.0022798087499999956
209.285,0,0,0.0,0.0022798087499999956
209.491,0,0,0.0,0.0022798087499999956
209.689,0,0,0.0,0.0022798087499999956
209.787,0,0,0.0,0.0022798087499999956
209.796,0,0,0.0,0.0022798087499999956
209.899,0,0,0.0,0.0022798087499999956
209.986,0,0,0.0,0.0022798087499999956
210.078,0,0,0.0,0.0022798087499999956
210.096,0,0,0.0,0.0022798087499999956
210.478,0,0,0.0,0.0022798087499999956
210.485,0,0,0.0,0.0022798087499999956
210.485,0,0,0.0,0.0022798087499999956
210.579,0,0,0.0,0.0022798087499999956
210.591,0,0,0.0,0.0022798087499999956
210.686,0,0,0.0,0.0022798087499999956
210.903,0,0,0.0,0.0022798087499999956
210.98,0,0,0.0,0.0022798087499999956
211.082,0,0,0.0,0.0022798087499999956
211.476,0,0,0.0,0.0022798087499999956
211.478,0,0,0.0,0.0022798087499999956
211.579,0,0,0.0,0.0022798087499999956
211.679,0,0,0.0,0.0022798087499999956
211.691,0,0,0.0,0.0022798087499999956
211.78,0,0,0.0,0.0022798087499999956
211.889,0,0,0.0,0.0022798087499999956
211.904,0,0,0.0,0.0022798087499999956
212.177,0,0,0.0,0.0022798087499999956
212.281,0,0,0.0,0.0022798087499999956
212.676,0,0,0.0,0.0022798087499999956
212.679,0,0,0.0,0.0022798087499999956
212.78,0,0,0.0,0.0022798087499999956
212.78,0,0,0.0,0.0022798087499999956
212.798,0,0,0.0,0.0022798087499999956
212.903,0,0,0.0,0.0022798087499999956
213.116,0,0,0.0,0.0022798087499999956
213.278,0,0,0.0,0.0022798087499999956
213.478,0,0,0.0,0.0022798087499999956
213.578,0,0,0.0,0.0022798087499999956
213.578,0,0,0.0,0.0022798087499999956
213.676,0,0,0.0,0.0022798087499999956
213.78,0,0,0.0,0.0022798087499999956
213.879,0,0,0.0,0.0022798087499999956
213.879,0,0,0.0,0.0022798087499999956
213.902,0,0,0.0,0.0022798087499999956
214.177,0,0,0.0,0.0022798087499999956
214.578,0,0,0.0,0.0022798087499999956
214.581,0,0,0.0,0.0022798087499999956
214.779,0,0,0.0,0.0022798087499999956
214.78,0,0,0.0,0.0022798087499999956
214.879,0,0,0.0,0.0022798087499999956
214.879,0,0,0.0,0.0022798087499999956
214.889,0,0,0.0,0.0022798087499999956
214.904,0,0,0.0,0.0022798087499999956
215.085,0,0,0.0,0.0022798087499999956
215.166,0,0,0.0,0.0022798087499999956
215.578,0,0,0.0,0.0022798087499999956
215.779,0,0,0.0,0.0022798087499999956
215.783,0,0,0.0,0.0022798087499999956
215.886,0,0,0.0,0.0022798087499999956
215.892,0,0,0.0,0.0022798087499999956
216.076,0,0,0.0,0.0022798087499999956
216.076,0,0,0.0,0.0022798087499999956
216.106,0,0,0.0,0.0022798087499999956
216.106,0,0,0.0,0.0022798087499999956
216.285,0,0,0.0,0.0022798087499999956
216.575,0,0,0.0,0.0022798087499999956
216.583,0,0,0.0,0.0022798087499999956
216.678,0,0,0.0,0.0022798087499999956
216.795,0,0,0.0,0.0022798087499999956
216.978,0,0,0.0,0.0022798087499999956
216.979,0,0,0.0,0.0022798087499999956
217.086,0,0,0.0,0.0022798087499999956
217.166,0,0,0.0,0.0022798087499999956
217.182,0,0,0.0,0.0022798087499999956
217.583,0,0,0.0,0.0022798087499999956
217.677,0,0,0.0,0.0022798087499999956
217.884,0,0,0.0,0.0022798087499999956
217.978,0,0,0.0,0.0022798087499999956
217.978,0,0,0.0,0.0022798087499999956
218.095,0,0,0.0,0.0022798087499999956
218.156,0,0,0.0,0.0022798087499999956
218.276,0,0,0.0,0.0022798087499999956
218.288,0,0,0.0,0.0022798087499999956
218.476,0,0,0.0,0.0022798087499999956
218.677,0,0,0.0,0.0022798087499999956
218.783,0,0,0.0,0.0022798087499999956
218.881,0,0,0.0,0.0022798087499999956
218.898,0,0,0.0,0.0022798087499999956
219.077,0,0,0.0,0.0022798087499999956
219.177,0,0,0.0,0.0022798087499999956
219.274,0,0,0.0,0.0022798087499999956
219.476,0,0,0.0,0.0022798087499999956
219.582,0,0,0.0,0.0022798087499999956
219.677,0,0,0.0,0.0022798087499999956
219.782,0,0,0.0,0.0022798087499999956
219.9,0,0,0.0,0.0022798087499999956
220.078,0,0,0.0,0.0022798087499999956
220.079,0,0,0.0,0.0022798087499999956
220.216,0,0,0.0,0.0022798087499999956
220.476,0,0,0.0,0.0022798087499999956
220.489,0,0,0.0,0.0022798087499999956
220.676,0,0,0.0,0.0022798087499999956
220.79,0,0,0.0,0.0022798087499999956
220.901,0,0,0.0,0.0022798087499999956
220.977,0,0,0.0,0.0022798087499999956
221.066,0,0,0.0,0.0022798087499999956
221.096,0,0,0.0,0.0022798087499999956
221.275,0,0,0.0,0.0022798087499999956
221.281,0,0,0.0,0.0022798087499999956
221.397,0,0,0.0,0.0022798087499999956
221.475,0,0,0.0,0.0022798087499999956
221.588,0,0,0.0,0.0022798087499999956
221.792,0,0,0.0,0.0022798087499999956
221.886,0,0,0.0,0.0022798087499999956
221.89,0,0,0.0,0.0022798087499999956
222.076,0,0,0.0,0.0022798087499999956
222.272,0,0,0.0,0.0022798087499999956
222.476,0,0,0.0,0.0022798087499999956
222.495,0,0,0.0,0.0022798087499999956
222.575,0,0,0.0,0.0022798087499999956
222.576,0,0,0.0,0.0022798087499999956
222.682,0,0,0.0,0.0022798087499999956
222.891,0,0,0.0,0.0022798087499999956
222.904,0,0,0.0,0.0022798087499999956
223.116,0,0,0.0,0.0022798087499999956
223.175,0,0,0.0,0.0022798087499999956
223.474,0,0,0.0,0.0022798087499999956
223.575,0,0,0.0,0.0022798087499999956
223.579,0,0,0.0,0.0022798087499999956
223.597,0,0,0.0,0.0022798087499999956
223.776,0,0,0.0,0.0022798087499999956
223.795,0,0,0.0,0.0022798087499999956
223.876,0,0,0.0,0.0022798087499999956
223.901,0,0,0.0,0.0022798087499999956
224.072,0,0,0.0,0.0022798087499999956
224.474,0,0,0.0,0.0022798087499999956
224.573,0,0,0.0,0.0022798087499999956
224.777,0,0,0.0,0.0022798087499999956
224.777,0,0,0.0,0.0022798087499999956
224.78,0,0,0.0,0.0022798087499999956
224.894,0,0,0.0,0.0022798087499999956
224.976,0,0,0.0,0.0022798087499999956
225.086,0,0,0.0,0.0022798087499999956
225.174,0,0,0.0,0.0022798087499999956
225.474,0,0,0.0,0.0022798087499999956
225.572,0,0,0.0,0.0022798087499999956
225.675,0,0,0.0,0.0022798087499999956
225.776,0,0,0.0,0.0022798087499999956
225.895,0,0,0.0,0.0022798087499999956
225.976,0,0,0.0,0.0022798087499999956
225.979,0,0,0.0,0.0022798087499999956
226.083,0,0,0.0,0.0022798087499999956
226.106,0,0,0.0,0.0022798087499999956
226.274,0,0,0.0,0.0022798087499999956
226.574,0,0,0.0,0.0022798087499999956
226.674,0,0,0.0,0.0022798087499999956
226.674,0,0,0.0,0.0022798087499999956
226.774,0,0,0.0,0.0022798087499999956
226.875,0,0,0.0,0.0022798087499999956
226.888,0,0,0.0,0.0022798087499999956
226.898,0,0,0.0,0.0022798087499999956
226.975,0,0,0.0,0.0022798087499999956
227.085,0,0,0.0,0.0022798087499999956
227.28,0,0,0.0,0.0022798087499999956
227.474,0,0,0.0,0.0022798087499999956
227.478,0,0,0.0,0.0022798087499999956
227.68,0,0,0.0,0.0022798087499999956
227.876,0,0,0.0,0.0022798087499999956
227.878,0,0,0.0,0.0022798087499999956
227.878,0,0,0.0,0.0022798087499999956
228.073,0,0,0.0,0.0022798087499999956
228.17,0,0,0.0,0.0022798087499999956
228.185,0,0,0.0,0.0022798087499999956
228.474,0,0,0.0,0.0022798087499999956
228.674,0,0,0.0,0.0022798087499999956
228.677,0,0,0.0,0.0022798087499999956
228.877,0,0,0.0,0.0022798087499999956
229.073,0,0,0.0,0.0022798087499999956
229.075,0,0,0.0,0.0022798087499999956
229.092,0,0,0.0,0.0022798087499999956
229.126,0,0,0.0,0.0022798087499999956
229.279,0,0,0.0,0.0022798087499999956
229.483,0,0,0.0,0.0022798087499999956
229.674,0,0,0.0,0.0022798087499999956
229.68,0,0,0.0,0.0022798087499999956
229.875,0,0,0.0,0.0022798087499999956
229.892,0,0,0.0,0.0022798087499999956
229.974,0,0,0.0,0.0022798087499999956
230.273,0,0,0.0,0.0022798087499999956
230.273,0,0,0.0,0.0022798087499999956
230.273,0,0,0.0,0.0022798087499999956
230.574,0,0,0.0,0.0022798087499999956
230.78,0,0,0.0,0.0022798087499999956
230.883,0,0,0.0,0.0022798087499999956
230.884,0,0,0.0,0.0022798087499999956
230.894,0,0,0.0,0.0022798087499999956
231.186,0,0,0.0,0.0022798087499999956
231.27,0,0,0.0,0.0022798087499999956
231.473,0,0,0.0,0.0022798087499999956
231.484,0,0,0.0,0.0022798087499999956
231.573,0,0,0.0,0.0022798087499999956
231.679,0,0,0.0,0.0022798087499999956
231.777,0,0,0.0,0.0022798087499999956
231.902,0,0,0.0,0.0022798087499999956
231.98,0,0,0.0,0.0022798087499999956
232.066,0,0,0.0,0.0022798087499999956
232.172,0,0,0.0,0.0022798087499999956
232.47,0,0,0.0,0.0022798087499999956
232.473,0,0,0.0,0.0022798087499999956
232.573,0,0,0.0,0.0022798087499999956
232.576,0,0,0.0,0.0022798087499999956
232.585,0,0,0.0,0.0022798087499999956
232.685,0,0,0.0,0.0022798087499999956
232.894,0,0,0.0,0.0022798087499999956
232.974,0,0,0.0,0.0022798087499999956
233.172,0,0,0.0,0.0022798087499999956
233.47,0,0,0.0,0.0022798087499999956
233.571,0,0,0.0,0.0022798087499999956
233.672,0,0,0.0,0.0022798087499999956
233.686,0,0,0.0,0.0022798087499999956
233.774,0,0,0.0,0.0022798087499999956
233.883,0,0,0.0,0.0022798087499999956
233.893,0,0,0.0,0.0022798087499999956
234.066,0,0,0.0,0.0022798087499999956
234.272,0,0,0.0,0.0022798087499999956
234.472,0,0,0.0,0.0022798087499999956
234.571,0,0,0.0,0.0022798087499999956
234.592,0,0,0.0,0.0022798087499999956
234.67,0,0,0.0,0.0022798087499999956
234.676,0,0,0.0,0.0022798087499999956
234.792,0,0,0.0,0.0022798087499999956
234.893,0,0,0.0,0.0022798087499999956
235.096,0,0,0.0,0.0022798087499999956
235.171,0,0,0.0,0.0022798087499999956
235.572,0,0,0.0,0.0022798087499999956
235.672,0,0,0.0,0.0022798087499999956
235.672,0,0,0.0,0.0022798087499999956
235.672,0,0,0.0,0.0022798087499999956
235.693,0,0,0.0,0.0022798087499999956
235.873,0,0,0.0,0.0022798087499999956
235.894,0,0,0.0,0.0022798087499999956
236.056,0,0,0.0,0.0022798087499999956
236.171,0,0,0.0,0.0022798087499999956
236.572,0,0,0.0,0.0022798087499999956
236.572,0,0,0.0,0.0022798087499999956
236.773,0,0,0.0,0.0022798087499999956
236.875,0,0,0.0,0.0022798087499999956
236.876,0,0,0.0,0.0022798087499999956
236.889,0,0,0.0,0.0022798087499999956
236.898,0,0,0.0,0.0022798087499999956
237.07,0,0,0.0,0.0022798087499999956
237.077,0,0,0.0,0.0022798087499999956
237.106,0,0,0.0,0.0022798087499999956
237.471,0,0,0.0,0.0022798087499999956
237.478,0,0,0.0,0.0022798087499999956
237.672,0,0,0.0,0.0022798087499999956
237.773,0,0,0.0,0.0022798087499999956
237.879,0,0,0.0,0.0022798087499999956
237.886,0,0,0.0,0.0022798087499999956
238.073,0,0,0.0,0.0022798087499999956
238.083,0,0,0.0,0.0022798087499999956
238.106,0,0,0.0,0.0022798087499999956
238.276,0,0,0.0,0.0022798087499999956
238.575,0,0,0.0,0.0022798087499999956
238.672,0,0,0.0,0.0022798087499999956
238.773,0,0,0.0,0.0022798087499999956
238.874,0,0,0.0,0.0022798087499999956
238.88,0,0,0.0,0.0022798087499999956
238.97,0,0,0.0,0.0022798087499999956
239.046,0,0,0.0,0.0022798087499999956
239.184,0,0,0.0,0.0022798087499999956
239.27,0,0,0.0,0.0022798087499999956
239.572,0,0,0.0,0.0022798087499999956
239.671,0,0,0.0,0.0022798087499999956
239.875,0,0,0.0,0.0022798087499999956
239.882,0,0,0.0,0.0022798087499999956
239.972,0,0,0.0,0.0022798087499999956
240.092,0,0,0.0,0.0022798087499999956
240.106,0,0,0.0,0.0022798087499999956
240.267,0,0,0.0,0.0022798087499999956
240.283,0,0,0.0,0.0022798087499999956
240.471,0,0,0.0,0.0022798087499999956
240.583,0,0,0.0,0.0022798087499999956
240.875,0,0,0.0,0.0022798087499999956
240.875,0,0,0.0,0.0022798087499999956
240.892,0,0,0.0,0.0022798087499999956
241.072,0,0,0.0,0.0022798087499999956
241.167,0,0,0.0,0.0022798087499999956
241.169,0,0,0.0,0.0022798087499999956
241.189,0,0,0.0,0.0022798087499999956
241.582,0,0,0.0,0.0022798087499999956
241.677,0,0,0.0,0.0022798087499999956
241.773,0,0,0.0,0.0022798087499999956
241.89,0,0,0.0,0.0022798087499999956
242.072,0,0,0.0,0.0022798087499999956
242.156,0,0,0.0,0.0022798087499999956
242.169,0,0,0.0,0.0022798087499999956
242.289,0,0,0.0,0.0022798087499999956
242.467,0,0,0.0,0.0022798087499999956
242.482,0,0,0.0,0.0022798087499999956
242.679,0,0,0.0,0.0022798087499999956
242.874,0,0,0.0,0.0022798087499999956
242.89,0,0,0.0,0.0022798087499999956
242.977,0,0,0.0,0.0022798087499999956
243.036,0,0,0.0,0.0022798087499999956
243.266,0,0,0.0,0.0022798087499999956
243.469,0,0,0.0,0.0022798087499999956
243.47,0,0,0.0,0.0022798087499999956
243.582,0,0,0.0,0.0022798087499999956
243.667,0,0,0.0,0.0022798087499999956
243.778,0,0,0.0,0.0022798087499999956
243.88,0,0,0.0,0.0022798087499999956
243.89,0,0,0.0,0.0022798087499999956
244.066,0,0,0.0,0.0022798087499999956
244.166,0,0,0.0,0.0022798087499999956
244.569,0,0,0.0,0.0022798087499999956
244.569,0,0,0.0,0.0022798087499999956
244.574,0,0,0.0,0.0022798087499999956
244.669,0,0,0.0,0.0022798087499999956
244.684,0,0,0.0,0.0022798087499999956
244.88,0,0,0.0,0.0022798087499999956
244.89,0,0,0.0,0.0022798087499999956
245.026,0,0,0.0,0.0022798087499999956
245.172,0,0,0.0,0.0022798087499999956
245.469,0,0,0.0,0.0022798087499999956
245.566,0,0,0.0,0.0022798087499999956
245.569,0,0,0.0,0.0022798087499999956
245.67,0,0,0.0,0.0022798087499999956
245.77,0,0,0.0,0.0022798087499999956
245.79,0,0,0.0,0.0022798087499999956
245.873,0,0,0.0,0.0022798087499999956
245.89,0,0,0.0,0.0022798087499999956
246.068,0,0,0.0,0.0022798087499999956
246.468,0,0,0.0,0.0022798087499999956
246.474,0,0,0.0,0.0022798087499999956
246.478,0,0,0.0,0.0022798087499999956
246.768,0,0,0.0,0.0022798087499999956
246.77,0,0,0.0,0.0022798087499999956
246.771,0,0,0.0,0.0022798087499999956
246.89,0,0,0.0,0.0022798087499999956
246.97,0,0,0.0,0.0022798087499999956
247.071,0,0,0.0,0.0022798087499999956
247.468,0,0,0.0,0.0022798087499999956
247.471,0,0,0.0,0.0022798087499999956
247.669,0,0,0.0,0.0022798087499999956
247.675,0,0,0.0,0.0022798087499999956
247.768,0,0,0.0,0.0022798087499999956
247.77,0,0,0.0,0.0022798087499999956
247.873,0,0,0.0,0.0022798087499999956
247.892,0,0,0.0,0.0022798087499999956
248.176,0,0,0.0,0.0022798087499999956
248.273,0,0,0.0,0.0022798087499999956
248.472,0,0,0.0,0.0022798087499999956
248.668,0,0,0.0,0.0022798087499999956
248.668,0,0,0.0,0.0022798087499999956
248.872,0,0,0.0,0.0022798087499999956
248.879,0,0,0.0,0.0022798087499999956
248.889,0,0,0.0,0.0022798087499999956
248.895,0,0,0.0,0.0022798087499999956
248.97,0,0,0.0,0.0022798087499999956
249.082,0,0,0.0,0.0022798087499999956
249.276,0,0,0.0,0.0022798087499999956
249.468,0,0,0.0,0.0022798087499999956
249.474,0,0,0.0,0.0022798087499999956
249.674,0,0,0.0,0.0022798087499999956
249.79,0,0,0.0,0.0022798087499999956
249.871,0,0,0.0,0.0022798087499999956
249.872,0,0,0.0,0.0022798087499999956
250.069,0,0,0.0,0.0022798087499999956
250.073,0,0,0.0,0.0022798087499999956
250.267,0,0,0.0,0.0022798087499999956
250.468,0,0,0.0,0.0022798087499999956
250.674,0,0,0.0,0.0022798087499999956
250.674,0,0,0.0,0.0022798087499999956
250.871,0,0,0.0,0.0022798087499999956
251.066,0,0,0.0,0.0022798087499999956
251.096,0,0,0.0,0.0022798087499999956
251.167,0,0,0.0,0.0022798087499999956
251.171,0,0,0.0,0.0022798087499999956
251.293,0,0,0.0,0.0022798087499999956
251.476,0,0,0.0,0.0022798087499999956
251.676,0,0,0.0,0.0022798087499999956
251.775,0,0,0.0,0.0022798087499999956
251.875,0,0,0.0,0.0022798087499999956
251.893,0,0,0.0,0.0022798087499999956
251.968,0,0,0.0,0.0022798087499999956
252.264,0,0,0.0,0.0022798087499999956
252.264,0,0,0.0,0.0022798087499999956
252.467,0,0,0.0,0.0022798087499999956
252.479,0,0,0.0,0.0022798087499999956
252.769,0,0,0.0,0.0022798087499999956
252.894,0,0,0.0,0.0022798087499999956
252.969,0,0,0.0,0.0022798087499999956
252.972,0,0,0.0,0.0022798087499999956
253.006,0,0,0.0,0.0022798087499999956
253.164,0,0,0.0,0.0022798087499999956
253.488,0,0,0.0,0.0022798087499999956
253.567,0,0,0.0,0.0022798087499999956
253.675,0,0,0.0,0.0022798087499999956
253.77,0,0,0.0,0.0022798087499999956
253.888,0,0,0.0,0.0022798087499999956
253.974,0,0,0.0,0.0022798087499999956
253.996,0,0,0.0,0.0022798087499999956
254.006,0,0,0.0,0.0022798087499999956
254.169,0,0,0.0,0.0022798087499999956
254.463,0,0,0.0,0.0022798087499999956
254.466,0,0,0.0,0.0022798087499999956
254.467,0,0,0.0,0.0022798087499999956
254.564,0,0,0.0,0.0022798087499999956
254.768,0,0,0.0,0.0022798087499999956
254.769,0,0,0.0,0.0022798087499999956
254.888,0,0,0.0,0.0022798087499999956
254.968,0,0,0.0,0.0022798087499999956
255.069,0,0,0.0,0.0022798087499999956
255.466,0,0,0.0,0.0022798087499999956
255.466,0,0,0.0,0.0022798087499999956
255.49,0,0,0.0,0.0022798087499999956
255.564,0,0,0.0,0.0022798087499999956
255.572,0,0,0.0,0.0022798087499999956
255.768,0,0,0.0,0.0022798087499999956
255.88,0,0,0.0,0.0022798087499999956
255.887,0,0,0.0,0.0022798087499999956
256.068,0,0,0.0,0.0022798087499999956
256.466,0,0,0.0,0.0022798087499999956
256.666,0,0,0.0,0.0022798087499999956
256.666,0,0,0.0,0.0022798087499999956
256.667,0,0,0.0,0.0022798087499999956
256.675,0,0,0.0,0.0022798087499999956
256.794,0,0,0.0,0.0022798087499999956
256.891,0,0,0.0,0.0022798087499999956
256.966,0,0,0.0,0.0022798087499999956
257.265,0,0,0.0,0.0022798087499999956
257.271,0,0,0.0,0.0022798087499999956
257.566,0,0,0.0,0.0022798087499999956
257.663,0,0,0.0,0.0022798087499999956
257.666,0,0,0.0,0.0022798087499999956
257.768,0,0,0.0,0.0022798087499999956
257.869,0,0,0.0,0.0022798087499999956
257.87,0,0,0.0,0.0022798087499999956
257.892,0,0,0.0,0.0022798087499999956
258.165,0,0,0.0,0.0022798087499999956
258.471,0,0,0.0,0.0022798087499999956
258.566,0,0,0.0,0.0022798087499999956
258.767,0,0,0.0,0.0022798087499999956
258.866,0,0,0.0,0.0022798087499999956
258.89,0,0,0.0,0.0022798087499999956
258.966,0,0,0.0,0.0022798087499999956
258.986,0,0,0.0,0.0022798087499999956
259.066,0,0,0.0,0.0022798087499999956
259.071,0,0,0.0,0.0022798087499999956
259.465,0,0,0.0,0.0022798087499999956
259.565,0,0,0.0,0.0022798087499999956
259.671,0,0,0.0,0.0022798087499999956
259.766,0,0,0.0,0.0022798087499999956
259.867,0,0,0.0,0.0022798087499999956
259.872,0,0,0.0,0.0022798087499999956
259.882,0,0,0.0,0.0022798087499999956
259.964,0,0,0.0,0.0022798087499999956
259.996,0,0,0.0,0.0022798087499999956
260.066,0,0,0.0,0.0022798087499999956
260.272,0,0,0.0,0.0022798087499999956
260.665,0,0,0.0,0.0022798087499999956
260.666,0,0,0.0,0.0022798087499999956
260.77,0,0,0.0,0.0022798087499999956
260.867,0,0,0.0,0.0022798087499999956
260.875,0,0,0.0,0.0022798087499999956
260.966,0,0,0.0,0.0022798087499999956
260.986,0,0,0.0,0.0022798087499999956
261.178,0,0,0.0,0.0022798087499999956
261.261,0,0,0.0,0.0022798087499999956
261.565,0,0,0.0,0.0022798087499999956
261.566,0,0,0.0,0.0022798087499999956
261.871,0,0,0.0,0.0022798087499999956
261.966,0,0,0.0,0.0022798087499999956
261.969,0,0,0.0,0.0022798087499999956
262.087,0,0,0.0,0.0022798087499999956
262.096,0,0,0.0,0.0022798087499999956
262.161,0,0,0.0,0.0022798087499999956
262.275,0,0,0.0,0.0022798087499999956
262.466,0,0,0.0,0.0022798087499999956
262.574,0,0,0.0,0.0022798087499999956
262.767,0,0,0.0,0.0022798087499999956
262.772,0,0,0.0,0.0022798087499999956
262.886,0,0,0.0,0.0022798087499999956
263.065,0,0,0.0,0.0022798087499999956
263.167,0,0,0.0,0.0022798087499999956
263.264,0,0,0.0,0.0022798087499999956
263.461,0,0,0.0,0.0022798087499999956
263.572,0,0,0.0,0.0022798087499999956
263.766,0,0,0.0,0.0022798087499999956
263.77,0,0,0.0,0.0022798087499999956
263.884,0,0,0.0,0.0022798087499999956
264.056,0,0,0.0,0.0022798087499999956
264.065,0,0,0.0,0.0022798087499999956
264.163,0,0,0.0,0.0022798087499999956
264.463,0,0,0.0,0.0022798087499999956
264.478,0,0,0.0,0.0022798087499999956
264.666,0,0,0.0,0.0022798087499999956
264.873,0,0,0.0,0.0022798087499999956
264.884,0,0,0.0,0.0022798087499999956
264.968,0,0,0.0,0.0022798087499999956
265.006,0,0,0.0,0.0022798087499999956
265.006,0,0,0.0,0.0022798087499999956
265.066,0,0,0.0,0.0022798087499999956
265.463,0,0,0.0,0.0022798087499999956
265.464,0,0,0.0,0.0022798087499999956
265.579,0,0,0.0,0.0022798087499999956
265.664,0,0,0.0,0.0022798087499999956
265.771,0,0,0.0,0.0022798087499999956
265.868,0,0,0.0,0.0022798087499999956
265.887,0,0,0.0,0.0022798087499999956
265.936,0,0,0.0,0.0022798087499999956
266.262,0,0,0.0,0.0022798087499999956
266.268,0,0,0.0,0.0022798087499999956
266.561,0,0,0.0,0.0022798087499999956
266.561,0,0,0.0,0.0022798087499999956
266.564,0,0,0.0,0.0022798087499999956
266.664,0,0,0.0,0.0022798087499999956
266.678,0,0,0.0,0.0022798087499999956
266.78,0,0,0.0,0.0022798087499999956
266.889,0,0,0.0,0.0022798087499999956
267.262,0,0,0.0,0.0022798087499999956
267.468,0,0,0.0,0.0022798087499999956
267.563,0,0,0.0,0.0022798087499999956
267.585,0,0,0.0,0.0022798087499999956
267.761,0,0,0.0,0.0022798087499999956
267.762,0,0,0.0,0.0022798087499999956
267.779,0,0,0.0,0.0022798087499999956
267.889,0,0,0.0,0.0022798087499999956
268.016,0,0,0.0,0.0022798087499999956
268.067,0,0,0.0,0.0022798087499999956
268.46,0,0,0.0,0.0022798087499999956
268.462,0,0,0.0,0.0022798087499999956
268.563,0,0,0.0,0.0022798087499999956
268.669,0,0,0.0,0.0022798087499999956
268.762,0,0,0.0,0.0022798087499999956
268.764,0,0,0.0,0.0022798087499999956
268.765,0,0,0.0,0.0022798087499999956
268.887,0,0,0.0,0.0022798087499999956
269.062,0,0,0.0,0.0022798087499999956
269.56,0,0,0.0,0.0022798087499999956
269.662,0,0,0.0,0.0022798087499999956
269.764,0,0,0.0,0.0022798087499999956
269.867,0,0,0.0,0.0022798087499999956
269.886,0,0,0.0,0.0022798087499999956
269.936,0,0,0.0,0.0022798087499999956
269.963,0,0,0.0,0.0022798087499999956
270.016,0,0,0.0,0.0022798087499999956
270.169,0,0,0.0,0.0022798087499999956
270.265,0,0,0.0,0.0022798087499999956
270.467,0,0,0.0,0.0022798087499999956
270.563,0,0,0.0,0.0022798087499999956
270.662,0,0,0.0,0.0022798087499999956
270.863,0,0,0.0,0.0022798087499999956
270.877,0,0,0.0,0.0022798087499999956
270.889,0,0,0.0,0.0022798087499999956
270.963,0,0,0.0,0.0022798087499999956
270.967,0,0,0.0,0.0022798087499999956
271.075,0,0,0.0,0.0022798087499999956
271.177,0,0,0.0,0.0022798087499999956
271.47,0,0,0.0,0.0022798087499999956
271.562,0,0,0.0,0.0022798087499999956
271.668,0,0,0.0,0.0022798087499999956
271.764,0,0,0.0,0.0022798087499999956
271.786,0,0,0.0,0.0022798087499999956
271.866,0,0,0.0,0.0022798087499999956
272.06,0,0,0.0,0.0022798087499999956
272.16,0,0,0.0,0.0022798087499999956
272.176,0,0,0.0,0.0022798087499999956
272.464,0,0,0.0,0.0022798087499999956
272.764,0,0,0.0,0.0022798087499999956
272.767,0,0,0.0,0.0022798087499999956
272.866,0,0,0.0,0.0022798087499999956
272.976,0,0,0.0,0.0022798087499999956
273.06,0,0,0.0,0.0022798087499999956
273.158,0,0,0.0,0.0022798087499999956
273.161,0,0,0.0,0.0022798087499999956
273.275,0,0,0.0,0.0022798087499999956
273.469,0,0,0.0,0.0022798087499999956
273.663,0,0,0.0,0.0022798087499999956
273.665,0,0,0.0,0.0022798087499999956
273.881,0,0,0.0,0.0022798087499999956
273.962,0,0,0.0,0.0022798087499999956
274.063,0,0,0.0,0.0022798087499999956
274.064,0,0,0.0,0.0022798087499999956
274.16,0,0,0.0,0.0022798087499999956
274.261,0,0,0.0,0.0022798087499999956
274.563,0,0,0.0,0.0022798087499999956
274.764,0,0,0.0,0.0022798087499999956
274.868,0,0,0.0,0.0022798087499999956
274.888,0,0,0.0,0.0022798087499999956
274.962,0,0,0.0,0.0022798087499999956
275.056,0,0,0.0,0.0022798087499999956
275.26,0,0,0.0,0.0022798087499999956
275.284,0,0,0.0,0.0022798087499999956
275.475,0,0,0.0,0.0022798087499999956
275.673,0,0,0.0,0.0022798087499999956
275.774,0,0,0.0,0.0022798087499999956
275.887,0,0,0.0,0.0022798087499999956
275.916,0,0,0.0,0.0022798087499999956
275.936,0,0,0.0,0.0022798087499999956
275.962,0,0,0.0,0.0022798087499999956
276.258,0,0,0.0,0.0022798087499999956
276.46,0,0,0.0,0.0022798087499999956
276.461,0,0,0.0,0.0022798087499999956
276.466,0,0,0.0,0.0022798087499999956
276.56,0,0,0.0,0.0022798087499999956
276.572,0,0,0.0,0.0022798087499999956
276.764,0,0,0.0,0.0022798087499999956
276.885,0,0,0.0,0.0022798087499999956
276.97,0,0,0.0,0.0022798087499999956
277.059,0,0,0.0,0.0022798087499999956
277.457,0,0,0.0,0.0022798087499999956
277.561,0,0,0.0,0.0022798087499999956
277.566,0,0,0.0,0.0022798087499999956
277.66,0,0,0.0,0.0022798087499999956
277.675,0,0,0.0,0.0022798087499999956
277.761,0,0,0.0,0.0022798087499999956
277.871,0,0,0.0,0.0022798087499999956
277.886,0,0,0.0,0.0022798087499999956
278.159,0,0,0.0,0.0022798087499999956
278.46,0,0,0.0,0.0022798087499999956
278.761,0,0,0.0,0.0022798087499999956
278.761,0,0,0.0,0.0022798087499999956
278.761,0,0,0.0,0.0022798087499999956
278.762,0,0,0.0,0.0022798087499999956
278.779,0,0,0.0,0.0022798087499999956
278.88,0,0,0.0,0.0022798087499999956
278.906,0,0,0.0,0.0022798087499999956
279.259,0,0,0.0,0.0022798087499999956
279.56,0,0,0.0,0.0022798087499999956
279.657,0,0,0.0,0.0022798087499999956
279.683,0,0,0.0,0.0022798087499999956
279.761,0,0,0.0,0.0022798087499999956
279.861,0,0,0.0,0.0022798087499999956
279.861,0,0,0.0,0.0022798087499999956
279.884,0,0,0.0,0.0022798087499999956
279.956,0,0,0.0,0.0022798087499999956
280.158,0,0,0.0,0.0022798087499999956
280.559,0,0,0.0,0.0022798087499999956
280.563,0,0,0.0,0.0022798087499999956
280.761,0,0,0.0,0.0022798087499999956
280.762,0,0,0.0,0.0022798087499999956
280.861,0,0,0.0,0.0022798087499999956
280.885,0,0,0.0,0.0022798087499999956
280.916,0,0,0.0,0.0022798087499999956
280.958,0,0,0.0,0.0022798087499999956
281.058,0,0,0.0,0.0022798087499999956
281.459,0,0,0.0,0.0022798087499999956
281.761,0,0,0.0,0.0022798087499999956
281.764,0,0,0.0,0.0022798087499999956
281.869,0,0,0.0,0.0022798087499999956
281.873,0,0,0.0,0.0022798087499999956
281.877,0,0,0.0,0.0022798087499999956
281.916,0,0,0.0,0.0022798087499999956
281.926,0,0,0.0,0.0022798087499999956
282.058,0,0,0.0,0.0022798087499999956
282.059,0,0,0.0,0.0022798087499999956
282.267,0,0,0.0,0.0022798087499999956
282.564,0,0,0.0,0.0022798087499999956
282.76,0,0,0.0,0.0022798087499999956
282.761,0,0,0.0,0.0022798087499999956
282.861,0,0,0.0,0.0022798087499999956
282.96,0,0,0.0,0.0022798087499999956
282.976,0,0,0.0,0.0022798087499999956
283.067,0,0,0.0,0.0022798087499999956
283.16,0,0,0.0,0.0022798087499999956
283.164,0,0,0.0,0.0022798087499999956
283.564,0,0,0.0,0.0022798087499999956
283.659,0,0,0.0,0.0022798087499999956
283.862,0,0,0.0,0.0022798087499999956
283.96,0,0,0.0,0.0022798087499999956
283.96,0,0,0.0,0.0022798087499999956
283.976,0,0,0.0,0.0022798087499999956
284.077,0,0,0.0,0.0022798087499999956
284.257,0,0,0.0,0.0022798087499999956
284.269,0,0,0.0,0.0022798087499999956
284.458,0,0,0.0,0.0022798087499999956
284.562,0,0,0.0,0.0022798087499999956
284.766,0,0,0.0,0.0022798087499999956
284.868,0,0,0.0,0.0022798087499999956
284.885,0,0,0.0,0.0022798087499999956
284.966,0,0,0.0,0.0022798087499999956
285.257,0,0,0.0,0.0022798087499999956
285.258,0,0,0.0,0.0022798087499999956
285.558,0,0,0.0,0.0022798087499999956
285.564,0,0,0.0,0.0022798087499999956
285.761,0,0,0.0,0.0022798087499999956
285.764,0,0,0.0,0.0022798087499999956
285.883,0,0,0.0,0.0022798087499999956
286.036,0,0,0.0,0.0022798087499999956
286.059,0,0,0.0,0.0022798087499999956
286.06,0,0,0.0,0.0022798087499999956
286.471,0,0,0.0,0.0022798087499999956
286.563,0,0,0.0,0.0022798087499999956
286.658,0,0,0.0,0.0022798087499999956
286.861,0,0,0.0,0.0022798087499999956
286.883,0,0,0.0,0.0022798087499999956
286.886,0,0,0.0,0.0022798087499999956
286.916,0,0,0.0,0.0022798087499999956
287.059,0,0,0.0,0.0022798087499999956
287.157,0,0,0.0,0.0022798087499999956
287.261,0,0,0.0,0.0022798087499999956
287.57,0,0,0.0,0.0022798087499999956
287.759,0,0,0.0,0.0022798087499999956
287.774,0,0,0.0,0.0022798087499999956
287.868,0,0,0.0,0.0022798087499999956
287.877,0,0,0.0,0.0022798087499999956
287.906,0,0,0.0,0.0022798087499999956
288.116,0,0,0.0,0.0022798087499999956
288.254,0,0,0.0,0.0022798087499999956
288.476,0,0,0.0,0.0022798087499999956
288.557,0,0,0.0,0.0022798087499999956
288.655,0,0,0.0,0.0022798087499999956
288.658,0,0,0.0,0.0022798087499999956
288.758,0,0,0.0,0.0022798087499999956
288.867,0,0,0.0,0.0022798087499999956
288.882,0,0,0.0,0.0022798087499999956
288.936,0,0,0.0,0.0022798087499999956
289.156,0,0,0.0,0.0022798087499999956
289.556,0,0,0.0,0.0022798087499999956
289.561,0,0,0.0,0.0022798087499999956
289.657,0,0,0.0,0.0022798087499999956
289.756,0,0,0.0,0.0022798087499999956
289.758,0,0,0.0,0.0022798087499999956
289.777,0,0,0.0,0.0022798087499999956
289.878,0,0,0.0,0.0022798087499999956
289.936,0,0,0.0,0.0022798087499999956
290.156,0,0,0.0,0.0022798087499999956
290.456,0,0,0.0,0.0022798087499999956
290.554,0,0,0.0,0.0022798087499999956
290.758,0,0,0.0,0.0022798087499999956
290.758,0,0,0.0,0.0022798087499999956
290.759,0,0,0.0,0.0022798087499999956
290.868,0,0,0.0,0.0022798087499999956
290.878,0,0,0.0,0.0022798087499999956
290.896,0,0,0.0,0.0022798087499999956
290.958,0,0,0.0,0.0022798087499999956
291.156,0,0,0.0,0.0022798087499999956
291.456,0,0,0.0,0.0022798087499999956
291.554,0,0,0.0,0.0022798087499999956
291.656,0,0,0.0,0.0022798087499999956
291.657,0,0,0.0,0.0022798087499999956
291.926,0,0,0.0,0.0022798087499999956
291.958,0,0,0.0,0.0022798087499999956
292.065,0,0,0.0,0.0022798087499999956
292.157,0,0,0.0,0.0022798087499999956
292.255,0,0,0.0,0.0022798087499999956
292.556,0,0,0.0,0.0022798087499999956
292.656,0,0,0.0,0.0022798087499999956
292.656,0,0,0.0,0.0022798087499999956
292.857,0,0,0.0,0.0022798087499999956
292.87,0,0,0.0,0.0022798087499999956
292.88,0,0,0.0,0.0022798087499999956
292.955,0,0,0.0,0.0022798087499999956
292.957,0,0,0.0,0.0022798087499999956
293.069,0,0,0.0,0.0022798087499999956
293.255,0,0,0.0,0.0022798087499999956
293.455,0,0,0.0,0.0022798087499999956
293.459,0,0,0.0,0.0022798087499999956
293.656,0,0,0.0,0.0022798087499999956
293.858,0,0,0.0,0.0022798087499999956
293.859,0,0,0.0,0.0022798087499999956
293.86,0,0,0.0,0.0022798087499999956
294.057,0,0,0.0,0.0022798087499999956
294.166,0,0,0.0,0.0022798087499999956
294.254,0,0,0.0,0.0022798087499999956
294.461,0,0,0.0,0.0022798087499999956
294.659,0,0,0.0,0.0022798087499999956
294.757,0,0,0.0,0.0022798087499999956
294.859,0,0,0.0,0.0022798087499999956
294.996,0,0,0.0,0.0022798087499999956
295.054,0,0,0.0,0.0022798087499999956
295.056,0,0,0.0,0.0022798087499999956
295.073,0,0,0.0,0.0022798087499999956
295.261,0,0,0.0,0.0022798087499999956
295.464,0,0,0.0,0.0022798087499999956
295.655,0,0,0.0,0.0022798087499999956
295.661,0,0,0.0,0.0022798087499999956
295.875,0,0,0.0,0.0022798087499999956
295.954,0,0,0.0,0.0022798087499999956
295.956,0,0,0.0,0.0022798087499999956
296.254,0,0,0.0,0.0022798087499999956
296.255,0,0,0.0,0.0022798087499999956
296.26,0,0,0.0,0.0022798087499999956
296.555,0,0,0.0,0.0022798087499999956
296.762,0,0,0.0,0.0022798087499999956
296.864,0,0,0.0,0.0022798087499999956
296.866,0,0,0.0,0.0022798087499999956
296.869,0,0,0.0,0.0022798087499999956
296.996,0,0,0.0,0.0022798087499999956
297.251,0,0,0.0,0.0022798087499999956
297.273,0,0,0.0,0.0022798087499999956
297.461,0,0,0.0,0.0022798087499999956
297.555,0,0,0.0,0.0022798087499999956
297.661,0,0,0.0,0.0022798087499999956
297.757,0,0,0.0,0.0022798087499999956
297.869,0,0,0.0,0.0022798087499999956
297.878,0,0,0.0,0.0022798087499999956
297.906,0,0,0.0,0.0022798087499999956
298.153,0,0,0.0,0.0022798087499999956
298.454,0,0,0.0,0.0022798087499999956
298.454,0,0,0.0,0.0022798087499999956
298.554,0,0,0.0,0.0022798087499999956
298.558,0,0,0.0,0.0022798087499999956
298.57,0,0,0.0,0.0022798087499999956
298.666,0,0,0.0,0.0022798087499999956
298.88,0,0,0.0,0.0022798087499999956
298.956,0,0,0.0,0.0022798087499999956
299.153,0,0,0.0,0.0022798087499999956
299.451,0,0,0.0,0.0022798087499999956
299.473,0,0,0.0,0.0022798087499999956
299.554,0,0,0.0,0.0022798087499999956
299.668,0,0,0.0,0.0022798087499999956
299.755,0,0,0.0,0.0022798087499999956
299.865,0,0,0.0,0.0022798087499999956
299.866,0,0,0.0,0.0022798087499999956
299.866,0,0,0.0,0.0022798087499999956
299.878,0,0,0.0,0.0022798087499999956
300.151,0,0,0.0,0.0022798087499999956
300.453,0,0,0.0,0.0022798087499999956
300.454,0,0,0.0,0.0022798087499999956
300.463,0,0,0.0,0.0022798087499999956
300.574,0,0,0.0,0.0022798087499999956
300.651,0,0,0.0,0.0022798087499999956
300.654,0,0,0.0,0.0022798087499999956
300.774,0,0,0.0,0.0022798087499999956
301.153,0,0,0.0,0.0022798087499999956
301.553,0,0,0.0,0.0022798087499999956
301.653,0,0,0.0,0.0022798087499999956
301.653,0,0,0.0,0.0022798087499999956
301.678,0,0,0.0,0.0022798087499999956
301.753,0,0,0.0,0.0022798087499999956
301.854,0,0,0.0,0.0022798087499999956
301.866,0,0,0.0,0.0022798087499999956
301.877,0,0,0.0,0.0022798087499999956
302.152,0,0,0.0,0.0022798087499999956
302.261,0,0,0.0,0.0022798087499999956
302.553,0,0,0.0,0.0022798087499999956
302.554,0,0,0.0,0.0022798087499999956
302.657,0,0,0.0,0.0022798087499999956
302.857,0,0,0.0,0.0022798087499999956
302.857,0,0,0.0,0.0022798087499999956
302.879,0,0,0.0,0.0022798087499999956
303.052,0,0,0.0,0.0022798087499999956
303.152,0,0,0.0,0.0022798087499999956
303.453,0,0,0.0,0.0022798087499999956
303.459,0,0,0.0,0.0022798087499999956
303.752,0,0,0.0,0.0022798087499999956
303.754,0,0,0.0,0.0022798087499999956
303.856,0,0,0.0,0.0022798087499999956
303.869,52,5,0.5715,0.002281872500000001
303.879,0,0,0.0,0.002281872500000001
303.916,0,0,0.0,0.002281872500000001
304.054,0,0,0.0,0.002281872500000001
304.058,0,0,0.0,0.002281872500000001
304.258,0,0,0.0,0.002281872500000001
304.556,0,0,0.0,0.002281872500000001
304.659,0,0,0.0,0.002281872500000001
304.754,0,0,0.0,0.002281872500000001
304.854,52,5,0.5715,0.0022977474999999956
304.866,0,0,0.0,0.0022977474999999956
304.951,0,0,0.0,0.0022977474999999956
304.951,0,0,0.0,0.0022977474999999956
305.166,0,0,0.0,0.0022977474999999956
305.251,52,5,0.5715,0.0023112412499999924
305.553,0,0,0.0,0.0023112412499999924
305.557,0,0,0.0,0.0023112412499999924
305.857,0,0,0.0,0.0023112412499999924
305.863,0,0,0.0,0.0023112412499999924
305.916,0,0,0.0,0.0023112412499999924
305.953,0,0,0.0,0.0023112412499999924
306.07,52,5,0.5715,0.0023298149999999955
306.249,52,5,0.5715,0.0023582312500000004
306.265,0,0,0.0,0.0023582312500000004
306.452,0,0,0.0,0.0023582312500000004
306.553,0,0,0.0,0.0023582312500000004
306.856,0,0,0.0,0.0023582312500000004
306.857,0,0,0.0,0.0023582312500000004
306.876,105,10,1.143,0.002364263749999984
306.959,0,0,0.0,0.002364263749999984
307.057,105,10,1.143,0.0023953787499999884
307.17,52,5,0.5715,0.0024133174999999884
307.449,52,5,0.5715,0.002457608749999988
307.564,0,0,0.0,0.002457608749999988
307.753,0,0,0.0,0.002457608749999988
307.758,0,0,0.0,0.002457608749999988
307.877,158,15,1.7145,0.0025142825000000015
307.966,10,1,0.1143,0.0025171082500000013
308.053,0,0,0.0,0.0025171082500000013
308.054,158,15,1.7145,0.00251758449999999
308.27,52,5,0.5715,0.0025518744999999915
308.449,105,10,1.143,0.0026087070000000013
308.451,52,5,0.5715,0.002609024500000003
308.463,20,2,0.2286,0.002609786500000003
308.654,0,0,0.0,0.002609786500000003
308.857,0,0,0.0,0.002609786500000003
308.863,211,20,2.286,0.002613596499999985
308.875,158,15,1.7145,0.0026193114999999855
308.959,0,0,0.0,0.0026193114999999855
309.248,158,15,1.7145,0.0027569477499999793
309.451,158,15,1.7145,0.0028536264999999943
309.563,31,3,0.3429,0.002864294499999991
309.649,62,6,0.6858,0.0028806774999999936
309.759,0,0,0.0,0.0028806774999999936
309.861,0,0,0.0,0.0028806774999999936
309.876,110,10,1.143,0.002885439999999989
310.036,52,5,0.5715,0.002910839999999993
310.148,211,20,2.286,0.002981960000000008
310.551,158,15,1.7145,0.00317388874999999
310.552,52,5,0.5715,0.0031740474999999956
310.651,120,11,1.2573,0.003208623249999992
310.651,73,7,0.8001,0.003208623249999992
310.663,46,4,0.4572,0.003210147249999992
310.768,0,0,0.0,0.003210147249999992
310.836,158,15,1.7145,0.0032425322500000114
310.872,105,10,1.143,0.003253962250000012
311.153,105,10,1.143,0.003343179750000014
311.548,163,15,1.7145,0.0035312985000000054
311.551,158,15,1.7145,0.003532727249999999
311.651,52,5,0.5715,0.0035486022500000026
311.752,131,12,1.3716,0.003587083250000002
311.771,52,5,0.5715,0.003590099500000003
311.836,211,20,2.286,0.0036313745000000016
311.855,83,8,0.9144,0.003636200500000003
311.871,158,15,1.7145,0.003643820499999985
312.149,158,15,1.7145,0.0037762179999999944
312.45,105,10,1.143,0.0038717854999999906
312.456,173,16,1.8288,0.003874833500000005
312.55,200,19,2.1717,0.003931539000000001
312.749,158,15,1.7145,0.004026312750000007
312.752,142,13,1.4859,0.004027551000000002
312.752,52,5,0.5715,0.004027551000000002
312.857,99,9,1.0287,0.004057554750000007
312.868,52,5,0.5715,0.004059301000000002
313.149,52,5,0.5715,0.004103909750000003
313.449,158,15,1.7145,0.004246784750000008
313.449,105,10,1.143,0.004246784750000008
313.65,179,17,1.9431,0.0043552744999999895
313.656,158,15,1.7145,0.004358132000000003
313.751,184,17,1.9431,0.004409408249999987
313.873,105,10,1.143,0.004448143249999991
313.949,152,14,1.6002,0.004481925250000001
314.049,105,10,1.143,0.00451367524999999
314.154,105,10,1.143,0.004547012749999996
314.255,52,5,0.5715,0.004563046499999996
314.455,158,15,1.7145,0.00465829649999999
314.65,115,11,1.2573,0.004726400249999988
314.65,158,15,1.7145,0.004726400249999988
314.854,195,18,2.0574,0.004842986249999993
314.86,158,15,1.7145,0.004845843750000006
314.873,105,10,1.143,0.004849971249999999
314.951,158,15,1.7145,0.004887118750000014
315.06,105,10,1.143,0.004921726250000007
315.249,105,10,1.143,0.004981733750000014
315.449,52,5,0.5715,0.005013483750000012
315.455,136,13,1.4859,0.00501596025
315.65,126,12,1.3716,0.005090255249999997
315.767,211,20,2.286,0.005164550250000009
315.853,205,19,2.1717,0.005216429750000017
315.854,136,13,1.4859,0.005216842500000007
315.881,211,20,2.286,0.005233987499999999
316.05,158,15,1.7145,0.005314473750000018
316.054,211,20,2.286,0.005317013749999994
316.167,105,10,1.143,0.005352891249999994
316.452,62,6,0.6858,0.005407183749999999
316.653,136,13,1.4859,0.005490146500000008
316.655,115,11,1.2573,0.005490844999999992
316.751,115,11,1.2573,0.005524372999999993
316.876,105,10,1.143,0.005564060499999993
317.048,211,20,2.286,0.005673280500000009
317.148,211,20,2.286,0.005736780500000023
317.148,211,20,2.286,0.005736780500000023
317.272,115,11,1.2573,0.005780087500000011
317.454,105,10,1.143,0.005837872500000016
317.654,73,7,0.8001,0.005882322500000013
317.75,94,9,1.0287,0.005909754500000014
317.86,211,20,2.286,0.005979604500000023
317.873,211,20,2.286,0.005987859500000008
317.95,147,14,1.6002,0.006022086000000007
318.05,105,10,1.143,0.006053836000000015
318.245,211,20,2.286,0.0061776610000000105
318.248,211,20,2.286,0.006179566000000002
318.448,211,20,2.286,0.006306565999999994
318.448,136,13,1.4859,0.006306565999999994
318.46,105,10,1.143,0.006310375999999994
318.75,83,8,0.9144,0.006384035999999999
318.95,62,6,0.6858,0.006422135999999997
318.953,158,15,1.7145,0.00642356474999999
319.145,211,20,2.286,0.006545484749999994
319.267,211,20,2.286,0.006622954750000003
319.548,211,20,2.286,0.006801389750000007
319.549,158,15,1.7145,0.006801865999999996
319.654,105,10,1.143,0.006835203500000001
319.75,99,9,1.0287,0.006862635500000002
319.816,211,20,2.286,0.006904545499999986
319.869,316,30,3.429,0.0069550280000000375
319.949,52,5,0.5715,0.006967728000000035
320.15,316,30,3.429,0.007159180500000002
320.445,211,20,2.286,0.007346505500000012
320.648,179,17,1.9431,0.007456074750000028
320.75,105,10,1.143,0.007488459750000021
320.786,211,20,2.286,0.007511319750000022
320.866,211,20,2.286,0.007562119750000012
320.868,316,30,3.429,0.007564024750000021
320.949,105,10,1.143,0.007589742250000027
320.996,211,20,2.286,0.0076195872500000065
321.146,316,30,3.429,0.007762462250000039
321.447,316,30,3.429,0.008049164750000028
321.447,211,20,2.286,0.008049164750000028
321.448,211,20,2.286,0.008049799750000013
321.457,211,20,2.286,0.008055514750000022
321.468,211,20,2.286,0.008062499750000037
321.75,211,20,2.286,0.008241569750000026
321.864,105,10,1.143,0.008277764750000019
321.868,316,30,3.429,0.008281574750000038
322.147,316,30,3.429,0.008547322250000034
322.447,316,30,3.429,0.008833072250000046
322.547,316,30,3.429,0.008928322250000068
322.647,232,22,2.5146,0.008998172250000044
322.647,211,20,2.286,0.008998172250000044
322.648,211,20,2.286,0.008998807250000065
322.653,211,20,2.286,0.009001982250000063
322.776,211,20,2.286,0.009080087250000056
322.872,422,40,4.572,0.00920200725000006
323.246,422,40,4.572,0.009676987250000019
323.252,316,30,3.429,0.009682702250000046
323.547,316,30,3.429,0.009963689750000062
323.645,316,30,3.429,0.01005703475000002
323.645,253,24,2.7432,0.01005703475000002
323.667,211,20,2.286,0.010071004750000015
323.851,211,20,2.286,0.01018784475000003
323.873,422,40,4.572,0.010215784750000019
323.948,211,20,2.286,0.010263409750000011
324.146,422,40,4.572,0.010514869750000056
324.25,422,40,4.572,0.010646949750000037
324.452,316,30,3.429,0.010839354750000035
324.547,316,30,3.429,0.010929842250000061
324.65,316,30,3.429,0.011027949750000016
324.847,274,26,2.9718,0.011190573250000018
324.875,369,35,4.0005,0.01122168825000004
324.948,211,20,2.286,0.011268043250000028
325.048,211,20,2.286,0.011331543250000043
325.057,369,35,4.0005,0.011341544500000059
325.446,422,40,4.572,0.011835574500000072
325.55,337,32,3.6576,0.011941238500000057
325.653,316,30,3.429,0.012039346000000065
325.748,316,30,3.429,0.012129833500000037
325.796,422,40,4.572,0.01219079350000004
325.848,369,35,4.0005,0.012248578500000063
325.85,295,28,3.2004,0.012250356500000071
325.87,369,35,4.0005,0.012272581500000051
325.945,211,20,2.286,0.012320206500000043
326.051,369,35,4.0005,0.012437999000000038
326.251,369,35,4.0005,0.012660249000000026
326.646,422,40,4.572,0.013161899000000076
326.747,358,34,3.8862,0.013270928500000076
326.751,316,30,3.429,0.013274738500000039
326.796,416,39,4.4577,0.013330459750000058
326.848,369,35,4.0005,0.013388244750000082
326.947,316,30,3.429,0.013482542250000071
326.959,369,35,4.0005,0.01349587725000007
327.045,316,30,3.429,0.013577792250000083
327.159,369,35,4.0005,0.013704474750000056
327.546,406,38,4.3434,0.014171390250000056
327.546,422,40,4.572,0.014171390250000056
327.85,379,36,4.1148,0.01451886225000009
327.926,369,35,4.0005,0.014603317250000051
327.947,316,30,3.429,0.014623319750000065
327.951,316,30,3.429,0.014627129750000084
328.068,369,35,4.0005,0.014757146000000042
328.142,369,35,4.0005,0.014839378500000056
328.257,369,35,4.0005,0.014967172250000065
328.446,369,35,4.0005,0.01517719850000009
328.552,395,37,4.2291,0.015301722000000084
328.748,411,39,4.4577,0.015544419000000045
328.753,422,40,4.572,0.015550769000000039
328.872,316,30,3.429,0.015664116500000064
328.945,316,30,3.429,0.015733649000000044
329.148,316,30,3.429,0.015927006500000073
329.245,369,35,4.0005,0.01603479775000005
329.545,369,35,4.0005,0.016368172750000066
329.552,369,35,4.0005,0.016375951500000072
329.753,384,36,4.1148,0.01660569450000003
329.846,369,35,4.0005,0.016709040750000053
329.849,422,40,4.572,0.016712850750000036
329.866,316,30,3.429,0.01672904325000003
330.046,422,40,4.572,0.01695764325000004
330.048,316,30,3.429,0.01695954825000005
330.445,316,30,3.429,0.01733769075000004
330.451,369,35,4.0005,0.017344358250000073
330.459,369,35,4.0005,0.017353248250000054
330.645,369,35,4.0005,0.01755994075000003
330.786,369,35,4.0005,0.01771662700000005
330.854,369,35,4.0005,0.017792192000000033
330.866,369,35,4.0005,0.017805527000000033
330.949,422,40,4.572,0.017910937000000068
331.047,369,35,4.0005,0.018019839500000082
331.242,316,30,3.429,0.018205577000000077
331.445,369,35,4.0005,0.01843116075000005
331.545,316,30,3.429,0.018526410750000073
331.565,369,35,4.0005,0.018548635750000052
331.746,358,34,3.8862,0.018744025250000036
331.753,369,35,4.0005,0.018751804000000042
331.85,369,35,4.0005,0.018859595250000083
331.87,264,25,2.8575,0.018875470250000068
332.243,264,25,2.8575,0.01917153900000006
332.247,369,35,4.0005,0.01917598400000008
332.542,316,30,3.429,0.01945697150000004
332.545,369,35,4.0005,0.019460305250000087
332.642,316,30,3.429,0.01955269775000007
332.657,369,35,4.0005,0.019569366500000053
332.749,347,33,3.7719,0.019665759500000095
332.851,369,35,4.0005,0.019779107000000067
332.888,316,30,3.429,0.019814349500000047
333.243,316,30,3.429,0.020152487000000063
333.45,326,31,3.5433,0.020356226750000057
333.544,369,35,4.0005,0.02046068425000005
333.566,369,35,4.0005,0.02048513175000004
333.746,316,30,3.429,0.02065658175000005
333.761,369,35,4.0005,0.020673250500000098
333.776,264,25,2.8575,0.020685156750000086
333.913,316,30,3.429,0.020815649250000085
333.945,337,32,3.6576,0.020848161250000066
334.143,316,30,3.429,0.021036756250000045
334.544,316,30,3.429,0.021418708750000057
334.544,348,33,3.7719,0.021418708750000057
334.65,316,30,3.429,0.02151967375000005
334.745,337,32,3.6576,0.021616193750000078
334.746,369,35,4.0005,0.021617305000000052
334.746,269,25,2.8575,0.021617305000000052
334.906,211,20,2.286,0.021718905000000066
334.945,321,30,3.429,0.021756052500000053
335.146,211,20,2.286,0.021883687500000068
335.443,316,30,3.429,0.02216658000000004
335.447,316,30,3.429,0.022170390000000057
335.644,279,26,2.9718,0.02233301350000006
335.745,327,31,3.5433,0.02243242275000006
335.749,347,33,3.7719,0.02243661375000008
335.904,211,20,2.286,0.022535038750000062
335.943,316,30,3.429,0.02257218625000005
335.945,316,30,3.429,0.02257409125000006
336.149,211,20,2.286,0.022703631250000064
336.543,305,29,3.3146999999999998,0.02306640675000007
336.544,290,27,3.0861,0.02306726400000005
336.647,316,30,3.429,0.023165371500000056
336.766,211,20,2.286,0.023240936500000073
336.844,306,29,3.3146999999999998,0.02331275500000005
336.91,52,5,0.5715,0.023323232500000055
336.945,363,34,3.8862,0.02336101500000002
336.948,316,30,3.429,0.023363872500000007
337.014,52,5,0.5715,0.023374350000000012
337.257,211,20,2.286,0.02352865500000001
337.453,211,20,2.286,0.02365311499999999
337.549,284,27,3.0861,0.02373541099999999
337.649,316,30,3.429,0.023830661000000013
337.745,274,26,2.9718,0.023909909000000017
337.847,300,28,3.2004,0.024000586999999997
337.905,52,5,0.5715,0.024009794499999997
337.949,369,35,4.0005,0.024058689500000043
338.145,52,5,0.5715,0.024089804500000037
338.242,52,5,0.5715,0.024105203250000044
338.543,211,20,2.286,0.024296338250000035
338.749,310,29,3.3146999999999998,0.02448601275000005
338.75,263,25,2.8575,0.02448680650000003
338.826,211,20,2.286,0.024535066500000046
338.853,316,30,3.429,0.024560784000000033
338.906,0,0,0.0,0.024560784000000033
339.041,264,25,2.8575,0.024667940250000027
339.239,0,0,0.0,0.024667940250000027
339.457,179,17,1.9431,0.024785605750000037
339.542,52,5,0.5715,0.024799099500000032
339.649,211,20,2.286,0.02486704450000005
339.744,242,23,2.6289,0.02493641825000007
339.756,52,5,0.5715,0.02493832325000006
339.909,0,0,0.0,0.02493832325000006
339.947,316,30,3.429,0.02497451825000007
340.044,316,30,3.429,0.025066910750000053
340.139,0,0,0.0,0.025066910750000053
340.542,0,0,0.0,0.025066910750000053
340.542,52,5,0.5715,0.025066910750000053
340.557,147,14,1.6002,0.025073578250000072
340.642,52,5,0.5715,0.025087072000000068
340.75,211,20,2.286,0.02515565200000007
340.903,0,0,0.0,0.02515565200000007
340.943,211,20,2.286,0.025181052000000047
340.947,316,30,3.429,0.025184862000000065
341.241,0,0,0.0,0.025184862000000065
341.442,0,0,0.0,0.025184862000000065
341.539,0,0,0.0,0.025184862000000065
341.542,52,5,0.5715,0.025185338250000064
341.642,41,4,0.4572,0.025198038250000068
341.743,115,11,1.2573,0.025233312500000066
341.845,211,20,2.286,0.025298082500000086
341.909,0,0,0.0,0.025298082500000086
341.955,211,20,2.286,0.02532729250000008
342.141,0,0,0.0,0.02532729250000008
342.445,0,0,0.0,0.02532729250000008
342.54,31,3,0.3429,0.025336341250000085
342.542,0,0,0.0,0.025336341250000085
342.564,52,5,0.5715,0.025339833750000092
342.642,0,0,0.0,0.025339833750000092
342.763,67,6,0.6858,0.02536288425000009
342.905,0,0,0.0,0.02536288425000009
342.955,211,20,2.286,0.025394634250000096
343.138,0,0,0.0,0.025394634250000096
343.541,0,0,0.0,0.025394634250000096
343.545,0,0,0.0,0.025394634250000096
343.743,0,0,0.0,0.025394634250000096
343.743,20,2,0.2286,0.025394634250000096
343.744,52,5,0.5715,0.025394793000000103
343.842,0,0,0.0,0.025394793000000103
343.857,52,5,0.5715,0.02539717425000011
343.908,0,0,0.0,0.02539717425000011
344.24,0,0,0.0,0.02539717425000011
344.641,0,0,0.0,0.02539717425000011
344.742,0,0,0.0,0.02539717425000011
344.746,0,0,0.0,0.02539717425000011
344.746,0,0,0.0,0.02539717425000011
344.845,52,5,0.5715,0.025412890500000115
344.903,0,0,0.0,0.025412890500000115
344.942,0,0,0.0,0.025412890500000115
344.942,5,0,0.0,0.025412890500000115
345.144,0,0,0.0,0.025412890500000115
345.441,0,0,0.0,0.025412890500000115
345.541,0,0,0.0,0.025412890500000115
345.641,0,0,0.0,0.025412890500000115
345.742,0,0,0.0,0.025412890500000115
345.906,0,0,0.0,0.025412890500000115
345.942,0,0,0.0,0.025412890500000115
345.945,0,0,0.0,0.025412890500000115
345.948,0,0,0.0,0.025412890500000115
346.055,0,0,0.0,0.025412890500000115
346.447,0,0,0.0,0.025412890500000115
346.544,0,0,0.0,0.025412890500000115
346.545,0,0,0.0,0.025412890500000115
346.739,0,0,0.0,0.025412890500000115
346.844,0,0,0.0,0.025412890500000115
346.844,0,0,0.0,0.025412890500000115
346.899,0,0,0.0,0.025412890500000115
347.142,0,0,0.0,0.025412890500000115
347.147,0,0,0.0,0.025412890500000115
347.44,0,0,0.0,0.025412890500000115
347.736,0,0,0.0,0.025412890500000115
347.741,0,0,0.0,0.025412890500000115
347.844,0,0,0.0,0.025412890500000115
347.844,0,0,0.0,0.025412890500000115
347.862,0,0,0.0,0.025412890500000115
347.904,0,0,0.0,0.025412890500000115
348.007,0,0,0.0,0.025412890500000115
348.039,0,0,0.0,0.025412890500000115
348.139,0,0,0.0,0.025412890500000115
348.253,0,0,0.0,0.025412890500000115
348.44,0,0,0.0,0.025412890500000115
348.64,0,0,0.0,0.025412890500000115
348.644,0,0,0.0,0.025412890500000115
348.941,0,0,0.0,0.025412890500000115
349.041,0,0,0.0,0.025412890500000115
349.044,0,0,0.0,0.025412890500000115
349.139,0,0,0.0,0.025412890500000115
349.24,0,0,0.0,0.025412890500000115
349.443,0,0,0.0,0.025412890500000115
349.741,0,0,0.0,0.025412890500000115
349.846,0,0,0.0,0.025412890500000115
349.848,0,0,0.0,0.025412890500000115
349.906,0,0,0.0,0.025412890500000115
349.941,0,0,0.0,0.025412890500000115
350.045,0,0,0.0,0.025412890500000115
350.145,0,0,0.0,0.025412890500000115
350.239,0,0,0.0,0.025412890500000115
350.263,0,0,0.0,0.025412890500000115
350.44,0,0,0.0,0.025412890500000115
350.647,0,0,0.0,0.025412890500000115
350.844,0,0,0.0,0.025412890500000115
350.849,0,0,0.0,0.025412890500000115
350.905,0,0,0.0,0.025412890500000115
351.14,0,0,0.0,0.025412890500000115
351.236,0,0,0.0,0.025412890500000115
351.439,0,0,0.0,0.025412890500000115
351.445,0,0,0.0,0.025412890500000115
351.539,0,0,0.0,0.025412890500000115
351.554,0,0,0.0,0.025412890500000115
351.64,0,0,0.0,0.025412890500000115
351.906,0,0,0.0,0.025412890500000115
351.947,0,0,0.0,0.025412890500000115
352.046,0,0,0.0,0.025412890500000115
352.136,0,0,0.0,0.025412890500000115
352.438,0,0,0.0,0.025412890500000115
352.54,0,0,0.0,0.025412890500000115
352.639,0,0,0.0,0.025412890500000115
352.639,0,0,0.0,0.025412890500000115
352.653,0,0,0.0,0.025412890500000115
352.842,0,0,0.0,0.025412890500000115
352.901,0,0,0.0,0.025412890500000115
352.94,0,0,0.0,0.025412890500000115
353.141,0,0,0.0,0.025412890500000115
353.442,0,0,0.0,0.025412890500000115
353.636,0,0,0.0,0.025412890500000115
353.74,0,0,0.0,0.025412890500000115
353.74,0,0,0.0,0.025412890500000115
353.746,0,0,0.0,0.025412890500000115
353.761,0,0,0.0,0.025412890500000115
353.85,0,0,0.0,0.025412890500000115
353.9,0,0,0.0,0.025412890500000115
353.94,0,0,0.0,0.025412890500000115
354.141,0,0,0.0,0.025412890500000115
354.444,0,0,0.0,0.025412890500000115
354.538,0,0,0.0,0.025412890500000115
354.539,0,0,0.0,0.025412890500000115
354.737,0,0,0.0,0.025412890500000115
354.741,0,0,0.0,0.025412890500000115
354.84,0,0,0.0,0.025412890500000115
354.856,0,0,0.0,0.025412890500000115
355.135,0,0,0.0,0.025412890500000115
355.542,0,0,0.0,0.025412890500000115
355.686,0,0,0.0,0.025412890500000115
355.738,0,0,0.0,0.025412890500000115
355.739,0,0,0.0,0.025412890500000115
355.74,0,0,0.0,0.025412890500000115
355.766,0,0,0.0,0.025412890500000115
355.839,0,0,0.0,0.025412890500000115
355.902,0,0,0.0,0.025412890500000115
356.237,0,0,0.0,0.025412890500000115
356.538,0,0,0.0,0.025412890500000115
356.716,0,0,0.0,0.025412890500000115
356.739,0,0,0.0,0.025412890500000115
356.743,0,0,0.0,0.025412890500000115
356.899,0,0,0.0,0.025412890500000115
356.938,0,0,0.0,0.025412890500000115
356.939,0,0,0.0,0.025412890500000115
357.037,0,0,0.0,0.025412890500000115
357.137,0,0,0.0,0.025412890500000115
357.437,0,0,0.0,0.025412890500000115
357.443,0,0,0.0,0.025412890500000115
357.543,0,0,0.0,0.025412890500000115
357.841,0,0,0.0,0.025412890500000115
357.907,0,0,0.0,0.025412890500000115
357.939,0,0,0.0,0.025412890500000115
358.039,0,0,0.0,0.025412890500000115
358.046,0,0,0.0,0.025412890500000115
358.139,0,0,0.0,0.025412890500000115
358.537,0,0,0.0,0.025412890500000115
358.637,0,0,0.0,0.025412890500000115
358.736,0,0,0.0,0.025412890500000115
358.739,0,0,0.0,0.025412890500000115
358.766,0,0,0.0,0.025412890500000115
358.861,0,0,0.0,0.025412890500000115
358.905,0,0,0.0,0.025412890500000115
358.938,0,0,0.0,0.025412890500000115
359.034,0,0,0.0,0.025412890500000115
359.138,0,0,0.0,0.025412890500000115
359.248,0,0,0.0,0.025412890500000115
359.437,0,0,0.0,0.025412890500000115
359.645,0,0,0.0,0.025412890500000115
359.738,0,0,0.0,0.025412890500000115
359.742,0,0,0.0,0.025412890500000115
359.936,0,0,0.0,0.025412890500000115
360.038,0,0,0.0,0.025412890500000115
360.233,0,0,0.0,0.025412890500000115
360.236,0,0,0.0,0.025412890500000115
360.545,0,0,0.0,0.025412890500000115
360.637,0,0,0.0,0.025412890500000115
360.856,0,0,0.0,0.025412890500000115
360.9,0,0,0.0,0.025412890500000115
360.937,0,0,0.0,0.025412890500000115
360.938,0,0,0.0,0.025412890500000115
361.038,0,0,0.0,0.025412890500000115
361.136,0,0,0.0,0.025412890500000115
361.448,0,0,0.0,0.025412890500000115
361.536,0,0,0.0,0.025412890500000115
361.642,0,0,0.0,0.025412890500000115
361.696,0,0,0.0,0.025412890500000115
361.84,0,0,0.0,0.025412890500000115
361.843,0,0,0.0,0.025412890500000115
361.898,0,0,0.0,0.025412890500000115
362.038,0,0,0.0,0.025412890500000115
362.235,0,0,0.0,0.025412890500000115
362.548,0,0,0.0,0.025412890500000115
362.676,0,0,0.0,0.025412890500000115
362.696,0,0,0.0,0.025412890500000115
362.738,0,0,0.0,0.025412890500000115
362.851,0,0,0.0,0.025412890500000115
362.886,0,0,0.0,0.025412890500000115
362.897,0,0,0.0,0.025412890500000115
363.041,0,0,0.0,0.025412890500000115
363.233,0,0,0.0,0.025412890500000115
363.436,0,0,0.0,0.025412890500000115
363.436,0,0,0.0,0.025412890500000115
363.436,0,0,0.0,0.025412890500000115
363.46,0,0,0.0,0.025412890500000115
363.637,0,0,0.0,0.025412890500000115
363.849,0,0,0.0,0.025412890500000115
363.901,0,0,0.0,0.025412890500000115
363.94,0,0,0.0,0.025412890500000115
364.133,0,0,0.0,0.025412890500000115
364.435,0,0,0.0,0.025412890500000115
364.536,0,0,0.0,0.025412890500000115
364.636,0,0,0.0,0.025412890500000115
364.642,0,0,0.0,0.025412890500000115
364.736,0,0,0.0,0.025412890500000115
364.758,0,0,0.0,0.025412890500000115
364.897,0,0,0.0,0.025412890500000115
364.937,0,0,0.0,0.025412890500000115
365.138,0,0,0.0,0.025412890500000115
365.536,0,0,0.0,0.025412890500000115
365.633,0,0,0.0,0.025412890500000115
365.737,0,0,0.0,0.025412890500000115
365.839,0,0,0.0,0.025412890500000115
365.847,0,0,0.0,0.025412890500000115
365.852,0,0,0.0,0.025412890500000115
365.897,0,0,0.0,0.025412890500000115
365.936,0,0,0.0,0.025412890500000115
366.234,0,0,0.0,0.025412890500000115
366.534,0,0,0.0,0.025412890500000115
366.534,0,0,0.0,0.025412890500000115
366.639,0,0,0.0,0.025412890500000115
366.836,0,0,0.0,0.025412890500000115
366.84,0,0,0.0,0.025412890500000115
366.942,0,0,0.0,0.025412890500000115
367.134,0,0,0.0,0.025412890500000115
367.534,0,0,0.0,0.025412890500000115
367.639,0,0,0.0,0.025412890500000115
367.639,0,0,0.0,0.025412890500000115
367.676,0,0,0.0,0.025412890500000115
367.736,0,0,0.0,0.025412890500000115
367.901,0,0,0.0,0.025412890500000115
367.933,0,0,0.0,0.025412890500000115
367.934,0,0,0.0,0.025412890500000115
368.137,0,0,0.0,0.025412890500000115
368.534,0,0,0.0,0.025412890500000115
368.676,0,0,0.0,0.025412890500000115
368.735,0,0,0.0,0.025412890500000115
368.739,0,0,0.0,0.025412890500000115
368.901,0,0,0.0,0.025412890500000115
368.935,0,0,0.0,0.025412890500000115
368.936,0,0,0.0,0.025412890500000115
368.936,0,0,0.0,0.025412890500000115
369.139,0,0,0.0,0.025412890500000115
369.44,0,0,0.0,0.025412890500000115
369.534,0,0,0.0,0.025412890500000115
369.776,0,0,0.0,0.025412890500000115
369.838,0,0,0.0,0.025412890500000115
369.901,0,0,0.0,0.025412890500000115
369.935,0,0,0.0,0.025412890500000115
369.939,0,0,0.0,0.025412890500000115
370.033,0,0,0.0,0.025412890500000115
370.036,0,0,0.0,0.025412890500000115
370.244,0,0,0.0,0.025412890500000115
370.434,0,0,0.0,0.025412890500000115
370.634,0,0,0.0,0.025412890500000115
370.735,0,0,0.0,0.025412890500000115
370.735,0,0,0.0,0.025412890500000115
370.898,0,0,0.0,0.025412890500000115
370.939,0,0,0.0,0.025412890500000115
371.135,0,0,0.0,0.025412890500000115
371.152,0,0,0.0,0.025412890500000115
371.233,0,0,0.0,0.025412890500000115
371.54,0,0,0.0,0.025412890500000115
371.637,0,0,0.0,0.025412890500000115
371.735,0,0,0.0,0.025412890500000115
371.786,0,0,0.0,0.025412890500000115
371.848,0,0,0.0,0.025412890500000115
371.895,0,0,0.0,0.025412890500000115
372.034,0,0,0.0,0.025412890500000115
372.23,0,0,0.0,0.025412890500000115
372.433,0,0,0.0,0.025412890500000115
372.445,0,0,0.0,0.025412890500000115
372.634,0,0,0.0,0.025412890500000115
372.696,0,0,0.0,0.025412890500000115
372.837,0,0,0.0,0.025412890500000115
372.843,0,0,0.0,0.025412890500000115
372.902,0,0,0.0,0.025412890500000115
373.034,0,0,0.0,0.025412890500000115
373.132,0,0,0.0,0.025412890500000115
373.433,0,0,0.0,0.025412890500000115
373.533,0,0,0.0,0.025412890500000115
373.548,0,0,0.0,0.025412890500000115
373.633,0,0,0.0,0.025412890500000115
373.742,0,0,0.0,0.025412890500000115
373.837,0,0,0.0,0.025412890500000115
373.895,0,0,0.0,0.025412890500000115
374.034,0,0,0.0,0.025412890500000115
374.232,0,0,0.0,0.025412890500000115
374.433,0,0,0.0,0.025412890500000115
374.531,0,0,0.0,0.025412890500000115
374.533,0,0,0.0,0.025412890500000115
374.645,0,0,0.0,0.025412890500000115
374.734,0,0,0.0,0.025412890500000115
374.842,0,0,0.0,0.025412890500000115
374.876,0,0,0.0,0.025412890500000115
375.034,0,0,0.0,0.025412890500000115
375.23,0,0,0.0,0.025412890500000115
375.433,0,0,0.0,0.025412890500000115
375.436,0,0,0.0,0.025412890500000115
375.531,0,0,0.0,0.025412890500000115
375.552,0,0,0.0,0.025412890500000115
375.63,0,0,0.0,0.025412890500000115
375.749,0,0,0.0,0.025412890500000115
375.867,0,0,0.0,0.025412890500000115
375.934,0,0,0.0,0.025412890500000115
376.129,0,0,0.0,0.025412890500000115
376.532,0,0,0.0,0.025412890500000115
376.532,0,0,0.0,0.025412890500000115
376.633,0,0,0.0,0.025412890500000115
376.638,0,0,0.0,0.025412890500000115
376.653,0,0,0.0,0.025412890500000115
376.733,0,0,0.0,0.025412890500000115
376.837,0,0,0.0,0.025412890500000115
376.859,0,0,0.0,0.025412890500000115
377.135,0,0,0.0,0.025412890500000115
377.532,0,0,0.0,0.025412890500000115
377.532,0,0,0.0,0.025412890500000115
377.632,0,0,0.0,0.025412890500000115
377.836,0,0,0.0,0.025412890500000115
377.836,0,0,0.0,0.025412890500000115
377.841,0,0,0.0,0.025412890500000115
377.854,0,0,0.0,0.025412890500000115
377.933,0,0,0.0,0.025412890500000115
378.131,0,0,0.0,0.025412890500000115
378.432,0,0,0.0,0.025412890500000115
378.438,0,0,0.0,0.025412890500000115
378.635,0,0,0.0,0.025412890500000115
378.731,0,0,0.0,0.025412890500000115
378.836,0,0,0.0,0.025412890500000115
378.853,0,0,0.0,0.025412890500000115
379.033,0,0,0.0,0.025412890500000115
379.034,0,0,0.0,0.025412890500000115
379.133,0,0,0.0,0.025412890500000115
379.432,0,0,0.0,0.025412890500000115
379.638,0,0,0.0,0.025412890500000115
379.646,0,0,0.0,0.025412890500000115
379.733,0,0,0.0,0.025412890500000115
379.739,0,0,0.0,0.025412890500000115
379.849,52,5,0.5715,0.025430353000000117
380.03,0,0,0.0,0.025430353000000117
380.132,0,0,0.0,0.025430353000000117
380.136,52,5,0.5715,0.02543098800000012
380.24,0,0,0.0,0.02543098800000012
380.435,0,0,0.0,0.02543098800000012
380.532,0,0,0.0,0.02543098800000012
380.736,0,0,0.0,0.02543098800000012
380.835,0,0,0.0,0.02543098800000012
380.847,0,0,0.0,0.02543098800000012
380.855,0,0,0.0,0.02543098800000012
380.932,0,0,0.0,0.02543098800000012
380.932,0,0,0.0,0.02543098800000012
381.042,0,0,0.0,0.02543098800000012
381.431,0,0,0.0,0.02543098800000012
381.437,0,0,0.0,0.02543098800000012
381.636,52,5,0.5715,0.02546257925000012
381.733,0,0,0.0,0.02546257925000012
381.756,0,0,0.0,0.02546257925000012
381.932,0,0,0.0,0.02546257925000012
381.936,0,0,0.0,0.02546257925000012
382.032,0,0,0.0,0.02546257925000012
382.035,0,0,0.0,0.02546257925000012
382.142,0,0,0.0,0.02546257925000012
382.531,10,1,0.1143,0.02547493000000012
382.636,52,5,0.5715,0.025491598750000125
382.637,0,0,0.0,0.025491598750000125
382.637,0,0,0.0,0.025491598750000125
382.938,0,0,0.0,0.025491598750000125
383.129,0,0,0.0,0.025491598750000125
383.132,0,0,0.0,0.025491598750000125
383.23,0,0,0.0,0.025491598750000125
383.241,0,0,0.0,0.025491598750000125
383.436,41,4,0.4572,0.025516363750000125
383.63,20,2,0.2286,0.025528682750000125
383.635,0,0,0.0,0.025528682750000125
383.849,0,0,0.0,0.025528682750000125
383.93,0,0,0.0,0.025528682750000125
383.932,0,0,0.0,0.025528682750000125
384.227,0,0,0.0,0.025528682750000125
384.442,31,3,0.3429,0.02554916150000013
384.636,0,0,0.0,0.02554916150000013
384.666,0,0,0.0,0.02554916150000013
384.731,31,3,0.3429,0.025555352750000128
384.776,0,0,0.0,0.025555352750000128
384.859,0,0,0.0,0.025555352750000128
384.932,0,0,0.0,0.025555352750000128
384.935,0,0,0.0,0.025555352750000128
385.127,0,0,0.0,0.025555352750000128
385.249,0,0,0.0,0.025555352750000128
385.53,0,0,0.0,0.025555352750000128
385.536,0,0,0.0,0.025555352750000128
385.626,0,0,0.0,0.025555352750000128
385.636,20,2,0.2286,0.02555598775000013
385.732,46,4,0.4572,0.02556817975000013
385.85,0,0,0.0,0.02556817975000013
386.031,0,0,0.0,0.02556817975000013
386.128,0,0,0.0,0.02556817975000013
386.426,0,0,0.0,0.02556817975000013
386.542,0,0,0.0,0.02556817975000013
386.606,0,0,0.0,0.02556817975000013
386.636,0,0,0.0,0.02556817975000013
386.74,10,1,0.1143,0.02557148175000013
386.826,0,0,0.0,0.02557148175000013
386.85,0,0,0.0,0.02557148175000013
386.931,52,5,0.5715,0.025584340500000125
387.126,0,0,0.0,0.025584340500000125
387.429,0,0,0.0,0.025584340500000125
387.429,0,0,0.0,0.025584340500000125
387.451,0,0,0.0,0.025584340500000125
387.527,0,0,0.0,0.025584340500000125
387.627,0,0,0.0,0.025584340500000125
387.641,0,0,0.0,0.025584340500000125
387.84,0,0,0.0,0.025584340500000125
387.849,0,0,0.0,0.025584340500000125
388.032,0,0,0.0,0.025584340500000125
388.232,0,0,0.0,0.025584340500000125
388.429,0,0,0.0,0.025584340500000125
388.629,0,0,0.0,0.025584340500000125
388.629,0,0,0.0,0.025584340500000125
388.63,0,0,0.0,0.025584340500000125
388.73,0,0,0.0,0.025584340500000125
388.737,0,0,0.0,0.025584340500000125
388.852,0,0,0.0,0.025584340500000125
389.228,0,0,0.0,0.025584340500000125
389.231,0,0,0.0,0.025584340500000125
389.527,0,0,0.0,0.025584340500000125
389.528,0,0,0.0,0.025584340500000125
389.629,0,0,0.0,0.025584340500000125
389.832,0,0,0.0,0.025584340500000125
389.833,0,0,0.0,0.025584340500000125
389.833,0,0,0.0,0.025584340500000125
389.854,0,0,0.0,0.025584340500000125
390.127,0,0,0.0,0.025584340500000125
390.428,0,0,0.0,0.025584340500000125
390.434,0,0,0.0,0.025584340500000125
390.528,0,0,0.0,0.025584340500000125
390.727,0,0,0.0,0.025584340500000125
390.83,0,0,0.0,0.025584340500000125
390.852,0,0,0.0,0.025584340500000125
390.929,0,0,0.0,0.025584340500000125
391.029,0,0,0.0,0.025584340500000125
391.038,0,0,0.0,0.025584340500000125
391.431,0,0,0.0,0.025584340500000125
391.534,0,0,0.0,0.025584340500000125
391.616,0,0,0.0,0.025584340500000125
391.634,0,0,0.0,0.025584340500000125
391.729,0,0,0.0,0.025584340500000125
391.83,0,0,0.0,0.025584340500000125
391.849,0,0,0.0,0.025584340500000125
391.927,0,0,0.0,0.025584340500000125
392.027,0,0,0.0,0.025584340500000125
392.038,0,0,0.0,0.025584340500000125
392.227,0,0,0.0,0.025584340500000125
392.606,0,0,0.0,0.025584340500000125
392.628,0,0,0.0,0.025584340500000125
392.633,0,0,0.0,0.025584340500000125
392.729,0,0,0.0,0.025584340500000125
392.749,0,0,0.0,0.025584340500000125
392.838,0,0,0.0,0.025584340500000125
392.929,0,0,0.0,0.025584340500000125
393.138,0,0,0.0,0.025584340500000125
393.224,0,0,0.0,0.025584340500000125
393.528,0,0,0.0,0.025584340500000125
393.628,0,0,0.0,0.025584340500000125
393.716,0,0,0.0,0.025584340500000125
393.828,0,0,0.0,0.025584340500000125
393.831,0,0,0.0,0.025584340500000125
393.929,0,0,0.0,0.025584340500000125
394.046,0,0,0.0,0.025584340500000125
394.126,0,0,0.0,0.025584340500000125
394.237,0,0,0.0,0.025584340500000125
394.427,0,0,0.0,0.025584340500000125
394.627,0,0,0.0,0.025584340500000125
394.83,0,0,0.0,0.025584340500000125
394.831,0,0,0.0,0.025584340500000125
394.842,0,0,0.0,0.025584340500000125
395.027,0,0,0.0,0.025584340500000125
395.028,0,0,0.0,0.025584340500000125
395.147,0,0,0.0,0.025584340500000125
395.246,0,0,0.0,0.025584340500000125
395.533,0,0,0.0,0.025584340500000125
395.596,0,0,0.0,0.025584340500000125
395.728,0,0,0.0,0.025584340500000125
395.836,0,0,0.0,0.025584340500000125
395.839,0,0,0.0,0.025584340500000125
395.841,0,0,0.0,0.025584340500000125
396.028,0,0,0.0,0.025584340500000125
396.123,0,0,0.0,0.025584340500000125
396.426,0,0,0.0,0.025584340500000125
396.427,0,0,0.0,0.025584340500000125
396.438,0,0,0.0,0.025584340500000125
396.627,0,0,0.0,0.025584340500000125
396.636,0,0,0.0,0.025584340500000125
396.838,0,0,0.0,0.025584340500000125
397.027,0,0,0.0,0.025584340500000125
397.123,0,0,0.0,0.025584340500000125
397.429,0,0,0.0,0.025584340500000125
397.542,0,0,0.0,0.025584340500000125
397.596,0,0,0.0,0.025584340500000125
397.626,0,0,0.0,0.025584340500000125
397.735,0,0,0.0,0.025584340500000125
397.796,0,0,0.0,0.025584340500000125
397.834,0,0,0.0,0.025584340500000125
397.846,0,0,0.0,0.025584340500000125
398.225,0,0,0.0,0.025584340500000125
398.231,0,0,0.0,0.025584340500000125
398.523,0,0,0.0,0.025584340500000125
398.524,0,0,0.0,0.025584340500000125
398.527,0,0,0.0,0.025584340500000125
398.626,0,0,0.0,0.025584340500000125
398.638,0,0,0.0,0.025584340500000125
398.837,0,0,0.0,0.025584340500000125
398.846,0,0,0.0,0.025584340500000125
399.225,0,0,0.0,0.025584340500000125
399.425,0,0,0.0,0.025584340500000125
399.432,0,0,0.0,0.025584340500000125
399.524,0,0,0.0,0.025584340500000125
399.526,0,0,0.0,0.025584340500000125
399.55,0,0,0.0,0.025584340500000125
399.724,0,0,0.0,0.025584340500000125
399.739,0,0,0.0,0.025584340500000125
399.85,0,0,0.0,0.025584340500000125
400.125,0,0,0.0,0.025584340500000125
400.425,0,0,0.0,0.025584340500000125
400.425,0,0,0.0,0.025584340500000125
400.625,0,0,0.0,0.025584340500000125
400.627,0,0,0.0,0.025584340500000125
400.631,0,0,0.0,0.025584340500000125
400.645,0,0,0.0,0.025584340500000125
400.727,0,0,0.0,0.025584340500000125
400.854,0,0,0.0,0.025584340500000125
401.128,0,0,0.0,0.025584340500000125
401.228,0,0,0.0,0.025584340500000125
401.586,0,0,0.0,0.025584340500000125
401.625,0,0,0.0,0.025584340500000125
401.625,0,0,0.0,0.025584340500000125
401.727,0,0,0.0,0.025584340500000125
401.83,0,0,0.0,0.025584340500000125
401.847,0,0,0.0,0.025584340500000125
401.926,0,0,0.0,0.025584340500000125
402.13,0,0,0.0,0.025584340500000125
402.228,0,0,0.0,0.025584340500000125
402.431,0,0,0.0,0.025584340500000125
402.525,0,0,0.0,0.025584340500000125
402.625,0,0,0.0,0.025584340500000125
402.825,0,0,0.0,0.025584340500000125
402.826,0,0,0.0,0.025584340500000125
402.854,0,0,0.0,0.025584340500000125
402.926,0,0,0.0,0.025584340500000125
403.036,0,0,0.0,0.025584340500000125
403.23,0,0,0.0,0.025584340500000125
403.43,0,0,0.0,0.025584340500000125
403.525,0,0,0.0,0.025584340500000125
403.726,0,0,0.0,0.025584340500000125
403.727,0,0,0.0,0.025584340500000125
403.754,0,0,0.0,0.025584340500000125
403.829,0,0,0.0,0.025584340500000125
403.85,0,0,0.0,0.025584340500000125
404.023,0,0,0.0,0.025584340500000125
404.124,0,0,0.0,0.025584340500000125
404.139,0,0,0.0,0.025584340500000125
404.235,0,0,0.0,0.025584340500000125
404.424,0,0,0.0,0.025584340500000125
404.726,0,0,0.0,0.025584340500000125
404.729,0,0,0.0,0.025584340500000125
404.742,0,0,0.0,0.025584340500000125
404.834,0,0,0.0,0.025584340500000125
405.023,0,0,0.0,0.025584340500000125
405.121,0,0,0.0,0.025584340500000125
405.121,0,0,0.0,0.025584340500000125
405.235,0,0,0.0,0.025584340500000125
405.43,0,0,0.0,0.025584340500000125
405.525,0,0,0.0,0.025584340500000125
405.625,0,0,0.0,0.025584340500000125
405.925,0,0,0.0,0.025584340500000125
406.025,0,0,0.0,0.025584340500000125
406.121,0,0,0.0,0.025584340500000125
406.123,0,0,0.0,0.025584340500000125
406.142,0,0,0.0,0.025584340500000125
406.524,0,0,0.0,0.025584340500000125
406.686,0,0,0.0,0.025584340500000125
406.725,0,0,0.0,0.025584340500000125
406.831,0,0,0.0,0.025584340500000125
406.846,0,0,0.0,0.025584340500000125
406.925,0,0,0.0,0.025584340500000125
407.223,0,0,0.0,0.025584340500000125
407.223,0,0,0.0,0.025584340500000125
407.224,0,0,0.0,0.025584340500000125
407.244,0,0,0.0,0.025584340500000125
407.435,0,0,0.0,0.025584340500000125
407.725,0,0,0.0,0.025584340500000125
407.732,0,0,0.0,0.025584340500000125
407.844,0,0,0.0,0.025584340500000125
407.931,0,0,0.0,0.025584340500000125
408.222,0,0,0.0,0.025584340500000125
408.423,0,0,0.0,0.025584340500000125
408.423,0,0,0.0,0.025584340500000125
408.424,0,0,0.0,0.025584340500000125
408.523,0,0,0.0,0.025584340500000125
408.53,0,0,0.0,0.025584340500000125
408.725,0,0,0.0,0.025584340500000125
408.847,0,0,0.0,0.025584340500000125
408.93,0,0,0.0,0.025584340500000125
409.122,0,0,0.0,0.025584340500000125
409.42,0,0,0.0,0.025584340500000125
409.423,0,0,0.0,0.025584340500000125
409.443,0,0,0.0,0.025584340500000125
409.623,0,0,0.0,0.025584340500000125
409.623,0,0,0.0,0.025584340500000125
409.635,0,0,0.0,0.025584340500000125
409.728,0,0,0.0,0.025584340500000125
409.852,0,0,0.0,0.025584340500000125
410.222,0,0,0.0,0.025584340500000125
410.228,0,0,0.0,0.025584340500000125
410.596,0,0,0.0,0.025584340500000125
410.62,0,0,0.0,0.025584340500000125
410.724,0,0,0.0,0.025584340500000125
410.724,0,0,0.0,0.025584340500000125
410.725,0,0,0.0,0.025584340500000125
410.742,0,0,0.0,0.025584340500000125
410.845,0,0,0.0,0.025584340500000125
411.222,0,0,0.0,0.025584340500000125
411.522,0,0,0.0,0.025584340500000125
411.522,0,0,0.0,0.025584340500000125
411.523,0,0,0.0,0.025584340500000125
411.586,0,0,0.0,0.025584340500000125
411.721,0,0,0.0,0.025584340500000125
411.724,0,0,0.0,0.025584340500000125
411.823,0,0,0.0,0.025584340500000125
411.847,0,0,0.0,0.025584340500000125
412.121,0,0,0.0,0.025584340500000125
412.422,0,0,0.0,0.025584340500000125
412.522,0,0,0.0,0.025584340500000125
412.526,0,0,0.0,0.025584340500000125
412.722,0,0,0.0,0.025584340500000125
412.723,0,0,0.0,0.025584340500000125
412.823,0,0,0.0,0.025584340500000125
412.826,0,0,0.0,0.025584340500000125
412.847,0,0,0.0,0.025584340500000125
413.021,0,0,0.0,0.025584340500000125
413.522,0,0,0.0,0.025584340500000125
413.546,0,0,0.0,0.025584340500000125
413.586,0,0,0.0,0.025584340500000125
413.723,0,0,0.0,0.025584340500000125
413.727,0,0,0.0,0.025584340500000125
413.836,0,0,0.0,0.025584340500000125
413.839,0,0,0.0,0.025584340500000125
413.923,0,0,0.0,0.025584340500000125
414.02,0,0,0.0,0.025584340500000125
414.021,0,0,0.0,0.025584340500000125
414.431,0,0,0.0,0.025584340500000125
414.528,0,0,0.0,0.025584340500000125
414.546,0,0,0.0,0.025584340500000125
414.606,0,0,0.0,0.025584340500000125
414.723,0,0,0.0,0.025584340500000125
414.923,0,0,0.0,0.025584340500000125
414.926,0,0,0.0,0.025584340500000125
415.03,0,0,0.0,0.025584340500000125
415.127,0,0,0.0,0.025584340500000125
415.527,0,0,0.0,0.025584340500000125
415.606,0,0,0.0,0.025584340500000125
415.622,0,0,0.0,0.025584340500000125
415.721,0,0,0.0,0.025584340500000125
415.826,0,0,0.0,0.025584340500000125
415.839,0,0,0.0,0.025584340500000125
415.923,0,0,0.0,0.025584340500000125
416.124,0,0,0.0,0.025584340500000125
416.132,0,0,0.0,0.025584340500000125
416.233,0,0,0.0,0.025584340500000125
416.421,0,0,0.0,0.025584340500000125
416.627,0,0,0.0,0.025584340500000125
416.726,0,0,0.0,0.025584340500000125
416.824,0,0,0.0,0.025584340500000125
416.837,0,0,0.0,0.025584340500000125
417.022,0,0,0.0,0.025584340500000125
417.12,0,0,0.0,0.025584340500000125
417.14,0,0,0.0,0.025584340500000125
417.42,0,0,0.0,0.025584340500000125
417.527,0,0,0.0,0.025584340500000125
417.621,0,0,0.0,0.025584340500000125
417.666,0,0,0.0,0.025584340500000125
417.824,0,0,0.0,0.025584340500000125
417.845,0,0,0.0,0.025584340500000125
418.022,0,0,0.0,0.025584340500000125
418.12,0,0,0.0,0.025584340500000125
418.418,0,0,0.0,0.025584340500000125
418.521,0,0,0.0,0.025584340500000125
418.527,0,0,0.0,0.025584340500000125
418.546,0,0,0.0,0.025584340500000125
418.627,0,0,0.0,0.025584340500000125
418.824,0,0,0.0,0.025584340500000125
418.849,0,0,0.0,0.025584340500000125
418.922,0,0,0.0,0.025584340500000125
419.219,0,0,0.0,0.025584340500000125
419.225,0,0,0.0,0.025584340500000125
419.42,0,0,0.0,0.025584340500000125
419.516,0,0,0.0,0.025584340500000125
419.53,0,0,0.0,0.025584340500000125
419.733,0,0,0.0,0.025584340500000125
419.776,0,0,0.0,0.025584340500000125
419.831,0,0,0.0,0.025584340500000125
419.844,0,0,0.0,0.025584340500000125
420.217,0,0,0.0,0.025584340500000125
420.421,0,0,0.0,0.025584340500000125
420.424,0,0,0.0,0.025584340500000125
420.441,0,0,0.0,0.025584340500000125
420.52,0,0,0.0,0.025584340500000125
420.566,0,0,0.0,0.025584340500000125
420.621,0,0,0.0,0.025584340500000125
420.837,0,0,0.0,0.025584340500000125
420.844,0,0,0.0,0.025584340500000125
421.119,0,0,0.0,0.025584340500000125
421.419,0,0,0.0,0.025584340500000125
421.52,0,0,0.0,0.025584340500000125
421.523,0,0,0.0,0.025584340500000125
421.542,0,0,0.0,0.025584340500000125
421.721,0,0,0.0,0.025584340500000125
421.721,0,0,0.0,0.025584340500000125
421.74,0,0,0.0,0.025584340500000125
421.841,0,0,0.0,0.025584340500000125
422.022,0,0,0.0,0.025584340500000125
422.419,0,0,0.0,0.025584340500000125
422.523,0,0,0.0,0.025584340500000125
422.526,0,0,0.0,0.025584340500000125
422.72,0,0,0.0,0.025584340500000125
422.823,0,0,0.0,0.025584340500000125
422.824,0,0,0.0,0.025584340500000125
422.824,0,0,0.0,0.025584340500000125
422.832,0,0,0.0,0.025584340500000125
422.844,0,0,0.0,0.025584340500000125
423.118,0,0,0.0,0.025584340500000125
423.52,0,0,0.0,0.025584340500000125
423.556,0,0,0.0,0.025584340500000125
423.556,0,0,0.0,0.025584340500000125
423.619,0,0,0.0,0.025584340500000125
423.721,0,0,0.0,0.025584340500000125
423.92,0,0,0.0,0.025584340500000125
423.924,0,0,0.0,0.025584340500000125
424.027,0,0,0.0,0.025584340500000125
424.218,0,0,0.0,0.025584340500000125
424.519,0,0,0.0,0.025584340500000125
424.619,0,0,0.0,0.025584340500000125
424.619,0,0,0.0,0.025584340500000125
424.718,0,0,0.0,0.025584340500000125
424.82,0,0,0.0,0.025584340500000125
424.82,0,0,0.0,0.025584340500000125
424.832,0,0,0.0,0.025584340500000125
424.843,0,0,0.0,0.025584340500000125
425.027,0,0,0.0,0.025584340500000125
425.224,0,0,0.0,0.025584340500000125
425.419,0,0,0.0,0.025584340500000125
425.519,0,0,0.0,0.025584340500000125
425.72,0,0,0.0,0.025584340500000125
425.745,0,0,0.0,0.025584340500000125
425.822,0,0,0.0,0.025584340500000125
425.823,0,0,0.0,0.025584340500000125
426.017,0,0,0.0,0.025584340500000125
426.118,0,0,0.0,0.025584340500000125
426.127,0,0,0.0,0.025584340500000125
426.424,0,0,0.0,0.025584340500000125
426.516,0,0,0.0,0.025584340500000125
426.622,0,0,0.0,0.025584340500000125
426.72,0,0,0.0,0.025584340500000125
426.825,0,0,0.0,0.025584340500000125
427.019,0,0,0.0,0.025584340500000125
427.117,0,0,0.0,0.025584340500000125
427.118,0,0,0.0,0.025584340500000125
427.218,0,0,0.0,0.025584340500000125
427.518,0,0,0.0,0.025584340500000125
427.618,0,0,0.0,0.025584340500000125
427.72,0,0,0.0,0.025584340500000125
427.826,0,0,0.0,0.025584340500000125
427.842,0,0,0.0,0.025584340500000125
427.919,0,0,0.0,0.025584340500000125
428.217,0,0,0.0,0.025584340500000125
428.218,0,0,0.0,0.025584340500000125
428.223,0,0,0.0,0.025584340500000125
428.518,0,0,0.0,0.025584340500000125
428.636,0,0,0.0,0.025584340500000125
428.725,0,0,0.0,0.025584340500000125
428.827,0,0,0.0,0.025584340500000125
428.828,0,0,0.0,0.025584340500000125
428.839,0,0,0.0,0.025584340500000125
429.214,0,0,0.0,0.025584340500000125
429.417,0,0,0.0,0.025584340500000125
429.431,0,0,0.0,0.025584340500000125
429.506,0,0,0.0,0.025584340500000125
429.516,0,0,0.0,0.025584340500000125
429.624,0,0,0.0,0.025584340500000125
429.72,0,0,0.0,0.025584340500000125
429.842,0,0,0.0,0.025584340500000125
429.922,0,0,0.0,0.025584340500000125
430.116,0,0,0.0,0.025584340500000125
430.414,0,0,0.0,0.025584340500000125
430.517,0,0,0.0,0.025584340500000125
430.518,0,0,0.0,0.025584340500000125
430.521,0,0,0.0,0.025584340500000125
430.531,0,0,0.0,0.025584340500000125
430.629,0,0,0.0,0.025584340500000125
430.837,0,0,0.0,0.025584340500000125
430.918,0,0,0.0,0.025584340500000125
431.116,0,0,0.0,0.025584340500000125
431.414,0,0,0.0,0.025584340500000125
431.438,0,0,0.0,0.025584340500000125
431.476,0,0,0.0,0.025584340500000125
431.615,0,0,0.0,0.025584340500000125
431.617,0,0,0.0,0.025584340500000125
431.725,0,0,0.0,0.025584340500000125
431.827,0,0,0.0,0.025584340500000125
431.829,0,0,0.0,0.025584340500000125
431.831,0,0,0.0,0.025584340500000125
432.113,0,0,0.0,0.025584340500000125
432.496,0,0,0.0,0.025584340500000125
432.515,0,0,0.0,0.025584340500000125
432.517,0,0,0.0,0.025584340500000125
432.536,0,0,0.0,0.025584340500000125
432.538,0,0,0.0,0.025584340500000125
432.614,0,0,0.0,0.025584340500000125
432.737,0,0,0.0,0.025584340500000125
433.115,0,0,0.0,0.025584340500000125
433.496,0,0,0.0,0.025584340500000125
433.516,0,0,0.0,0.025584340500000125
433.517,0,0,0.0,0.025584340500000125
433.52,0,0,0.0,0.025584340500000125
433.617,0,0,0.0,0.025584340500000125
433.719,0,0,0.0,0.025584340500000125
433.818,0,0,0.0,0.025584340500000125
433.837,0,0,0.0,0.025584340500000125
434.121,0,0,0.0,0.025584340500000125
434.516,0,0,0.0,0.025584340500000125
434.516,0,0,0.0,0.025584340500000125
434.546,0,0,0.0,0.025584340500000125
434.717,0,0,0.0,0.025584340500000125
434.82,0,0,0.0,0.025584340500000125
434.82,0,0,0.0,0.025584340500000125
434.83,0,0,0.0,0.025584340500000125
434.841,0,0,0.0,0.025584340500000125
434.917,0,0,0.0,0.025584340500000125
435.02,0,0,0.0,0.025584340500000125
435.415,0,0,0.0,0.025584340500000125
435.425,0,0,0.0,0.025584340500000125
435.546,0,0,0.0,0.025584340500000125
435.717,0,0,0.0,0.025584340500000125
435.717,0,0,0.0,0.025584340500000125
435.83,0,0,0.0,0.025584340500000125
435.917,0,0,0.0,0.025584340500000125
436.017,0,0,0.0,0.025584340500000125
436.028,0,0,0.0,0.025584340500000125
436.221,0,0,0.0,0.025584340500000125
436.519,0,0,0.0,0.025584340500000125
436.526,0,0,0.0,0.025584340500000125
436.616,0,0,0.0,0.025584340500000125
436.717,0,0,0.0,0.025584340500000125
436.914,0,0,0.0,0.025584340500000125
436.917,0,0,0.0,0.025584340500000125
437.128,0,0,0.0,0.025584340500000125
437.214,0,0,0.0,0.025584340500000125
437.515,0,0,0.0,0.025584340500000125
437.519,0,0,0.0,0.025584340500000125
437.536,0,0,0.0,0.025584340500000125
437.733,0,0,0.0,0.025584340500000125
437.819,0,0,0.0,0.025584340500000125
437.826,0,0,0.0,0.025584340500000125
437.834,0,0,0.0,0.025584340500000125
437.917,0,0,0.0,0.025584340500000125
438.112,0,0,0.0,0.025584340500000125
438.123,0,0,0.0,0.025584340500000125
438.415,0,0,0.0,0.025584340500000125
438.536,0,0,0.0,0.025584340500000125
438.615,0,0,0.0,0.025584340500000125
438.819,0,0,0.0,0.025584340500000125
438.819,0,0,0.0,0.025584340500000125
439.016,0,0,0.0,0.025584340500000125
439.02,0,0,0.0,0.025584340500000125
439.112,0,0,0.0,0.025584340500000125
439.412,0,0,0.0,0.025584340500000125
439.524,0,0,0.0,0.025584340500000125
439.586,0,0,0.0,0.025584340500000125
439.62,0,0,0.0,0.025584340500000125
439.722,0,0,0.0,0.025584340500000125
439.834,0,0,0.0,0.025584340500000125
440.016,0,0,0.0,0.025584340500000125
440.113,0,0,0.0,0.025584340500000125
440.22,0,0,0.0,0.025584340500000125
440.412,0,0,0.0,0.025584340500000125
440.412,0,0,0.0,0.025584340500000125
440.423,0,0,0.0,0.025584340500000125
440.615,0,0,0.0,0.025584340500000125
440.818,0,0,0.0,0.025584340500000125
440.829,0,0,0.0,0.025584340500000125
440.829,52,5,0.5715,0.025584340500000125
440.921,0,0,0.0,0.025584340500000125
441.111,52,5,0.5715,0.025614503000000125
441.414,0,0,0.0,0.025614503000000125
441.414,0,0,0.0,0.025614503000000125
441.424,0,0,0.0,0.025614503000000125
441.515,0,0,0.0,0.025614503000000125
441.529,0,0,0.0,0.025614503000000125
441.722,0,0,0.0,0.025614503000000125
441.822,0,0,0.0,0.025614503000000125
442.111,0,0,0.0,0.025614503000000125
442.466,52,5,0.5715,0.02567085925000013
442.514,0,0,0.0,0.02567085925000013
442.514,0,0,0.0,0.02567085925000013
442.614,0,0,0.0,0.02567085925000013
442.614,0,0,0.0,0.02567085925000013
442.628,0,0,0.0,0.02567085925000013
442.824,0,0,0.0,0.02567085925000013
442.835,0,0,0.0,0.02567085925000013
443.116,0,0,0.0,0.02567085925000013
443.413,0,0,0.0,0.02567085925000013
443.413,10,1,0.1143,0.02567085925000013
443.511,52,5,0.5715,0.02568641675000013
443.715,0,0,0.0,0.02568641675000013
443.719,0,0,0.0,0.02568641675000013
443.73,0,0,0.0,0.02568641675000013
443.818,0,0,0.0,0.02568641675000013
443.826,0,0,0.0,0.02568641675000013
443.835,0,0,0.0,0.02568641675000013
444.016,0,0,0.0,0.02568641675000013
444.413,0,0,0.0,0.02568641675000013
444.413,0,0,0.0,0.02568641675000013
444.519,41,4,0.4572,0.02569987875000013
444.712,20,2,0.2286,0.02571213425000013
444.715,0,0,0.0,0.02571213425000013
444.814,0,0,0.0,0.02571213425000013
444.815,0,0,0.0,0.02571213425000013
445.112,0,0,0.0,0.02571213425000013
445.416,0,0,0.0,0.02571213425000013
445.466,0,0,0.0,0.02571213425000013
445.613,0,0,0.0,0.02571213425000013
445.613,31,3,0.3429,0.02571213425000013
445.619,31,3,0.3429,0.02571270575000013
445.712,0,0,0.0,0.02571270575000013
445.713,0,0,0.0,0.02571270575000013
445.837,0,0,0.0,0.02571270575000013
446.118,0,0,0.0,0.02571270575000013
446.221,0,0,0.0,0.02571270575000013
446.416,0,0,0.0,0.02571270575000013
446.613,0,0,0.0,0.02571270575000013
446.613,0,0,0.0,0.02571270575000013
446.816,20,2,0.2286,0.025725596250000128
446.817,0,0,0.0,0.025725596250000128
446.827,0,0,0.0,0.025725596250000128
446.836,0,0,0.0,0.025725596250000128
446.914,46,4,0.4572,0.025735502250000125
447.024,0,0,0.0,0.025735502250000125
447.224,0,0,0.0,0.025735502250000125
447.413,0,0,0.0,0.025735502250000125
447.419,0,0,0.0,0.025735502250000125
447.714,0,0,0.0,0.025735502250000125
447.737,0,0,0.0,0.025735502250000125
447.816,5,0,0.0,0.025735502250000125
447.817,0,0,0.0,0.025735502250000125
448.013,52,5,0.5715,0.02576661725000012
448.023,0,0,0.0,0.02576661725000012
448.123,0,0,0.0,0.02576661725000012
448.416,0,0,0.0,0.02576661725000012
448.456,0,0,0.0,0.02576661725000012
448.618,0,0,0.0,0.02576661725000012
448.618,0,0,0.0,0.02576661725000012
448.814,0,0,0.0,0.02576661725000012
449.011,0,0,0.0,0.02576661725000012
449.111,0,0,0.0,0.02576661725000012
449.212,0,0,0.0,0.02576661725000012
449.223,0,0,0.0,0.02576661725000012
449.418,0,0,0.0,0.02576661725000012
449.618,0,0,0.0,0.02576661725000012
449.714,0,0,0.0,0.02576661725000012
449.82,0,0,0.0,0.02576661725000012
449.831,0,0,0.0,0.02576661725000012
449.913,0,0,0.0,0.02576661725000012
450.209,0,0,0.0,0.02576661725000012
450.424,0,0,0.0,0.02576661725000012
450.446,0,0,0.0,0.02576661725000012
450.456,0,0,0.0,0.02576661725000012
450.596,0,0,0.0,0.02576661725000012
450.713,0,0,0.0,0.02576661725000012
450.836,0,0,0.0,0.02576661725000012
450.913,0,0,0.0,0.02576661725000012
450.916,0,0,0.0,0.02576661725000012
451.108,0,0,0.0,0.02576661725000012
451.409,0,0,0.0,0.02576661725000012
451.428,0,0,0.0,0.02576661725000012
451.446,0,0,0.0,0.02576661725000012
451.446,0,0,0.0,0.02576661725000012
451.618,0,0,0.0,0.02576661725000012
451.72,0,0,0.0,0.02576661725000012
451.832,0,0,0.0,0.02576661725000012
451.919,0,0,0.0,0.02576661725000012
452.21,0,0,0.0,0.02576661725000012
452.408,0,0,0.0,0.02576661725000012
452.412,0,0,0.0,0.02576661725000012
452.446,0,0,0.0,0.02576661725000012
452.509,0,0,0.0,0.02576661725000012
452.521,0,0,0.0,0.02576661725000012
452.713,0,0,0.0,0.02576661725000012
452.823,0,0,0.0,0.02576661725000012
452.831,0,0,0.0,0.02576661725000012
452.913,0,0,0.0,0.02576661725000012
453.11,0,0,0.0,0.02576661725000012
453.41,0,0,0.0,0.02576661725000012
453.41,0,0,0.0,0.02576661725000012
453.411,0,0,0.0,0.02576661725000012
453.432,0,0,0.0,0.02576661725000012
453.611,0,0,0.0,0.02576661725000012
453.621,0,0,0.0,0.02576661725000012
453.827,0,0,0.0,0.02576661725000012
454.107,0,0,0.0,0.02576661725000012
454.41,0,0,0.0,0.02576661725000012
454.416,0,0,0.0,0.02576661725000012
454.61,0,0,0.0,0.02576661725000012
454.611,0,0,0.0,0.02576661725000012
454.611,0,0,0.0,0.02576661725000012
454.617,0,0,0.0,0.02576661725000012
454.721,0,0,0.0,0.02576661725000012
454.835,0,0,0.0,0.02576661725000012
455.209,0,0,0.0,0.02576661725000012
455.216,0,0,0.0,0.02576661725000012
455.508,0,0,0.0,0.02576661725000012
455.51,0,0,0.0,0.02576661725000012
455.711,0,0,0.0,0.02576661725000012
455.713,0,0,0.0,0.02576661725000012
455.727,0,0,0.0,0.02576661725000012
455.815,0,0,0.0,0.02576661725000012
455.831,0,0,0.0,0.02576661725000012
456.109,0,0,0.0,0.02576661725000012
456.416,0,0,0.0,0.02576661725000012
456.486,0,0,0.0,0.02576661725000012
456.51,0,0,0.0,0.02576661725000012
456.709,0,0,0.0,0.02576661725000012
456.811,0,0,0.0,0.02576661725000012
456.834,0,0,0.0,0.02576661725000012
456.911,0,0,0.0,0.02576661725000012
456.912,0,0,0.0,0.02576661725000012
457.015,0,0,0.0,0.02576661725000012
457.426,0,0,0.0,0.02576661725000012
457.466,0,0,0.0,0.02576661725000012
457.51,0,0,0.0,0.02576661725000012
457.616,0,0,0.0,0.02576661725000012
457.711,0,0,0.0,0.02576661725000012
457.816,0,0,0.0,0.02576661725000012
457.823,0,0,0.0,0.02576661725000012
457.827,0,0,0.0,0.02576661725000012
457.909,0,0,0.0,0.02576661725000012
458.014,0,0,0.0,0.02576661725000012
458.214,0,0,0.0,0.02576661725000012
458.426,0,0,0.0,0.02576661725000012
458.609,0,0,0.0,0.02576661725000012
458.61,0,0,0.0,0.02576661725000012
458.711,0,0,0.0,0.02576661725000012
458.728,0,0,0.0,0.02576661725000012
458.82,0,0,0.0,0.02576661725000012
458.91,0,0,0.0,0.02576661725000012
459.105,0,0,0.0,0.02576661725000012
459.12,0,0,0.0,0.02576661725000012
459.51,0,0,0.0,0.02576661725000012
459.51,0,0,0.0,0.02576661725000012
459.546,0,0,0.0,0.02576661725000012
459.813,0,0,0.0,0.02576661725000012
459.91,0,0,0.0,0.02576661725000012
459.914,0,0,0.0,0.02576661725000012
460.029,0,0,0.0,0.02576661725000012
460.105,0,0,0.0,0.02576661725000012
460.217,0,0,0.0,0.02576661725000012
460.409,0,0,0.0,0.02576661725000012
460.519,0,0,0.0,0.02576661725000012
460.711,0,0,0.0,0.02576661725000012
460.716,0,0,0.0,0.02576661725000012
460.824,0,0,0.0,0.02576661725000012
461.01,0,0,0.0,0.02576661725000012
461.111,0,0,0.0,0.02576661725000012
461.208,0,0,0.0,0.02576661725000012
461.416,0,0,0.0,0.02576661725000012
461.476,0,0,0.0,0.02576661725000012
461.514,0,0,0.0,0.02576661725000012
461.71,0,0,0.0,0.02576661725000012
461.715,0,0,0.0,0.02576661725000012
461.82,0,0,0.0,0.02576661725000012
461.834,0,0,0.0,0.02576661725000012
462.01,0,0,0.0,0.02576661725000012
462.105,0,0,0.0,0.02576661725000012
462.208,0,0,0.0,0.02576661725000012
462.408,0,0,0.0,0.02576661725000012
462.408,0,0,0.0,0.02576661725000012
462.42,0,0,0.0,0.02576661725000012
462.608,0,0,0.0,0.02576661725000012
462.818,0,0,0.0,0.02576661725000012
462.913,0,0,0.0,0.02576661725000012
463.105,0,0,0.0,0.02576661725000012
463.408,0,0,0.0,0.02576661725000012
463.408,0,0,0.0,0.02576661725000012
463.508,0,0,0.0,0.02576661725000012
463.524,0,0,0.0,0.02576661725000012
463.716,0,0,0.0,0.02576661725000012
463.815,0,0,0.0,0.02576661725000012
463.822,0,0,0.0,0.02576661725000012
464.196,0,0,0.0,0.02576661725000012
464.207,0,0,0.0,0.02576661725000012
464.213,0,0,0.0,0.02576661725000012
464.505,0,0,0.0,0.02576661725000012
464.506,0,0,0.0,0.02576661725000012
464.508,0,0,0.0,0.02576661725000012
464.508,0,0,0.0,0.02576661725000012
464.62,0,0,0.0,0.02576661725000012
464.818,0,0,0.0,0.02576661725000012
464.829,0,0,0.0,0.02576661725000012
465.207,0,0,0.0,0.02576661725000012
465.407,0,0,0.0,0.02576661725000012
465.413,0,0,0.0,0.02576661725000012
465.508,0,0,0.0,0.02576661725000012
465.53,0,0,0.0,0.02576661725000012
465.706,0,0,0.0,0.02576661725000012
465.706,0,0,0.0,0.02576661725000012
465.719,0,0,0.0,0.02576661725000012
465.832,0,0,0.0,0.02576661725000012
466.006,0,0,0.0,0.02576661725000012
466.407,0,0,0.0,0.02576661725000012
466.407,0,0,0.0,0.02576661725000012
466.507,0,0,0.0,0.02576661725000012
466.608,0,0,0.0,0.02576661725000012
466.613,0,0,0.0,0.02576661725000012
466.708,0,0,0.0,0.02576661725000012
466.709,0,0,0.0,0.02576661725000012
466.832,0,0,0.0,0.02576661725000012
467.106,0,0,0.0,0.02576661725000012
467.396,0,0,0.0,0.02576661725000012
467.456,0,0,0.0,0.02576661725000012
467.505,0,0,0.0,0.02576661725000012
467.607,0,0,0.0,0.02576661725000012
467.708,0,0,0.0,0.02576661725000012
467.812,0,0,0.0,0.02576661725000012
467.825,0,0,0.0,0.02576661725000012
467.908,0,0,0.0,0.02576661725000012
468.112,0,0,0.0,0.02576661725000012
468.21,0,0,0.0,0.02576661725000012
468.412,0,0,0.0,0.02576661725000012
468.507,0,0,0.0,0.02576661725000012
468.606,0,0,0.0,0.02576661725000012
468.807,0,0,0.0,0.02576661725000012
468.807,0,0,0.0,0.02576661725000012
468.833,0,0,0.0,0.02576661725000012
468.911,0,0,0.0,0.02576661725000012
469.017,0,0,0.0,0.02576661725000012
469.121,0,0,0.0,0.02576661725000012
469.412,0,0,0.0,0.02576661725000012
469.507,0,0,0.0,0.02576661725000012
469.612,0,0,0.0,0.02576661725000012
469.706,0,0,0.0,0.02576661725000012
469.73,0,0,0.0,0.02576661725000012
469.81,0,0,0.0,0.02576661725000012
469.83,0,0,0.0,0.02576661725000012
470.005,0,0,0.0,0.02576661725000012
470.106,0,0,0.0,0.02576661725000012
470.119,0,0,0.0,0.02576661725000012
470.215,0,0,0.0,0.02576661725000012
470.436,0,0,0.0,0.02576661725000012
470.707,0,0,0.0,0.02576661725000012
470.728,0,0,0.0,0.02576661725000012
470.81,0,0,0.0,0.02576661725000012
470.81,0,0,0.0,0.02576661725000012
471.005,0,0,0.0,0.02576661725000012
471.103,0,0,0.0,0.02576661725000012
471.106,0,0,0.0,0.02576661725000012
471.217,0,0,0.0,0.02576661725000012
471.412,0,0,0.0,0.02576661725000012
471.606,0,0,0.0,0.02576661725000012
471.61,0,0,0.0,0.02576661725000012
471.907,0,0,0.0,0.02576661725000012
471.907,0,0,0.0,0.02576661725000012
472.102,0,0,0.0,0.02576661725000012
472.205,0,0,0.0,0.02576661725000012
472.206,0,0,0.0,0.02576661725000012
472.486,0,0,0.0,0.02576661725000012
472.512,0,0,0.0,0.02576661725000012
472.707,0,0,0.0,0.02576661725000012
472.811,0,0,0.0,0.02576661725000012
472.812,0,0,0.0,0.02576661725000012
472.829,0,0,0.0,0.02576661725000012
473.204,0,0,0.0,0.02576661725000012
473.205,0,0,0.0,0.02576661725000012
473.211,0,0,0.0,0.02576661725000012
473.226,0,0,0.0,0.02576661725000012
473.417,0,0,0.0,0.02576661725000012
473.707,0,0,0.0,0.02576661725000012
473.713,0,0,0.0,0.02576661725000012
473.832,0,0,0.0,0.02576661725000012
473.912,0,0,0.0,0.02576661725000012
474.204,0,0,0.0,0.02576661725000012
474.405,0,0,0.0,0.02576661725000012
474.406,0,0,0.0,0.02576661725000012
474.505,0,0,0.0,0.02576661725000012
474.505,0,0,0.0,0.02576661725000012
474.512,0,0,0.0,0.02576661725000012
474.707,0,0,0.0,0.02576661725000012
474.829,0,0,0.0,0.02576661725000012
474.912,0,0,0.0,0.02576661725000012
475.013,0,0,0.0,0.02576661725000012
475.402,0,0,0.0,0.02576661725000012
475.505,0,0,0.0,0.02576661725000012
475.508,0,0,0.0,0.02576661725000012
475.51,0,0,0.0,0.02576661725000012
475.605,0,0,0.0,0.02576661725000012
475.617,0,0,0.0,0.02576661725000012
475.815,0,0,0.0,0.02576661725000012
475.829,0,0,0.0,0.02576661725000012
476.103,0,0,0.0,0.02576661725000012
476.207,0,0,0.0,0.02576661725000012
476.608,0,0,0.0,0.02576661725000012
476.705,0,0,0.0,0.02576661725000012
476.706,0,0,0.0,0.02576661725000012
476.707,0,0,0.0,0.02576661725000012
476.724,0,0,0.0,0.02576661725000012
476.83,0,0,0.0,0.02576661725000012
477.096,0,0,0.0,0.02576661725000012
477.203,0,0,0.0,0.02576661725000012
477.406,0,0,0.0,0.02576661725000012
477.504,0,0,0.0,0.02576661725000012
477.602,0,0,0.0,0.02576661725000012
477.63,0,0,0.0,0.02576661725000012
477.705,0,0,0.0,0.02576661725000012
477.805,0,0,0.0,0.02576661725000012
477.805,0,0,0.0,0.02576661725000012
477.829,0,0,0.0,0.02576661725000012
478.103,0,0,0.0,0.02576661725000012
478.504,0,0,0.0,0.02576661725000012
478.507,0,0,0.0,0.02576661725000012
478.703,0,0,0.0,0.02576661725000012
478.705,0,0,0.0,0.02576661725000012
478.705,0,0,0.0,0.02576661725000012
478.833,0,0,0.0,0.02576661725000012
478.902,0,0,0.0,0.02576661725000012
479.096,0,0,0.0,0.02576661725000012
479.103,0,0,0.0,0.02576661725000012
479.504,0,0,0.0,0.02576661725000012
479.705,0,0,0.0,0.02576661725000012
479.711,0,0,0.0,0.02576661725000012
479.816,0,0,0.0,0.02576661725000012
479.819,0,0,0.0,0.02576661725000012
479.826,0,0,0.0,0.02576661725000012
479.996,0,0,0.0,0.02576661725000012
479.996,0,0,0.0,0.02576661725000012
480.002,0,0,0.0,0.02576661725000012
480.002,0,0,0.0,0.02576661725000012
480.426,0,0,0.0,0.02576661725000012
480.501,0,0,0.0,0.02576661725000012
480.509,0,0,0.0,0.02576661725000012
480.705,0,0,0.0,0.02576661725000012
480.904,0,0,0.0,0.02576661725000012
480.996,0,0,0.0,0.02576661725000012
481.014,0,0,0.0,0.02576661725000012
481.104,0,0,0.0,0.02576661725000012
481.108,0,0,0.0,0.02576661725000012
481.416,0,0,0.0,0.02576661725000012
481.509,0,0,0.0,0.02576661725000012
481.603,0,0,0.0,0.02576661725000012
481.807,0,0,0.0,0.02576661725000012
481.808,0,0,0.0,0.02576661725000012
481.821,0,0,0.0,0.02576661725000012
481.904,0,0,0.0,0.02576661725000012
482.102,0,0,0.0,0.02576661725000012
482.202,0,0,0.0,0.02576661725000012
482.214,0,0,0.0,0.02576661725000012
482.456,0,0,0.0,0.02576661725000012
482.603,0,0,0.0,0.02576661725000012
482.708,0,0,0.0,0.02576661725000012
482.806,0,0,0.0,0.02576661725000012
482.829,0,0,0.0,0.02576661725000012
483.003,0,0,0.0,0.02576661725000012
483.202,0,0,0.0,0.02576661725000012
483.202,0,0,0.0,0.02576661725000012
483.476,0,0,0.0,0.02576661725000012
483.502,0,0,0.0,0.02576661725000012
483.509,0,0,0.0,0.02576661725000012
483.603,0,0,0.0,0.02576661725000012
483.708,0,0,0.0,0.02576661725000012
483.827,0,0,0.0,0.02576661725000012
484.003,0,0,0.0,0.02576661725000012
484.005,0,0,0.0,0.02576661725000012
484.506,0,0,0.0,0.02576661725000012
484.508,0,0,0.0,0.02576661725000012
484.596,0,0,0.0,0.02576661725000012
484.605,0,0,0.0,0.02576661725000012
484.806,0,0,0.0,0.02576661725000012
484.827,0,0,0.0,0.02576661725000012
484.896,0,0,0.0,0.02576661725000012
484.903,0,0,0.0,0.02576661725000012
485.201,0,0,0.0,0.02576661725000012
485.205,0,0,0.0,0.02576661725000012
485.512,0,0,0.0,0.02576661725000012
485.556,0,0,0.0,0.02576661725000012
485.703,0,0,0.0,0.02576661725000012
485.714,0,0,0.0,0.02576661725000012
485.796,0,0,0.0,0.02576661725000012
485.813,0,0,0.0,0.02576661725000012
485.821,0,0,0.0,0.02576661725000012
486.198,0,0,0.0,0.02576661725000012
486.501,0,0,0.0,0.02576661725000012
486.502,0,0,0.0,0.02576661725000012
486.599,0,0,0.0,0.02576661725000012
486.602,0,0,0.0,0.02576661725000012
486.703,0,0,0.0,0.02576661725000012
486.812,0,0,0.0,0.02576661725000012
486.831,0,0,0.0,0.02576661725000012
487.096,0,0,0.0,0.02576661725000012
487.1,0,0,0.0,0.02576661725000012
487.401,0,0,0.0,0.02576661725000012
487.501,0,0,0.0,0.02576661725000012
487.505,0,0,0.0,0.02576661725000012
487.602,0,0,0.0,0.02576661725000012
487.702,0,0,0.0,0.02576661725000012
487.719,0,0,0.0,0.02576661725000012
487.828,0,0,0.0,0.02576661725000012
487.9,0,0,0.0,0.02576661725000012
488.1,0,0,0.0,0.02576661725000012
488.401,0,0,0.0,0.02576661725000012
488.501,0,0,0.0,0.02576661725000012
488.703,0,0,0.0,0.02576661725000012
488.706,0,0,0.0,0.02576661725000012
488.796,0,0,0.0,0.02576661725000012
488.806,0,0,0.0,0.02576661725000012
488.813,0,0,0.0,0.02576661725000012
488.821,0,0,0.0,0.02576661725000012
488.908,0,0,0.0,0.02576661725000012
489.1,0,0,0.0,0.02576661725000012
489.401,0,0,0.0,0.02576661725000012
489.499,0,0,0.0,0.02576661725000012
489.601,0,0,0.0,0.02576661725000012
489.601,0,0,0.0,0.02576661725000012
489.902,0,0,0.0,0.02576661725000012
490.002,0,0,0.0,0.02576661725000012
490.096,0,0,0.0,0.02576661725000012
490.1,0,0,0.0,0.02576661725000012
490.2,0,0,0.0,0.02576661725000012
490.501,0,0,0.0,0.02576661725000012
490.6,0,0,0.0,0.02576661725000012
490.606,0,0,0.0,0.02576661725000012
490.801,0,0,0.0,0.02576661725000012
490.812,0,0,0.0,0.02576661725000012
490.825,0,0,0.0,0.02576661725000012
490.899,0,0,0.0,0.02576661725000012
490.901,0,0,0.0,0.02576661725000012
491.011,0,0,0.0,0.02576661725000012
491.2,0,0,0.0,0.02576661725000012
491.4,0,0,0.0,0.02576661725000012
491.404,0,0,0.0,0.02576661725000012
491.606,0,0,0.0,0.02576661725000012
491.723,0,0,0.0,0.02576661725000012
491.803,0,0,0.0,0.02576661725000012
491.804,0,0,0.0,0.02576661725000012
491.999,0,0,0.0,0.02576661725000012
492.099,0,0,0.0,0.02576661725000012
492.109,0,0,0.0,0.02576661725000012
492.396,0,0,0.0,0.02576661725000012
492.4,0,0,0.0,0.02576661725000012
492.603,0,0,0.0,0.02576661725000012
492.702,0,0,0.0,0.02576661725000012
492.803,0,0,0.0,0.02576661725000012
493.001,0,0,0.0,0.02576661725000012
493.099,0,0,0.0,0.02576661725000012
493.1,0,0,0.0,0.02576661725000012
493.206,0,0,0.0,0.02576661725000012
493.5,0,0,0.0,0.02576661725000012
493.6,0,0,0.0,0.02576661725000012
493.606,0,0,0.0,0.02576661725000012
493.825,0,0,0.0,0.02576661725000012
493.899,0,0,0.0,0.02576661725000012
493.9,0,0,0.0,0.02576661725000012
494.199,0,0,0.0,0.02576661725000012
494.199,0,0,0.0,0.02576661725000012
494.2,0,0,0.0,0.02576661725000012
494.446,0,0,0.0,0.02576661725000012
494.5,0,0,0.0,0.02576661725000012
494.707,0,0,0.0,0.02576661725000012
494.809,0,0,0.0,0.02576661725000012
494.81,0,0,0.0,0.02576661725000012
494.824,0,0,0.0,0.02576661725000012
495.196,0,0,0.0,0.02576661725000012
495.4,0,0,0.0,0.02576661725000012
495.405,0,0,0.0,0.02576661725000012
495.605,0,0,0.0,0.02576661725000012
495.696,0,0,0.0,0.02576661725000012
495.701,0,0,0.0,0.02576661725000012
495.813,0,0,0.0,0.02576661725000012
495.828,0,0,0.0,0.02576661725000012
495.896,0,0,0.0,0.02576661725000012
496.098,0,0,0.0,0.02576661725000012
496.396,0,0,0.0,0.02576661725000012
496.499,0,0,0.0,0.02576661725000012
496.499,0,0,0.0,0.02576661725000012
496.5,0,0,0.0,0.02576661725000012
496.509,0,0,0.0,0.02576661725000012
496.611,0,0,0.0,0.02576661725000012
496.82,0,0,0.0,0.02576661725000012
496.9,0,0,0.0,0.02576661725000012
497.001,0,0,0.0,0.02576661725000012
497.396,0,0,0.0,0.02576661725000012
497.499,0,0,0.0,0.02576661725000012
497.502,0,0,0.0,0.02576661725000012
497.597,0,0,0.0,0.02576661725000012
497.707,0,0,0.0,0.02576661725000012
497.809,0,0,0.0,0.02576661725000012
497.81,0,0,0.0,0.02576661725000012
497.817,0,0,0.0,0.02576661725000012
497.896,0,0,0.0,0.02576661725000012
498.095,0,0,0.0,0.02576661725000012
498.398,0,0,0.0,0.02576661725000012
498.497,0,0,0.0,0.02576661725000012
498.499,0,0,0.0,0.02576661725000012
498.596,0,0,0.0,0.02576661725000012
498.599,0,0,0.0,0.02576661725000012
498.717,0,0,0.0,0.02576661725000012
498.896,0,0,0.0,0.02576661725000012
499.097,0,0,0.0,0.02576661725000012
499.496,0,0,0.0,0.02576661725000012
499.498,0,0,0.0,0.02576661725000012
499.598,0,0,0.0,0.02576661725000012
499.598,0,0,0.0,0.02576661725000012
499.602,0,0,0.0,0.02576661725000012
499.62,0,0,0.0,0.02576661725000012
499.799,0,0,0.0,0.02576661725000012
499.819,0,0,0.0,0.02576661725000012
500.097,0,0,0.0,0.02576661725000012
500.207,0,0,0.0,0.02576661725000012
500.498,0,0,0.0,0.02576661725000012
500.498,0,0,0.0,0.02576661725000012
500.699,0,0,0.0,0.02576661725000012
500.8,0,0,0.0,0.02576661725000012
500.802,0,0,0.0,0.02576661725000012
500.823,0,0,0.0,0.02576661725000012
500.899,0,0,0.0,0.02576661725000012
501.003,0,0,0.0,0.02576661725000012
501.397,0,0,0.0,0.02576661725000012
501.403,0,0,0.0,0.02576661725000012
501.699,0,0,0.0,0.02576661725000012
501.699,0,0,0.0,0.02576661725000012
501.804,0,0,0.0,0.02576661725000012
501.809,0,0,0.0,0.02576661725000012
501.817,0,0,0.0,0.02576661725000012
501.996,0,0,0.0,0.02576661725000012
501.999,0,0,0.0,0.02576661725000012
502.002,0,0,0.0,0.02576661725000012
502.202,0,0,0.0,0.02576661725000012
502.396,0,0,0.0,0.02576661725000012
502.501,0,0,0.0,0.02576661725000012
502.603,0,0,0.0,0.02576661725000012
502.698,0,0,0.0,0.02576661725000012
502.721,158,15,1.7145,0.02577757100000013
502.896,0,0,0.0,0.02577757100000013
502.996,0,0,0.0,0.02577757100000013
503.096,0,0,0.0,0.02577757100000013
503.108,0,0,0.0,0.02577757100000013
503.497,0,0,0.0,0.02577757100000013
503.501,0,0,0.0,0.02577757100000013
503.714,211,20,2.286,0.025912826000000146
503.801,0,0,0.0,0.025912826000000146
503.807,0,0,0.0,0.025912826000000146
503.896,0,0,0.0,0.025912826000000146
503.898,0,0,0.0,0.025912826000000146
504.021,0,0,0.0,0.025912826000000146
504.193,158,15,1.7145,0.02599474100000013
504.397,0,0,0.0,0.02599474100000013
504.509,0,0,0.0,0.02599474100000013
504.8,0,0,0.0,0.02599474100000013
504.801,0,0,0.0,0.02599474100000013
504.896,0,0,0.0,0.02599474100000013
504.997,0,0,0.0,0.02599474100000013
504.999,211,20,2.286,0.025996011000000135
505.094,158,15,1.7145,0.02604125475000012
505.196,0,0,0.0,0.02604125475000012
505.596,0,0,0.0,0.02604125475000012
505.603,0,0,0.0,0.02604125475000012
505.699,0,0,0.0,0.02604125475000012
505.816,264,25,2.8575,0.026134123500000092
505.997,0,0,0.0,0.026134123500000092
506.095,264,25,2.8575,0.0262119110000001
506.196,158,15,1.7145,0.0262600122500001
506.196,0,0,0.0,0.0262600122500001
506.296,31,3,0.3429,0.026269537250000096
506.406,0,0,0.0,0.026269537250000096
506.596,0,0,0.0,0.026269537250000096
506.8,0,0,0.0,0.026269537250000096
506.807,422,40,4.572,0.026278427250000104
506.815,316,30,3.429,0.026286047250000086
506.903,0,0,0.0,0.026286047250000086
507.193,316,30,3.429,0.026562272250000053
507.266,211,20,2.286,0.026608627250000075
507.396,63,6,0.6858,0.026633392250000075
507.396,264,25,2.8575,0.026633392250000075
507.496,168,16,1.8288,0.026684192250000058
507.508,0,0,0.0,0.026684192250000058
507.596,216,20,2.286,0.026740072250000073
507.704,0,0,0.0,0.026740072250000073
507.804,0,0,0.0,0.026740072250000073
508.092,422,40,4.572,0.027105832250000086
508.295,316,30,3.429,0.027299189750000116
508.495,264,25,2.8575,0.027457939750000108
508.499,179,17,1.9431,0.02746009875000012
508.595,226,21,2.4003,0.02752410675000012
508.596,94,9,1.0287,0.027524392500000112
508.608,0,0,0.0,0.027524392500000112
508.716,0,0,0.0,0.027524392500000112
508.816,422,40,4.572,0.02765139250000007
509.098,422,40,4.572,0.028009532500000118
509.493,326,31,3.5433,0.0283983112500001
509.495,274,26,2.9718,0.028399962250000108
509.605,126,12,1.3716,0.028441872250000114
509.696,422,40,4.572,0.028557442250000124
509.696,237,22,2.5146,0.028557442250000124
509.799,189,18,2.0574,0.028616306750000094
509.805,0,0,0.0,0.028616306750000094
509.807,528,50,5.715,0.02861948175000011
509.816,422,40,4.572,0.028630911750000057
510.094,422,40,4.572,0.028983971750000084
510.404,347,33,3.7719,0.029308774250000086
510.694,284,27,3.0861,0.029557376750000103
510.696,248,23,2.6289,0.029558837250000112
510.697,158,15,1.7145,0.0295593135000001
510.795,200,19,2.1717,0.029618432000000108
510.997,528,50,5.715,0.029939107000000104
511.276,422,40,4.572,0.0302934370000001
511.286,422,40,4.572,0.030306137000000087
511.595,422,40,4.572,0.03069856700000012
511.595,295,28,3.2004,0.03069856700000012
511.614,211,20,2.286,0.03071063200000009
511.696,369,35,4.0005,0.030801754500000146
511.818,580,55,6.2865,0.031014797000000073
511.893,258,24,2.7432,0.031071947000000065
512.099,580,55,6.2865,0.031431674500000194
512.199,528,50,5.715,0.03159042450000005
512.276,422,40,4.572,0.03168821450000005
512.286,422,40,4.572,0.03170091450000004
512.398,422,40,4.572,0.03184315450000014
512.594,422,40,4.572,0.03209207450000017
512.595,422,40,4.572,0.03209334450000014
512.798,390,37,4.2291,0.03233181875000011
512.805,264,25,2.8575,0.03233737500000007
512.818,528,50,5.715,0.03235801250000012
512.821,580,55,6.2865,0.0323632512500002
512.895,310,29,3.3146999999999998,0.03243138675000016
512.993,580,55,6.2865,0.03260251925000028
513.199,580,55,6.2865,0.03296224675000011
513.4,443,42,4.8006,0.03323028025000014
513.6,422,40,4.572,0.0334842802500002
513.797,411,39,4.4577,0.0337282155000002
513.798,422,40,4.572,0.03372948550000017
513.995,316,30,3.429,0.03391712800000017
514.001,528,50,5.715,0.033926653000000126
514.193,580,55,6.2865,0.03426193300000014
514.276,528,50,5.715,0.03439369550000009
514.396,580,55,6.2865,0.0346032455000001
514.397,538,51,5.8293,0.03460486475000025
514.598,422,40,4.572,0.03486013475000013
514.6,464,44,5.0292,0.03486292875000022
514.696,422,40,4.572,0.03498484875000023
514.812,369,35,4.0005,0.03511375375000021
514.992,422,40,4.572,0.035342353750000145
515.093,369,35,4.0005,0.03545459000000015
515.103,528,50,5.715,0.03547046500000013
515.213,580,55,6.2865,0.03566255250000015
515.399,580,55,6.2865,0.035987355000000214
515.597,548,52,5.9436,0.03631425300000018
515.695,485,46,5.2578,0.03645738200000028
515.809,316,30,3.429,0.036565967000000206
515.813,316,30,3.429,0.03656977700000023
515.894,422,40,4.572,0.036672647000000246
515.995,422,40,4.572,0.036800917000000245
516.09,316,30,3.429,0.03689140450000027
516.293,369,35,4.0005,0.037116988250000246
516.293,512,48,5.4864,0.037116988250000246
516.405,569,54,6.1722,0.03730901225000019
516.405,580,55,6.2865,0.03730901225000019
516.695,559,53,6.0579,0.03779700975000032
516.894,517,49,5.6007,0.03810660400000025
516.898,422,40,4.572,0.03811168400000028
517.09,316,30,3.429,0.03829456400000029
517.19,316,30,3.429,0.03838981400000031
517.293,480,45,5.1434999999999995,0.03853697525000024
517.493,559,53,6.0579,0.03887352525000031
517.599,580,55,6.2865,0.0390586277500003
517.695,574,54,6.1722,0.03922321975000031
517.807,528,50,5.715,0.03940101975000025
517.814,264,25,2.8575,0.039406576000000214
518.095,264,25,2.8575,0.03962961975000026
518.211,358,34,3.8862,0.03975484175000025
518.236,369,35,4.0005,0.039782623000000225
518.49,316,30,3.429,0.040024558000000245
518.694,548,52,5.9436,0.040361362000000164
518.695,580,55,6.2865,0.04036310825000032
518.814,211,20,2.286,0.040438673250000265
518.894,580,55,6.2865,0.040578373250000334
518.995,211,20,2.286,0.040642508250000334
519.256,316,30,3.429,0.0408911107500003
519.266,448,42,4.8006,0.04090444575000029
519.414,416,39,4.4577,0.04108770675000032
519.498,316,30,3.429,0.041167716750000374
519.694,533,50,5.715,0.04147886675000024
519.812,211,20,2.286,0.041553796750000274
519.894,580,55,6.2865,0.04169698925000026
519.991,211,20,2.286,0.04175858425000025
520.256,264,25,2.8575,0.04196892800000024
520.256,316,30,3.429,0.04196892800000024
520.266,347,33,3.7719,0.041979405500000226
520.29,211,20,2.286,0.041994645500000226
520.492,264,25,2.8575,0.04215498300000022
520.592,305,29,3.3146999999999998,0.04224705800000024
520.592,316,30,3.429,0.04224705800000024
520.592,337,32,3.6576,0.04224705800000024
520.605,384,36,4.1148,0.04226191700000028
520.721,528,50,5.715,0.04244606700000026
520.817,158,15,1.7145,0.04249178700000026
521.191,158,15,1.7145,0.04266990450000027
521.197,211,20,2.286,0.04267371450000025
521.492,211,20,2.286,0.042861039500000225
521.59,253,24,2.7432,0.04293571550000028
521.592,295,28,3.2004,0.042937493500000236
521.694,369,35,4.0005,0.04305084100000021
521.795,321,30,3.429,0.043147043500000204
521.796,316,30,3.429,0.04314799600000029
521.818,105,10,1.143,0.04315498100000027
522.091,105,10,1.143,0.04324165850000028
522.291,158,15,1.7145,0.0433369085000003
522.398,211,20,2.286,0.04340485350000028
522.492,211,20,2.286,0.04346454350000024
522.693,242,23,2.6289,0.04361132375000025
522.792,284,27,3.0861,0.043696191500000287
522.816,52,5,0.5715,0.043700001500000286
522.893,316,30,3.429,0.04377334400000028
522.893,316,30,3.429,0.04377334400000028
523.0,52,5,0.5715,0.04379033025000028
523.291,105,10,1.143,0.0438827227500003
523.492,158,15,1.7145,0.04397844900000025
523.492,200,19,2.1717,0.04397844900000025
523.597,232,22,2.5146,0.04405179150000026
523.693,211,20,2.286,0.04411275150000027
523.793,0,0,0.0,0.04411275150000027
523.795,269,25,2.8575,0.04411433900000023
523.809,105,10,1.143,0.04411878400000024
523.99,316,30,3.429,0.044291186500000274
523.996,105,10,1.143,0.04429309150000026
524.196,52,5,0.5715,0.04432484150000027
524.291,105,10,1.143,0.044355004000000274
524.591,147,14,1.6002,0.04448835400000025
524.692,189,18,2.0574,0.04454607550000025
524.696,211,20,2.286,0.044548615500000256
524.799,264,25,2.8575,0.04463037175000022
524.805,105,10,1.143,0.044632276750000206
524.892,221,21,2.4003,0.044690284000000274
524.996,0,0,0.0,0.044690284000000274
525.102,105,10,1.143,0.044723939000000275
525.491,94,9,1.0287,0.044835095750000276
525.492,136,13,1.4859,0.044835508500000266
525.795,179,17,1.9431,0.04499905275000027
525.892,211,20,2.286,0.04506064775000033
525.895,211,20,2.286,0.04506255275000028
526.012,0,0,0.0,0.04506255275000028
526.087,105,10,1.143,0.045086365250000295
526.199,105,10,1.143,0.045121925250000285
526.236,57,5,0.5715,0.04512779900000029
526.396,67,6,0.6858,0.04515827900000028
526.497,83,8,0.9144,0.04518393300000028
526.693,163,15,1.7145,0.045277278000000296
526.698,126,12,1.3716,0.04527918300000029
526.817,105,10,1.143,0.0453169655000003
526.896,211,20,2.286,0.04536713050000027
527.093,105,10,1.143,0.04542967800000027
527.202,0,0,0.0,0.04542967800000027
527.296,84,8,0.9144,0.045453554000000285
527.49,105,10,1.143,0.045515149000000275
527.496,78,7,0.8001,0.04551648250000027
527.697,115,11,1.2573,0.045586681750000274
527.698,73,7,0.8001,0.04558690400000027
527.811,211,20,2.286,0.0456586590000003
527.991,158,15,1.7145,0.04574438400000028
528.089,211,20,2.286,0.04580661400000032
528.402,63,6,0.6858,0.04586624050000032
528.59,89,8,0.9144,0.04591399250000032
528.596,21,2,0.2286,0.04591437350000032
528.797,62,6,0.6858,0.04595266400000032
528.81,316,30,3.429,0.045965046500000245
528.895,105,10,1.143,0.04599203400000026
528.992,316,30,3.429,0.04608442650000024
529.226,105,10,1.143,0.04615872150000025
529.286,105,10,1.143,0.046177771500000235
529.287,211,20,2.286,0.04617840650000029
529.596,42,4,0.4572,0.046217649500000284
529.691,105,10,1.143,0.04624781200000029
529.698,99,9,1.0287,0.04624981225000028
529.794,52,5,0.5715,0.04626505225000028
529.814,316,30,3.429,0.046284102250000264
530.188,316,30,3.429,0.04664033725000029
530.195,316,30,3.429,0.046647004750000345
530.226,105,10,1.143,0.04665684725000033
530.236,42,4,0.4572,0.046658117250000325
530.487,211,20,2.286,0.04681750225000031
530.49,63,6,0.6858,0.04681807375000032
530.587,126,12,1.3716,0.04685503075000031
530.599,10,1,0.1143,0.04685541175000031
530.694,105,10,1.143,0.046885574250000284
530.708,105,10,1.143,0.04689001925000029
530.815,422,40,4.572,0.0470259092500004
531.188,422,40,4.572,0.04749961925000032
531.295,316,30,3.429,0.04760153675000029
531.489,316,30,3.429,0.04778632175000036
531.51,84,8,0.9144,0.04779165575000035
531.688,147,14,1.6002,0.04787077675000035
531.793,0,0,0.0,0.04787077675000035
531.813,422,40,4.572,0.047896176750000324
531.89,105,10,1.143,0.04792062425000032
531.994,422,40,4.572,0.048052704250000376
532.286,232,22,2.5146,0.048256666250000316
532.292,316,30,3.429,0.048262381250000395
532.489,316,30,3.429,0.0484500237500004
532.595,168,16,1.8288,0.04850387175000039
532.69,253,24,2.7432,0.04857626175000041
532.691,105,10,1.143,0.048576579250000404
532.814,475,45,5.1434999999999995,0.04875231550000031
532.89,105,10,1.143,0.048776445500000314
533.088,475,45,5.1434999999999995,0.049059338000000285
533.216,422,40,4.572,0.04922189800000034
533.288,422,40,4.572,0.049313338000000345
533.294,422,40,4.572,0.04932095800000031
533.587,316,30,3.429,0.04960004050000032
533.589,337,32,3.6576,0.049602072500000385
533.69,274,26,2.9718,0.04968544800000038
533.802,105,10,1.143,0.04972100800000037
533.806,475,45,5.1434999999999995,0.049726723000000396
533.889,189,18,2.0574,0.04977415750000038
534.087,475,45,5.1434999999999995,0.05005705000000035
534.191,475,45,5.1434999999999995,0.05020564000000041
534.588,422,40,4.572,0.05070983000000033
534.589,358,34,3.8862,0.05071090950000043
534.789,316,30,3.429,0.05090140950000036
534.814,422,40,4.572,0.05093315950000033
534.889,305,29,3.3146999999999998,0.05100221575000037
534.893,211,20,2.286,0.05100475575000038
534.926,422,40,4.572,0.0510466657500004
535.088,475,45,5.1434999999999995,0.051278123250000286
535.276,422,40,4.572,0.05151688325000027
535.494,432,41,4.6863,0.051800664750000364
535.588,422,40,4.572,0.05192004475000028
535.69,316,30,3.429,0.05201719975000037
535.712,422,40,4.572,0.05204513975000028
535.792,379,36,4.1148,0.05213657975000033
535.813,422,40,4.572,0.05216324975000027
535.989,316,30,3.429,0.05233088975000032
535.996,422,40,4.572,0.05233977975000025
536.193,422,40,4.572,0.05258996975000026
536.246,475,45,5.1434999999999995,0.052665693500000256
536.293,475,45,5.1434999999999995,0.05273284475000029
536.689,443,42,4.8006,0.05326091075000024
536.694,400,38,4.3434,0.05326694325000023
536.789,264,25,2.8575,0.053342349500000254
536.792,422,40,4.572,0.05334615950000031
536.986,316,30,3.429,0.053530944500000274
537.084,422,40,4.572,0.05365540450000022
537.087,422,40,4.572,0.053659214500000274
537.197,422,40,4.572,0.053798914500000294
537.216,475,45,5.1434999999999995,0.0538260607500003
537.587,475,45,5.1434999999999995,0.054356127000000275
537.591,453,43,4.9149,0.0543615880000003
537.888,422,40,4.572,0.054738778000000335
537.989,422,40,4.572,0.054867048000000335
537.99,264,25,2.8575,0.05486784175000032
538.005,422,40,4.572,0.054886891750000305
538.187,422,40,4.572,0.055118031750000324
538.266,464,44,5.0292,0.055228394750000256
538.488,453,43,4.9149,0.05553148025000038
538.689,475,45,5.1434999999999995,0.05581865900000025
538.794,469,44,5.0292,0.05596534400000028
538.81,52,5,0.5715,0.05596788400000027
538.888,422,40,4.572,0.05606694400000038
539.186,52,5,0.5715,0.056114251500000385
539.186,422,40,4.572,0.056114251500000385
539.192,264,25,2.8575,0.05611901400000036
539.206,422,40,4.572,0.05613679400000038
539.207,422,40,4.572,0.05613806400000035
539.688,443,42,4.8006,0.05677947750000034
539.695,475,45,5.1434999999999995,0.05678947875000043
539.801,475,45,5.1434999999999995,0.05694092625000042
539.812,0,0,0.0,0.05694092625000042
540.186,0,0,0.0,0.05694092625000042
540.206,422,40,4.572,0.05696632625000039
540.398,422,40,4.572,0.0572101662500004
540.486,264,25,2.8575,0.05728001625000038
540.499,422,40,4.572,0.057296526250000424
540.689,432,41,4.6863,0.05754385875000035
540.811,0,0,0.0,0.05754385875000035
540.894,475,45,5.1434999999999995,0.057662445000000305
540.985,0,0,0.0,0.057662445000000305
541.196,52,5,0.5715,0.057695941250000306
541.206,390,37,4.2291,0.0577076887500003
541.487,221,21,2.4003,0.05789504550000026
541.487,422,40,4.572,0.05789504550000026
541.586,358,34,3.8862,0.05800191600000031
541.598,422,40,4.572,0.05801715600000024
541.796,422,40,4.572,0.05826861600000036
541.828,0,0,0.0,0.05826861600000036
542.176,0,0,0.0,0.05826861600000036
542.185,0,0,0.0,0.05826861600000036
542.196,52,5,0.5715,0.058270362250000374
542.286,0,0,0.0,0.058270362250000374
542.584,41,4,0.4572,0.058308208250000375
542.586,327,31,3.5433,0.05831017675000044
542.687,179,17,1.9431,0.05836469150000044
542.688,422,40,4.572,0.05836596150000041
542.702,422,40,4.572,0.058383741500000426
542.846,0,0,0.0,0.058383741500000426
543.185,0,0,0.0,0.058383741500000426
543.196,0,0,0.0,0.058383741500000426
543.289,0,0,0.0,0.058383741500000426
543.486,31,3,0.3429,0.05840250575000042
543.486,0,0,0.0,0.05840250575000042
543.583,0,0,0.0,0.05840250575000042
543.688,422,40,4.572,0.05853585575000045
543.787,136,13,1.4859,0.058576718000000465
543.787,279,26,2.9718,0.058576718000000465
543.851,0,0,0.0,0.058576718000000465
543.994,0,0,0.0,0.058576718000000465
544.485,0,0,0.0,0.058576718000000465
544.489,0,0,0.0,0.058576718000000465
544.591,0,0,0.0,0.058576718000000465
544.685,264,25,2.8575,0.05865133050000042
544.688,73,7,0.8001,0.05865199725000043
544.787,20,2,0.2286,0.05865828375000043
544.851,0,0,0.0,0.05865828375000043
545.09,0,0,0.0,0.05865828375000043
545.186,0,0,0.0,0.05865828375000043
545.29,0,0,0.0,0.05865828375000043
545.485,0,0,0.0,0.05865828375000043
545.486,0,0,0.0,0.05865828375000043
545.686,0,0,0.0,0.05865828375000043
545.788,5,0,0.0,0.05865828375000043
545.789,0,0,0.0,0.05865828375000043
545.811,0,0,0.0,0.05865828375000043
545.837,0,0,0.0,0.05865828375000043
545.984,52,5,0.5715,0.058681620000000434
546.084,0,0,0.0,0.058681620000000434
546.284,0,0,0.0,0.058681620000000434
546.585,0,0,0.0,0.058681620000000434
546.686,0,0,0.0,0.058681620000000434
546.687,0,0,0.0,0.058681620000000434
546.886,0,0,0.0,0.058681620000000434
546.986,0,0,0.0,0.058681620000000434
547.082,0,0,0.0,0.058681620000000434
547.184,0,0,0.0,0.058681620000000434
547.186,0,0,0.0,0.058681620000000434
547.29,0,0,0.0,0.058681620000000434
547.584,0,0,0.0,0.058681620000000434
547.59,0,0,0.0,0.058681620000000434
547.789,0,0,0.0,0.058681620000000434
547.851,0,0,0.0,0.058681620000000434
547.886,0,0,0.0,0.058681620000000434
547.886,0,0,0.0,0.058681620000000434
548.087,0,0,0.0,0.058681620000000434
548.184,0,0,0.0,0.058681620000000434
548.284,0,0,0.0,0.058681620000000434
548.593,0,0,0.0,0.058681620000000434
548.788,0,0,0.0,0.058681620000000434
548.788,0,0,0.0,0.058681620000000434
548.796,0,0,0.0,0.058681620000000434
548.848,0,0,0.0,0.058681620000000434
548.891,0,0,0.0,0.058681620000000434
549.083,0,0,0.0,0.058681620000000434
549.176,0,0,0.0,0.058681620000000434
549.484,0,0,0.0,0.058681620000000434
549.49,0,0,0.0,0.058681620000000434
549.686,0,0,0.0,0.058681620000000434
549.788,0,0,0.0,0.058681620000000434
549.985,0,0,0.0,0.058681620000000434
550.081,0,0,0.0,0.058681620000000434
550.176,0,0,0.0,0.058681620000000434
550.176,0,0,0.0,0.058681620000000434
550.281,0,0,0.0,0.058681620000000434
550.487,0,0,0.0,0.058681620000000434
550.584,0,0,0.0,0.058681620000000434
550.584,0,0,0.0,0.058681620000000434
550.584,0,0,0.0,0.058681620000000434
550.793,0,0,0.0,0.058681620000000434
550.85,0,0,0.0,0.058681620000000434
550.988,0,0,0.0,0.058681620000000434
551.183,0,0,0.0,0.058681620000000434
551.283,0,0,0.0,0.058681620000000434
551.481,0,0,0.0,0.058681620000000434
551.685,0,0,0.0,0.058681620000000434
551.685,0,0,0.0,0.058681620000000434
551.685,0,0,0.0,0.058681620000000434
551.786,0,0,0.0,0.058681620000000434
551.799,0,0,0.0,0.058681620000000434
551.845,0,0,0.0,0.058681620000000434
552.18,0,0,0.0,0.058681620000000434
552.581,0,0,0.0,0.058681620000000434
552.685,0,0,0.0,0.058681620000000434
552.688,0,0,0.0,0.058681620000000434
552.784,0,0,0.0,0.058681620000000434
552.848,0,0,0.0,0.058681620000000434
552.884,0,0,0.0,0.058681620000000434
553.08,0,0,0.0,0.058681620000000434
553.216,0,0,0.0,0.058681620000000434
553.226,0,0,0.0,0.058681620000000434
553.483,0,0,0.0,0.058681620000000434
553.487,0,0,0.0,0.058681620000000434
553.582,0,0,0.0,0.058681620000000434
553.605,0,0,0.0,0.058681620000000434
553.682,0,0,0.0,0.058681620000000434
553.684,0,0,0.0,0.058681620000000434
553.71,0,0,0.0,0.058681620000000434
553.843,0,0,0.0,0.058681620000000434
554.182,0,0,0.0,0.058681620000000434
554.483,0,0,0.0,0.058681620000000434
554.684,0,0,0.0,0.058681620000000434
554.688,0,0,0.0,0.058681620000000434
554.704,0,0,0.0,0.058681620000000434
554.787,0,0,0.0,0.058681620000000434
554.847,0,0,0.0,0.058681620000000434
554.981,0,0,0.0,0.058681620000000434
555.156,0,0,0.0,0.058681620000000434
555.181,0,0,0.0,0.058681620000000434
555.288,0,0,0.0,0.058681620000000434
555.482,0,0,0.0,0.058681620000000434
555.683,0,0,0.0,0.058681620000000434
555.684,0,0,0.0,0.058681620000000434
555.851,0,0,0.0,0.058681620000000434
555.884,0,0,0.0,0.058681620000000434
555.884,0,0,0.0,0.058681620000000434
555.984,0,0,0.0,0.058681620000000434
555.991,0,0,0.0,0.058681620000000434
556.288,0,0,0.0,0.058681620000000434
556.486,0,0,0.0,0.058681620000000434
556.488,0,0,0.0,0.058681620000000434
556.689,0,0,0.0,0.058681620000000434
556.851,0,0,0.0,0.058681620000000434
556.883,0,0,0.0,0.058681620000000434
556.883,0,0,0.0,0.058681620000000434
556.982,0,0,0.0,0.058681620000000434
556.984,0,0,0.0,0.058681620000000434
557.193,0,0,0.0,0.058681620000000434
557.486,0,0,0.0,0.058681620000000434
557.683,0,0,0.0,0.058681620000000434
557.786,0,0,0.0,0.058681620000000434
557.791,0,0,0.0,0.058681620000000434
557.804,0,0,0.0,0.058681620000000434
557.846,0,0,0.0,0.058681620000000434
558.078,0,0,0.0,0.058681620000000434
558.081,0,0,0.0,0.058681620000000434
558.156,0,0,0.0,0.058681620000000434
558.181,0,0,0.0,0.058681620000000434
558.293,0,0,0.0,0.058681620000000434
558.488,0,0,0.0,0.058681620000000434
558.582,0,0,0.0,0.058681620000000434
558.683,0,0,0.0,0.058681620000000434
558.982,0,0,0.0,0.058681620000000434
559.078,0,0,0.0,0.058681620000000434
559.082,0,0,0.0,0.058681620000000434
559.281,0,0,0.0,0.058681620000000434
559.488,0,0,0.0,0.058681620000000434
559.582,0,0,0.0,0.058681620000000434
559.785,0,0,0.0,0.058681620000000434
559.845,0,0,0.0,0.058681620000000434
559.882,0,0,0.0,0.058681620000000434
559.982,0,0,0.0,0.058681620000000434
560.084,0,0,0.0,0.058681620000000434
560.146,0,0,0.0,0.058681620000000434
560.278,0,0,0.0,0.058681620000000434
560.279,0,0,0.0,0.058681620000000434
560.582,0,0,0.0,0.058681620000000434
560.696,0,0,0.0,0.058681620000000434
560.785,0,0,0.0,0.058681620000000434
560.79,0,0,0.0,0.058681620000000434
560.843,0,0,0.0,0.058681620000000434
560.982,0,0,0.0,0.058681620000000434
561.18,0,0,0.0,0.058681620000000434
561.481,0,0,0.0,0.058681620000000434
561.481,0,0,0.0,0.058681620000000434
561.587,0,0,0.0,0.058681620000000434
561.79,0,0,0.0,0.058681620000000434
561.836,0,0,0.0,0.058681620000000434
561.982,0,0,0.0,0.058681620000000434
562.077,0,0,0.0,0.058681620000000434
562.156,0,0,0.0,0.058681620000000434
562.196,0,0,0.0,0.058681620000000434
562.278,0,0,0.0,0.058681620000000434
562.484,0,0,0.0,0.058681620000000434
562.581,0,0,0.0,0.058681620000000434
562.682,0,0,0.0,0.058681620000000434
562.682,0,0,0.0,0.058681620000000434
562.697,0,0,0.0,0.058681620000000434
562.844,0,0,0.0,0.058681620000000434
562.885,0,0,0.0,0.058681620000000434
563.179,0,0,0.0,0.058681620000000434
563.28,0,0,0.0,0.058681620000000434
563.478,0,0,0.0,0.058681620000000434
563.682,0,0,0.0,0.058681620000000434
563.685,0,0,0.0,0.058681620000000434
563.692,0,0,0.0,0.058681620000000434
563.784,0,0,0.0,0.058681620000000434
563.796,0,0,0.0,0.058681620000000434
563.842,0,0,0.0,0.058681620000000434
564.179,0,0,0.0,0.058681620000000434
564.479,0,0,0.0,0.058681620000000434
564.58,0,0,0.0,0.058681620000000434
564.784,0,0,0.0,0.058681620000000434
564.849,0,0,0.0,0.058681620000000434
564.881,0,0,0.0,0.058681620000000434
564.881,0,0,0.0,0.058681620000000434
564.881,0,0,0.0,0.058681620000000434
565.179,0,0,0.0,0.058681620000000434
565.196,0,0,0.0,0.058681620000000434
565.48,0,0,0.0,0.058681620000000434
565.483,0,0,0.0,0.058681620000000434
565.58,0,0,0.0,0.058681620000000434
565.681,0,0,0.0,0.058681620000000434
565.681,0,0,0.0,0.058681620000000434
565.845,0,0,0.0,0.058681620000000434
565.881,0,0,0.0,0.058681620000000434
565.978,0,0,0.0,0.058681620000000434
566.082,0,0,0.0,0.058681620000000434
566.279,0,0,0.0,0.058681620000000434
566.681,0,0,0.0,0.058681620000000434
566.681,0,0,0.0,0.058681620000000434
566.783,0,0,0.0,0.058681620000000434
566.793,0,0,0.0,0.058681620000000434
566.845,0,0,0.0,0.058681620000000434
566.978,0,0,0.0,0.058681620000000434
567.084,0,0,0.0,0.058681620000000434
567.126,0,0,0.0,0.058681620000000434
567.279,0,0,0.0,0.058681620000000434
567.479,0,0,0.0,0.058681620000000434
567.583,0,0,0.0,0.058681620000000434
567.68,0,0,0.0,0.058681620000000434
567.78,0,0,0.0,0.058681620000000434
567.848,0,0,0.0,0.058681620000000434
567.88,0,0,0.0,0.058681620000000434
567.98,0,0,0.0,0.058681620000000434
567.984,0,0,0.0,0.058681620000000434
568.188,0,0,0.0,0.058681620000000434
568.479,0,0,0.0,0.058681620000000434
568.485,0,0,0.0,0.058681620000000434
568.686,0,0,0.0,0.058681620000000434
568.843,0,0,0.0,0.058681620000000434
568.88,0,0,0.0,0.058681620000000434
568.88,0,0,0.0,0.058681620000000434
568.977,0,0,0.0,0.058681620000000434
569.078,0,0,0.0,0.058681620000000434
569.19,0,0,0.0,0.058681620000000434
569.284,0,0,0.0,0.058681620000000434
569.485,0,0,0.0,0.058681620000000434
569.686,0,0,0.0,0.058681620000000434
569.785,0,0,0.0,0.058681620000000434
569.845,0,0,0.0,0.058681620000000434
569.879,0,0,0.0,0.058681620000000434
570.079,0,0,0.0,0.058681620000000434
570.175,0,0,0.0,0.058681620000000434
570.277,0,0,0.0,0.058681620000000434
570.285,0,0,0.0,0.058681620000000434
570.579,0,0,0.0,0.058681620000000434
570.683,0,0,0.0,0.058681620000000434
570.843,0,0,0.0,0.058681620000000434
570.883,0,0,0.0,0.058681620000000434
571.075,0,0,0.0,0.058681620000000434
571.079,0,0,0.0,0.058681620000000434
571.236,0,0,0.0,0.058681620000000434
571.478,0,0,0.0,0.058681620000000434
571.478,0,0,0.0,0.058681620000000434
571.478,0,0,0.0,0.058681620000000434
571.495,0,0,0.0,0.058681620000000434
571.685,0,0,0.0,0.058681620000000434
571.839,211,20,2.286,0.058779410000000504
571.879,0,0,0.0,0.058779410000000504
571.979,0,0,0.0,0.058779410000000504
572.08,211,20,2.286,0.058843545000000504
572.475,0,0,0.0,0.058843545000000504
572.475,0,0,0.0,0.058843545000000504
572.478,0,0,0.0,0.058843545000000504
572.577,0,0,0.0,0.058843545000000504
572.685,0,0,0.0,0.058843545000000504
572.781,0,0,0.0,0.058843545000000504
572.844,316,30,3.429,0.0589035525000006
572.979,0,0,0.0,0.0589035525000006
573.174,316,30,3.429,0.059089290000000544
573.475,0,0,0.0,0.059089290000000544
573.477,211,20,2.286,0.059090560000000514
573.497,0,0,0.0,0.059090560000000514
573.581,0,0,0.0,0.059090560000000514
573.78,0,0,0.0,0.059090560000000514
573.843,316,30,3.429,0.0591505675000005
573.978,0,0,0.0,0.0591505675000005
574.074,316,30,3.429,0.059242007500000506
574.166,0,0,0.0,0.059242007500000506
574.477,211,20,2.286,0.059439492500000454
574.578,0,0,0.0,0.059439492500000454
574.583,0,0,0.0,0.059439492500000454
574.678,42,4,0.4572,0.05945155750000046
574.679,0,0,0.0,0.05945155750000046
574.698,0,0,0.0,0.05945155750000046
574.838,422,40,4.572,0.059629357500000445
575.076,316,30,3.429,0.0598560525000005
575.176,422,40,4.572,0.05998305250000053
575.276,316,30,3.429,0.060078302500000444
575.574,232,22,2.5146,0.060286455500000447
575.577,316,30,3.429,0.06028931300000049
575.679,0,0,0.0,0.06028931300000049
575.681,84,8,0.9144,0.06028982100000051
575.705,0,0,0.0,0.06028982100000051
575.838,475,45,5.1434999999999995,0.0604798447500004
575.877,0,0,0.0,0.0604798447500004
576.079,475,45,5.1434999999999995,0.060768452250000396
576.477,316,30,3.429,0.06114754725000042
576.576,326,31,3.5433,0.061244988000000465
576.777,253,24,2.7432,0.061398150000000484
576.841,475,45,5.1434999999999995,0.061489590000000434
576.877,126,12,1.3716,0.06150330600000041
576.881,0,0,0.0,0.06150330600000041
576.978,0,0,0.0,0.06150330600000041
577.156,422,40,4.572,0.0617293660000004
577.175,475,45,5.1434999999999995,0.06175651225000041
577.477,427,40,4.572,0.06214005225000044
577.677,347,33,3.7719,0.06234960225000048
577.678,274,26,2.9718,0.062350427750000464
577.78,316,30,3.429,0.06244758275000044
577.831,528,50,5.715,0.06252854525000051
577.977,189,18,2.0574,0.06261198425000049
578.077,0,0,0.0,0.06261198425000049
578.081,528,50,5.715,0.06261833425000052
578.126,475,45,5.1434999999999995,0.06268262800000046
578.181,475,45,5.1434999999999995,0.06276120925000055
578.677,437,41,4.6863,0.06340687725000052
578.681,369,35,4.0005,0.06341132225000054
578.78,316,30,3.429,0.06350561975000048
578.839,475,45,5.1434999999999995,0.0635899160000006
578.875,211,20,2.286,0.06361277600000055
578.974,305,29,3.3146999999999998,0.0637039302500006
579.075,475,45,5.1434999999999995,0.0638482340000006
579.126,475,45,5.1434999999999995,0.0639211002500005
579.275,528,50,5.715,0.0641576377500005
579.476,475,45,5.1434999999999995,0.06444481650000053
579.58,448,42,4.8006,0.06458350050000058
579.839,475,45,5.1434999999999995,0.0649535467500006
579.876,390,37,4.2291,0.0649970125000005
579.88,316,30,3.429,0.06500082250000053
579.977,316,30,3.429,0.06509321500000051
579.979,475,45,5.1434999999999995,0.0650960725000006
580.086,475,45,5.1434999999999995,0.06524894875000056
580.175,475,45,5.1434999999999995,0.06537610750000047
580.677,475,45,5.1434999999999995,0.06609334000000057
580.784,459,43,4.9149,0.06623942175000053
580.843,316,30,3.429,0.06629561925000049
580.876,422,40,4.572,0.06633752925000051
581.077,316,30,3.429,0.06652898175000053
581.086,528,50,5.715,0.06654326925000056
581.126,485,46,5.2578,0.06660168925000051
581.175,316,30,3.429,0.0666483617500005
581.175,475,45,5.1434999999999995,0.0666483617500005
581.195,475,45,5.1434999999999995,0.06667693675000064
581.579,496,47,5.3721,0.06724996075000049
581.682,475,45,5.1434999999999995,0.06739712200000059
581.837,105,10,1.143,0.06744633450000058
581.882,475,45,5.1434999999999995,0.06751062825000052
582.076,422,40,4.572,0.06775700825000061
582.172,105,10,1.143,0.06778748825000061
582.186,517,49,5.6007,0.06780926875000062
582.481,506,48,5.4864,0.06825884875000056
582.676,506,48,5.4864,0.06855602875000064
582.84,52,5,0.5715,0.06858206375000063
582.882,475,45,5.1434999999999995,0.0686420712500005
582.976,475,45,5.1434999999999995,0.06877637375000058
583.074,52,5,0.5715,0.06879193125000058
583.076,316,30,3.429,0.06879383625000064
583.136,475,45,5.1434999999999995,0.06887956125000057
583.196,475,45,5.1434999999999995,0.06896528625000065
583.481,475,45,5.1434999999999995,0.0693724800000006
583.575,316,30,3.429,0.06946201500000064
583.575,443,42,4.8006,0.06946201500000064
583.587,496,47,5.3721,0.06947992200000055
583.677,517,49,5.6007,0.0696199395000006
583.836,52,5,0.5715,0.0696451807500006
583.876,475,45,5.1434999999999995,0.06970233075000055
584.076,105,10,1.143,0.06976583075000056
584.077,52,5,0.5715,0.06976598950000056
584.472,52,5,0.5715,0.06982869575000056
584.572,99,9,1.0287,0.06985727075000056
584.675,273,26,2.9718,0.06994229725000052
584.676,411,39,4.4577,0.06994353550000063
584.676,475,45,5.1434999999999995,0.06994353550000063
584.691,480,45,5.1434999999999995,0.0699649667500006
584.84,105,10,1.143,0.0700122742500006
584.875,528,50,5.715,0.07006783675000056
585.171,105,10,1.143,0.07016181675000058
585.474,52,5,0.5715,0.07020991800000058
585.673,89,8,0.9144,0.07026046400000056
585.673,231,22,2.5146,0.07026046400000056
585.676,475,45,5.1434999999999995,0.07026475025000062
585.778,379,36,4.1148,0.07038133625000059
585.836,211,20,2.286,0.0704181662500006
585.881,475,45,5.1434999999999995,0.07048246000000054
586.071,211,20,2.286,0.07060311000000058
586.136,52,5,0.5715,0.07061342875000057
586.48,52,5,0.5715,0.07066803875000058
586.58,78,7,0.8001,0.07069026375000058
586.673,331,31,3.5433,0.07078179900000053
586.675,52,5,0.5715,0.07078211650000053
586.703,475,45,5.1434999999999995,0.07082212150000056
586.774,189,18,2.0574,0.07086269800000057
586.835,211,20,2.286,0.0709014330000006
587.076,211,20,2.286,0.07105446800000059
587.086,105,10,1.143,0.07105764300000059
587.273,211,20,2.286,0.07117638800000059
587.571,62,6,0.6858,0.07123315700000059
587.573,105,10,1.143,0.07123379200000057
587.675,52,5,0.5715,0.07124998450000057
587.699,316,30,3.429,0.07127284450000057
587.781,126,12,1.3716,0.07130408650000057
587.835,211,20,2.286,0.07133837650000063
587.874,67,6,0.6858,0.07134580600000064
588.076,211,20,2.286,0.07147407600000064
588.479,211,20,2.286,0.07172998100000065
588.573,126,12,1.3716,0.07176579500000063
588.777,73,7,0.8001,0.07181113400000065
588.844,211,20,2.286,0.07185367900000066
588.874,52,5,0.5715,0.07185844150000065
588.878,52,5,0.5715,0.07185907650000065
588.982,211,20,2.286,0.0719251165000006
589.066,211,20,2.286,0.07197845650000063
589.074,105,10,1.143,0.07198099650000062
589.278,211,20,2.286,0.07211053650000065
589.579,211,20,2.286,0.07230167150000061
589.675,83,8,0.9144,0.07232605550000061
589.777,147,14,1.6002,0.07237139450000064
589.841,211,20,2.286,0.07241203450000062
589.971,52,5,0.5715,0.07243267200000063
590.072,211,20,2.286,0.07249680700000062
590.074,52,5,0.5715,0.07249712450000062
590.106,211,20,2.286,0.07251744450000064
590.184,211,20,2.286,0.07256697450000062
590.576,211,20,2.286,0.07281589450000064
590.674,211,20,2.286,0.07287812450000061
590.783,168,16,1.8288,0.07293349650000064
590.787,52,5,0.5715,0.07293413150000064
590.834,211,20,2.286,0.07296397650000058
590.974,99,9,1.0287,0.0730039815000006
591.116,211,20,2.286,0.07309415150000056
591.172,211,20,2.286,0.0731297115000006
591.181,211,20,2.286,0.0731354265000006
591.573,211,20,2.286,0.07338434650000056
591.836,105,10,1.143,0.07346784900000057
591.873,211,20,2.286,0.0734913440000006
591.877,105,10,1.143,0.07349261400000057
591.973,200,19,2.1717,0.07355052600000057
592.071,105,10,1.143,0.0735816410000006
592.116,211,20,2.286,0.07361021600000058
592.176,211,20,2.286,0.07364831600000062
592.272,211,20,2.286,0.07370927600000061
592.578,211,20,2.286,0.07390358600000056
592.674,211,20,2.286,0.07396454600000056
592.779,211,20,2.286,0.07403122100000058
592.838,52,5,0.5715,0.07404058725000057
593.026,211,20,2.286,0.07415996725000056
593.073,211,20,2.286,0.07418981225000057
593.156,211,20,2.286,0.07424251725000056
593.171,52,5,0.5715,0.07424489850000057
593.19,200,19,2.1717,0.07425636025000057
593.469,105,10,1.143,0.07434494275000057
593.572,211,20,2.286,0.07441034775000054
593.673,211,20,2.286,0.07447448275000053
593.838,211,20,2.286,0.0745792577500005
593.873,211,20,2.286,0.07460148275000056
593.977,211,20,2.286,0.0746675227500005
594.056,211,20,2.286,0.07471768775000055
594.168,211,20,2.286,0.07478880775000053
594.571,105,10,1.143,0.07491676025000053
594.581,211,20,2.286,0.07492311025000052
594.836,264,25,2.8575,0.07512551650000052
594.873,211,20,2.286,0.07514901150000054
594.879,211,20,2.286,0.07515282150000052
595.046,52,5,0.5715,0.07517933275000052
595.046,179,17,1.9431,0.07517933275000052
595.07,264,25,2.8575,0.07519838275000053
595.246,211,20,2.286,0.07531014275000049
595.571,52,5,0.5715,0.0753617365000005
595.571,94,9,1.0287,0.0753617365000005
595.571,158,15,1.7145,0.0753617365000005
595.584,211,20,2.286,0.07536999150000044
595.68,211,20,2.286,0.07543095150000044
595.789,211,20,2.286,0.07550016650000047
595.833,211,20,2.286,0.07552810650000046
596.046,211,20,2.286,0.07566336150000051
596.17,211,20,2.286,0.07574210150000045
596.469,211,20,2.286,0.0759319665000005
596.471,264,25,2.8575,0.07593355400000047
596.571,83,8,0.9144,0.07595895400000048
596.675,211,20,2.286,0.07602499400000043
596.775,83,8,0.9144,0.07605039400000044
596.775,136,13,1.4859,0.07605039400000044
596.787,211,20,2.286,0.07605801400000048
596.84,105,10,1.143,0.07607484150000048
597.17,105,10,1.143,0.07617961650000045
597.471,211,20,2.286,0.07637075150000047
597.669,221,21,2.4003,0.07650276800000046
597.772,115,11,1.2573,0.07653874075000049
597.841,0,0,0.0,0.07653874075000049
597.871,73,7,0.8001,0.07654540825000047
597.872,105,10,1.143,0.07654572575000047
597.872,211,20,2.286,0.07654572575000047
598.07,0,0,0.0,0.07654572575000047
598.106,264,25,2.8575,0.07657430075000043
598.273,105,10,1.143,0.07662732325000045
598.57,211,20,2.286,0.07681591825000046
598.576,232,22,2.5146,0.07682010925000045
598.672,253,24,2.7432,0.07689326125000046
598.832,0,0,0.0,0.07689326125000046
598.869,57,5,0.5715,0.07689913500000047
598.871,147,14,1.6002,0.07690002400000044
598.972,105,10,1.143,0.07693209150000044
599.075,0,0,0.0,0.07693209150000044
599.281,0,0,0.0,0.07693209150000044
599.57,105,10,1.143,0.07702384900000046
599.57,189,18,2.0574,0.07702384900000046
599.672,242,23,2.6289,0.07709833450000045
599.779,195,18,2.0574,0.07715948500000043
599.784,0,0,0.0,0.07715948500000043
599.836,52,5,0.5715,0.07716774000000043
599.871,242,23,2.6289,0.0771932987500004
599.971,52,5,0.5715,0.0772091737500004
600.069,52,5,0.5715,0.0772247312500004
600.471,84,8,0.9144,0.07732683925000042
600.771,232,22,2.5146,0.07753638925000039
600.774,168,16,1.8288,0.07753791325000041
600.871,258,24,2.7432,0.07761182725000039
600.975,0,0,0.0,0.07761182725000039
601.036,0,0,0.0,0.07761182725000039
601.071,211,20,2.286,0.07763405225000045
601.086,0,0,0.0,0.07763405225000045
601.17,52,5,0.5715,0.07764738725000044
601.57,0,0,0.0,0.07764738725000044
601.671,147,14,1.6002,0.07769228175000044
601.677,63,6,0.6858,0.07769342475000043
601.831,52,5,0.5715,0.07771787225000043
601.971,216,20,2.286,0.07780677225000042
602.036,5,0,0.0,0.07780677225000042
602.071,264,25,2.8575,0.07783455350000049
602.169,52,5,0.5715,0.07785011100000049
602.169,0,0,0.0,0.07785011100000049
602.275,52,5,0.5715,0.07786693850000048
602.475,15,1,0.1143,0.07787328850000048
602.573,0,0,0.0,0.07787328850000048
602.78,42,4,0.4572,0.07789957750000048
602.834,0,0,0.0,0.07789957750000048
602.871,211,20,2.286,0.07792307250000051
602.97,115,11,1.2573,0.07795764825000052
603.169,0,0,0.0,0.07795764825000052
603.275,52,5,0.5715,0.07797447575000052
603.278,0,0,0.0,0.07797447575000052
603.575,26,2,0.2286,0.07799333525000052
603.777,0,0,0.0,0.07799333525000052
603.836,0,0,0.0,0.07799333525000052
603.87,10,1,0.1143,0.07799441475000052
603.97,105,10,1.143,0.07802616475000053
604.026,41,4,0.4572,0.07803327675000052
604.066,0,0,0.0,0.07803327675000052
604.469,0,0,0.0,0.07803327675000052
604.469,52,5,0.5715,0.07803327675000052
604.57,31,3,0.3429,0.07804289700000051
604.581,36,3,0.3429,0.07804394475000051
604.772,0,0,0.0,0.07804394475000051
604.829,52,5,0.5715,0.0780529935000005
605.026,10,1,0.1143,0.0780592482500005
605.07,0,0,0.0,0.0780592482500005
605.168,52,5,0.5715,0.0780748057500005
605.469,0,0,0.0,0.0780748057500005
605.469,20,2,0.2286,0.0780748057500005
605.567,41,4,0.4572,0.0780872517500005
605.57,20,2,0.2286,0.0780874422500005
605.778,52,5,0.5715,0.0781204622500005
605.838,52,5,0.5715,0.07812998725000049
605.97,0,0,0.0,0.07812998725000049
605.996,0,0,0.0,0.07812998725000049
606.165,52,5,0.5715,0.07815681600000049
606.466,0,0,0.0,0.07815681600000049
606.467,31,3,0.3429,0.07815691125000049
606.468,0,0,0.0,0.07815691125000049
606.569,31,3,0.3429,0.07816653150000048
606.677,5,0,0.0,0.07816653150000048
606.837,0,0,0.0,0.07816653150000048
606.875,52,5,0.5715,0.07817256400000049
607.016,52,5,0.5715,0.07819494775000048
607.067,0,0,0.0,0.07819494775000048
607.472,10,1,0.1143,0.07820780650000048
607.568,52,5,0.5715,0.07822304650000048
607.569,20,2,0.2286,0.07822311000000047
607.59,46,4,0.4572,0.07822577700000048
607.675,0,0,0.0,0.07822577700000048
607.778,0,0,0.0,0.07822577700000048
607.83,0,0,0.0,0.07822577700000048
608.046,52,5,0.5715,0.07826006700000049
608.073,0,0,0.0,0.07826006700000049
608.465,52,5,0.5715,0.0783222970000005
608.467,0,0,0.0,0.0783222970000005
608.568,52,5,0.5715,0.0783383307500005
608.669,20,2,0.2286,0.0783447442500005
608.771,5,0,0.0,0.0783447442500005
608.772,0,0,0.0,0.0783447442500005
608.784,52,5,0.5715,0.0783466492500005
608.829,0,0,0.0,0.0783466492500005
609.166,0,0,0.0,0.0783466492500005
609.568,31,3,0.3429,0.07838493975000049
609.666,52,5,0.5715,0.0784004972500005
609.669,41,4,0.4572,0.0784008782500005
609.828,105,10,1.143,0.0784513607500005
609.969,0,0,0.0,0.0784513607500005
609.969,0,0,0.0,0.0784513607500005
610.006,0,0,0.0,0.0784513607500005
610.066,105,10,1.143,0.07847041075000052
610.066,0,0,0.0,0.07847041075000052
610.266,0,0,0.0,0.07847041075000052
610.467,0,0,0.0,0.07847041075000052
610.573,31,3,0.3429,0.07848050725000053
610.668,0,0,0.0,0.07848050725000053
610.833,105,10,1.143,0.07853289475000051
610.866,52,5,0.5715,0.07853813350000051
610.866,41,4,0.4572,0.07853813350000051
611.066,105,10,1.143,0.07860163350000052
611.068,0,0,0.0,0.07860163350000052
611.272,105,10,1.143,0.07866640350000054
611.467,0,0,0.0,0.07866640350000054
611.467,0,0,0.0,0.07866640350000054
611.674,0,0,0.0,0.07866640350000054
611.776,52,5,0.5715,0.07868259600000053
611.789,316,30,3.429,0.07869497850000057
611.83,316,30,3.429,0.07873403100000062
611.868,20,2,0.2286,0.07873644400000063
611.968,52,5,0.5715,0.07875231900000061
612.066,316,30,3.429,0.07884566400000068
612.272,105,10,1.143,0.07891106900000068
612.473,21,2,0.2286,0.07892383250000068
612.668,0,0,0.0,0.07892383250000068
612.771,0,0,0.0,0.07892383250000068
612.868,5,0,0.0,0.07892383250000068
612.969,316,30,3.429,0.07902003500000068
612.996,105,10,1.143,0.07902860750000067
613.068,52,5,0.5715,0.07904003750000067
613.085,316,30,3.429,0.07905623000000073
613.277,105,10,1.143,0.07911719000000073
613.566,105,10,1.143,0.07920894750000072
613.567,0,0,0.0,0.07920894750000072
613.668,42,4,0.4572,0.07922177450000072
613.83,211,20,2.286,0.07932464450000073
613.967,0,0,0.0,0.07932464450000073
614.067,0,0,0.0,0.07932464450000073
614.165,211,20,2.286,0.0793868745000007
614.166,316,30,3.429,0.07938782700000079
614.266,316,30,3.429,0.0794830770000007
614.572,105,10,1.143,0.07958023200000071
614.77,63,6,0.6858,0.0796179510000007
614.832,211,20,2.286,0.07965732100000071
614.867,0,0,0.0,0.07965732100000071
614.867,0,0,0.0,0.07965732100000071
615.086,147,14,1.6002,0.07975466650000074
615.165,211,20,2.286,0.0798048315000007
615.287,316,30,3.429,0.07992103650000076
615.466,211,20,2.286,0.08003470150000075
615.466,316,30,3.429,0.08003470150000075
615.478,189,18,2.0574,0.08004155950000072
615.673,105,10,1.143,0.08010347200000073
615.772,94,9,1.0287,0.08013176125000074
615.831,105,10,1.143,0.08015049375000073
615.967,0,0,0.0,0.08015049375000073
616.165,105,10,1.143,0.08021335875000073
616.466,211,20,2.286,0.08040449375000075
616.469,211,20,2.286,0.08040639875000077
616.472,295,28,3.2004,0.08040906575000072
616.475,316,30,3.429,0.08041192325000075
616.578,231,22,2.5146,0.08048386875000071
616.774,105,10,1.143,0.08054609875000072
616.826,211,20,2.286,0.08057911875000073
616.97,105,10,1.143,0.08062483875000073
617.165,211,20,2.286,0.0807486637500007
617.171,105,10,1.143,0.08075056875000072
617.566,316,30,3.429,0.08112680625000071
617.666,211,20,2.286,0.08119030625000072
617.666,274,26,2.9718,0.08119030625000072
617.774,294,28,3.2004,0.08128631825000067
617.781,105,10,1.143,0.08128854075000065
617.826,211,20,2.286,0.0813171157500007
617.986,211,20,2.286,0.08141871575000068
618.162,211,20,2.286,0.0815304757500007
618.465,115,11,1.2573,0.0816362985000007
618.664,189,18,2.0574,0.08175002700000068
618.667,211,20,2.286,0.08175193200000071
618.765,316,30,3.429,0.08184527700000066
618.766,253,24,2.7432,0.08184603900000065
618.779,316,30,3.429,0.08185842150000068
618.83,105,10,1.143,0.08187461400000069
618.986,211,20,2.286,0.08197367400000066
619.064,105,10,1.143,0.08199843900000066
619.466,211,20,2.286,0.08225370900000069
619.469,136,13,1.4859,0.08225494725000071
619.564,211,20,2.286,0.08231527225000065
619.584,221,21,2.4003,0.08232860725000064
619.664,211,20,2.286,0.08237940725000067
619.691,316,30,3.429,0.08240512475000071
619.769,168,16,1.8288,0.0824447487500007
619.826,105,10,1.143,0.08246284625000071
620.164,105,10,1.143,0.08257016125000069
620.464,211,20,2.286,0.08276066125000073
620.562,211,20,2.286,0.0828228912500007
620.666,158,15,1.7145,0.08287242125000072
620.685,211,20,2.286,0.08288448625000065
620.768,147,14,1.6002,0.08292137975000069
620.801,52,5,0.5715,0.08292661850000069
620.866,211,20,2.286,0.08296789350000065
621.016,105,10,1.143,0.08301551850000065
621.163,52,5,0.5715,0.08303885475000065
621.264,105,10,1.143,0.08307092225000065
621.562,211,20,2.286,0.08326015225000065
621.665,189,18,2.0574,0.08331901675000063
621.666,179,17,1.9431,0.08331955650000067
621.79,158,15,1.7145,0.08337861150000063
621.965,115,11,1.2573,0.08343973025000065
621.973,158,15,1.7145,0.08344354025000061
621.986,105,10,1.143,0.08344766775000062
622.065,211,20,2.286,0.08349783275000067
622.163,52,5,0.5715,0.08351339025000067
622.464,105,10,1.143,0.08360895775000068
622.57,105,10,1.143,0.08364261275000068
622.664,200,19,2.1717,0.08369931825000064
622.665,168,16,1.8288,0.08369982625000062
622.775,211,20,2.286,0.08376967625000063
622.795,316,30,3.429,0.08378872625000061
622.863,105,10,1.143,0.08381031625000064
622.865,211,20,2.286,0.08381158625000061
622.974,316,30,3.429,0.08391540875000064
623.169,158,15,1.7145,0.08400827750000062
623.669,105,10,1.143,0.08416702750000062
623.689,52,5,0.5715,0.08417020250000061
623.773,211,20,2.286,0.08422354250000065
623.864,147,14,1.6002,0.08426399200000065
623.963,211,20,2.286,0.0843268570000006
623.963,211,20,2.286,0.0843268570000006
623.966,52,5,0.5715,0.08432733325000061
624.006,94,9,1.0287,0.0843387632500006
624.163,316,30,3.429,0.08448830575000064
624.269,158,15,1.7145,0.08453878825000065
624.464,73,7,0.8001,0.08458212700000066
624.567,83,8,0.9144,0.08460828900000064
624.669,105,10,1.143,0.08464067400000064
624.87,115,11,1.2573,0.08471087325000065
624.968,52,5,0.5715,0.08472643075000065
624.983,211,20,2.286,0.08473595575000065
625.064,211,20,2.286,0.08478739075000066
625.163,316,30,3.429,0.08488168825000071
625.463,189,18,2.0574,0.08505313825000069
625.469,94,9,1.0287,0.08505485275000071
625.573,73,7,0.8001,0.0850779667500007
625.782,0,0,0.0,0.0850779667500007
625.964,105,10,1.143,0.08513575175000071
625.964,105,10,1.143,0.08513575175000071
626.062,52,5,0.5715,0.08515130925000071
626.162,0,0,0.0,0.08515130925000071
626.174,211,20,2.286,0.08515892925000067
626.274,295,28,3.2004,0.08524782925000068
626.469,221,21,2.4003,0.08537784550000072
626.67,115,11,1.2573,0.08544804475000069
626.772,62,6,0.6858,0.0854674757500007
626.777,105,10,1.143,0.0854690632500007
626.783,0,0,0.0,0.0854690632500007
627.162,0,0,0.0,0.0854690632500007
627.262,0,0,0.0,0.0854690632500007
627.263,195,18,2.0574,0.08546963475000074
627.569,252,24,2.7432,0.08570280675000069
627.665,136,13,1.4859,0.0857424307500007
627.787,52,5,0.5715,0.0857617982500007
627.867,52,5,0.5715,0.08577449825000069
627.956,52,5,0.5715,0.0857886270000007
627.967,52,5,0.5715,0.08579037325000069
628.076,274,26,2.9718,0.08588035275000072
628.462,0,0,0.0,0.08588035275000072
628.463,163,15,1.7145,0.08588082900000071
628.475,253,24,2.7432,0.08588997300000076
628.67,284,27,3.0861,0.0860571367500007
628.776,52,5,0.5715,0.0860739642500007
628.863,158,15,1.7145,0.08611539800000076
628.926,0,0,0.0,0.08611539800000076
628.956,41,4,0.4572,0.08611920800000075
629.061,52,5,0.5715,0.08613587675000076
629.262,0,0,0.0,0.08613587675000076
629.56,0,0,0.0,0.08613587675000076
629.56,31,3,0.3429,0.08613587675000076
629.67,232,22,2.5146,0.08621271175000077
629.766,316,30,3.429,0.08630415175000077
629.78,52,5,0.5715,0.08630637425000076
629.926,52,5,0.5715,0.08632955175000077
630.146,131,12,1.3716,0.08641337175000074
630.161,52,5,0.5715,0.08641575300000075
630.265,52,5,0.5715,0.08643226300000076
630.46,20,2,0.2286,0.08644464550000076
630.462,0,0,0.0,0.08644464550000076
630.559,10,1,0.1143,0.08644772525000076
630.563,83,8,0.9144,0.08644874125000077
630.673,211,20,2.286,0.08651859125000078
630.785,0,0,0.0,0.08651859125000078
631.006,52,5,0.5715,0.08655367500000077
631.061,0,0,0.0,0.08655367500000077
631.061,52,5,0.5715,0.08655367500000077
631.462,52,5,0.5715,0.08661733375000076
631.462,52,5,0.5715,0.08661733375000076
631.562,20,2,0.2286,0.08662368375000076
631.562,5,0,0.0,0.08662368375000076
631.663,52,5,0.5715,0.08663971750000077
631.762,0,0,0.0,0.08663971750000077
631.787,0,0,0.0,0.08663971750000077
632.06,0,0,0.0,0.08663971750000077
632.267,0,0,0.0,0.08663971750000077
632.461,52,5,0.5715,0.08667051500000077
632.461,52,5,0.5715,0.08667051500000077
632.663,52,5,0.5715,0.08670258250000076
632.765,31,3,0.3429,0.08671229800000076
632.765,0,0,0.0,0.08671229800000076
632.781,0,0,0.0,0.08671229800000076
632.79,0,0,0.0,0.08671229800000076
632.863,0,0,0.0,0.08671229800000076
632.964,0,0,0.0,0.08671229800000076
633.266,0,0,0.0,0.08671229800000076
633.561,41,4,0.4572,0.08674976300000077
633.662,52,5,0.5715,0.08676579675000078
633.663,52,5,0.5715,0.08676595550000077
633.774,0,0,0.0,0.08676595550000077
633.862,41,4,0.4572,0.08677713150000077
633.962,0,0,0.0,0.08677713150000077
633.971,0,0,0.0,0.08677713150000077
634.006,0,0,0.0,0.08677713150000077
634.07,0,0,0.0,0.08677713150000077
634.264,0,0,0.0,0.08677713150000077
634.464,0,0,0.0,0.08677713150000077
634.561,31,3,0.3429,0.08678637075000077
634.668,52,5,0.5715,0.08680335700000076
634.762,0,0,0.0,0.08680335700000076
634.859,52,5,0.5715,0.08681875575000078
634.862,52,5,0.5715,0.08681923200000077
635.06,0,0,0.0,0.08681923200000077
635.071,0,0,0.0,0.08681923200000077
635.266,0,0,0.0,0.08681923200000077
635.461,0,0,0.0,0.08681923200000077
635.464,0,0,0.0,0.08681923200000077
635.679,0,0,0.0,0.08681923200000077
635.763,52,5,0.5715,0.08683256700000078
635.764,20,2,0.2286,0.08683263050000077
635.77,52,5,0.5715,0.08683358300000077
636.06,0,0,0.0,0.08683358300000077
636.159,0,0,0.0,0.08683358300000077
636.266,0,0,0.0,0.08683358300000077
636.56,0,0,0.0,0.08683358300000077
636.764,10,1,0.1143,0.08684006000000077
636.764,0,0,0.0,0.08684006000000077
636.936,0,0,0.0,0.08684006000000077
636.961,52,5,0.5715,0.08684402875000077
636.964,0,0,0.0,0.08684402875000077
637.057,0,0,0.0,0.08684402875000077
637.16,0,0,0.0,0.08684402875000077
637.56,0,0,0.0,0.08684402875000077
637.566,0,0,0.0,0.08684402875000077
637.767,0,0,0.0,0.08684402875000077
637.785,0,0,0.0,0.08684402875000077
637.936,0,0,0.0,0.08684402875000077
637.961,0,0,0.0,0.08684402875000077
638.059,0,0,0.0,0.08684402875000077
638.259,0,0,0.0,0.08684402875000077
638.259,0,0,0.0,0.08684402875000077
638.566,0,0,0.0,0.08684402875000077
638.763,0,0,0.0,0.08684402875000077
638.77,0,0,0.0,0.08684402875000077
638.778,0,0,0.0,0.08684402875000077
638.896,0,0,0.0,0.08684402875000077
638.936,0,0,0.0,0.08684402875000077
639.156,0,0,0.0,0.08684402875000077
639.262,0,0,0.0,0.08684402875000077
639.459,0,0,0.0,0.08684402875000077
639.459,0,0,0.0,0.08684402875000077
639.471,0,0,0.0,0.08684402875000077
639.665,0,0,0.0,0.08684402875000077
639.767,0,0,0.0,0.08684402875000077
639.788,105,10,1.143,0.08685069625000076
639.926,0,0,0.0,0.08685069625000076
640.056,105,10,1.143,0.08689197125000075
640.259,0,0,0.0,0.08689197125000075
640.459,0,0,0.0,0.08689197125000075
640.462,0,0,0.0,0.08689197125000075
640.469,0,0,0.0,0.08689197125000075
640.559,0,0,0.0,0.08689197125000075
640.571,0,0,0.0,0.08689197125000075
640.769,0,0,0.0,0.08689197125000075
640.788,211,20,2.286,0.08690403625000076
641.061,211,20,2.286,0.08707739125000077
641.256,0,0,0.0,0.08707739125000077
641.459,0,0,0.0,0.08707739125000077
641.569,0,0,0.0,0.08707739125000077
641.66,0,0,0.0,0.08707739125000077
641.66,0,0,0.0,0.08707739125000077
641.769,0,0,0.0,0.08707739125000077
641.778,316,30,3.429,0.08708596375000079
641.916,105,10,1.143,0.0871297787500008
642.057,316,30,3.429,0.08726408125000076
642.556,21,2,0.2286,0.08729576775000077
642.657,0,0,0.0,0.08729576775000077
642.66,0,0,0.0,0.08729576775000077
642.66,0,0,0.0,0.08729576775000077
642.759,0,0,0.0,0.08729576775000077
642.775,316,30,3.429,0.08731100775000072
642.916,211,20,2.286,0.08740054275000077
642.916,105,10,1.143,0.08740054275000077
642.961,316,30,3.429,0.08744340525000073
643.161,316,30,3.429,0.08763390525000067
643.558,126,12,1.3716,0.08778516225000069
643.558,42,4,0.4572,0.08778516225000069
643.578,0,0,0.0,0.08778516225000069
643.658,0,0,0.0,0.08778516225000069
643.762,0,0,0.0,0.08778516225000069
643.779,316,30,3.429,0.08780135475000074
643.916,211,20,2.286,0.08788834975000077
644.063,316,30,3.429,0.08802836725000071
644.163,316,30,3.429,0.08812361725000073
644.458,232,22,2.5146,0.0883296747500007
644.558,147,14,1.6002,0.08837412475000071
644.761,0,0,0.0,0.08837412475000071
644.762,63,6,0.6858,0.08837431525000071
644.771,264,25,2.8575,0.08838145900000072
644.787,316,30,3.429,0.08839669900000079
644.859,0,0,0.0,0.08839669900000079
644.946,316,30,3.429,0.08847956650000077
644.963,316,30,3.429,0.08849575900000071
645.263,316,30,3.429,0.08878150900000079
645.657,168,16,1.8288,0.0889816610000008
645.659,253,24,2.7432,0.08898318500000076
645.677,264,25,2.8575,0.08899747250000078
645.858,84,8,0.9144,0.08904344650000076
645.906,316,30,3.429,0.08908916650000076
645.958,0,0,0.0,0.08908916650000076
645.962,264,25,2.8575,0.08909234150000078
645.966,316,30,3.429,0.0890961515000008
646.068,316,30,3.429,0.08919330650000078
646.269,316,30,3.429,0.0893847590000008
646.463,316,30,3.429,0.08956954400000076
646.563,316,30,3.429,0.08966479400000078
646.563,274,26,2.9718,0.08966479400000078
646.858,189,18,2.0574,0.08983338650000076
646.956,105,10,1.143,0.08986450150000079
647.056,264,25,2.8575,0.08994387650000081
647.057,264,25,2.8575,0.08994467025000079
647.168,316,30,3.429,0.09005039775000077
647.457,316,30,3.429,0.09032567025000077
647.659,316,30,3.429,0.09051807525000076
647.767,211,20,2.286,0.0905866552500008
647.775,316,30,3.429,0.09059427525000073
647.858,295,28,3.2004,0.09066806225000071
647.996,316,30,3.429,0.09079950725000074
648.153,316,30,3.429,0.09094904975000079
648.256,264,25,2.8575,0.09103080600000076
648.256,264,25,2.8575,0.09103080600000076
648.463,316,30,3.429,0.09122797350000075
648.658,316,30,3.429,0.0914137110000008
648.76,316,30,3.429,0.09151086600000077
648.786,105,10,1.143,0.09151912100000076
648.858,316,30,3.429,0.09158770100000076
648.966,305,29,3.3146999999999998,0.09168714200000082
649.056,105,10,1.143,0.09171571700000083
649.16,316,30,3.429,0.09181477700000076
649.256,264,25,2.8575,0.09189097700000076
649.462,295,28,3.2004,0.09207411100000078
649.569,316,30,3.429,0.09217602850000076
649.658,316,30,3.429,0.09226080100000081
649.782,52,5,0.5715,0.09228048600000081
649.876,264,25,2.8575,0.09235509850000076
649.958,316,30,3.429,0.09243320350000075
650.059,52,5,0.5715,0.09244923725000076
650.177,274,26,2.9718,0.09254664625000081
650.254,316,30,3.429,0.09261998875000081
650.466,284,27,3.0861,0.0928017257500008
650.68,316,30,3.429,0.09300556075000074
650.771,0,0,0.0,0.09300556075000074
650.857,316,30,3.429,0.09308747575000076
650.866,105,10,1.143,0.09309033325000077
650.906,264,25,2.8575,0.09312208325000074
650.953,0,0,0.0,0.09312208325000074
651.554,273,26,2.9718,0.09361820875000074
651.566,274,26,2.9718,0.09362811475000078
651.77,316,30,3.429,0.09382242475000073
651.777,0,0,0.0,0.09382242475000073
651.896,284,27,3.0861,0.09392443750000065
651.896,52,5,0.5715,0.09392443750000065
651.896,105,10,1.143,0.09392443750000065
651.959,0,0,0.0,0.09392443750000065
652.116,264,25,2.8575,0.09404905625000068
652.256,0,0,0.0,0.09404905625000068
652.556,94,9,1.0287,0.0941347812500007
652.556,231,22,2.5146,0.0941347812500007
652.568,264,25,2.8575,0.09414430625000066
652.657,295,28,3.2004,0.0942234272500007
652.664,264,25,2.8575,0.09422898350000065
652.776,52,5,0.5715,0.09424676350000065
652.926,52,5,0.5715,0.09427057600000066
653.155,52,5,0.5715,0.09430692975000066
653.155,0,0,0.0,0.09430692975000066
653.454,41,4,0.4572,0.09434490275000065
653.456,0,0,0.0,0.09434490275000065
653.556,83,8,0.9144,0.09437030275000066
653.661,310,29,3.3146999999999998,0.09446698150000057
653.667,264,25,2.8575,0.09447174400000065
653.759,189,18,2.0574,0.09452432200000065
653.775,0,0,0.0,0.09452432200000065
654.054,0,0,0.0,0.09452432200000065
654.258,52,5,0.5715,0.09455670700000066
654.455,0,0,0.0,0.09455670700000066
654.654,31,3,0.3429,0.09457566175000065
654.654,73,7,0.8001,0.09457566175000065
654.759,147,14,1.6002,0.09462233425000066
654.779,0,0,0.0,0.09462233425000066
654.857,316,30,3.429,0.09469662925000064
654.946,0,0,0.0,0.09469662925000064
654.963,0,0,0.0,0.09469662925000064
655.254,0,0,0.0,0.09469662925000064
655.258,52,5,0.5715,0.09469726425000063
655.555,10,1,0.1143,0.09470669400000063
655.561,20,2,0.2286,0.09470707500000064
655.656,0,0,0.0,0.09470707500000064
655.684,0,0,0.0,0.09470707500000064
655.77,0,0,0.0,0.09470707500000064
655.854,62,6,0.6858,0.09472307700000066
655.954,105,10,1.143,0.09475482700000062
655.959,0,0,0.0,0.09475482700000062
656.154,0,0,0.0,0.09475482700000062
656.165,0,0,0.0,0.09475482700000062
656.554,41,4,0.4572,0.09480423000000063
656.555,20,2,0.2286,0.09480429350000062
656.656,0,0,0.0,0.09480429350000062
656.765,52,5,0.5715,0.09482159725000062
656.768,0,0,0.0,0.09482159725000062
656.856,10,1,0.1143,0.09482439125000063
656.957,0,0,0.0,0.09482439125000063
657.065,0,0,0.0,0.09482439125000063
657.454,0,0,0.0,0.09482439125000063
657.455,31,3,0.3429,0.09482448650000064
657.756,0,0,0.0,0.09482448650000064
657.759,31,3,0.3429,0.09482477225000065
657.856,0,0,0.0,0.09482477225000065
657.876,0,0,0.0,0.09482477225000065
658.053,0,0,0.0,0.09482477225000065
658.054,0,0,0.0,0.09482477225000065
658.163,0,0,0.0,0.09482477225000065
658.554,0,0,0.0,0.09482477225000065
658.657,41,4,0.4572,0.09483785325000066
658.661,20,2,0.2286,0.09483810725000065
658.769,0,0,0.0,0.09483810725000065
658.876,0,0,0.0,0.09483810725000065
658.955,0,0,0.0,0.09483810725000065
659.053,0,0,0.0,0.09483810725000065
659.154,0,0,0.0,0.09483810725000065
659.253,0,0,0.0,0.09483810725000065
659.268,0,0,0.0,0.09483810725000065
659.46,0,0,0.0,0.09483810725000065
659.558,0,0,0.0,0.09483810725000065
659.765,10,1,0.1143,0.09484467950000065
659.776,0,0,0.0,0.09484467950000065
659.955,52,5,0.5715,0.09487309575000066
660.05,0,0,0.0,0.09487309575000066
660.257,0,0,0.0,0.09487309575000066
660.262,0,0,0.0,0.09487309575000066
660.46,0,0,0.0,0.09487309575000066
660.76,0,0,0.0,0.09487309575000066
660.773,0,0,0.0,0.09487309575000066
660.855,0,0,0.0,0.09487309575000066
660.866,0,0,0.0,0.09487309575000066
660.986,0,0,0.0,0.09487309575000066
661.05,0,0,0.0,0.09487309575000066
661.253,0,0,0.0,0.09487309575000066
661.453,0,0,0.0,0.09487309575000066
661.453,0,0,0.0,0.09487309575000066
661.559,0,0,0.0,0.09487309575000066
661.661,0,0,0.0,0.09487309575000066
661.757,0,0,0.0,0.09487309575000066
661.773,0,0,0.0,0.09487309575000066
661.866,0,0,0.0,0.09487309575000066
662.052,0,0,0.0,0.09487309575000066
662.158,0,0,0.0,0.09487309575000066
662.45,0,0,0.0,0.09487309575000066
662.453,0,0,0.0,0.09487309575000066
662.454,0,0,0.0,0.09487309575000066
662.553,0,0,0.0,0.09487309575000066
662.568,0,0,0.0,0.09487309575000066
662.763,0,0,0.0,0.09487309575000066
662.774,0,0,0.0,0.09487309575000066
663.05,0,0,0.0,0.09487309575000066
663.453,0,0,0.0,0.09487309575000066
663.553,0,0,0.0,0.09487309575000066
663.651,0,0,0.0,0.09487309575000066
663.757,0,0,0.0,0.09487309575000066
663.776,0,0,0.0,0.09487309575000066
663.866,0,0,0.0,0.09487309575000066
663.916,0,0,0.0,0.09487309575000066
664.052,0,0,0.0,0.09487309575000066
664.076,0,0,0.0,0.09487309575000066
664.553,0,0,0.0,0.09487309575000066
664.553,0,0,0.0,0.09487309575000066
664.558,0,0,0.0,0.09487309575000066
664.573,0,0,0.0,0.09487309575000066
664.654,0,0,0.0,0.09487309575000066
664.777,0,0,0.0,0.09487309575000066
664.856,0,0,0.0,0.09487309575000066
664.856,0,0,0.0,0.09487309575000066
665.055,0,0,0.0,0.09487309575000066
665.158,0,0,0.0,0.09487309575000066
665.255,0,0,0.0,0.09487309575000066
665.552,0,0,0.0,0.09487309575000066
665.552,0,0,0.0,0.09487309575000066
665.656,0,0,0.0,0.09487309575000066
665.66,0,0,0.0,0.09487309575000066
665.77,0,0,0.0,0.09487309575000066
665.853,0,0,0.0,0.09487309575000066
666.055,0,0,0.0,0.09487309575000066
666.155,0,0,0.0,0.09487309575000066
666.453,0,0,0.0,0.09487309575000066
666.753,0,0,0.0,0.09487309575000066
666.753,0,0,0.0,0.09487309575000066
666.787,0,0,0.0,0.09487309575000066
666.853,0,0,0.0,0.09487309575000066
666.886,0,0,0.0,0.09487309575000066
666.916,0,0,0.0,0.09487309575000066
666.963,0,0,0.0,0.09487309575000066
667.161,0,0,0.0,0.09487309575000066
667.452,0,0,0.0,0.09487309575000066
667.653,0,0,0.0,0.09487309575000066
667.654,0,0,0.0,0.09487309575000066
667.676,0,0,0.0,0.09487309575000066
667.756,0,0,0.0,0.09487309575000066
667.776,0,0,0.0,0.09487309575000066
667.886,0,0,0.0,0.09487309575000066
667.95,0,0,0.0,0.09487309575000066
667.957,0,0,0.0,0.09487309575000066
668.157,0,0,0.0,0.09487309575000066
668.257,0,0,0.0,0.09487309575000066
668.653,0,0,0.0,0.09487309575000066
668.657,0,0,0.0,0.09487309575000066
668.67,0,0,0.0,0.09487309575000066
668.852,0,0,0.0,0.09487309575000066
668.946,0,0,0.0,0.09487309575000066
668.95,0,0,0.0,0.09487309575000066
669.049,0,0,0.0,0.09487309575000066
669.051,0,0,0.0,0.09487309575000066
669.16,0,0,0.0,0.09487309575000066
669.555,0,0,0.0,0.09487309575000066
669.852,0,0,0.0,0.09487309575000066
669.856,0,0,0.0,0.09487309575000066
669.946,0,0,0.0,0.09487309575000066
669.966,0,0,0.0,0.09487309575000066
669.97,0,0,0.0,0.09487309575000066
670.048,0,0,0.0,0.09487309575000066
670.151,0,0,0.0,0.09487309575000066
670.463,0,0,0.0,0.09487309575000066
670.653,0,0,0.0,0.09487309575000066
670.653,0,0,0.0,0.09487309575000066
670.755,0,0,0.0,0.09487309575000066
670.771,0,0,0.0,0.09487309575000066
670.906,0,0,0.0,0.09487309575000066
671.053,0,0,0.0,0.09487309575000066
671.151,0,0,0.0,0.09487309575000066
671.159,0,0,0.0,0.09487309575000066
671.173,0,0,0.0,0.09487309575000066
671.659,0,0,0.0,0.09487309575000066
671.754,0,0,0.0,0.09487309575000066
671.772,0,0,0.0,0.09487309575000066
671.857,0,0,0.0,0.09487309575000066
671.936,0,0,0.0,0.09487309575000066
672.05,0,0,0.0,0.09487309575000066
672.251,0,0,0.0,0.09487309575000066
672.45,0,0,0.0,0.09487309575000066
672.458,0,0,0.0,0.09487309575000066
672.668,0,0,0.0,0.09487309575000066
672.767,0,0,0.0,0.09487309575000066
672.836,0,0,0.0,0.09487309575000066
672.858,0,0,0.0,0.09487309575000066
672.953,0,0,0.0,0.09487309575000066
672.966,0,0,0.0,0.09487309575000066
673.451,0,0,0.0,0.09487309575000066
673.55,0,0,0.0,0.09487309575000066
673.551,0,0,0.0,0.09487309575000066
673.563,0,0,0.0,0.09487309575000066
673.677,0,0,0.0,0.09487309575000066
673.779,0,0,0.0,0.09487309575000066
673.806,0,0,0.0,0.09487309575000066
673.836,0,0,0.0,0.09487309575000066
674.149,0,0,0.0,0.09487309575000066
674.155,0,0,0.0,0.09487309575000066
674.547,0,0,0.0,0.09487309575000066
674.651,0,0,0.0,0.09487309575000066
674.652,0,0,0.0,0.09487309575000066
674.653,0,0,0.0,0.09487309575000066
674.667,0,0,0.0,0.09487309575000066
674.776,0,0,0.0,0.09487309575000066
674.866,0,0,0.0,0.09487309575000066
675.149,0,0,0.0,0.09487309575000066
675.252,0,0,0.0,0.09487309575000066
675.449,0,0,0.0,0.09487309575000066
675.45,0,0,0.0,0.09487309575000066
675.649,0,0,0.0,0.09487309575000066
675.653,0,0,0.0,0.09487309575000066
675.754,0,0,0.0,0.09487309575000066
675.779,0,0,0.0,0.09487309575000066
675.866,0,0,0.0,0.09487309575000066
675.958,0,0,0.0,0.09487309575000066
676.449,0,0,0.0,0.09487309575000066
676.453,0,0,0.0,0.09487309575000066
676.65,0,0,0.0,0.09487309575000066
676.651,0,0,0.0,0.09487309575000066
676.651,0,0,0.0,0.09487309575000066
676.652,0,0,0.0,0.09487309575000066
676.775,0,0,0.0,0.09487309575000066
676.856,0,0,0.0,0.09487309575000066
676.954,0,0,0.0,0.09487309575000066
677.248,0,0,0.0,0.09487309575000066
677.549,0,0,0.0,0.09487309575000066
677.651,0,0,0.0,0.09487309575000066
677.654,0,0,0.0,0.09487309575000066
677.763,0,0,0.0,0.09487309575000066
677.768,0,0,0.0,0.09487309575000066
677.816,0,0,0.0,0.09487309575000066
677.85,0,0,0.0,0.09487309575000066
677.948,0,0,0.0,0.09487309575000066
677.954,0,0,0.0,0.09487309575000066
678.151,0,0,0.0,0.09487309575000066
678.248,0,0,0.0,0.09487309575000066
678.447,0,0,0.0,0.09487309575000066
678.549,0,0,0.0,0.09487309575000066
678.65,0,0,0.0,0.09487309575000066
678.85,0,0,0.0,0.09487309575000066
678.854,0,0,0.0,0.09487309575000066
678.959,0,0,0.0,0.09487309575000066
679.054,0,0,0.0,0.09487309575000066
679.254,0,0,0.0,0.09487309575000066
679.455,0,0,0.0,0.09487309575000066
679.554,0,0,0.0,0.09487309575000066
679.558,0,0,0.0,0.09487309575000066
679.753,0,0,0.0,0.09487309575000066
679.768,0,0,0.0,0.09487309575000066
679.85,0,0,0.0,0.09487309575000066
680.051,0,0,0.0,0.09487309575000066
680.057,0,0,0.0,0.09487309575000066
680.159,0,0,0.0,0.09487309575000066
680.552,0,0,0.0,0.09487309575000066
680.752,0,0,0.0,0.09487309575000066
680.752,0,0,0.0,0.09487309575000066
680.763,0,0,0.0,0.09487309575000066
680.816,0,0,0.0,0.09487309575000066
680.949,0,0,0.0,0.09487309575000066
681.047,0,0,0.0,0.09487309575000066
681.148,0,0,0.0,0.09487309575000066
681.247,0,0,0.0,0.09487309575000066
681.263,0,0,0.0,0.09487309575000066
681.454,0,0,0.0,0.09487309575000066
681.548,0,0,0.0,0.09487309575000066
681.773,0,0,0.0,0.09487309575000066
681.848,0,0,0.0,0.09487309575000066
681.949,0,0,0.0,0.09487309575000066
681.95,0,0,0.0,0.09487309575000066
682.148,0,0,0.0,0.09487309575000066
682.248,0,0,0.0,0.09487309575000066
682.448,0,0,0.0,0.09487309575000066
682.548,0,0,0.0,0.09487309575000066
682.751,0,0,0.0,0.09487309575000066
682.777,0,0,0.0,0.09487309575000066
682.786,0,0,0.0,0.09487309575000066
682.848,0,0,0.0,0.09487309575000066
683.147,0,0,0.0,0.09487309575000066
683.153,0,0,0.0,0.09487309575000066
683.245,0,0,0.0,0.09487309575000066
683.266,0,0,0.0,0.09487309575000066
683.447,0,0,0.0,0.09487309575000066
683.548,0,0,0.0,0.09487309575000066
683.75,0,0,0.0,0.09487309575000066
683.758,0,0,0.0,0.09487309575000066
683.774,0,0,0.0,0.09487309575000066
684.144,0,0,0.0,0.09487309575000066
684.246,0,0,0.0,0.09487309575000066
684.447,0,0,0.0,0.09487309575000066
684.448,0,0,0.0,0.09487309575000066
684.548,0,0,0.0,0.09487309575000066
684.771,0,0,0.0,0.09487309575000066
684.806,0,0,0.0,0.09487309575000066
684.848,0,0,0.0,0.09487309575000066
684.866,0,0,0.0,0.09487309575000066
684.956,0,0,0.0,0.09487309575000066
685.447,0,0,0.0,0.09487309575000066
685.45,0,0,0.0,0.09487309575000066
685.547,0,0,0.0,0.09487309575000066
685.547,0,0,0.0,0.09487309575000066
685.648,0,0,0.0,0.09487309575000066
685.663,0,0,0.0,0.09487309575000066
685.767,0,0,0.0,0.09487309575000066
685.796,0,0,0.0,0.09487309575000066
686.046,0,0,0.0,0.09487309575000066
686.544,0,0,0.0,0.09487309575000066
686.648,0,0,0.0,0.09487309575000066
686.651,0,0,0.0,0.09487309575000066
686.75,0,0,0.0,0.09487309575000066
686.751,0,0,0.0,0.09487309575000066
686.766,0,0,0.0,0.09487309575000066
686.796,0,0,0.0,0.09487309575000066
686.796,0,0,0.0,0.09487309575000066
687.146,0,0,0.0,0.09487309575000066
687.246,0,0,0.0,0.09487309575000066
687.25,0,0,0.0,0.09487309575000066
687.446,0,0,0.0,0.09487309575000066
687.546,0,0,0.0,0.09487309575000066
687.651,0,0,0.0,0.09487309575000066
687.767,0,0,0.0,0.09487309575000066
687.847,0,0,0.0,0.09487309575000066
687.848,0,0,0.0,0.09487309575000066
687.954,0,0,0.0,0.09487309575000066
688.145,0,0,0.0,0.09487309575000066
688.446,0,0,0.0,0.09487309575000066
688.546,0,0,0.0,0.09487309575000066
688.546,0,0,0.0,0.09487309575000066
688.648,0,0,0.0,0.09487309575000066
688.747,0,0,0.0,0.09487309575000066
688.757,0,0,0.0,0.09487309575000066
688.775,0,0,0.0,0.09487309575000066
688.847,0,0,0.0,0.09487309575000066
688.957,0,0,0.0,0.09487309575000066
689.151,0,0,0.0,0.09487309575000066
689.648,0,0,0.0,0.09487309575000066
689.669,0,0,0.0,0.09487309575000066
689.749,0,0,0.0,0.09487309575000066
689.75,0,0,0.0,0.09487309575000066
689.786,0,0,0.0,0.09487309575000066
689.836,0,0,0.0,0.09487309575000066
689.944,0,0,0.0,0.09487309575000066
689.951,0,0,0.0,0.09487309575000066
690.145,0,0,0.0,0.09487309575000066
690.251,0,0,0.0,0.09487309575000066
690.549,0,0,0.0,0.09487309575000066
690.647,0,0,0.0,0.09487309575000066
690.847,0,0,0.0,0.09487309575000066
690.896,0,0,0.0,0.09487309575000066
690.944,0,0,0.0,0.09487309575000066
690.946,0,0,0.0,0.09487309575000066
691.045,0,0,0.0,0.09487309575000066
691.156,0,0,0.0,0.09487309575000066
691.446,0,0,0.0,0.09487309575000066
691.449,0,0,0.0,0.09487309575000066
691.552,0,0,0.0,0.09487309575000066
691.768,0,0,0.0,0.09487309575000066
691.847,0,0,0.0,0.09487309575000066
691.947,0,0,0.0,0.09487309575000066
692.144,0,0,0.0,0.09487309575000066
692.144,0,0,0.0,0.09487309575000066
692.156,0,0,0.0,0.09487309575000066
692.256,0,0,0.0,0.09487309575000066
692.451,0,0,0.0,0.09487309575000066
692.652,0,0,0.0,0.09487309575000066
692.755,0,0,0.0,0.09487309575000066
692.756,0,0,0.0,0.09487309575000066
692.766,0,0,0.0,0.09487309575000066
693.142,0,0,0.0,0.09487309575000066
693.244,0,0,0.0,0.09487309575000066
693.244,0,0,0.0,0.09487309575000066
693.551,0,0,0.0,0.09487309575000066
693.647,0,0,0.0,0.09487309575000066
693.769,0,0,0.0,0.09487309575000066
693.776,0,0,0.0,0.09487309575000066
693.85,0,0,0.0,0.09487309575000066
693.896,0,0,0.0,0.09487309575000066
694.043,0,0,0.0,0.09487309575000066
694.444,0,0,0.0,0.09487309575000066
694.445,0,0,0.0,0.09487309575000066
694.457,0,0,0.0,0.09487309575000066
694.653,0,0,0.0,0.09487309575000066
694.746,0,0,0.0,0.09487309575000066
694.764,0,0,0.0,0.09487309575000066
694.776,0,0,0.0,0.09487309575000066
694.845,0,0,0.0,0.09487309575000066
695.043,0,0,0.0,0.09487309575000066
695.244,0,0,0.0,0.09487309575000066
695.446,0,0,0.0,0.09487309575000066
695.542,0,0,0.0,0.09487309575000066
695.542,0,0,0.0,0.09487309575000066
695.652,0,0,0.0,0.09487309575000066
695.746,0,0,0.0,0.09487309575000066
695.748,0,0,0.0,0.09487309575000066
695.763,0,0,0.0,0.09487309575000066
696.143,0,0,0.0,0.09487309575000066
696.247,0,0,0.0,0.09487309575000066
696.442,0,0,0.0,0.09487309575000066
696.444,0,0,0.0,0.09487309575000066
696.541,0,0,0.0,0.09487309575000066
696.545,0,0,0.0,0.09487309575000066
696.66,0,0,0.0,0.09487309575000066
696.766,0,0,0.0,0.09487309575000066
696.77,0,0,0.0,0.09487309575000066
697.043,0,0,0.0,0.09487309575000066
697.243,0,0,0.0,0.09487309575000066
697.443,0,0,0.0,0.09487309575000066
697.447,0,0,0.0,0.09487309575000066
697.543,0,0,0.0,0.09487309575000066
697.544,0,0,0.0,0.09487309575000066
697.645,0,0,0.0,0.09487309575000066
697.745,0,0,0.0,0.09487309575000066
697.764,0,0,0.0,0.09487309575000066
698.042,0,0,0.0,0.09487309575000066
698.248,0,0,0.0,0.09487309575000066
698.443,0,0,0.0,0.09487309575000066
698.443,0,0,0.0,0.09487309575000066
698.644,0,0,0.0,0.09487309575000066
698.747,0,0,0.0,0.09487309575000066
698.747,0,0,0.0,0.09487309575000066
698.757,0,0,0.0,0.09487309575000066
698.769,0,0,0.0,0.09487309575000066
698.845,0,0,0.0,0.09487309575000066
698.948,0,0,0.0,0.09487309575000066
699.248,0,0,0.0,0.09487309575000066
699.449,0,0,0.0,0.09487309575000066
699.644,0,0,0.0,0.09487309575000066
699.644,0,0,0.0,0.09487309575000066
699.754,0,0,0.0,0.09487309575000066
699.816,0,0,0.0,0.09487309575000066
699.844,0,0,0.0,0.09487309575000066
699.944,0,0,0.0,0.09487309575000066
699.947,0,0,0.0,0.09487309575000066
700.142,0,0,0.0,0.09487309575000066
700.243,0,0,0.0,0.09487309575000066
700.446,0,0,0.0,0.09487309575000066
700.543,0,0,0.0,0.09487309575000066
700.552,0,0,0.0,0.09487309575000066
700.841,0,0,0.0,0.09487309575000066
700.844,0,0,0.0,0.09487309575000066
701.042,0,0,0.0,0.09487309575000066
701.054,0,0,0.0,0.09487309575000066
701.248,0,0,0.0,0.09487309575000066
701.443,0,0,0.0,0.09487309575000066
701.542,0,0,0.0,0.09487309575000066
701.746,0,0,0.0,0.09487309575000066
701.747,0,0,0.0,0.09487309575000066
701.778,0,0,0.0,0.09487309575000066
701.844,0,0,0.0,0.09487309575000066
702.141,0,0,0.0,0.09487309575000066
702.241,0,0,0.0,0.09487309575000066
702.248,0,0,0.0,0.09487309575000066
702.543,0,0,0.0,0.09487309575000066
702.746,0,0,0.0,0.09487309575000066
702.746,0,0,0.0,0.09487309575000066
702.756,0,0,0.0,0.09487309575000066
702.766,0,0,0.0,0.09487309575000066
702.943,0,0,0.0,0.09487309575000066
702.947,0,0,0.0,0.09487309575000066
703.253,0,0,0.0,0.09487309575000066
703.442,0,0,0.0,0.09487309575000066
703.542,0,0,0.0,0.09487309575000066
703.548,0,0,0.0,0.09487309575000066
703.726,0,0,0.0,0.09487309575000066
703.751,0,0,0.0,0.09487309575000066
703.763,0,0,0.0,0.09487309575000066
703.943,0,0,0.0,0.09487309575000066
704.041,0,0,0.0,0.09487309575000066
704.539,0,0,0.0,0.09487309575000066
704.542,0,0,0.0,0.09487309575000066
704.726,0,0,0.0,0.09487309575000066
704.745,0,0,0.0,0.09487309575000066
704.746,0,0,0.0,0.09487309575000066
704.752,0,0,0.0,0.09487309575000066
704.756,0,0,0.0,0.09487309575000066
704.76,0,0,0.0,0.09487309575000066
705.138,0,0,0.0,0.09487309575000066
705.244,0,0,0.0,0.09487309575000066
705.454,0,0,0.0,0.09487309575000066
705.539,0,0,0.0,0.09487309575000066
705.649,0,0,0.0,0.09487309575000066
705.749,0,0,0.0,0.09487309575000066
705.765,0,0,0.0,0.09487309575000066
705.806,0,0,0.0,0.09487309575000066
705.936,0,0,0.0,0.09487309575000066
706.038,0,0,0.0,0.09487309575000066
706.04,0,0,0.0,0.09487309575000066
706.441,0,0,0.0,0.09487309575000066
706.541,0,0,0.0,0.09487309575000066
706.541,0,0,0.0,0.09487309575000066
706.541,0,0,0.0,0.09487309575000066
706.554,0,0,0.0,0.09487309575000066
706.751,0,0,0.0,0.09487309575000066
706.764,0,0,0.0,0.09487309575000066
707.043,0,0,0.0,0.09487309575000066
707.438,0,0,0.0,0.09487309575000066
707.441,0,0,0.0,0.09487309575000066
707.642,0,0,0.0,0.09487309575000066
707.643,0,0,0.0,0.09487309575000066
707.736,0,0,0.0,0.09487309575000066
707.745,0,0,0.0,0.09487309575000066
707.751,0,0,0.0,0.09487309575000066
707.761,0,0,0.0,0.09487309575000066
707.937,0,0,0.0,0.09487309575000066
708.54,0,0,0.0,0.09487309575000066
708.639,0,0,0.0,0.09487309575000066
708.642,0,0,0.0,0.09487309575000066
708.736,0,0,0.0,0.09487309575000066
708.757,0,0,0.0,0.09487309575000066
708.796,0,0,0.0,0.09487309575000066
708.842,0,0,0.0,0.09487309575000066
708.943,0,0,0.0,0.09487309575000066
709.041,0,0,0.0,0.09487309575000066
709.24,0,0,0.0,0.09487309575000066
709.54,0,0,0.0,0.09487309575000066
709.54,0,0,0.0,0.09487309575000066
709.64,0,0,0.0,0.09487309575000066
709.648,0,0,0.0,0.09487309575000066
709.736,0,0,0.0,0.09487309575000066
709.761,0,0,0.0,0.09487309575000066
709.942,0,0,0.0,0.09487309575000066
710.045,0,0,0.0,0.09487309575000066
710.145,0,0,0.0,0.09487309575000066
710.44,0,0,0.0,0.09487309575000066
710.54,0,0,0.0,0.09487309575000066
710.743,0,0,0.0,0.09487309575000066
710.744,0,0,0.0,0.09487309575000066
710.75,0,0,0.0,0.09487309575000066
710.754,0,0,0.0,0.09487309575000066
710.766,0,0,0.0,0.09487309575000066
710.767,0,0,0.0,0.09487309575000066
710.946,0,0,0.0,0.09487309575000066
711.239,0,0,0.0,0.09487309575000066
711.641,0,0,0.0,0.09487309575000066
711.661,0,0,0.0,0.09487309575000066
711.726,0,0,0.0,0.09487309575000066
711.743,0,0,0.0,0.09487309575000066
711.744,0,0,0.0,0.09487309575000066
711.796,0,0,0.0,0.09487309575000066
711.94,0,0,0.0,0.09487309575000066
711.951,0,0,0.0,0.09487309575000066
712.051,0,0,0.0,0.09487309575000066
712.239,0,0,0.0,0.09487309575000066
712.439,0,0,0.0,0.09487309575000066
712.545,0,0,0.0,0.09487309575000066
712.546,0,0,0.0,0.09487309575000066
712.84,0,0,0.0,0.09487309575000066
712.938,0,0,0.0,0.09487309575000066
713.038,0,0,0.0,0.09487309575000066
713.139,0,0,0.0,0.09487309575000066
713.151,0,0,0.0,0.09487309575000066
713.439,0,0,0.0,0.09487309575000066
713.641,0,0,0.0,0.09487309575000066
713.75,0,0,0.0,0.09487309575000066
713.758,0,0,0.0,0.09487309575000066
713.786,0,0,0.0,0.09487309575000066
713.84,0,0,0.0,0.09487309575000066
714.136,0,0,0.0,0.09487309575000066
714.136,0,0,0.0,0.09487309575000066
714.239,0,0,0.0,0.09487309575000066
714.64,0,0,0.0,0.09487309575000066
714.763,0,0,0.0,0.09487309575000066
714.786,0,0,0.0,0.09487309575000066
714.84,0,0,0.0,0.09487309575000066
714.844,0,0,0.0,0.09487309575000066
714.846,0,0,0.0,0.09487309575000066
715.036,0,0,0.0,0.09487309575000066
715.138,0,0,0.0,0.09487309575000066
715.239,0,0,0.0,0.09487309575000066
715.445,0,0,0.0,0.09487309575000066
715.545,0,0,0.0,0.09487309575000066
715.641,0,0,0.0,0.09487309575000066
715.696,0,0,0.0,0.09487309575000066
715.759,0,0,0.0,0.09487309575000066
715.939,0,0,0.0,0.09487309575000066
716.038,0,0,0.0,0.09487309575000066
716.157,0,0,0.0,0.09487309575000066
716.236,0,0,0.0,0.09487309575000066
716.449,0,0,0.0,0.09487309575000066
716.647,0,0,0.0,0.09487309575000066
716.686,0,0,0.0,0.09487309575000066
716.726,0,0,0.0,0.09487309575000066
716.759,0,0,0.0,0.09487309575000066
716.839,0,0,0.0,0.09487309575000066
716.935,0,0,0.0,0.09487309575000066
717.536,0,0,0.0,0.09487309575000066
717.548,0,0,0.0,0.09487309575000066
717.716,0,0,0.0,0.09487309575000066
717.716,0,0,0.0,0.09487309575000066
717.716,0,0,0.0,0.09487309575000066
717.746,0,0,0.0,0.09487309575000066
717.762,0,0,0.0,0.09487309575000066
717.926,0,0,0.0,0.09487309575000066
718.035,0,0,0.0,0.09487309575000066
718.235,0,0,0.0,0.09487309575000066
718.538,0,0,0.0,0.09487309575000066
718.538,0,0,0.0,0.09487309575000066
718.55,0,0,0.0,0.09487309575000066
718.639,0,0,0.0,0.09487309575000066
718.646,0,0,0.0,0.09487309575000066
718.716,0,0,0.0,0.09487309575000066
718.765,0,0,0.0,0.09487309575000066
719.137,0,0,0.0,0.09487309575000066
719.143,0,0,0.0,0.09487309575000066
719.435,0,0,0.0,0.09487309575000066
719.438,0,0,0.0,0.09487309575000066
719.537,0,0,0.0,0.09487309575000066
719.643,0,0,0.0,0.09487309575000066
719.649,0,0,0.0,0.09487309575000066
719.742,0,0,0.0,0.09487309575000066
719.766,0,0,0.0,0.09487309575000066
719.94,0,0,0.0,0.09487309575000066
720.437,0,0,0.0,0.09487309575000066
720.636,0,0,0.0,0.09487309575000066
720.636,0,0,0.0,0.09487309575000066
720.696,0,0,0.0,0.09487309575000066
720.762,0,0,0.0,0.09487309575000066
720.766,0,0,0.0,0.09487309575000066
720.838,0,0,0.0,0.09487309575000066
720.839,0,0,0.0,0.09487309575000066
720.948,0,0,0.0,0.09487309575000066
721.237,0,0,0.0,0.09487309575000066
721.443,0,0,0.0,0.09487309575000066
721.543,0,0,0.0,0.09487309575000066
721.638,0,0,0.0,0.09487309575000066
721.751,0,0,0.0,0.09487309575000066
721.755,0,0,0.0,0.09487309575000066
721.766,0,0,0.0,0.09487309575000066
721.835,0,0,0.0,0.09487309575000066
721.936,0,0,0.0,0.09487309575000066
721.942,0,0,0.0,0.09487309575000066
722.136,0,0,0.0,0.09487309575000066
722.237,0,0,0.0,0.09487309575000066
722.537,0,0,0.0,0.09487309575000066
722.54,0,0,0.0,0.09487309575000066
722.638,0,0,0.0,0.09487309575000066
722.747,0,0,0.0,0.09487309575000066
722.75,0,0,0.0,0.09487309575000066
722.838,0,0,0.0,0.09487309575000066
723.033,0,0,0.0,0.09487309575000066
723.045,0,0,0.0,0.09487309575000066
723.437,0,0,0.0,0.09487309575000066
723.536,0,0,0.0,0.09487309575000066
723.696,0,0,0.0,0.09487309575000066
723.74,0,0,0.0,0.09487309575000066
723.838,0,0,0.0,0.09487309575000066
723.838,0,0,0.0,0.09487309575000066
724.035,0,0,0.0,0.09487309575000066
724.035,0,0,0.0,0.09487309575000066
724.145,0,0,0.0,0.09487309575000066
724.537,0,0,0.0,0.09487309575000066
724.639,0,0,0.0,0.09487309575000066
724.696,0,0,0.0,0.09487309575000066
724.74,0,0,0.0,0.09487309575000066
724.751,0,0,0.0,0.09487309575000066
724.937,0,0,0.0,0.09487309575000066
725.035,0,0,0.0,0.09487309575000066
725.136,0,0,0.0,0.09487309575000066
725.235,0,0,0.0,0.09487309575000066
725.244,0,0,0.0,0.09487309575000066
725.442,0,0,0.0,0.09487309575000066
725.54,0,0,0.0,0.09487309575000066
725.745,0,0,0.0,0.09487309575000066
725.756,0,0,0.0,0.09487309575000066
725.932,0,0,0.0,0.09487309575000066
725.937,0,0,0.0,0.09487309575000066
726.239,0,0,0.0,0.09487309575000066
726.245,0,0,0.0,0.09487309575000066
726.536,0,0,0.0,0.09487309575000066
726.686,0,0,0.0,0.09487309575000066
726.743,0,0,0.0,0.09487309575000066
726.76,0,0,0.0,0.09487309575000066
726.806,0,0,0.0,0.09487309575000066
726.937,0,0,0.0,0.09487309575000066
727.032,0,0,0.0,0.09487309575000066
727.235,0,0,0.0,0.09487309575000066
727.436,0,0,0.0,0.09487309575000066
727.541,0,0,0.0,0.09487309575000066
727.643,0,0,0.0,0.09487309575000066
727.696,0,0,0.0,0.09487309575000066
727.726,0,0,0.0,0.09487309575000066
727.74,0,0,0.0,0.09487309575000066
727.756,0,0,0.0,0.09487309575000066
728.135,0,0,0.0,0.09487309575000066
728.141,0,0,0.0,0.09487309575000066
728.432,0,0,0.0,0.09487309575000066
728.433,0,0,0.0,0.09487309575000066
728.433,0,0,0.0,0.09487309575000066
728.436,0,0,0.0,0.09487309575000066
728.637,0,0,0.0,0.09487309575000066
728.745,0,0,0.0,0.09487309575000066
728.756,0,0,0.0,0.09487309575000066
729.032,0,0,0.0,0.09487309575000066
729.435,0,0,0.0,0.09487309575000066
729.457,0,0,0.0,0.09487309575000066
729.634,0,0,0.0,0.09487309575000066
729.676,0,0,0.0,0.09487309575000066
729.739,0,0,0.0,0.09487309575000066
729.746,0,0,0.0,0.09487309575000066
729.759,0,0,0.0,0.09487309575000066
729.936,0,0,0.0,0.09487309575000066
730.034,0,0,0.0,0.09487309575000066
730.535,0,0,0.0,0.09487309575000066
730.535,0,0,0.0,0.09487309575000066
730.541,0,0,0.0,0.09487309575000066
730.636,0,0,0.0,0.09487309575000066
730.636,0,0,0.0,0.09487309575000066
730.676,0,0,0.0,0.09487309575000066
730.676,0,0,0.0,0.09487309575000066
730.759,0,0,0.0,0.09487309575000066
731.037,0,0,0.0,0.09487309575000066
731.137,0,0,0.0,0.09487309575000066
731.232,0,0,0.0,0.09487309575000066
731.534,0,0,0.0,0.09487309575000066
731.535,0,0,0.0,0.09487309575000066
731.636,0,0,0.0,0.09487309575000066
731.739,0,0,0.0,0.09487309575000066
731.759,0,0,0.0,0.09487309575000066
731.835,0,0,0.0,0.09487309575000066
732.037,0,0,0.0,0.09487309575000066
732.137,0,0,0.0,0.09487309575000066
732.435,0,0,0.0,0.09487309575000066
732.534,0,0,0.0,0.09487309575000066
732.726,0,0,0.0,0.09487309575000066
732.735,0,0,0.0,0.09487309575000066
732.735,0,0,0.0,0.09487309575000066
732.76,0,0,0.0,0.09487309575000066
732.835,0,0,0.0,0.09487309575000066
732.945,0,0,0.0,0.09487309575000066
733.139,0,0,0.0,0.09487309575000066
733.434,0,0,0.0,0.09487309575000066
733.636,0,0,0.0,0.09487309575000066
733.636,0,0,0.0,0.09487309575000066
733.659,0,0,0.0,0.09487309575000066
733.706,0,0,0.0,0.09487309575000066
733.738,0,0,0.0,0.09487309575000066
733.758,0,0,0.0,0.09487309575000066
733.932,0,0,0.0,0.09487309575000066
734.033,0,0,0.0,0.09487309575000066
734.138,0,0,0.0,0.09487309575000066
734.145,0,0,0.0,0.09487309575000066
734.635,0,0,0.0,0.09487309575000066
734.639,0,0,0.0,0.09487309575000066
734.656,0,0,0.0,0.09487309575000066
734.716,0,0,0.0,0.09487309575000066
734.743,0,0,0.0,0.09487309575000066
734.933,0,0,0.0,0.09487309575000066
735.03,0,0,0.0,0.09487309575000066
735.131,0,0,0.0,0.09487309575000066
735.142,0,0,0.0,0.09487309575000066
735.434,0,0,0.0,0.09487309575000066
735.533,0,0,0.0,0.09487309575000066
735.726,0,0,0.0,0.09487309575000066
735.835,0,0,0.0,0.09487309575000066
735.935,0,0,0.0,0.09487309575000066
735.951,0,0,0.0,0.09487309575000066
736.03,0,0,0.0,0.09487309575000066
736.133,0,0,0.0,0.09487309575000066
736.434,0,0,0.0,0.09487309575000066
736.635,0,0,0.0,0.09487309575000066
736.666,0,0,0.0,0.09487309575000066
736.74,0,0,0.0,0.09487309575000066
736.753,0,0,0.0,0.09487309575000066
736.835,0,0,0.0,0.09487309575000066
737.132,0,0,0.0,0.09487309575000066
737.132,0,0,0.0,0.09487309575000066
737.138,0,0,0.0,0.09487309575000066
737.155,0,0,0.0,0.09487309575000066
737.634,0,0,0.0,0.09487309575000066
737.736,0,0,0.0,0.09487309575000066
737.754,0,0,0.0,0.09487309575000066
737.756,0,0,0.0,0.09487309575000066
737.84,0,0,0.0,0.09487309575000066
738.032,0,0,0.0,0.09487309575000066
738.232,0,0,0.0,0.09487309575000066
738.433,0,0,0.0,0.09487309575000066
738.439,0,0,0.0,0.09487309575000066
738.635,0,0,0.0,0.09487309575000066
738.656,0,0,0.0,0.09487309575000066
738.756,0,0,0.0,0.09487309575000066
738.776,0,0,0.0,0.09487309575000066
738.839,0,0,0.0,0.09487309575000066
739.031,0,0,0.0,0.09487309575000066
739.433,0,0,0.0,0.09487309575000066
739.532,0,0,0.0,0.09487309575000066
739.532,0,0,0.0,0.09487309575000066
739.544,0,0,0.0,0.09487309575000066
739.626,0,0,0.0,0.09487309575000066
739.638,0,0,0.0,0.09487309575000066
739.656,0,0,0.0,0.09487309575000066
739.757,0,0,0.0,0.09487309575000066
740.131,0,0,0.0,0.09487309575000066
740.137,0,0,0.0,0.09487309575000066
740.53,0,0,0.0,0.09487309575000066
740.633,0,0,0.0,0.09487309575000066
740.634,0,0,0.0,0.09487309575000066
740.634,0,0,0.0,0.09487309575000066
740.646,0,0,0.0,0.09487309575000066
740.65,0,0,0.0,0.09487309575000066
740.753,0,0,0.0,0.09487309575000066
741.031,0,0,0.0,0.09487309575000066
741.231,0,0,0.0,0.09487309575000066
741.431,0,0,0.0,0.09487309575000066
741.431,0,0,0.0,0.09487309575000066
741.432,0,0,0.0,0.09487309575000066
741.631,0,0,0.0,0.09487309575000066
741.634,0,0,0.0,0.09487309575000066
741.732,0,0,0.0,0.09487309575000066
741.758,0,0,0.0,0.09487309575000066
741.936,0,0,0.0,0.09487309575000066
742.432,0,0,0.0,0.09487309575000066
742.435,0,0,0.0,0.09487309575000066
742.631,0,0,0.0,0.09487309575000066
742.632,0,0,0.0,0.09487309575000066
742.634,0,0,0.0,0.09487309575000066
742.646,0,0,0.0,0.09487309575000066
742.732,0,0,0.0,0.09487309575000066
742.754,0,0,0.0,0.09487309575000066
742.934,0,0,0.0,0.09487309575000066
743.23,0,0,0.0,0.09487309575000066
743.231,0,0,0.0,0.09487309575000066
743.531,0,0,0.0,0.09487309575000066
743.632,0,0,0.0,0.09487309575000066
743.636,0,0,0.0,0.09487309575000066
743.747,0,0,0.0,0.09487309575000066
743.755,0,0,0.0,0.09487309575000066
743.832,0,0,0.0,0.09487309575000066
743.93,0,0,0.0,0.09487309575000066
743.936,0,0,0.0,0.09487309575000066
744.13,0,0,0.0,0.09487309575000066
744.431,0,0,0.0,0.09487309575000066
744.437,0,0,0.0,0.09487309575000066
744.636,0,0,0.0,0.09487309575000066
744.735,0,0,0.0,0.09487309575000066
744.831,0,0,0.0,0.09487309575000066
744.835,0,0,0.0,0.09487309575000066
744.93,0,0,0.0,0.09487309575000066
745.041,0,0,0.0,0.09487309575000066
745.236,0,0,0.0,0.09487309575000066
745.537,0,0,0.0,0.09487309575000066
745.633,0,0,0.0,0.09487309575000066
745.676,0,0,0.0,0.09487309575000066
745.735,0,0,0.0,0.09487309575000066
745.758,0,0,0.0,0.09487309575000066
745.831,0,0,0.0,0.09487309575000066
746.033,0,0,0.0,0.09487309575000066
746.13,0,0,0.0,0.09487309575000066
746.142,0,0,0.0,0.09487309575000066
746.239,0,0,0.0,0.09487309575000066
746.533,0,0,0.0,0.09487309575000066
746.632,0,0,0.0,0.09487309575000066
746.636,0,0,0.0,0.09487309575000066
746.742,0,0,0.0,0.09487309575000066
746.751,0,0,0.0,0.09487309575000066
746.931,0,0,0.0,0.09487309575000066
747.027,0,0,0.0,0.09487309575000066
747.229,0,0,0.0,0.09487309575000066
747.436,0,0,0.0,0.09487309575000066
747.53,0,0,0.0,0.09487309575000066
747.626,0,0,0.0,0.09487309575000066
747.686,0,0,0.0,0.09487309575000066
747.831,0,0,0.0,0.09487309575000066
747.931,0,0,0.0,0.09487309575000066
748.027,0,0,0.0,0.09487309575000066
748.227,0,0,0.0,0.09487309575000066
748.233,0,0,0.0,0.09487309575000066
748.529,0,0,0.0,0.09487309575000066
748.536,0,0,0.0,0.09487309575000066
748.726,0,0,0.0,0.09487309575000066
748.733,0,0,0.0,0.09487309575000066
748.738,0,0,0.0,0.09487309575000066
748.753,0,0,0.0,0.09487309575000066
749.129,0,0,0.0,0.09487309575000066
749.132,0,0,0.0,0.09487309575000066
749.227,0,0,0.0,0.09487309575000066
749.427,0,0,0.0,0.09487309575000066
749.53,0,0,0.0,0.09487309575000066
749.53,0,0,0.0,0.09487309575000066
749.631,0,0,0.0,0.09487309575000066
749.747,0,0,0.0,0.09487309575000066
749.756,0,0,0.0,0.09487309575000066
750.126,0,0,0.0,0.09487309575000066
750.429,0,0,0.0,0.09487309575000066
750.539,0,0,0.0,0.09487309575000066
750.626,0,0,0.0,0.09487309575000066
750.676,0,0,0.0,0.09487309575000066
750.686,0,0,0.0,0.09487309575000066
750.73,0,0,0.0,0.09487309575000066
750.753,0,0,0.0,0.09487309575000066
750.83,0,0,0.0,0.09487309575000066
750.939,0,0,0.0,0.09487309575000066
751.435,0,0,0.0,0.09487309575000066
751.528,0,0,0.0,0.09487309575000066
751.529,0,0,0.0,0.09487309575000066
751.616,0,0,0.0,0.09487309575000066
751.628,0,0,0.0,0.09487309575000066
751.63,0,0,0.0,0.09487309575000066
751.645,0,0,0.0,0.09487309575000066
751.753,0,0,0.0,0.09487309575000066
752.028,0,0,0.0,0.09487309575000066
752.226,0,0,0.0,0.09487309575000066
752.228,0,0,0.0,0.09487309575000066
752.526,0,0,0.0,0.09487309575000066
752.629,0,0,0.0,0.09487309575000066
752.63,0,0,0.0,0.09487309575000066
752.652,0,0,0.0,0.09487309575000066
752.732,0,0,0.0,0.09487309575000066
752.747,0,0,0.0,0.09487309575000066
753.128,0,0,0.0,0.09487309575000066
753.228,0,0,0.0,0.09487309575000066
753.428,0,0,0.0,0.09487309575000066
753.528,0,0,0.0,0.09487309575000066
753.629,0,0,0.0,0.09487309575000066
753.63,0,0,0.0,0.09487309575000066
753.729,0,0,0.0,0.09487309575000066
753.729,0,0,0.0,0.09487309575000066
753.753,0,0,0.0,0.09487309575000066
753.939,0,0,0.0,0.09487309575000066
754.137,0,0,0.0,0.09487309575000066
754.428,0,0,0.0,0.09487309575000066
754.431,0,0,0.0,0.09487309575000066
754.629,0,0,0.0,0.09487309575000066
754.63,0,0,0.0,0.09487309575000066
754.649,0,0,0.0,0.09487309575000066
754.752,0,0,0.0,0.09487309575000066
754.827,0,0,0.0,0.09487309575000066
754.829,0,0,0.0,0.09487309575000066
754.939,0,0,0.0,0.09487309575000066
755.133,0,0,0.0,0.09487309575000066
755.228,0,0,0.0,0.09487309575000066
755.616,0,0,0.0,0.09487309575000066
755.629,0,0,0.0,0.09487309575000066
755.632,0,0,0.0,0.09487309575000066
755.652,0,0,0.0,0.09487309575000066
755.737,0,0,0.0,0.09487309575000066
755.926,0,0,0.0,0.09487309575000066
755.926,0,0,0.0,0.09487309575000066
756.127,0,0,0.0,0.09487309575000066
756.227,0,0,0.0,0.09487309575000066
756.428,0,0,0.0,0.09487309575000066
756.531,0,0,0.0,0.09487309575000066
756.629,0,0,0.0,0.09487309575000066
756.828,0,0,0.0,0.09487309575000066
756.947,0,0,0.0,0.09487309575000066
757.024,0,0,0.0,0.09487309575000066
757.028,0,0,0.0,0.09487309575000066
757.136,0,0,0.0,0.09487309575000066
757.428,0,0,0.0,0.09487309575000066
757.434,0,0,0.0,0.09487309575000066
757.635,0,0,0.0,0.09487309575000066
757.744,0,0,0.0,0.09487309575000066
757.828,0,0,0.0,0.09487309575000066
757.828,0,0,0.0,0.09487309575000066
758.027,0,0,0.0,0.09487309575000066
758.126,0,0,0.0,0.09487309575000066
758.138,0,0,0.0,0.09487309575000066
758.232,0,0,0.0,0.09487309575000066
758.428,0,0,0.0,0.09487309575000066
758.634,0,0,0.0,0.09487309575000066
758.73,0,0,0.0,0.09487309575000066
758.748,0,0,0.0,0.09487309575000066
758.834,0,0,0.0,0.09487309575000066
759.126,0,0,0.0,0.09487309575000066
759.227,0,0,0.0,0.09487309575000066
759.431,0,0,0.0,0.09487309575000066
759.596,0,0,0.0,0.09487309575000066
759.596,0,0,0.0,0.09487309575000066
759.629,0,0,0.0,0.09487309575000066
759.716,0,0,0.0,0.09487309575000066
759.751,0,0,0.0,0.09487309575000066
759.831,0,0,0.0,0.09487309575000066
759.929,0,0,0.0,0.09487309575000066
760.426,0,0,0.0,0.09487309575000066
760.427,0,0,0.0,0.09487309575000066
760.427,0,0,0.0,0.09487309575000066
760.438,0,0,0.0,0.09487309575000066
760.576,0,0,0.0,0.09487309575000066
760.634,0,0,0.0,0.09487309575000066
760.755,0,0,0.0,0.09487309575000066
760.828,0,0,0.0,0.09487309575000066
761.125,0,0,0.0,0.09487309575000066
761.129,0,0,0.0,0.09487309575000066
761.226,0,0,0.0,0.09487309575000066
761.424,0,0,0.0,0.09487309575000066
761.426,0,0,0.0,0.09487309575000066
761.526,0,0,0.0,0.09487309575000066
761.634,0,0,0.0,0.09487309575000066
761.73,0,0,0.0,0.09487309575000066
761.755,0,0,0.0,0.09487309575000066
762.125,0,0,0.0,0.09487309575000066
762.228,0,0,0.0,0.09487309575000066
762.424,0,0,0.0,0.09487309575000066
762.426,0,0,0.0,0.09487309575000066
762.426,0,0,0.0,0.09487309575000066
762.446,0,0,0.0,0.09487309575000066
762.524,0,0,0.0,0.09487309575000066
762.646,0,0,0.0,0.09487309575000066
762.75,0,0,0.0,0.09487309575000066
763.025,0,0,0.0,0.09487309575000066
763.231,0,0,0.0,0.09487309575000066
763.425,0,0,0.0,0.09487309575000066
763.429,0,0,0.0,0.09487309575000066
763.526,0,0,0.0,0.09487309575000066
763.627,0,0,0.0,0.09487309575000066
763.628,0,0,0.0,0.09487309575000066
763.727,0,0,0.0,0.09487309575000066
763.737,0,0,0.0,0.09487309575000066
763.746,0,0,0.0,0.09487309575000066
763.928,0,0,0.0,0.09487309575000066
764.23,0,0,0.0,0.09487309575000066
764.425,0,0,0.0,0.09487309575000066
764.586,0,0,0.0,0.09487309575000066
764.626,0,0,0.0,0.09487309575000066
764.63,0,0,0.0,0.09487309575000066
764.735,0,0,0.0,0.09487309575000066
764.74,0,0,0.0,0.09487309575000066
764.826,0,0,0.0,0.09487309575000066
764.928,0,0,0.0,0.09487309575000066
765.23,0,0,0.0,0.09487309575000066
765.423,0,0,0.0,0.09487309575000066
765.525,0,0,0.0,0.09487309575000066
765.525,0,0,0.0,0.09487309575000066
765.586,0,0,0.0,0.09487309575000066
765.826,0,0,0.0,0.09487309575000066
765.926,0,0,0.0,0.09487309575000066
765.935,0,0,0.0,0.09487309575000066
766.124,0,0,0.0,0.09487309575000066
766.428,0,0,0.0,0.09487309575000066
766.525,0,0,0.0,0.09487309575000066
766.616,0,0,0.0,0.09487309575000066
766.729,0,0,0.0,0.09487309575000066
766.751,0,0,0.0,0.09487309575000066
766.823,0,0,0.0,0.09487309575000066
766.826,0,0,0.0,0.09487309575000066
766.922,0,0,0.0,0.09487309575000066
767.035,0,0,0.0,0.09487309575000066
767.229,0,0,0.0,0.09487309575000066
767.525,0,0,0.0,0.09487309575000066
767.616,0,0,0.0,0.09487309575000066
767.643,0,0,0.0,0.09487309575000066
767.728,0,0,0.0,0.09487309575000066
767.729,0,0,0.0,0.09487309575000066
767.752,0,0,0.0,0.09487309575000066
767.925,0,0,0.0,0.09487309575000066
768.123,0,0,0.0,0.09487309575000066
768.229,0,0,0.0,0.09487309575000066
768.524,0,0,0.0,0.09487309575000066
768.566,0,0,0.0,0.09487309575000066
768.576,0,0,0.0,0.09487309575000066
768.626,0,0,0.0,0.09487309575000066
768.728,0,0,0.0,0.09487309575000066
768.925,0,0,0.0,0.09487309575000066
769.021,0,0,0.0,0.09487309575000066
769.023,0,0,0.0,0.09487309575000066
769.424,0,0,0.0,0.09487309575000066
769.524,0,0,0.0,0.09487309575000066
769.53,0,0,0.0,0.09487309575000066
769.576,0,0,0.0,0.09487309575000066
769.725,0,0,0.0,0.09487309575000066
769.731,0,0,0.0,0.09487309575000066
769.753,0,0,0.0,0.09487309575000066
770.123,0,0,0.0,0.09487309575000066
770.124,0,0,0.0,0.09487309575000066
770.129,0,0,0.0,0.09487309575000066
770.521,0,0,0.0,0.09487309575000066
770.625,0,0,0.0,0.09487309575000066
770.636,0,0,0.0,0.09487309575000066
770.727,0,0,0.0,0.09487309575000066
770.734,0,0,0.0,0.09487309575000066
770.747,0,0,0.0,0.09487309575000066
771.12,0,0,0.0,0.09487309575000066
771.226,0,0,0.0,0.09487309575000066
771.423,0,0,0.0,0.09487309575000066
771.423,0,0,0.0,0.09487309575000066
771.436,0,0,0.0,0.09487309575000066
771.625,0,0,0.0,0.09487309575000066
771.747,0,0,0.0,0.09487309575000066
771.756,0,0,0.0,0.09487309575000066
771.824,0,0,0.0,0.09487309575000066
771.929,0,0,0.0,0.09487309575000066
772.423,0,0,0.0,0.09487309575000066
772.427,0,0,0.0,0.09487309575000066
772.523,0,0,0.0,0.09487309575000066
772.523,0,0,0.0,0.09487309575000066
772.535,0,0,0.0,0.09487309575000066
772.566,0,0,0.0,0.09487309575000066
772.733,0,0,0.0,0.09487309575000066
772.75,0,0,0.0,0.09487309575000066
773.022,0,0,0.0,0.09487309575000066
773.223,0,0,0.0,0.09487309575000066
773.423,0,0,0.0,0.09487309575000066
773.556,0,0,0.0,0.09487309575000066
773.624,0,0,0.0,0.09487309575000066
773.627,0,0,0.0,0.09487309575000066
773.733,0,0,0.0,0.09487309575000066
773.735,0,0,0.0,0.09487309575000066
773.748,0,0,0.0,0.09487309575000066
773.823,0,0,0.0,0.09487309575000066
774.022,0,0,0.0,0.09487309575000066
774.42,0,0,0.0,0.09487309575000066
774.52,0,0,0.0,0.09487309575000066
774.556,0,0,0.0,0.09487309575000066
774.556,0,0,0.0,0.09487309575000066
774.624,0,0,0.0,0.09487309575000066
774.724,0,0,0.0,0.09487309575000066
774.829,0,0,0.0,0.09487309575000066
775.021,0,0,0.0,0.09487309575000066
775.125,0,0,0.0,0.09487309575000066
775.422,0,0,0.0,0.09487309575000066
775.522,0,0,0.0,0.09487309575000066
775.523,0,0,0.0,0.09487309575000066
775.542,0,0,0.0,0.09487309575000066
775.621,0,0,0.0,0.09487309575000066
775.723,0,0,0.0,0.09487309575000066
775.752,0,0,0.0,0.09487309575000066
776.021,0,0,0.0,0.09487309575000066
776.127,0,0,0.0,0.09487309575000066
776.422,0,0,0.0,0.09487309575000066
776.526,0,0,0.0,0.09487309575000066
776.586,0,0,0.0,0.09487309575000066
776.725,0,0,0.0,0.09487309575000066
776.726,0,0,0.0,0.09487309575000066
776.737,0,0,0.0,0.09487309575000066
776.747,0,0,0.0,0.09487309575000066
776.921,0,0,0.0,0.09487309575000066
776.927,0,0,0.0,0.09487309575000066
777.221,0,0,0.0,0.09487309575000066
777.546,0,0,0.0,0.09487309575000066
777.556,0,0,0.0,0.09487309575000066
777.62,0,0,0.0,0.09487309575000066
777.623,0,0,0.0,0.09487309575000066
777.641,0,0,0.0,0.09487309575000066
777.725,0,0,0.0,0.09487309575000066
777.92,0,0,0.0,0.09487309575000066
777.923,0,0,0.0,0.09487309575000066
778.032,0,0,0.0,0.09487309575000066
778.221,0,0,0.0,0.09487309575000066
778.427,0,0,0.0,0.09487309575000066
778.527,0,0,0.0,0.09487309575000066
778.623,0,0,0.0,0.09487309575000066
778.82,0,0,0.0,0.09487309575000066
778.823,0,0,0.0,0.09487309575000066
779.02,0,0,0.0,0.09487309575000066
779.12,0,0,0.0,0.09487309575000066
779.132,0,0,0.0,0.09487309575000066
779.421,0,0,0.0,0.09487309575000066
779.606,0,0,0.0,0.09487309575000066
779.626,0,0,0.0,0.09487309575000066
779.731,0,0,0.0,0.09487309575000066
779.738,0,0,0.0,0.09487309575000066
779.822,0,0,0.0,0.09487309575000066
780.117,0,0,0.0,0.09487309575000066
780.22,0,0,0.0,0.09487309575000066
780.221,0,0,0.0,0.09487309575000066
780.232,0,0,0.0,0.09487309575000066
780.622,0,0,0.0,0.09487309575000066
780.626,0,0,0.0,0.09487309575000066
780.696,0,0,0.0,0.09487309575000066
780.745,0,0,0.0,0.09487309575000066
780.827,0,0,0.0,0.09487309575000066
780.926,0,0,0.0,0.09487309575000066
781.218,0,0,0.0,0.09487309575000066
781.22,0,0,0.0,0.09487309575000066
781.427,0,0,0.0,0.09487309575000066
781.516,0,0,0.0,0.09487309575000066
781.521,0,0,0.0,0.09487309575000066
781.622,0,0,0.0,0.09487309575000066
781.746,0,0,0.0,0.09487309575000066
781.921,0,0,0.0,0.09487309575000066
781.923,0,0,0.0,0.09487309575000066
782.218,0,0,0.0,0.09487309575000066
782.218,0,0,0.0,0.09487309575000066
782.432,0,0,0.0,0.09487309575000066
782.506,0,0,0.0,0.09487309575000066
782.546,0,0,0.0,0.09487309575000066
782.723,0,0,0.0,0.09487309575000066
782.732,0,0,0.0,0.09487309575000066
782.734,0,0,0.0,0.09487309575000066
782.821,0,0,0.0,0.09487309575000066
783.017,0,0,0.0,0.09487309575000066
783.223,0,0,0.0,0.09487309575000066
783.421,0,0,0.0,0.09487309575000066
783.518,0,0,0.0,0.09487309575000066
783.526,0,0,0.0,0.09487309575000066
783.53,0,0,0.0,0.09487309575000066
783.536,0,0,0.0,0.09487309575000066
783.724,0,0,0.0,0.09487309575000066
784.016,0,0,0.0,0.09487309575000066
784.219,0,0,0.0,0.09487309575000066
784.42,0,0,0.0,0.09487309575000066
784.423,0,0,0.0,0.09487309575000066
784.519,0,0,0.0,0.09487309575000066
784.52,0,0,0.0,0.09487309575000066
784.621,0,0,0.0,0.09487309575000066
784.621,0,0,0.0,0.09487309575000066
784.746,0,0,0.0,0.09487309575000066
785.022,0,0,0.0,0.09487309575000066
785.219,0,0,0.0,0.09487309575000066
785.419,0,0,0.0,0.09487309575000066
785.506,0,0,0.0,0.09487309575000066
785.621,0,0,0.0,0.09487309575000066
785.625,0,0,0.0,0.09487309575000066
785.631,0,0,0.0,0.09487309575000066
785.723,0,0,0.0,0.09487309575000066
785.746,0,0,0.0,0.09487309575000066
786.018,0,0,0.0,0.09487309575000066
786.222,0,0,0.0,0.09487309575000066
786.419,0,0,0.0,0.09487309575000066
786.586,0,0,0.0,0.09487309575000066
786.618,0,0,0.0,0.09487309575000066
786.621,0,0,0.0,0.09487309575000066
786.726,0,0,0.0,0.09487309575000066
786.74,0,0,0.0,0.09487309575000066
786.82,0,0,0.0,0.09487309575000066
786.924,0,0,0.0,0.09487309575000066
787.218,0,0,0.0,0.09487309575000066
787.516,0,0,0.0,0.09487309575000066
787.519,0,0,0.0,0.09487309575000066
787.523,0,0,0.0,0.09487309575000066
787.62,0,0,0.0,0.09487309575000066
787.73,0,0,0.0,0.09487309575000066
787.741,0,0,0.0,0.09487309575000066
787.817,0,0,0.0,0.09487309575000066
787.818,0,0,0.0,0.09487309575000066
787.928,0,0,0.0,0.09487309575000066
788.118,0,0,0.0,0.09487309575000066
788.516,0,0,0.0,0.09487309575000066
788.518,0,0,0.0,0.09487309575000066
788.518,0,0,0.0,0.09487309575000066
788.722,0,0,0.0,0.09487309575000066
788.729,0,0,0.0,0.09487309575000066
788.819,0,0,0.0,0.09487309575000066
789.015,0,0,0.0,0.09487309575000066
789.024,0,0,0.0,0.09487309575000066
789.428,0,0,0.0,0.09487309575000066
789.516,0,0,0.0,0.09487309575000066
789.576,0,0,0.0,0.09487309575000066
789.722,0,0,0.0,0.09487309575000066
789.722,0,0,0.0,0.09487309575000066
789.747,0,0,0.0,0.09487309575000066
789.919,0,0,0.0,0.09487309575000066
790.017,0,0,0.0,0.09487309575000066
790.127,0,0,0.0,0.09487309575000066
790.486,0,0,0.0,0.09487309575000066
790.518,0,0,0.0,0.09487309575000066
790.522,0,0,0.0,0.09487309575000066
790.576,0,0,0.0,0.09487309575000066
790.617,0,0,0.0,0.09487309575000066
790.74,0,0,0.0,0.09487309575000066
790.919,0,0,0.0,0.09487309575000066
791.017,0,0,0.0,0.09487309575000066
791.136,0,0,0.0,0.09487309575000066
791.217,0,0,0.0,0.09487309575000066
791.229,0,0,0.0,0.09487309575000066
791.424,0,0,0.0,0.09487309575000066
791.522,0,0,0.0,0.09487309575000066
791.727,0,0,0.0,0.09487309575000066
791.729,0,0,0.0,0.09487309575000066
791.744,0,0,0.0,0.09487309575000066
791.919,0,0,0.0,0.09487309575000066
792.114,0,0,0.0,0.09487309575000066
792.217,0,0,0.0,0.09487309575000066
792.217,0,0,0.0,0.09487309575000066
792.506,0,0,0.0,0.09487309575000066
792.524,0,0,0.0,0.09487309575000066
792.626,0,0,0.0,0.09487309575000066
792.724,0,0,0.0,0.09487309575000066
792.819,0,0,0.0,0.09487309575000066
793.014,0,0,0.0,0.09487309575000066
793.217,0,0,0.0,0.09487309575000066
793.417,0,0,0.0,0.09487309575000066
793.417,0,0,0.0,0.09487309575000066
793.523,0,0,0.0,0.09487309575000066
793.524,0,0,0.0,0.09487309575000066
793.529,0,0,0.0,0.09487309575000066
793.728,0,0,0.0,0.09487309575000066
793.744,0,0,0.0,0.09487309575000066
794.02,0,0,0.0,0.09487309575000066
794.222,0,0,0.0,0.09487309575000066
794.414,0,0,0.0,0.09487309575000066
794.417,0,0,0.0,0.09487309575000066
794.515,0,0,0.0,0.09487309575000066
794.527,0,0,0.0,0.09487309575000066
794.72,0,0,0.0,0.09487309575000066
794.728,0,0,0.0,0.09487309575000066
794.729,0,0,0.0,0.09487309575000066
794.751,0,0,0.0,0.09487309575000066
795.116,0,0,0.0,0.09487309575000066
795.414,0,0,0.0,0.09487309575000066
795.496,0,0,0.0,0.09487309575000066
795.496,0,0,0.0,0.09487309575000066
795.596,0,0,0.0,0.09487309575000066
795.696,0,0,0.0,0.09487309575000066
795.721,0,0,0.0,0.09487309575000066
795.817,0,0,0.0,0.09487309575000066
796.015,0,0,0.0,0.09487309575000066
796.416,0,0,0.0,0.09487309575000066
796.496,0,0,0.0,0.09487309575000066
796.516,0,0,0.0,0.09487309575000066
796.517,0,0,0.0,0.09487309575000066
796.517,0,0,0.0,0.09487309575000066
796.618,0,0,0.0,0.09487309575000066
796.747,0,0,0.0,0.09487309575000066
796.821,0,0,0.0,0.09487309575000066
797.018,0,0,0.0,0.09487309575000066
797.121,0,0,0.0,0.09487309575000066
797.416,0,0,0.0,0.09487309575000066
797.516,0,0,0.0,0.09487309575000066
797.517,0,0,0.0,0.09487309575000066
797.618,0,0,0.0,0.09487309575000066
797.72,0,0,0.0,0.09487309575000066
797.748,0,0,0.0,0.09487309575000066
797.817,0,0,0.0,0.09487309575000066
798.015,0,0,0.0,0.09487309575000066
798.119,0,0,0.0,0.09487309575000066
798.52,0,0,0.0,0.09487309575000066
798.546,0,0,0.0,0.09487309575000066
798.556,0,0,0.0,0.09487309575000066
798.717,0,0,0.0,0.09487309575000066
798.719,0,0,0.0,0.09487309575000066
798.753,0,0,0.0,0.09487309575000066
798.917,0,0,0.0,0.09487309575000066
798.926,0,0,0.0,0.09487309575000066
799.124,0,0,0.0,0.09487309575000066
799.416,0,0,0.0,0.09487309575000066
799.486,0,0,0.0,0.09487309575000066
799.522,0,0,0.0,0.09487309575000066
799.617,0,0,0.0,0.09487309575000066
799.622,0,0,0.0,0.09487309575000066
799.717,0,0,0.0,0.09487309575000066
799.745,0,0,0.0,0.09487309575000066
799.914,0,0,0.0,0.09487309575000066
800.015,0,0,0.0,0.09487309575000066
800.12,0,0,0.0,0.09487309575000066
800.221,0,0,0.0,0.09487309575000066
800.416,0,0,0.0,0.09487309575000066
800.616,0,0,0.0,0.09487309575000066
800.62,0,0,0.0,0.09487309575000066
800.634,0,0,0.0,0.09487309575000066
800.816,0,0,0.0,0.09487309575000066
800.914,0,0,0.0,0.09487309575000066
801.014,0,0,0.0,0.09487309575000066
801.112,0,0,0.0,0.09487309575000066
801.221,0,0,0.0,0.09487309575000066
801.415,0,0,0.0,0.09487309575000066
801.596,0,0,0.0,0.09487309575000066
801.719,0,0,0.0,0.09487309575000066
801.816,0,0,0.0,0.09487309575000066
801.82,0,0,0.0,0.09487309575000066
802.011,0,0,0.0,0.09487309575000066
802.012,0,0,0.0,0.09487309575000066
802.114,0,0,0.0,0.09487309575000066
802.224,0,0,0.0,0.09487309575000066
802.427,0,0,0.0,0.09487309575000066
802.616,0,0,0.0,0.09487309575000066
802.62,0,0,0.0,0.09487309575000066
802.741,0,0,0.0,0.09487309575000066
802.816,0,0,0.0,0.09487309575000066
803.113,0,0,0.0,0.09487309575000066
803.114,0,0,0.0,0.09487309575000066
803.135,0,0,0.0,0.09487309575000066
803.476,0,0,0.0,0.09487309575000066
803.576,0,0,0.0,0.09487309575000066
803.622,0,0,0.0,0.09487309575000066
803.622,0,0,0.0,0.09487309575000066
803.726,0,0,0.0,0.09487309575000066
803.746,0,0,0.0,0.09487309575000066
803.821,0,0,0.0,0.09487309575000066
803.917,0,0,0.0,0.09487309575000066
804.414,0,0,0.0,0.09487309575000066
804.421,0,0,0.0,0.09487309575000066
804.476,0,0,0.0,0.09487309575000066
804.476,0,0,0.0,0.09487309575000066
804.596,0,0,0.0,0.09487309575000066
804.717,0,0,0.0,0.09487309575000066
804.821,0,0,0.0,0.09487309575000066
805.011,0,0,0.0,0.09487309575000066
805.211,0,0,0.0,0.09487309575000066
805.417,0,0,0.0,0.09487309575000066
805.426,0,0,0.0,0.09487309575000066
805.466,0,0,0.0,0.09487309575000066
805.513,0,0,0.0,0.09487309575000066
805.526,0,0,0.0,0.09487309575000066
805.642,0,0,0.0,0.09487309575000066
805.745,0,0,0.0,0.09487309575000066
806.113,0,0,0.0,0.09487309575000066
806.119,0,0,0.0,0.09487309575000066
806.411,0,0,0.0,0.09487309575000066
806.435,0,0,0.0,0.09487309575000066
806.511,0,0,0.0,0.09487309575000066
806.615,0,0,0.0,0.09487309575000066
806.615,0,0,0.0,0.09487309575000066
806.634,0,0,0.0,0.09487309575000066
806.74,0,0,0.0,0.09487309575000066
807.016,0,0,0.0,0.09487309575000066
807.213,0,0,0.0,0.09487309575000066
807.413,0,0,0.0,0.09487309575000066
807.526,0,0,0.0,0.09487309575000066
807.612,0,0,0.0,0.09487309575000066
807.614,0,0,0.0,0.09487309575000066
807.615,0,0,0.0,0.09487309575000066
807.743,0,0,0.0,0.09487309575000066
807.814,0,0,0.0,0.09487309575000066
807.917,0,0,0.0,0.09487309575000066
808.413,0,0,0.0,0.09487309575000066
808.456,0,0,0.0,0.09487309575000066
808.466,0,0,0.0,0.09487309575000066
808.519,0,0,0.0,0.09487309575000066
808.613,0,0,0.0,0.09487309575000066
808.614,0,0,0.0,0.09487309575000066
808.716,0,0,0.0,0.09487309575000066
808.724,0,0,0.0,0.09487309575000066
808.743,0,0,0.0,0.09487309575000066
808.915,0,0,0.0,0.09487309575000066
809.212,0,0,0.0,0.09487309575000066
809.212,0,0,0.0,0.09487309575000066
809.513,0,0,0.0,0.09487309575000066
809.614,0,0,0.0,0.09487309575000066
809.618,0,0,0.0,0.09487309575000066
809.721,0,0,0.0,0.09487309575000066
809.727,0,0,0.0,0.09487309575000066
809.814,0,0,0.0,0.09487309575000066
809.917,0,0,0.0,0.09487309575000066
810.112,0,0,0.0,0.09487309575000066
810.413,0,0,0.0,0.09487309575000066
810.418,0,0,0.0,0.09487309575000066
810.456,0,0,0.0,0.09487309575000066
810.716,0,0,0.0,0.09487309575000066
810.814,0,0,0.0,0.09487309575000066
810.817,0,0,0.0,0.09487309575000066
810.915,0,0,0.0,0.09487309575000066
811.012,0,0,0.0,0.09487309575000066
811.218,0,0,0.0,0.09487309575000066
811.416,0,0,0.0,0.09487309575000066
811.486,0,0,0.0,0.09487309575000066
811.614,0,0,0.0,0.09487309575000066
811.716,0,0,0.0,0.09487309575000066
811.747,0,0,0.0,0.09487309575000066
811.817,0,0,0.0,0.09487309575000066
812.015,0,0,0.0,0.09487309575000066
812.112,0,0,0.0,0.09487309575000066
812.123,0,0,0.0,0.09487309575000066
812.456,0,0,0.0,0.09487309575000066
812.515,0,0,0.0,0.09487309575000066
812.616,0,0,0.0,0.09487309575000066
812.618,0,0,0.0,0.09487309575000066
812.725,52,5,0.5715,0.09489008200000065
812.738,0,0,0.0,0.09489008200000065
812.913,0,0,0.0,0.09489008200000065
813.011,0,0,0.0,0.09489008200000065
813.212,0,0,0.0,0.09489008200000065
813.417,0,0,0.0,0.09489008200000065
813.456,0,0,0.0,0.09489008200000065
813.506,0,0,0.0,0.09489008200000065
813.512,0,0,0.0,0.09489008200000065
813.812,0,0,0.0,0.09489008200000065
813.913,0,0,0.0,0.09489008200000065
814.009,52,5,0.5715,0.09490532200000065
814.112,0,0,0.0,0.09490532200000065
814.209,0,0,0.0,0.09490532200000065
814.511,0,0,0.0,0.09490532200000065
814.517,0,0,0.0,0.09490532200000065
814.626,0,0,0.0,0.09490532200000065
814.714,0,0,0.0,0.09490532200000065
814.742,0,0,0.0,0.09490532200000065
814.812,0,0,0.0,0.09490532200000065
815.11,0,0,0.0,0.09490532200000065
815.116,52,5,0.5715,0.09490627450000065
815.209,0,0,0.0,0.09490627450000065
815.409,0,0,0.0,0.09490627450000065
815.512,0,0,0.0,0.09490627450000065
815.613,0,0,0.0,0.09490627450000065
815.613,0,0,0.0,0.09490627450000065
815.721,0,0,0.0,0.09490627450000065
815.738,0,0,0.0,0.09490627450000065
816.11,0,0,0.0,0.09490627450000065
816.217,0,0,0.0,0.09490627450000065
816.411,52,5,0.5715,0.09493707200000065
816.446,10,1,0.1143,0.09493818325000065
816.456,0,0,0.0,0.09493818325000065
816.517,0,0,0.0,0.09493818325000065
816.712,0,0,0.0,0.09493818325000065
816.741,0,0,0.0,0.09493818325000065
816.812,0,0,0.0,0.09493818325000065
816.916,0,0,0.0,0.09493818325000065
817.411,41,4,0.4572,0.09500104825000064
817.416,0,0,0.0,0.09500104825000064
817.436,0,0,0.0,0.09500104825000064
817.517,0,0,0.0,0.09500104825000064
817.61,0,0,0.0,0.09500104825000064
817.612,20,2,0.2286,0.09500117525000064
817.627,0,0,0.0,0.09500117525000064
817.741,0,0,0.0,0.09500117525000064
818.01,0,0,0.0,0.09500117525000064
818.21,0,0,0.0,0.09500117525000064
818.436,0,0,0.0,0.09500117525000064
818.508,0,0,0.0,0.09500117525000064
818.508,31,3,0.3429,0.09500117525000064
818.612,31,3,0.3429,0.09501108125000063
818.635,0,0,0.0,0.09501108125000063
818.714,0,0,0.0,0.09501108125000063
818.736,0,0,0.0,0.09501108125000063
819.109,0,0,0.0,0.09501108125000063
819.21,0,0,0.0,0.09501108125000063
819.41,0,0,0.0,0.09501108125000063
819.411,0,0,0.0,0.09501108125000063
819.51,0,0,0.0,0.09501108125000063
819.711,20,2,0.2286,0.09502384475000063
819.742,0,0,0.0,0.09502384475000063
819.812,46,4,0.4572,0.09503273475000064
819.815,0,0,0.0,0.09503273475000064
819.921,0,0,0.0,0.09503273475000064
820.109,0,0,0.0,0.09503273475000064
820.41,0,0,0.0,0.09503273475000064
820.414,0,0,0.0,0.09503273475000064
820.51,0,0,0.0,0.09503273475000064
820.612,10,1,0.1143,0.09503597325000064
820.711,0,0,0.0,0.09503597325000064
820.721,0,0,0.0,0.09503597325000064
820.744,0,0,0.0,0.09503597325000064
820.911,52,5,0.5715,0.09506248450000063
820.92,0,0,0.0,0.09506248450000063
821.114,0,0,0.0,0.09506248450000063
821.426,0,0,0.0,0.09506248450000063
821.476,0,0,0.0,0.09506248450000063
821.611,0,0,0.0,0.09506248450000063
821.616,0,0,0.0,0.09506248450000063
821.632,0,0,0.0,0.09506248450000063
821.714,0,0,0.0,0.09506248450000063
821.908,0,0,0.0,0.09506248450000063
821.914,0,0,0.0,0.09506248450000063
822.108,0,0,0.0,0.09506248450000063
822.209,0,0,0.0,0.09506248450000063
822.409,0,0,0.0,0.09506248450000063
822.513,0,0,0.0,0.09506248450000063
822.611,0,0,0.0,0.09506248450000063
822.627,0,0,0.0,0.09506248450000063
822.81,0,0,0.0,0.09506248450000063
822.91,0,0,0.0,0.09506248450000063
822.929,0,0,0.0,0.09506248450000063
823.006,0,0,0.0,0.09506248450000063
823.12,0,0,0.0,0.09506248450000063
823.409,0,0,0.0,0.09506248450000063
823.415,0,0,0.0,0.09506248450000063
823.617,0,0,0.0,0.09506248450000063
823.71,0,0,0.0,0.09506248450000063
823.81,0,0,0.0,0.09506248450000063
824.108,0,0,0.0,0.09506248450000063
824.108,0,0,0.0,0.09506248450000063
824.12,0,0,0.0,0.09506248450000063
824.214,0,0,0.0,0.09506248450000063
824.426,0,0,0.0,0.09506248450000063
824.616,0,0,0.0,0.09506248450000063
824.712,0,0,0.0,0.09506248450000063
824.723,0,0,0.0,0.09506248450000063
824.735,0,0,0.0,0.09506248450000063
825.108,0,0,0.0,0.09506248450000063
825.208,0,0,0.0,0.09506248450000063
825.416,0,0,0.0,0.09506248450000063
825.416,0,0,0.0,0.09506248450000063
825.514,0,0,0.0,0.09506248450000063
825.536,0,0,0.0,0.09506248450000063
825.614,0,0,0.0,0.09506248450000063
825.738,0,0,0.0,0.09506248450000063
825.814,0,0,0.0,0.09506248450000063
825.91,0,0,0.0,0.09506248450000063
826.409,0,0,0.0,0.09506248450000063
826.42,0,0,0.0,0.09506248450000063
826.446,0,0,0.0,0.09506248450000063
826.456,0,0,0.0,0.09506248450000063
826.616,0,0,0.0,0.09506248450000063
826.739,0,0,0.0,0.09506248450000063
826.809,0,0,0.0,0.09506248450000063
827.107,0,0,0.0,0.09506248450000063
827.196,0,0,0.0,0.09506248450000063
827.207,0,0,0.0,0.09506248450000063
827.406,0,0,0.0,0.09506248450000063
827.408,0,0,0.0,0.09506248450000063
827.506,0,0,0.0,0.09506248450000063
827.616,0,0,0.0,0.09506248450000063
827.712,0,0,0.0,0.09506248450000063
827.733,0,0,0.0,0.09506248450000063
828.107,0,0,0.0,0.09506248450000063
828.196,0,0,0.0,0.09506248450000063
828.21,0,0,0.0,0.09506248450000063
828.406,0,0,0.0,0.09506248450000063
828.407,0,0,0.0,0.09506248450000063
828.408,0,0,0.0,0.09506248450000063
828.427,0,0,0.0,0.09506248450000063
828.505,0,0,0.0,0.09506248450000063
828.624,0,0,0.0,0.09506248450000063
828.74,0,0,0.0,0.09506248450000063
829.006,0,0,0.0,0.09506248450000063
829.206,0,0,0.0,0.09506248450000063
829.407,0,0,0.0,0.09506248450000063
829.411,0,0,0.0,0.09506248450000063
829.508,0,0,0.0,0.09506248450000063
829.512,0,0,0.0,0.09506248450000063
829.609,0,0,0.0,0.09506248450000063
829.708,0,0,0.0,0.09506248450000063
829.739,0,0,0.0,0.09506248450000063
830.006,0,0,0.0,0.09506248450000063
830.204,0,0,0.0,0.09506248450000063
830.212,0,0,0.0,0.09506248450000063
830.406,0,0,0.0,0.09506248450000063
830.608,0,0,0.0,0.09506248450000063
830.71,0,0,0.0,0.09506248450000063
830.711,0,0,0.0,0.09506248450000063
830.721,0,0,0.0,0.09506248450000063
830.741,0,0,0.0,0.09506248450000063
830.808,0,0,0.0,0.09506248450000063
830.909,0,0,0.0,0.09506248450000063
831.212,0,0,0.0,0.09506248450000063
831.396,0,0,0.0,0.09506248450000063
831.507,0,0,0.0,0.09506248450000063
831.607,0,0,0.0,0.09506248450000063
831.608,0,0,0.0,0.09506248450000063
831.725,0,0,0.0,0.09506248450000063
831.807,0,0,0.0,0.09506248450000063
831.808,0,0,0.0,0.09506248450000063
831.905,0,0,0.0,0.09506248450000063
832.105,0,0,0.0,0.09506248450000063
832.396,0,0,0.0,0.09506248450000063
832.41,0,0,0.0,0.09506248450000063
832.507,0,0,0.0,0.09506248450000063
832.708,0,0,0.0,0.09506248450000063
832.71,0,0,0.0,0.09506248450000063
832.805,0,0,0.0,0.09506248450000063
833.005,0,0,0.0,0.09506248450000063
833.016,0,0,0.0,0.09506248450000063
833.211,0,0,0.0,0.09506248450000063
833.396,0,0,0.0,0.09506248450000063
833.41,0,0,0.0,0.09506248450000063
833.624,0,0,0.0,0.09506248450000063
833.709,0,0,0.0,0.09506248450000063
833.71,0,0,0.0,0.09506248450000063
833.74,0,0,0.0,0.09506248450000063
833.813,0,0,0.0,0.09506248450000063
834.104,0,0,0.0,0.09506248450000063
834.211,0,0,0.0,0.09506248450000063
834.506,0,0,0.0,0.09506248450000063
834.607,0,0,0.0,0.09506248450000063
834.709,0,0,0.0,0.09506248450000063
834.907,0,0,0.0,0.09506248450000063
834.91,0,0,0.0,0.09506248450000063
835.002,0,0,0.0,0.09506248450000063
835.196,0,0,0.0,0.09506248450000063
835.196,0,0,0.0,0.09506248450000063
835.405,0,0,0.0,0.09506248450000063
835.505,0,0,0.0,0.09506248450000063
835.517,0,0,0.0,0.09506248450000063
835.712,0,0,0.0,0.09506248450000063
835.735,0,0,0.0,0.09506248450000063
835.907,0,0,0.0,0.09506248450000063
836.024,0,0,0.0,0.09506248450000063
836.104,0,0,0.0,0.09506248450000063
836.107,0,0,0.0,0.09506248450000063
836.196,0,0,0.0,0.09506248450000063
836.502,0,0,0.0,0.09506248450000063
836.514,0,0,0.0,0.09506248450000063
836.709,0,0,0.0,0.09506248450000063
836.716,0,0,0.0,0.09506248450000063
836.736,0,0,0.0,0.09506248450000063
837.102,0,0,0.0,0.09506248450000063
837.196,0,0,0.0,0.09506248450000063
837.208,0,0,0.0,0.09506248450000063
837.404,0,0,0.0,0.09506248450000063
837.405,0,0,0.0,0.09506248450000063
837.417,0,0,0.0,0.09506248450000063
837.566,0,0,0.0,0.09506248450000063
837.607,0,0,0.0,0.09506248450000063
837.71,0,0,0.0,0.09506248450000063
837.735,0,0,0.0,0.09506248450000063
838.004,0,0,0.0,0.09506248450000063
838.207,0,0,0.0,0.09506248450000063
838.404,0,0,0.0,0.09506248450000063
838.408,0,0,0.0,0.09506248450000063
838.505,0,0,0.0,0.09506248450000063
838.505,0,0,0.0,0.09506248450000063
838.517,0,0,0.0,0.09506248450000063
838.714,0,0,0.0,0.09506248450000063
838.736,0,0,0.0,0.09506248450000063
839.007,0,0,0.0,0.09506248450000063
839.204,0,0,0.0,0.09506248450000063
839.404,0,0,0.0,0.09506248450000063
839.605,0,0,0.0,0.09506248450000063
839.605,0,0,0.0,0.09506248450000063
839.714,0,0,0.0,0.09506248450000063
839.715,0,0,0.0,0.09506248450000063
839.716,0,0,0.0,0.09506248450000063
839.737,52,5,0.5715,0.09506581825000061
840.096,0,0,0.0,0.09506581825000061
840.103,52,5,0.5715,0.0950669295000006
840.402,0,0,0.0,0.0950669295000006
840.501,0,0,0.0,0.0950669295000006
840.605,0,0,0.0,0.0950669295000006
840.705,0,0,0.0,0.0950669295000006
840.905,0,0,0.0,0.0950669295000006
841.003,0,0,0.0,0.0950669295000006
841.096,0,0,0.0,0.0950669295000006
841.096,0,0,0.0,0.0950669295000006
841.107,52,5,0.5715,0.0950686757500006
841.404,0,0,0.0,0.0950686757500006
841.503,0,0,0.0,0.0950686757500006
841.504,0,0,0.0,0.0950686757500006
841.606,0,0,0.0,0.0950686757500006
841.705,0,0,0.0,0.0950686757500006
841.734,0,0,0.0,0.0950686757500006
841.802,0,0,0.0,0.0950686757500006
842.003,0,0,0.0,0.0950686757500006
842.103,0,0,0.0,0.0950686757500006
842.404,10,1,0.1143,0.0950782325000006
842.406,52,5,0.5715,0.0950785500000006
842.504,0,0,0.0,0.0950785500000006
842.707,0,0,0.0,0.0950785500000006
842.707,0,0,0.0,0.0950785500000006
842.717,52,5,0.5715,0.09508013750000059
842.738,0,0,0.0,0.09508013750000059
842.904,0,0,0.0,0.09508013750000059
842.914,0,0,0.0,0.09508013750000059
843.208,0,0,0.0,0.09508013750000059
843.426,41,4,0.4572,0.0951078235000006
843.602,0,0,0.0,0.0951078235000006
843.605,20,2,0.2286,0.0951080140000006
843.623,0,0,0.0,0.0951080140000006
843.706,0,0,0.0,0.0951080140000006
843.904,0,0,0.0,0.0951080140000006
843.907,52,5,0.5715,0.09510849025000061
843.996,0,0,0.0,0.09510849025000061
844.014,0,0,0.0,0.09510849025000061
844.214,0,0,0.0,0.09510849025000061
844.409,0,0,0.0,0.09510849025000061
844.509,31,3,0.3429,0.0951180152500006
844.604,31,3,0.3429,0.09512706400000061
844.705,0,0,0.0,0.09512706400000061
844.802,0,0,0.0,0.09512706400000061
844.804,0,0,0.0,0.09512706400000061
845.002,52,5,0.5715,0.0951584965000006
845.102,0,0,0.0,0.0951584965000006
845.114,0,0,0.0,0.0951584965000006
845.403,0,0,0.0,0.0951584965000006
845.446,0,0,0.0,0.0951584965000006
845.61,20,2,0.2286,0.0951689105000006
845.713,0,0,0.0,0.0951689105000006
845.804,41,4,0.4572,0.0951804675000006
846.099,0,0,0.0,0.0951804675000006
846.202,0,0,0.0,0.0951804675000006
846.202,52,5,0.5715,0.0951804675000006
846.211,10,1,0.1143,0.0951807532500006
846.408,0,0,0.0,0.0951807532500006
846.604,0,0,0.0,0.0951807532500006
846.608,10,1,0.1143,0.0951808802500006
846.733,0,0,0.0,0.0951808802500006
846.804,52,5,0.5715,0.0951921515000006
847.001,0,0,0.0,0.0951921515000006
847.199,0,0,0.0,0.0951921515000006
847.202,41,4,0.4572,0.0951925325000006
847.408,20,2,0.2286,0.0952056135000006
847.514,0,0,0.0,0.0952056135000006
847.596,0,0,0.0,0.0952056135000006
847.604,0,0,0.0,0.0952056135000006
847.734,0,0,0.0,0.0952056135000006
847.903,0,0,0.0,0.0952056135000006
848.004,0,0,0.0,0.0952056135000006
848.199,0,0,0.0,0.0952056135000006
848.199,0,0,0.0,0.0952056135000006
848.414,31,3,0.3429,0.0952260922500006
848.596,0,0,0.0,0.0952260922500006
848.711,0,0,0.0,0.0952260922500006
848.713,52,5,0.5715,0.0952264097500006
848.728,0,0,0.0,0.0952264097500006
848.803,0,0,0.0,0.0952264097500006
848.896,31,3,0.3429,0.0952352680000006
849.098,0,0,0.0,0.0952352680000006
849.499,0,0,0.0,0.0952352680000006
849.511,41,4,0.4572,0.09523679200000058
849.566,20,2,0.2286,0.09524028450000059
849.717,0,0,0.0,0.09524028450000059
849.796,0,0,0.0,0.09524028450000059
849.796,0,0,0.0,0.09524028450000059
849.896,0,0,0.0,0.09524028450000059
849.998,52,5,0.5715,0.0952564770000006
850.2,0,0,0.0,0.0952564770000006
850.401,0,0,0.0,0.0952564770000006
850.422,5,0,0.0,0.0952564770000006
850.501,0,0,0.0,0.0952564770000006
850.501,0,0,0.0,0.0952564770000006
850.602,0,0,0.0,0.0952564770000006
850.609,52,5,0.5715,0.09525758825000061
850.729,0,0,0.0,0.09525758825000061
851.003,0,0,0.0,0.09525758825000061
851.106,52,5,0.5715,0.0952739395000006
851.401,0,0,0.0,0.0952739395000006
851.505,0,0,0.0,0.0952739395000006
851.606,0,0,0.0,0.0952739395000006
851.613,0,0,0.0,0.0952739395000006
851.705,0,0,0.0,0.0952739395000006
851.728,0,0,0.0,0.0952739395000006
851.796,0,0,0.0,0.0952739395000006
852.0,0,0,0.0,0.0952739395000006
852.203,0,0,0.0,0.0952739395000006
852.401,52,5,0.5715,0.0953053720000006
852.599,0,0,0.0,0.0953053720000006
852.6,0,0,0.0,0.0953053720000006
852.696,10,1,0.1143,0.0953084200000006
852.704,0,0,0.0,0.0953084200000006
852.73,0,0,0.0,0.0953084200000006
852.802,0,0,0.0,0.0953084200000006
852.905,0,0,0.0,0.0953084200000006
853.2,0,0,0.0,0.0953084200000006
853.5,41,4,0.4572,0.0953465200000006
853.504,0,0,0.0,0.0953465200000006
853.602,20,2,0.2286,0.0953527430000006
853.696,0,0,0.0,0.0953527430000006
853.714,0,0,0.0,0.0953527430000006
853.724,0,0,0.0,0.0953527430000006
853.799,0,0,0.0,0.0953527430000006
853.799,0,0,0.0,0.0953527430000006
853.909,0,0,0.0,0.0953527430000006
854.099,0,0,0.0,0.0953527430000006
854.211,0,0,0.0,0.0953527430000006
854.5,0,0,0.0,0.0953527430000006
854.5,31,3,0.3429,0.0953527430000006
854.704,31,3,0.3429,0.0953721740000006
854.711,0,0,0.0,0.0953721740000006
854.801,0,0,0.0,0.0953721740000006
854.997,0,0,0.0,0.0953721740000006
855.008,0,0,0.0,0.0953721740000006
855.4,0,0,0.0,0.0953721740000006
855.696,0,0,0.0,0.0953721740000006
855.703,41,4,0.4572,0.09537306300000059
855.704,20,2,0.2286,0.09537312650000059
855.735,0,0,0.0,0.09537312650000059
855.807,0,0,0.0,0.09537312650000059
855.998,0,0,0.0,0.09537312650000059
856.109,0,0,0.0,0.09537312650000059
856.196,0,0,0.0,0.09537312650000059
856.396,0,0,0.0,0.09537312650000059
856.499,0,0,0.0,0.09537312650000059
856.602,10,1,0.1143,0.09537639675000058
856.607,0,0,0.0,0.09537639675000058
856.725,0,0,0.0,0.09537639675000058
856.901,52,5,0.5715,0.09540433675000057
856.902,0,0,0.0,0.09540433675000057
857.117,0,0,0.0,0.09540433675000057
857.196,0,0,0.0,0.09540433675000057
857.199,0,0,0.0,0.09540433675000057
857.211,0,0,0.0,0.09540433675000057
857.405,0,0,0.0,0.09540433675000057
857.503,0,0,0.0,0.09540433675000057
857.709,0,0,0.0,0.09540433675000057
857.711,0,0,0.0,0.09540433675000057
857.725,0,0,0.0,0.09540433675000057
857.9,0,0,0.0,0.09540433675000057
858.096,0,0,0.0,0.09540433675000057
858.198,0,0,0.0,0.09540433675000057
858.199,0,0,0.0,0.09540433675000057
858.446,0,0,0.0,0.09540433675000057
858.505,0,0,0.0,0.09540433675000057
858.596,0,0,0.0,0.09540433675000057
858.706,0,0,0.0,0.09540433675000057
858.8,0,0,0.0,0.09540433675000057
858.996,0,0,0.0,0.09540433675000057
859.198,0,0,0.0,0.09540433675000057
859.398,0,0,0.0,0.09540433675000057
859.398,0,0,0.0,0.09540433675000057
859.399,0,0,0.0,0.09540433675000057
859.505,0,0,0.0,0.09540433675000057
859.511,0,0,0.0,0.09540433675000057
859.604,0,0,0.0,0.09540433675000057
859.725,0,0,0.0,0.09540433675000057
860.001,0,0,0.0,0.09540433675000057
860.107,0,0,0.0,0.09540433675000057
860.396,0,0,0.0,0.09540433675000057
860.397,0,0,0.0,0.09540433675000057
860.496,0,0,0.0,0.09540433675000057
860.508,0,0,0.0,0.09540433675000057
860.702,0,0,0.0,0.09540433675000057
860.709,0,0,0.0,0.09540433675000057
860.727,0,0,0.0,0.09540433675000057
861.097,0,0,0.0,0.09540433675000057
861.396,0,0,0.0,0.09540433675000057
861.398,0,0,0.0,0.09540433675000057
861.496,0,0,0.0,0.09540433675000057
861.506,0,0,0.0,0.09540433675000057
861.702,0,0,0.0,0.09540433675000057
861.705,0,0,0.0,0.09540433675000057
861.721,0,0,0.0,0.09540433675000057
861.9,0,0,0.0,0.09540433675000057
862.096,0,0,0.0,0.09540433675000057
862.396,0,0,0.0,0.09540433675000057
862.496,0,0,0.0,0.09540433675000057
862.497,0,0,0.0,0.09540433675000057
862.499,0,0,0.0,0.09540433675000057
862.504,0,0,0.0,0.09540433675000057
862.599,0,0,0.0,0.09540433675000057
862.728,0,0,0.0,0.09540433675000057
862.999,0,0,0.0,0.09540433675000057
863.0,0,0,0.0,0.09540433675000057
863.102,0,0,0.0,0.09540433675000057
863.497,0,0,0.0,0.09540433675000057
863.498,0,0,0.0,0.09540433675000057
863.702,0,0,0.0,0.09540433675000057
863.702,0,0,0.0,0.09540433675000057
863.728,0,0,0.0,0.09540433675000057
863.798,0,0,0.0,0.09540433675000057
863.896,0,0,0.0,0.09540433675000057
864.0,0,0,0.0,0.09540433675000057
864.097,0,0,0.0,0.09540433675000057
864.497,0,0,0.0,0.09540433675000057
864.698,0,0,0.0,0.09540433675000057
864.701,0,0,0.0,0.09540433675000057
864.738,0,0,0.0,0.09540433675000057
864.83,0,0,0.0,0.09540433675000057
864.896,0,0,0.0,0.09540433675000057
864.898,0,0,0.0,0.09540433675000057
864.996,0,0,0.0,0.09540433675000057
865.106,0,0,0.0,0.09540433675000057
865.397,0,0,0.0,0.09540433675000057
865.501,0,0,0.0,0.09540433675000057
865.598,0,0,0.0,0.09540433675000057
865.599,0,0,0.0,0.09540433675000057
865.619,0,0,0.0,0.09540433675000057
865.696,0,0,0.0,0.09540433675000057
865.729,0,0,0.0,0.09540433675000057
865.896,0,0,0.0,0.09540433675000057
865.996,0,0,0.0,0.09540433675000057
866.102,0,0,0.0,0.09540433675000057
866.196,0,0,0.0,0.09540433675000057
866.397,0,0,0.0,0.09540433675000057
866.598,0,0,0.0,0.09540433675000057
866.602,0,0,0.0,0.09540433675000057
866.698,0,0,0.0,0.09540433675000057
866.798,0,0,0.0,0.09540433675000057
866.895,0,0,0.0,0.09540433675000057
866.996,0,0,0.0,0.09540433675000057
867.093,0,0,0.0,0.09540433675000057
867.11,0,0,0.0,0.09540433675000057
867.397,0,0,0.0,0.09540433675000057
867.416,0,0,0.0,0.09540433675000057
867.604,0,0,0.0,0.09540433675000057
867.797,0,0,0.0,0.09540433675000057
867.801,0,0,0.0,0.09540433675000057
867.993,0,0,0.0,0.09540433675000057
867.993,0,0,0.0,0.09540433675000057
868.095,0,0,0.0,0.09540433675000057
868.296,0,0,0.0,0.09540433675000057
868.408,0,0,0.0,0.09540433675000057
868.598,0,0,0.0,0.09540433675000057
868.598,0,0,0.0,0.09540433675000057
868.722,0,0,0.0,0.09540433675000057
868.797,0,0,0.0,0.09540433675000057
869.095,0,0,0.0,0.09540433675000057
869.096,0,0,0.0,0.09540433675000057
869.116,0,0,0.0,0.09540433675000057
869.201,0,0,0.0,0.09540433675000057
869.603,0,0,0.0,0.09540433675000057
869.604,0,0,0.0,0.09540433675000057
869.708,0,0,0.0,0.09540433675000057
869.723,0,0,0.0,0.09540433675000057
869.803,0,0,0.0,0.09540433675000057
869.995,0,0,0.0,0.09540433675000057
870.196,0,0,0.0,0.09540433675000057
870.295,0,0,0.0,0.09540433675000057
870.295,0,0,0.0,0.09540433675000057
870.402,0,0,0.0,0.09540433675000057
870.406,0,0,0.0,0.09540433675000057
870.699,0,0,0.0,0.09540433675000057
870.796,0,0,0.0,0.09540433675000057
870.802,0,0,0.0,0.09540433675000057
870.898,0,0,0.0,0.09540433675000057
871.293,0,0,0.0,0.09540433675000057
871.295,0,0,0.0,0.09540433675000057
871.396,0,0,0.0,0.09540433675000057
871.495,0,0,0.0,0.09540433675000057
871.495,0,0,0.0,0.09540433675000057
871.508,0,0,0.0,0.09540433675000057
871.618,0,0,0.0,0.09540433675000057
871.725,0,0,0.0,0.09540433675000057
872.094,0,0,0.0,0.09540433675000057
872.1,0,0,0.0,0.09540433675000057
872.493,0,0,0.0,0.09540433675000057
872.596,0,0,0.0,0.09540433675000057
872.596,0,0,0.0,0.09540433675000057
872.597,0,0,0.0,0.09540433675000057
872.612,0,0,0.0,0.09540433675000057
872.722,0,0,0.0,0.09540433675000057
873.094,0,0,0.0,0.09540433675000057
873.194,0,0,0.0,0.09540433675000057
873.286,0,0,0.0,0.09540433675000057
873.498,0,0,0.0,0.09540433675000057
873.593,0,0,0.0,0.09540433675000057
873.596,0,0,0.0,0.09540433675000057
873.696,0,0,0.0,0.09540433675000057
873.698,0,0,0.0,0.09540433675000057
873.735,0,0,0.0,0.09540433675000057
873.993,0,0,0.0,0.09540433675000057
874.276,0,0,0.0,0.09540433675000057
874.294,0,0,0.0,0.09540433675000057
874.396,0,0,0.0,0.09540433675000057
874.398,0,0,0.0,0.09540433675000057
874.501,0,0,0.0,0.09540433675000057
874.594,0,0,0.0,0.09540433675000057
874.596,0,0,0.0,0.09540433675000057
874.597,0,0,0.0,0.09540433675000057
874.729,0,0,0.0,0.09540433675000057
874.897,0,0,0.0,0.09540433675000057
875.193,0,0,0.0,0.09540433675000057
875.294,0,0,0.0,0.09540433675000057
875.494,0,0,0.0,0.09540433675000057
875.595,0,0,0.0,0.09540433675000057
875.599,0,0,0.0,0.09540433675000057
875.708,0,0,0.0,0.09540433675000057
875.717,0,0,0.0,0.09540433675000057
875.795,0,0,0.0,0.09540433675000057
875.893,0,0,0.0,0.09540433675000057
875.899,0,0,0.0,0.09540433675000057
876.093,0,0,0.0,0.09540433675000057
876.203,0,0,0.0,0.09540433675000057
876.494,0,0,0.0,0.09540433675000057
876.697,0,0,0.0,0.09540433675000057
876.795,0,0,0.0,0.09540433675000057
876.799,0,0,0.0,0.09540433675000057
876.893,0,0,0.0,0.09540433675000057
876.998,0,0,0.0,0.09540433675000057
877.199,0,0,0.0,0.09540433675000057
877.276,0,0,0.0,0.09540433675000057
877.499,0,0,0.0,0.09540433675000057
877.596,0,0,0.0,0.09540433675000057
877.697,0,0,0.0,0.09540433675000057
877.728,0,0,0.0,0.09540433675000057
877.795,0,0,0.0,0.09540433675000057
877.996,0,0,0.0,0.09540433675000057
878.093,0,0,0.0,0.09540433675000057
878.104,0,0,0.0,0.09540433675000057
878.266,0,0,0.0,0.09540433675000057
878.293,0,0,0.0,0.09540433675000057
878.497,0,0,0.0,0.09540433675000057
878.697,0,0,0.0,0.09540433675000057
878.697,0,0,0.0,0.09540433675000057
878.706,0,0,0.0,0.09540433675000057
878.726,0,0,0.0,0.09540433675000057
878.894,0,0,0.0,0.09540433675000057
878.896,0,0,0.0,0.09540433675000057
879.293,0,0,0.0,0.09540433675000057
879.398,0,0,0.0,0.09540433675000057
879.493,0,0,0.0,0.09540433675000057
879.496,0,0,0.0,0.09540433675000057
879.799,0,0,0.0,0.09540433675000057
879.892,0,0,0.0,0.09540433675000057
879.894,0,0,0.0,0.09540433675000057
880.19,0,0,0.0,0.09540433675000057
880.266,0,0,0.0,0.09540433675000057
880.396,0,0,0.0,0.09540433675000057
880.426,0,0,0.0,0.09540433675000057
880.493,0,0,0.0,0.09540433675000057
880.493,0,0,0.0,0.09540433675000057
880.696,0,0,0.0,0.09540433675000057
880.719,0,0,0.0,0.09540433675000057
880.794,0,0,0.0,0.09540433675000057
881.092,0,0,0.0,0.09540433675000057
881.098,0,0,0.0,0.09540433675000057
881.493,0,0,0.0,0.09540433675000057
881.594,0,0,0.0,0.09540433675000057
881.594,0,0,0.0,0.09540433675000057
881.6,0,0,0.0,0.09540433675000057
881.697,0,0,0.0,0.09540433675000057
881.724,0,0,0.0,0.09540433675000057
882.089,0,0,0.0,0.09540433675000057
882.191,0,0,0.0,0.09540433675000057
882.236,0,0,0.0,0.09540433675000057
882.496,0,0,0.0,0.09540433675000057
882.498,0,0,0.0,0.09540433675000057
882.597,0,0,0.0,0.09540433675000057
882.693,0,0,0.0,0.09540433675000057
882.732,0,0,0.0,0.09540433675000057
882.793,0,0,0.0,0.09540433675000057
882.895,0,0,0.0,0.09540433675000057
883.189,0,0,0.0,0.09540433675000057
883.256,0,0,0.0,0.09540433675000057
883.593,0,0,0.0,0.09540433675000057
883.594,0,0,0.0,0.09540433675000057
883.608,0,0,0.0,0.09540433675000057
883.693,0,0,0.0,0.09540433675000057
883.718,0,0,0.0,0.09540433675000057
883.99,0,0,0.0,0.09540433675000057
884.246,0,0,0.0,0.09540433675000057
884.256,0,0,0.0,0.09540433675000057
884.291,0,0,0.0,0.09540433675000057
884.489,0,0,0.0,0.09540433675000057
884.593,0,0,0.0,0.09540433675000057
884.597,0,0,0.0,0.09540433675000057
884.616,0,0,0.0,0.09540433675000057
884.717,0,0,0.0,0.09540433675000057
884.89,0,0,0.0,0.09540433675000057
885.09,0,0,0.0,0.09540433675000057
885.191,0,0,0.0,0.09540433675000057
885.246,0,0,0.0,0.09540433675000057
885.396,0,0,0.0,0.09540433675000057
885.592,0,0,0.0,0.09540433675000057
885.692,0,0,0.0,0.09540433675000057
885.724,0,0,0.0,0.09540433675000057
885.792,0,0,0.0,0.09540433675000057
885.893,0,0,0.0,0.09540433675000057
885.9,0,0,0.0,0.09540433675000057
886.091,0,0,0.0,0.09540433675000057
886.246,0,0,0.0,0.09540433675000057
886.491,0,0,0.0,0.09540433675000057
886.491,0,0,0.0,0.09540433675000057
886.59,0,0,0.0,0.09540433675000057
886.692,0,0,0.0,0.09540433675000057
886.702,0,0,0.0,0.09540433675000057
886.727,0,0,0.0,0.09540433675000057
886.796,0,0,0.0,0.09540433675000057
886.902,0,0,0.0,0.09540433675000057
887.102,0,0,0.0,0.09540433675000057
887.246,0,0,0.0,0.09540433675000057
887.291,0,0,0.0,0.09540433675000057
887.294,0,0,0.0,0.09540433675000057
887.592,0,0,0.0,0.09540433675000057
887.596,0,0,0.0,0.09540433675000057
887.693,0,0,0.0,0.09540433675000057
887.791,0,0,0.0,0.09540433675000057
887.889,0,0,0.0,0.09540433675000057
887.895,0,0,0.0,0.09540433675000057
888.09,0,0,0.0,0.09540433675000057
888.202,0,0,0.0,0.09540433675000057
888.494,0,0,0.0,0.09540433675000057
888.592,0,0,0.0,0.09540433675000057
888.891,0,0,0.0,0.09540433675000057
888.891,0,0,0.0,0.09540433675000057
888.912,0,0,0.0,0.09540433675000057
888.988,0,0,0.0,0.09540433675000057
889.09,0,0,0.0,0.09540433675000057
889.246,0,0,0.0,0.09540433675000057
889.396,0,0,0.0,0.09540433675000057
889.397,0,0,0.0,0.09540433675000057
889.592,0,0,0.0,0.09540433675000057
889.71,0,0,0.0,0.09540433675000057
889.791,0,0,0.0,0.09540433675000057
889.891,0,0,0.0,0.09540433675000057
889.989,0,0,0.0,0.09540433675000057
890.089,0,0,0.0,0.09540433675000057
890.101,0,0,0.0,0.09540433675000057
890.201,0,0,0.0,0.09540433675000057
890.4,0,0,0.0,0.09540433675000057
890.597,0,0,0.0,0.09540433675000057
890.699,0,0,0.0,0.09540433675000057
890.7,0,0,0.0,0.09540433675000057
890.722,0,0,0.0,0.09540433675000057
891.089,0,0,0.0,0.09540433675000057
891.195,0,0,0.0,0.09540433675000057
891.201,0,0,0.0,0.09540433675000057
891.289,0,0,0.0,0.09540433675000057
891.499,0,0,0.0,0.09540433675000057
891.596,0,0,0.0,0.09540433675000057
891.724,0,0,0.0,0.09540433675000057
891.794,0,0,0.0,0.09540433675000057
891.796,0,0,0.0,0.09540433675000057
891.988,0,0,0.0,0.09540433675000057
892.287,0,0,0.0,0.09540433675000057
892.289,0,0,0.0,0.09540433675000057
892.404,0,0,0.0,0.09540433675000057
892.606,0,0,0.0,0.09540433675000057
892.721,0,0,0.0,0.09540433675000057
892.791,0,0,0.0,0.09540433675000057
893.088,0,0,0.0,0.09540433675000057
893.188,0,0,0.0,0.09540433675000057
893.236,0,0,0.0,0.09540433675000057
893.236,0,0,0.0,0.09540433675000057
893.286,0,0,0.0,0.09540433675000057
893.436,0,0,0.0,0.09540433675000057
893.487,0,0,0.0,0.09540433675000057
893.487,0,0,0.0,0.09540433675000057
893.597,0,0,0.0,0.09540433675000057
893.705,0,0,0.0,0.09540433675000057
893.715,0,0,0.0,0.09540433675000057
894.089,0,0,0.0,0.09540433675000057
894.192,0,0,0.0,0.09540433675000057
894.486,0,0,0.0,0.09540433675000057
894.49,0,0,0.0,0.09540433675000057
894.603,0,0,0.0,0.09540433675000057
894.719,0,0,0.0,0.09540433675000057
894.894,0,0,0.0,0.09540433675000057
895.087,0,0,0.0,0.09540433675000057
895.206,0,0,0.0,0.09540433675000057
895.226,0,0,0.0,0.09540433675000057
895.226,0,0,0.0,0.09540433675000057
895.489,0,0,0.0,0.09540433675000057
895.489,0,0,0.0,0.09540433675000057
895.591,0,0,0.0,0.09540433675000057
895.69,0,0,0.0,0.09540433675000057
895.715,0,0,0.0,0.09540433675000057
895.987,0,0,0.0,0.09540433675000057
896.194,0,0,0.0,0.09540433675000057
896.226,0,0,0.0,0.09540433675000057
896.256,0,0,0.0,0.09540433675000057
896.59,0,0,0.0,0.09540433675000057
896.594,0,0,0.0,0.09540433675000057
896.692,0,0,0.0,0.09540433675000057
896.702,0,0,0.0,0.09540433675000057
896.719,0,0,0.0,0.09540433675000057
896.79,0,0,0.0,0.09540433675000057
896.89,0,0,0.0,0.09540433675000057
897.193,0,0,0.0,0.09540433675000057
897.216,0,0,0.0,0.09540433675000057
897.226,0,0,0.0,0.09540433675000057
897.288,0,0,0.0,0.09540433675000057
897.488,0,0,0.0,0.09540433675000057
897.589,0,0,0.0,0.09540433675000057
897.59,0,0,0.0,0.09540433675000057
897.702,0,0,0.0,0.09540433675000057
897.789,0,0,0.0,0.09540433675000057
897.889,0,0,0.0,0.09540433675000057
897.898,0,0,0.0,0.09540433675000057
898.086,0,0,0.0,0.09540433675000057
898.191,0,0,0.0,0.09540433675000057
898.488,0,0,0.0,0.09540433675000057
898.595,0,0,0.0,0.09540433675000057
898.786,0,0,0.0,0.09540433675000057
898.788,0,0,0.0,0.09540433675000057
898.986,0,0,0.0,0.09540433675000057
899.0,0,0,0.0,0.09540433675000057
899.192,0,0,0.0,0.09540433675000057
899.246,0,0,0.0,0.09540433675000057
899.287,0,0,0.0,0.09540433675000057
899.689,0,0,0.0,0.09540433675000057
899.691,0,0,0.0,0.09540433675000057
899.692,0,0,0.0,0.09540433675000057
899.702,0,0,0.0,0.09540433675000057
899.722,0,0,0.0,0.09540433675000057
900.086,0,0,0.0,0.09540433675000057
900.192,0,0,0.0,0.09540433675000057
900.246,0,0,0.0,0.09540433675000057
900.286,0,0,0.0,0.09540433675000057
900.287,0,0,0.0,0.09540433675000057
900.487,0,0,0.0,0.09540433675000057
900.691,0,0,0.0,0.09540433675000057
900.694,0,0,0.0,0.09540433675000057
900.887,0,0,0.0,0.09540433675000057
900.888,0,0,0.0,0.09540433675000057
900.983,0,0,0.0,0.09540433675000057
901.287,0,0,0.0,0.09540433675000057
901.486,0,0,0.0,0.09540433675000057
901.493,0,0,0.0,0.09540433675000057
901.694,0,0,0.0,0.09540433675000057
901.717,0,0,0.0,0.09540433675000057
901.888,0,0,0.0,0.09540433675000057
902.085,0,0,0.0,0.09540433675000057
902.086,0,0,0.0,0.09540433675000057
902.196,0,0,0.0,0.09540433675000057
902.283,0,0,0.0,0.09540433675000057
902.287,0,0,0.0,0.09540433675000057
902.484,0,0,0.0,0.09540433675000057
902.492,0,0,0.0,0.09540433675000057
902.689,0,0,0.0,0.09540433675000057
902.698,0,0,0.0,0.09540433675000057
902.711,0,0,0.0,0.09540433675000057
903.083,0,0,0.0,0.09540433675000057
903.189,0,0,0.0,0.09540433675000057
903.398,0,0,0.0,0.09540433675000057
903.588,0,0,0.0,0.09540433675000057
903.694,0,0,0.0,0.09540433675000057
903.716,0,0,0.0,0.09540433675000057
903.985,0,0,0.0,0.09540433675000057
904.185,0,0,0.0,0.09540433675000057
904.196,0,0,0.0,0.09540433675000057
904.196,0,0,0.0,0.09540433675000057
904.196,0,0,0.0,0.09540433675000057
904.486,0,0,0.0,0.09540433675000057
904.486,0,0,0.0,0.09540433675000057
904.498,0,0,0.0,0.09540433675000057
904.696,0,0,0.0,0.09540433675000057
904.712,0,0,0.0,0.09540433675000057
904.988,0,0,0.0,0.09540433675000057
905.182,0,0,0.0,0.09540433675000057
905.196,0,0,0.0,0.09540433675000057
905.226,0,0,0.0,0.09540433675000057
905.285,0,0,0.0,0.09540433675000057
905.285,0,0,0.0,0.09540433675000057
905.587,0,0,0.0,0.09540433675000057
905.587,0,0,0.0,0.09540433675000057
905.689,0,0,0.0,0.09540433675000057
905.696,0,0,0.0,0.09540433675000057
905.697,0,0,0.0,0.09540433675000057
905.712,0,0,0.0,0.09540433675000057
905.984,0,0,0.0,0.09540433675000057
906.285,0,0,0.0,0.09540433675000057
906.285,0,0,0.0,0.09540433675000057
906.483,0,0,0.0,0.09540433675000057
906.584,0,0,0.0,0.09540433675000057
906.587,0,0,0.0,0.09540433675000057
906.686,0,0,0.0,0.09540433675000057
906.886,0,0,0.0,0.09540433675000057
906.984,0,0,0.0,0.09540433675000057
907.087,0,0,0.0,0.09540433675000057
907.285,0,0,0.0,0.09540433675000057
907.485,0,0,0.0,0.09540433675000057
907.485,0,0,0.0,0.09540433675000057
907.584,0,0,0.0,0.09540433675000057
907.587,0,0,0.0,0.09540433675000057
907.689,0,0,0.0,0.09540433675000057
907.717,0,0,0.0,0.09540433675000057
907.989,0,0,0.0,0.09540433675000057
908.09,0,0,0.0,0.09540433675000057
908.288,0,0,0.0,0.09540433675000057
908.485,0,0,0.0,0.09540433675000057
908.688,0,0,0.0,0.09540433675000057
908.689,0,0,0.0,0.09540433675000057
908.698,0,0,0.0,0.09540433675000057
908.724,0,0,0.0,0.09540433675000057
908.792,0,0,0.0,0.09540433675000057
908.884,0,0,0.0,0.09540433675000057
909.186,0,0,0.0,0.09540433675000057
909.189,0,0,0.0,0.09540433675000057
909.284,0,0,0.0,0.09540433675000057
909.29,0,0,0.0,0.09540433675000057
909.583,0,0,0.0,0.09540433675000057
909.586,0,0,0.0,0.09540433675000057
909.606,0,0,0.0,0.09540433675000057
909.785,0,0,0.0,0.09540433675000057
909.885,0,0,0.0,0.09540433675000057
909.895,0,0,0.0,0.09540433675000057
909.995,0,0,0.0,0.09540433675000057
910.195,0,0,0.0,0.09540433675000057
910.489,0,0,0.0,0.09540433675000057
910.49,0,0,0.0,0.09540433675000057
910.785,0,0,0.0,0.09540433675000057
910.883,0,0,0.0,0.09540433675000057
910.983,0,0,0.0,0.09540433675000057
911.083,0,0,0.0,0.09540433675000057
911.095,0,0,0.0,0.09540433675000057
911.236,0,0,0.0,0.09540433675000057
911.293,0,0,0.0,0.09540433675000057
911.585,0,0,0.0,0.09540433675000057
911.694,0,0,0.0,0.09540433675000057
911.709,0,0,0.0,0.09540433675000057
911.785,0,0,0.0,0.09540433675000057
912.08,0,0,0.0,0.09540433675000057
912.176,0,0,0.0,0.09540433675000057
912.183,0,0,0.0,0.09540433675000057
912.183,0,0,0.0,0.09540433675000057
912.289,0,0,0.0,0.09540433675000057
912.585,0,0,0.0,0.09540433675000057
912.687,0,0,0.0,0.09540433675000057
912.714,0,0,0.0,0.09540433675000057
912.785,0,0,0.0,0.09540433675000057
912.982,0,0,0.0,0.09540433675000057
913.086,0,0,0.0,0.09540433675000057
913.183,0,0,0.0,0.09540433675000057
913.236,0,0,0.0,0.09540433675000057
913.28,0,0,0.0,0.09540433675000057
913.497,0,0,0.0,0.09540433675000057
913.585,0,0,0.0,0.09540433675000057
913.711,0,0,0.0,0.09540433675000057
913.884,0,0,0.0,0.09540433675000057
913.986,0,0,0.0,0.09540433675000057
914.18,0,0,0.0,0.09540433675000057
914.182,0,0,0.0,0.09540433675000057
914.226,0,0,0.0,0.09540433675000057
914.28,0,0,0.0,0.09540433675000057
914.283,0,0,0.0,0.09540433675000057
914.692,0,0,0.0,0.09540433675000057
914.695,158,15,1.7145,0.09540576550000059
914.704,52,5,0.5715,0.09540719425000058
914.784,0,0,0.0,0.09540719425000058
914.979,52,5,0.5715,0.09543815050000058
915.266,0,0,0.0,0.09543815050000058
915.282,0,0,0.0,0.09543815050000058
915.282,0,0,0.0,0.09543815050000058
915.282,0,0,0.0,0.09543815050000058
915.48,0,0,0.0,0.09543815050000058
915.492,0,0,0.0,0.09543815050000058
915.698,0,0,0.0,0.09543815050000058
915.979,158,15,1.7145,0.0955719767500006
916.096,0,0,0.0,0.0955719767500006
916.182,52,5,0.5715,0.09558562925000061
916.285,0,0,0.0,0.09558562925000061
916.482,0,0,0.0,0.09558562925000061
916.488,0,0,0.0,0.09558562925000061
916.494,0,0,0.0,0.09558562925000061
916.584,0,0,0.0,0.09558562925000061
916.602,0,0,0.0,0.09558562925000061
916.714,105,10,1.143,0.09562118925000064
917.081,105,10,1.143,0.09573771175000063
917.081,158,15,1.7145,0.09573771175000063
917.482,0,0,0.0,0.09573771175000063
917.588,0,0,0.0,0.09573771175000063
917.594,0,0,0.0,0.09573771175000063
917.686,0,0,0.0,0.09573771175000063
917.72,52,5,0.5715,0.09574310925000064
917.981,52,5,0.5715,0.09578454300000064
918.136,10,1,0.1143,0.09578946425000064
918.156,52,5,0.5715,0.09579263925000063
918.281,105,10,1.143,0.09583232675000063
918.288,73,7,0.8001,0.09583388250000063
918.581,20,2,0.2286,0.09585248800000064
918.581,0,0,0.0,0.09585248800000064
918.685,0,0,0.0,0.09585248800000064
918.712,158,15,1.7145,0.09586534675000066
918.783,0,0,0.0,0.09586534675000066
918.886,158,15,1.7145,0.09591440050000063
919.146,158,15,1.7145,0.09603822550000063
919.181,52,5,0.5715,0.09604378175000064
919.284,105,10,1.143,0.09607648425000062
919.481,147,14,1.6002,0.09616405075000062
919.488,31,3,0.3429,0.09616471750000062
919.583,94,9,1.0287,0.09619186375000059
919.609,316,30,3.429,0.09621662875000066
919.704,211,20,2.286,0.0962769537500006
919.78,0,0,0.0,0.0962769537500006
919.78,0,0,0.0,0.0962769537500006
919.89,211,20,2.286,0.09634680375000061
920.08,158,15,1.7145,0.09643729125000064
920.181,52,5,0.5715,0.09645332500000064
920.481,136,13,1.4859,0.09657715000000062
920.484,94,9,1.0287,0.09657800725000064
920.589,115,11,1.2573,0.09661467850000065
920.692,0,0,0.0,0.09661467850000065
920.695,316,30,3.429,0.09661753600000068
920.782,41,4,0.4572,0.09662858500000068
920.88,316,30,3.429,0.09672193000000064
920.989,211,20,2.286,0.09679114500000066
921.28,158,15,1.7145,0.09692973375000064
921.286,73,7,0.8001,0.09693106725000063
921.481,83,8,0.9144,0.09698059725000063
921.587,147,14,1.6002,0.09702771425000063
921.685,126,12,1.3716,0.09706505225000062
921.782,52,5,0.5715,0.09708045100000064
921.884,316,30,3.429,0.09717760600000061
921.9,316,30,3.429,0.09719284600000057
922.089,211,20,2.286,0.09731286100000061
922.28,163,15,1.7145,0.09740382475000058
922.481,94,9,1.0287,0.09746126050000058
922.583,115,11,1.2573,0.09749688400000057
922.684,73,7,0.8001,0.09751933125000058
922.701,369,35,4.0005,0.09753822250000063
922.882,158,15,1.7145,0.09762442375000059
922.979,369,35,4.0005,0.09773221500000069
923.08,316,30,3.429,0.0978284175000007
923.179,316,30,3.429,0.09792271500000063
923.192,221,21,2.4003,0.09793138275000066
923.484,115,11,1.2573,0.09803336375000067
923.692,422,40,4.572,0.09829752375000063
923.712,369,35,4.0005,0.0983197487500006
923.781,57,5,0.5715,0.09833070250000059
923.881,105,10,1.143,0.0983624525000006
923.977,369,35,4.0005,0.0984691325000006
924.189,316,30,3.429,0.09867106250000059
924.196,173,16,1.8288,0.09867461850000062
924.279,369,35,4.0005,0.09876685225000058
924.28,316,30,3.429,0.09876780475000056
924.292,242,23,2.6289,0.0987765677500006
924.687,136,13,1.4859,0.0989396040000006
924.787,52,5,0.5715,0.0989554790000006
924.976,422,40,4.572,0.09919550900000056
925.179,369,35,4.0005,0.09942109275000052
925.246,184,17,1.9431,0.09945725600000052
925.28,316,30,3.429,0.09948964100000052
925.486,263,25,2.8575,0.09965315350000054
925.588,200,19,2.1717,0.09971468500000052
925.684,158,15,1.7145,0.09976040500000052
925.711,316,30,3.429,0.09978612250000056
926.078,316,30,3.429,0.10013569000000053
926.084,422,40,4.572,0.10014331000000048
926.136,369,35,4.0005,0.1002010950000005
926.136,326,31,3.5433,0.1002010950000005
926.479,337,32,3.6576,0.10054958300000058
926.489,284,27,3.0861,0.10055815550000058
926.69,211,20,2.286,0.1006857905000006
926.712,316,30,3.429,0.10070674550000053
927.078,316,30,3.429,0.10105536050000051
927.106,369,35,4.0005,0.10108647550000054
927.126,369,35,4.0005,0.10110870050000051
927.136,316,30,3.429,0.1011182255000005
927.279,379,36,4.1148,0.10128167450000054
927.48,316,30,3.429,0.10147312700000057
927.578,369,35,4.0005,0.10158202950000052
927.684,316,30,3.429,0.10168299450000051
927.709,316,30,3.429,0.1017068070000005
927.796,347,33,3.7719,0.10179796125000061
927.978,316,30,3.429,0.10197131625000051
928.116,316,30,3.429,0.10210276125000055
928.126,422,40,4.572,0.10211546125000054
928.278,316,30,3.429,0.10226024125000058
928.479,400,38,4.3434,0.10250274775000061
928.48,363,34,3.8862,0.10250382725000058
928.485,369,35,4.0005,0.10250938350000058
928.501,316,30,3.429,0.10252462350000054
928.58,390,37,4.2291,0.10261742875000061
928.71,422,40,4.572,0.1027825287500006
928.981,422,40,4.572,0.10312669875000055
929.084,316,30,3.429,0.10322480625000051
929.156,316,30,3.429,0.10329338625000051
929.278,316,30,3.429,0.10340959125000057
929.478,379,36,4.1148,0.1036381912500005
929.579,316,30,3.429,0.1037343937500005
929.58,369,35,4.0005,0.1037355050000006
929.682,400,38,4.3434,0.10385856800000057
929.706,369,35,4.0005,0.10388523800000057
929.78,369,35,4.0005,0.10396747050000052
929.981,369,35,4.0005,0.10419083175000055
930.082,422,40,4.572,0.10431910175000055
930.281,316,30,3.429,0.1045086492500005
930.284,316,30,3.429,0.10451150675000054
930.579,316,30,3.429,0.10479249425000049
930.679,358,34,3.8862,0.10490044425000052
930.682,416,39,4.4577,0.10490415900000057
930.716,369,35,4.0005,0.10494194150000055
930.779,369,35,4.0005,0.10501195025000054
930.811,369,35,4.0005,0.10504751025000059
931.086,369,35,4.0005,0.10535310400000056
931.281,422,40,4.572,0.10560075400000048
931.579,316,30,3.429,0.10588459900000048
931.58,337,32,3.6576,0.10588561500000057
931.68,422,40,4.572,0.10601261500000046
931.707,422,40,4.572,0.10604690500000052
931.778,316,30,3.429,0.10611453250000055
931.876,422,40,4.572,0.1062389925000005
931.888,422,40,4.572,0.10625423250000057
932.082,369,35,4.0005,0.10646981500000052
932.116,326,31,3.5433,0.10650327950000052
932.183,369,35,4.0005,0.10657773325000053
932.579,347,33,3.7719,0.10699264225000048
932.583,316,30,3.429,0.1069964522500005
932.69,211,20,2.286,0.10706439725000055
932.876,316,30,3.429,0.10724156225000048
932.878,316,30,3.429,0.10724346725000054
932.895,422,40,4.572,0.10726505725000046
933.074,422,40,4.572,0.10749238725000043
933.091,369,35,4.0005,0.10751127850000049
933.116,416,39,4.4577,0.10754223475000046
933.289,369,35,4.0005,0.10773448100000046
933.579,369,35,4.0005,0.10805674350000043
933.778,316,30,3.429,0.1082462910000005
933.878,316,30,3.429,0.10834154100000051
933.895,422,40,4.572,0.10836313100000043
933.974,211,20,2.286,0.10841329600000048
933.997,422,40,4.572,0.10844250600000037
934.116,406,38,4.3434,0.1085860795000004
934.276,379,36,4.1148,0.10876895950000037
934.579,395,37,4.2291,0.10912490875000037
934.579,400,38,4.3434,0.10912490875000037
934.682,316,30,3.429,0.10922301625000044
934.708,316,30,3.429,0.1092477812500004
934.982,316,30,3.429,0.1095087662500004
935.076,422,40,4.572,0.10962814625000046
935.085,211,20,2.286,0.10963386125000046
935.098,422,40,4.572,0.10965037125000036
935.236,369,35,4.0005,0.1098037237500004
935.286,390,37,4.2291,0.10986246125000035
935.584,369,35,4.0005,0.11019361375000035
935.585,384,36,4.1148,0.11019475675000046
935.71,211,20,2.286,0.11027413175000046
935.784,422,40,4.572,0.1103681117500004
936.076,211,20,2.286,0.11055353175000042
936.176,379,36,4.1148,0.11066783175000044
936.276,211,20,2.286,0.11073133175000038
936.288,422,40,4.572,0.11074657175000045
936.598,369,35,4.0005,0.11109105925000039
936.699,316,30,3.429,0.11118726175000039
936.784,369,35,4.0005,0.11128171800000043
936.879,316,30,3.429,0.11137220550000046
937.096,316,30,3.429,0.11157889800000044
937.156,400,38,4.3434,0.11165128800000038
937.273,211,20,2.286,0.11172558300000042
937.476,232,22,2.5146,0.1118673785000004
937.476,337,32,3.6576,0.1118673785000004
937.489,411,39,4.4577,0.11188347575000045
937.601,369,35,4.0005,0.11200793575000041
937.703,422,40,4.572,0.11213747575000038
938.075,422,40,4.572,0.11260991575000047
938.081,316,30,3.429,0.11261563075000044
938.106,422,40,4.572,0.11264738075000041
938.126,316,30,3.429,0.1126664307500004
938.279,211,20,2.286,0.11276358575000041
938.577,295,28,3.2004,0.11302850775000041
938.577,253,24,2.7432,0.11302850775000041
938.578,295,28,3.2004,0.11302939675000039
938.578,422,40,4.572,0.11302939675000039
938.596,422,40,4.572,0.11305225675000043
938.703,528,50,5.715,0.11322211925000038
939.075,528,50,5.715,0.11381266925000048
939.179,422,40,4.572,0.1139447492500004
939.281,232,22,2.5146,0.11401599625000038
939.575,274,26,2.9718,0.11425869325000046
939.577,274,26,2.9718,0.11426034425000042
939.577,422,40,4.572,0.11426034425000042
939.712,475,45,5.1434999999999995,0.11445322550000041
939.777,253,24,2.7432,0.11450275550000046
939.975,475,45,5.1434999999999995,0.11478564800000042
940.086,316,30,3.429,0.1148913755000004
940.278,528,50,5.715,0.11519617550000041
940.475,326,31,3.5433,0.11539007275000042
940.575,211,20,2.286,0.11545357275000043
940.577,253,24,2.7432,0.11545509675000039
940.578,295,28,3.2004,0.11545598575000036
940.706,475,45,5.1434999999999995,0.11563886575000043
940.774,253,24,2.7432,0.11569068175000041
940.877,475,45,5.1434999999999995,0.11583784300000034
941.086,422,40,4.572,0.11610327300000042
941.174,475,45,5.1434999999999995,0.11622900300000037
941.275,528,50,5.715,0.11638934050000037
941.475,443,42,4.8006,0.11665604050000043
941.576,347,33,3.7719,0.11676186325000043
941.58,274,26,2.9718,0.11676516525000044
941.599,475,45,5.1434999999999995,0.11679231150000045
941.701,475,45,5.1434999999999995,0.11693804400000042
941.873,221,21,2.4003,0.11705272500000044
941.874,316,30,3.429,0.11705367750000042
941.88,475,45,5.1434999999999995,0.11706225000000038
942.074,475,45,5.1434999999999995,0.11733942750000033
942.18,475,45,5.1434999999999995,0.11749087500000033
942.475,517,49,5.6007,0.11794982125000045
942.58,369,35,4.0005,0.11806650250000046
942.776,295,28,3.2004,0.11824074650000038
942.885,475,45,5.1434999999999995,0.11839648025000044
942.897,475,45,5.1434999999999995,0.11841362525000051
943.086,464,44,5.0292,0.11867765825000047
943.179,475,45,5.1434999999999995,0.11881053200000041
943.48,506,48,5.4864,0.11926925600000048
943.574,400,38,4.3434,0.1193826670000004
943.679,485,46,5.2578,0.11953601950000042
943.719,528,50,5.715,0.11959951950000054
943.775,316,30,3.429,0.11965285950000047
943.976,528,50,5.715,0.11997194700000051
943.982,475,45,5.1434999999999995,0.11998051950000047
944.086,475,45,5.1434999999999995,0.12012910950000052
944.136,475,45,5.1434999999999995,0.12020054700000046
944.274,475,45,5.1434999999999995,0.12039771450000052
944.477,475,45,5.1434999999999995,0.12068775075000047
944.678,496,47,5.3721,0.1209876930000005
944.678,506,48,5.4864,0.1209876930000005
944.686,528,50,5.715,0.12100039300000057
944.728,475,45,5.1434999999999995,0.12106040050000044
944.875,422,40,4.572,0.1212470905000005
944.973,475,45,5.1434999999999995,0.12138710800000044
945.073,475,45,5.1434999999999995,0.12152998300000047
945.191,475,45,5.1434999999999995,0.12169857550000054
945.474,475,45,5.1434999999999995,0.12210291175000057
945.775,480,45,5.1434999999999995,0.12253296550000047
945.875,528,50,5.715,0.1226917155000005
945.97,528,50,5.715,0.12284252800000055
946.066,528,50,5.715,0.12299492800000056
946.136,475,45,5.1434999999999995,0.12309494050000047
946.17,475,45,5.1434999999999995,0.12314351800000047
946.173,485,46,5.2578,0.12314789950000053
946.474,475,45,5.1434999999999995,0.1235779532500006
946.677,475,45,5.1434999999999995,0.12386798950000055
946.699,528,50,5.715,0.12390291450000045
946.775,475,45,5.1434999999999995,0.12401149950000048
947.072,528,50,5.715,0.12448298700000052
947.076,475,45,5.1434999999999995,0.12448870200000055
947.078,528,50,5.715,0.12449187700000047
947.106,528,50,5.715,0.1245363270000005
947.192,496,47,5.3721,0.12466466050000052
947.473,475,45,5.1434999999999995,0.12506613925000046
947.574,517,49,5.6007,0.12522327000000047
947.676,475,45,5.1434999999999995,0.1253690025000006
947.684,475,45,5.1434999999999995,0.1253804325000005
947.706,475,45,5.1434999999999995,0.12541186500000057
948.046,475,45,5.1434999999999995,0.12589764000000062
948.07,475,45,5.1434999999999995,0.1259319300000006
948.273,528,50,5.715,0.12625419250000056
948.278,480,45,5.1434999999999995,0.12626133625000055
948.479,475,45,5.1434999999999995,0.12654851500000058
948.578,506,48,5.4864,0.1266993910000005
948.703,528,50,5.715,0.1268978285000005
948.774,475,45,5.1434999999999995,0.12699926975000053
948.878,528,50,5.715,0.1271643697500006
949.066,528,50,5.715,0.12746281975000057
949.066,506,48,5.4864,0.12746281975000057
949.272,475,45,5.1434999999999995,0.1277571422500006
949.472,528,50,5.715,0.12807464225000048
949.485,517,49,5.6007,0.12809486700000053
949.572,496,47,5.3721,0.1282246927500005
949.574,490,46,5.2578,0.12822761375000044
949.589,475,45,5.1434999999999995,0.1282490450000006
949.708,422,40,4.572,0.12840017500000048
950.066,528,50,5.715,0.12896850000000057
950.072,422,40,4.572,0.12897612000000053
950.17,475,45,5.1434999999999995,0.12911613750000048
950.272,528,50,5.715,0.12927806250000062
950.573,517,49,5.6007,0.1297463432500005
950.573,528,50,5.715,0.1297463432500005
950.574,528,50,5.715,0.12974793075000046
950.577,501,47,5.3721,0.12975240750000053
950.694,528,50,5.715,0.12993814500000048
950.871,480,45,5.1434999999999995,0.13019103375000052
951.072,528,50,5.715,0.13051012125000055
951.172,422,40,4.572,0.13063712125000057
951.472,485,46,5.2578,0.1310752712500005
951.574,506,48,5.4864,0.1312307192500005
951.673,528,50,5.715,0.13138788175000057
951.702,422,40,4.572,0.13142471175000056
951.773,512,48,5.4864,0.1315329157500006
951.874,475,45,5.1434999999999995,0.13167721950000058
951.884,422,40,4.572,0.13168991950000056
952.056,528,50,5.715,0.1319629695000006
952.072,528,50,5.715,0.13198836950000056
952.478,496,47,5.3721,0.13259422300000048
952.574,528,50,5.715,0.13274662300000048
952.686,422,40,4.572,0.13288886300000058
952.702,422,40,4.572,0.13290918300000054
952.772,496,47,5.3721,0.1330136405000006
952.873,528,50,5.715,0.1331739780000006
952.883,422,40,4.572,0.13318667800000059
953.056,422,40,4.572,0.1334063880000006
953.077,422,40,4.572,0.13343305800000055
953.086,506,48,5.4864,0.13344677400000057
953.172,528,50,5.715,0.1335832990000006
953.275,443,42,4.8006,0.13372064950000054
953.573,485,46,5.2578,0.13415587850000055
953.674,422,40,4.572,0.13428414850000053
953.675,480,45,5.1434999999999995,0.1342855772500005
953.676,506,48,5.4864,0.13428710125000065
953.87,528,50,5.715,0.13459507625000058
953.877,422,40,4.572,0.1346039662500005
954.071,422,40,4.572,0.1348503462500006
954.171,422,40,4.572,0.13497734625000063
954.475,464,44,5.0292,0.13540203425000058
954.573,464,44,5.0292,0.13553894025000052
954.772,517,49,5.6007,0.13584853450000062
954.876,422,40,4.572,0.1359806145000005
954.893,422,40,4.572,0.13600220450000058
954.972,475,45,5.1434999999999995,0.1361150757500005
955.056,506,48,5.4864,0.1362430917500006
955.081,422,40,4.572,0.13627484175000057
955.579,485,46,5.2578,0.13700217075000048
955.694,211,20,2.286,0.1370751957500005
955.772,432,41,4.6863,0.1371767322500006
955.772,528,50,5.715,0.1371767322500006
956.046,422,40,4.572,0.1375247122500006
956.07,211,20,2.286,0.1375399522500006
956.07,422,40,4.572,0.1375399522500006
956.082,422,40,4.572,0.1375551922500005
956.116,485,46,5.2578,0.1376048492500005
956.177,422,40,4.572,0.13768231925000055
956.275,422,40,4.572,0.13780677925000048
956.579,464,44,5.0292,0.13823146725000043
956.681,506,48,5.4864,0.13838691525000058
956.685,422,40,4.572,0.13839199525000045
956.703,105,10,1.143,0.13839771025000047
957.067,105,10,1.143,0.13851328025000048
957.17,422,40,4.572,0.1386440902500004
957.27,422,40,4.572,0.13877109025000042
957.275,211,20,2.286,0.13877426525000042
957.285,422,40,4.572,0.1387869652500004
957.477,422,40,4.572,0.13903080525000042
957.577,443,42,4.8006,0.13916415525000045
957.704,0,0,0.0,0.13916415525000045
957.775,528,50,5.715,0.13927686775000048
957.881,0,0,0.0,0.13927686775000048
958.267,105,10,1.143,0.1393994227500005
958.469,211,20,2.286,0.1395276927500005
958.579,422,40,4.572,0.13966739275000037
958.705,0,0,0.0,0.13966739275000037
958.772,422,40,4.572,0.13975248275000038
959.036,379,36,4.1148,0.14005423475000026
959.036,422,40,4.572,0.14005423475000026
959.069,0,0,0.0,0.14005423475000026
959.166,422,40,4.572,0.14017742475000036
959.167,105,10,1.143,0.14017774225000035
959.267,0,0,0.0,0.14017774225000035
959.468,337,32,3.6576,0.14038195825000024
959.57,189,18,2.0574,0.1404402512500003
959.579,422,40,4.572,0.14045168125000015
959.675,422,40,4.572,0.14057360125000015
959.69,0,0,0.0,0.14057360125000015
960.036,422,40,4.572,0.14101302125
960.069,0,0,0.0,0.14101302125
960.172,0,0,0.0,0.14101302125
960.467,84,8,0.9144,0.14108795125
960.57,168,16,1.8288,0.14114027525000003
960.578,422,40,4.572,0.14115043524999993
960.7,0,0,0.0,0.14115043524999993
960.968,0,0,0.0,0.14115043524999993
961.016,295,28,3.2004,0.14119310724999992
961.026,0,0,0.0,0.14119310724999992
961.169,0,0,0.0,0.14119310724999992
961.236,422,40,4.572,0.14127819724999993
961.47,253,24,2.7432,0.14145650524999995
961.49,422,40,4.572,0.14148190524999993
961.57,63,6,0.6858,0.14149714524999993
961.696,0,0,0.0,0.14149714524999993
961.767,147,14,1.6002,0.14152870474999993
961.968,0,0,0.0,0.14152870474999993
962.026,0,0,0.0,0.14152870474999993
962.056,0,0,0.0,0.14152870474999993
962.078,0,0,0.0,0.14152870474999993
962.174,0,0,0.0,0.14152870474999993
962.269,0,0,0.0,0.14152870474999993
962.57,0,0,0.0,0.14152870474999993
962.57,42,4,0.4572,0.14152870474999993
962.678,115,11,1.2573,0.14156642374999992
962.683,0,0,0.0,0.14156642374999992
962.694,0,0,0.0,0.14156642374999992
962.77,211,20,2.286,0.14161468374999994
962.871,0,0,0.0,0.14161468374999994
963.174,0,0,0.0,0.14161468374999994
963.268,0,0,0.0,0.14161468374999994
963.469,0,0,0.0,0.14161468374999994
963.57,0,0,0.0,0.14161468374999994
963.57,0,0,0.0,0.14161468374999994
963.769,21,2,0.2286,0.14162732024999994
963.879,0,0,0.0,0.14162732024999994
963.969,105,10,1.143,0.14165589524999994
964.068,0,0,0.0,0.14165589524999994
964.273,0,0,0.0,0.14165589524999994
964.468,0,0,0.0,0.14165589524999994
964.673,0,0,0.0,0.14165589524999994
964.698,0,0,0.0,0.14165589524999994
964.767,0,0,0.0,0.14165589524999994
964.77,0,0,0.0,0.14165589524999994
964.967,0,0,0.0,0.14165589524999994
964.98,0,0,0.0,0.14165589524999994
965.056,0,0,0.0,0.14165589524999994
965.173,0,0,0.0,0.14165589524999994
965.274,0,0,0.0,0.14165589524999994
965.671,0,0,0.0,0.14165589524999994
965.671,0,0,0.0,0.14165589524999994
965.672,0,0,0.0,0.14165589524999994
965.708,0,0,0.0,0.14165589524999994
965.775,0,0,0.0,0.14165589524999994
966.056,0,0,0.0,0.14165589524999994
966.067,0,0,0.0,0.14165589524999994
966.173,0,0,0.0,0.14165589524999994
966.267,0,0,0.0,0.14165589524999994
966.268,0,0,0.0,0.14165589524999994
966.468,0,0,0.0,0.14165589524999994
966.569,0,0,0.0,0.14165589524999994
966.671,0,0,0.0,0.14165589524999994
966.869,0,0,0.0,0.14165589524999994
966.87,0,0,0.0,0.14165589524999994
966.965,0,0,0.0,0.14165589524999994
967.268,0,0,0.0,0.14165589524999994
967.468,0,0,0.0,0.14165589524999994
967.473,0,0,0.0,0.14165589524999994
967.674,0,0,0.0,0.14165589524999994
967.702,0,0,0.0,0.14165589524999994
967.869,0,0,0.0,0.14165589524999994
968.006,0,0,0.0,0.14165589524999994
968.066,0,0,0.0,0.14165589524999994
968.067,0,0,0.0,0.14165589524999994
968.07,0,0,0.0,0.14165589524999994
968.273,0,0,0.0,0.14165589524999994
968.465,0,0,0.0,0.14165589524999994
968.477,0,0,0.0,0.14165589524999994
968.671,0,0,0.0,0.14165589524999994
968.678,0,0,0.0,0.14165589524999994
968.699,0,0,0.0,0.14165589524999994
969.063,0,0,0.0,0.14165589524999994
969.17,0,0,0.0,0.14165589524999994
969.569,0,0,0.0,0.14165589524999994
969.675,0,0,0.0,0.14165589524999994
969.698,0,0,0.0,0.14165589524999994
969.966,0,0,0.0,0.14165589524999994
970.006,0,0,0.0,0.14165589524999994
970.006,0,0,0.0,0.14165589524999994
970.016,0,0,0.0,0.14165589524999994
970.126,0,0,0.0,0.14165589524999994
970.169,0,0,0.0,0.14165589524999994
970.467,0,0,0.0,0.14165589524999994
970.467,0,0,0.0,0.14165589524999994
970.479,0,0,0.0,0.14165589524999994
970.677,0,0,0.0,0.14165589524999994
970.694,0,0,0.0,0.14165589524999994
971.006,0,0,0.0,0.14165589524999994
971.036,0,0,0.0,0.14165589524999994
971.065,0,0,0.0,0.14165589524999994
971.169,0,0,0.0,0.14165589524999994
971.266,0,0,0.0,0.14165589524999994
971.568,0,0,0.0,0.14165589524999994
971.568,0,0,0.0,0.14165589524999994
971.676,0,0,0.0,0.14165589524999994
971.677,0,0,0.0,0.14165589524999994
971.678,0,0,0.0,0.14165589524999994
971.692,0,0,0.0,0.14165589524999994
971.965,0,0,0.0,0.14165589524999994
971.996,0,0,0.0,0.14165589524999994
972.265,0,0,0.0,0.14165589524999994
972.265,0,0,0.0,0.14165589524999994
972.464,0,0,0.0,0.14165589524999994
972.467,0,0,0.0,0.14165589524999994
972.667,0,0,0.0,0.14165589524999994
972.767,0,0,0.0,0.14165589524999994
972.965,0,0,0.0,0.14165589524999994
972.976,0,0,0.0,0.14165589524999994
973.068,0,0,0.0,0.14165589524999994
973.466,0,0,0.0,0.14165589524999994
973.466,0,0,0.0,0.14165589524999994
973.565,0,0,0.0,0.14165589524999994
973.667,0,0,0.0,0.14165589524999994
973.671,0,0,0.0,0.14165589524999994
973.697,0,0,0.0,0.14165589524999994
973.965,0,0,0.0,0.14165589524999994
973.986,0,0,0.0,0.14165589524999994
974.065,0,0,0.0,0.14165589524999994
974.269,0,0,0.0,0.14165589524999994
974.465,0,0,0.0,0.14165589524999994
974.669,0,0,0.0,0.14165589524999994
974.669,0,0,0.0,0.14165589524999994
974.682,0,0,0.0,0.14165589524999994
974.704,0,0,0.0,0.14165589524999994
974.795,0,0,0.0,0.14165589524999994
974.867,0,0,0.0,0.14165589524999994
974.986,0,0,0.0,0.14165589524999994
975.17,0,0,0.0,0.14165589524999994
975.265,0,0,0.0,0.14165589524999994
975.271,0,0,0.0,0.14165589524999994
975.564,0,0,0.0,0.14165589524999994
975.566,0,0,0.0,0.14165589524999994
975.587,0,0,0.0,0.14165589524999994
975.669,0,0,0.0,0.14165589524999994
975.866,0,0,0.0,0.14165589524999994
975.876,0,0,0.0,0.14165589524999994
975.976,0,0,0.0,0.14165589524999994
976.176,0,0,0.0,0.14165589524999994
976.471,0,0,0.0,0.14165589524999994
976.471,0,0,0.0,0.14165589524999994
976.666,0,0,0.0,0.14165589524999994
976.763,0,0,0.0,0.14165589524999994
976.766,0,0,0.0,0.14165589524999994
976.964,0,0,0.0,0.14165589524999994
977.046,0,0,0.0,0.14165589524999994
977.063,0,0,0.0,0.14165589524999994
977.076,0,0,0.0,0.14165589524999994
977.274,0,0,0.0,0.14165589524999994
977.572,0,0,0.0,0.14165589524999994
977.675,0,0,0.0,0.14165589524999994
977.765,0,0,0.0,0.14165589524999994
978.006,0,0,0.0,0.14165589524999994
978.061,0,0,0.0,0.14165589524999994
978.163,0,0,0.0,0.14165589524999994
978.164,0,0,0.0,0.14165589524999994
978.173,0,0,0.0,0.14165589524999994
978.566,0,0,0.0,0.14165589524999994
978.572,0,0,0.0,0.14165589524999994
978.694,0,0,0.0,0.14165589524999994
978.765,0,0,0.0,0.14165589524999994
978.963,0,0,0.0,0.14165589524999994
979.036,0,0,0.0,0.14165589524999994
979.161,0,0,0.0,0.14165589524999994
979.164,0,0,0.0,0.14165589524999994
979.261,0,0,0.0,0.14165589524999994
979.476,0,0,0.0,0.14165589524999994
979.566,0,0,0.0,0.14165589524999994
979.69,0,0,0.0,0.14165589524999994
979.865,0,0,0.0,0.14165589524999994
979.963,0,0,0.0,0.14165589524999994
980.036,0,0,0.0,0.14165589524999994
980.161,0,0,0.0,0.14165589524999994
980.163,0,0,0.0,0.14165589524999994
980.184,0,0,0.0,0.14165589524999994
980.261,0,0,0.0,0.14165589524999994
980.673,0,0,0.0,0.14165589524999994
980.675,0,0,0.0,0.14165589524999994
980.694,0,0,0.0,0.14165589524999994
980.765,0,0,0.0,0.14165589524999994
981.06,0,0,0.0,0.14165589524999994
981.096,0,0,0.0,0.14165589524999994
981.263,0,0,0.0,0.14165589524999994
981.263,0,0,0.0,0.14165589524999994
981.263,0,0,0.0,0.14165589524999994
981.461,0,0,0.0,0.14165589524999994
981.473,0,0,0.0,0.14165589524999994
981.68,0,0,0.0,0.14165589524999994
981.96,0,0,0.0,0.14165589524999994
981.976,0,0,0.0,0.14165589524999994
982.163,0,0,0.0,0.14165589524999994
982.463,0,0,0.0,0.14165589524999994
982.463,0,0,0.0,0.14165589524999994
982.564,0,0,0.0,0.14165589524999994
982.571,0,0,0.0,0.14165589524999994
982.695,0,0,0.0,0.14165589524999994
982.966,0,0,0.0,0.14165589524999994
982.968,0,0,0.0,0.14165589524999994
983.068,0,0,0.0,0.14165589524999994
983.166,0,0,0.0,0.14165589524999994
983.466,0,0,0.0,0.14165589524999994
983.569,0,0,0.0,0.14165589524999994
983.574,0,0,0.0,0.14165589524999994
983.667,0,0,0.0,0.14165589524999994
983.7,0,0,0.0,0.14165589524999994
983.961,0,0,0.0,0.14165589524999994
983.966,0,0,0.0,0.14165589524999994
983.966,0,0,0.0,0.14165589524999994
984.262,0,0,0.0,0.14165589524999994
984.262,0,0,0.0,0.14165589524999994
984.466,0,0,0.0,0.14165589524999994
984.561,0,0,0.0,0.14165589524999994
984.666,0,0,0.0,0.14165589524999994
984.693,0,0,0.0,0.14165589524999994
984.764,0,0,0.0,0.14165589524999994
984.867,0,0,0.0,0.14165589524999994
984.956,0,0,0.0,0.14165589524999994
985.162,0,0,0.0,0.14165589524999994
985.266,0,0,0.0,0.14165589524999994
985.462,0,0,0.0,0.14165589524999994
985.563,0,0,0.0,0.14165589524999994
985.564,0,0,0.0,0.14165589524999994
985.679,0,0,0.0,0.14165589524999994
985.685,0,0,0.0,0.14165589524999994
985.761,0,0,0.0,0.14165589524999994
985.761,0,0,0.0,0.14165589524999994
985.861,0,0,0.0,0.14165589524999994
986.062,0,0,0.0,0.14165589524999994
986.173,0,0,0.0,0.14165589524999994
986.462,0,0,0.0,0.14165589524999994
986.465,0,0,0.0,0.14165589524999994
986.666,0,0,0.0,0.14165589524999994
986.672,0,0,0.0,0.14165589524999994
986.763,0,0,0.0,0.14165589524999994
986.97,0,0,0.0,0.14165589524999994
987.058,0,0,0.0,0.14165589524999994
987.262,0,0,0.0,0.14165589524999994
987.267,0,0,0.0,0.14165589524999994
987.665,0,0,0.0,0.14165589524999994
987.666,0,0,0.0,0.14165589524999994
987.696,0,0,0.0,0.14165589524999994
987.768,0,0,0.0,0.14165589524999994
987.96,0,0,0.0,0.14165589524999994
987.996,0,0,0.0,0.14165589524999994
988.07,0,0,0.0,0.14165589524999994
988.258,0,0,0.0,0.14165589524999994
988.267,0,0,0.0,0.14165589524999994
988.461,0,0,0.0,0.14165589524999994
988.561,0,0,0.0,0.14165589524999994
988.666,0,0,0.0,0.14165589524999994
988.683,0,0,0.0,0.14165589524999994
988.863,0,0,0.0,0.14165589524999994
988.864,0,0,0.0,0.14165589524999994
989.079,0,0,0.0,0.14165589524999994
989.16,0,0,0.0,0.14165589524999994
989.172,0,0,0.0,0.14165589524999994
989.465,0,0,0.0,0.14165589524999994
989.673,0,0,0.0,0.14165589524999994
989.681,0,0,0.0,0.14165589524999994
989.762,0,0,0.0,0.14165589524999994
989.862,0,0,0.0,0.14165589524999994
990.006,0,0,0.0,0.14165589524999994
990.057,0,0,0.0,0.14165589524999994
990.061,0,0,0.0,0.14165589524999994
990.26,0,0,0.0,0.14165589524999994
990.261,0,0,0.0,0.14165589524999994
990.273,0,0,0.0,0.14165589524999994
990.467,0,0,0.0,0.14165589524999994
990.668,0,0,0.0,0.14165589524999994
990.768,0,0,0.0,0.14165589524999994
990.957,0,0,0.0,0.14165589524999994
991.16,0,0,0.0,0.14165589524999994
991.46,0,0,0.0,0.14165589524999994
991.461,0,0,0.0,0.14165589524999994
991.467,0,0,0.0,0.14165589524999994
991.473,0,0,0.0,0.14165589524999994
991.566,0,0,0.0,0.14165589524999994
991.692,0,0,0.0,0.14165589524999994
991.936,0,0,0.0,0.14165589524999994
991.963,0,0,0.0,0.14165589524999994
992.069,0,0,0.0,0.14165589524999994
992.261,0,0,0.0,0.14165589524999994
992.47,0,0,0.0,0.14165589524999994
992.562,0,0,0.0,0.14165589524999994
992.664,0,0,0.0,0.14165589524999994
992.673,0,0,0.0,0.14165589524999994
992.692,105,10,1.143,0.14166192774999994
992.906,0,0,0.0,0.14166192774999994
993.058,105,10,1.143,0.14171018774999997
993.259,0,0,0.0,0.14171018774999997
993.259,0,0,0.0,0.14171018774999997
993.265,0,0,0.0,0.14171018774999997
993.279,0,0,0.0,0.14171018774999997
993.664,0,0,0.0,0.14171018774999997
993.667,0,0,0.0,0.14171018774999997
993.683,264,25,2.8575,0.14172288774999994
993.862,264,25,2.8575,0.14186496899999992
993.916,0,0,0.0,0.14186496899999992
994.259,105,10,1.143,0.1419738714999999
994.46,0,0,0.0,0.1419738714999999
994.461,0,0,0.0,0.1419738714999999
994.463,0,0,0.0,0.1419738714999999
994.561,0,0,0.0,0.1419738714999999
994.69,264,25,2.8575,0.14207626524999992
994.858,0,0,0.0,0.14207626524999992
994.936,0,0,0.0,0.14207626524999992
994.961,264,25,2.8575,0.1420961089999999
995.062,264,25,2.8575,0.14217627774999989
995.264,105,10,1.143,0.14224041274999988
995.457,0,0,0.0,0.14224041274999988
995.459,21,2,0.2286,0.14224053974999987
995.664,0,0,0.0,0.14224053974999987
995.664,0,0,0.0,0.14224053974999987
995.69,211,20,2.286,0.14225704974999992
995.76,0,0,0.0,0.14225704974999992
995.961,211,20,2.286,0.14238468474999993
996.059,264,25,2.8575,0.1424624722499999
996.264,264,25,2.8575,0.14262519099999993
996.265,136,13,1.4859,0.1426256037499999
996.459,42,4,0.4572,0.1426502417499999
996.66,0,0,0.0,0.1426502417499999
996.662,0,0,0.0,0.1426502417499999
996.696,52,5,0.5715,0.1426556392499999
996.86,0,0,0.0,0.1426556392499999
996.869,52,5,0.5715,0.14265706799999991
997.067,211,20,2.286,0.1427827979999999
997.262,264,25,2.8575,0.14293757924999986
997.462,63,6,0.6858,0.14297567924999988
997.558,0,0,0.0,0.14297567924999988
997.56,168,16,1.8288,0.14297669524999984
997.583,158,15,1.7145,0.14298764899999986
997.689,105,10,1.143,0.14302130399999985
997.857,0,0,0.0,0.14302130399999985
997.926,264,25,2.8575,0.1430760727499999
997.957,105,10,1.143,0.1430859152499999
998.063,52,5,0.5715,0.1431027427499999
998.164,211,20,2.286,0.1431668777499999
998.56,264,25,2.8575,0.14348120274999987
998.563,200,19,2.1717,0.1434830124999999
998.66,105,10,1.143,0.14351380999999988
998.759,94,9,1.0287,0.1435420992499999
998.857,0,0,0.0,0.1435420992499999
998.926,258,24,2.7432,0.14359467724999994
998.957,105,10,1.143,0.14360451974999994
999.055,158,15,1.7145,0.14365119224999992
999.075,52,5,0.5715,0.14365436724999994
999.271,195,18,2.0574,0.14376638124999988
999.565,264,25,2.8575,0.14399974374999996
999.759,232,22,2.5146,0.14413525274999994
999.763,105,10,1.143,0.14413652274999994
999.876,158,15,1.7145,0.14419033899999992
999.926,248,23,2.6289,0.14422685149999998
999.954,105,10,1.143,0.14423574149999996
999.976,105,10,1.143,0.14424272649999997
1000.167,57,5,0.5715,0.14427304774999997
1000.559,237,22,2.5146,0.14454685974999992
1000.56,264,25,2.8575,0.1445476534999999
1000.689,0,0,0.0,0.1445476534999999
1000.758,264,25,2.8575,0.14460242224999995
1000.96,0,0,0.0,0.14460242224999995
1001.026,163,15,1.7145,0.1446338547499999
1001.057,158,15,1.7145,0.14464861849999994
1001.078,115,11,1.2573,0.14465595274999993
1001.163,105,10,1.143,0.14468294024999995
1001.267,67,6,0.6858,0.14470275224999996
1001.565,131,12,1.3716,0.14481629024999995
1001.566,226,21,2.4003,0.14481695699999994
1001.669,211,20,2.286,0.1448823619999999
1001.689,211,20,2.286,0.14489506199999988
1001.765,264,25,2.8575,0.1449553869999999
1002.056,211,20,2.286,0.14514017199999993
1002.257,0,0,0.0,0.14514017199999993
1002.257,105,10,1.143,0.14514017199999993
1002.263,147,14,1.6002,0.14514283899999997
1002.269,126,12,1.3716,0.14514512499999996
1002.661,83,8,0.9144,0.14524469299999995
1002.764,211,20,2.286,0.145310098
1002.954,211,20,2.286,0.14543074799999997
1002.976,78,7,0.8001,0.1454356375
1003.254,211,20,2.286,0.1456121675
1003.457,84,8,0.9144,0.1456637295
1003.469,89,8,0.9144,0.1456667775
1003.584,52,5,0.5715,0.14568503375
1003.688,316,30,3.429,0.14578409375000004
1003.906,0,0,0.0,0.14578409375000004
1003.906,136,13,1.4859,0.14578409375000004
1003.926,136,13,1.4859,0.14579234875000008
1004.056,316,30,3.429,0.14591617375000007
1004.062,211,20,2.286,0.14591998375000007
1004.454,42,4,0.4572,0.14596976775000006
1004.457,147,14,1.6002,0.14597110125000007
1004.558,63,6,0.6858,0.14599034175000006
1004.558,126,12,1.3716,0.14599034175000006
1004.577,105,10,1.143,0.14599637425000006
1004.683,422,40,4.572,0.14613099425000006
1004.906,211,20,2.286,0.14627259925000002
1005.055,422,40,4.572,0.14646182925000004
1005.156,316,30,3.429,0.14655803175000004
1005.262,211,20,2.286,0.14662534175000003
1005.457,115,11,1.2573,0.14669344550000005
1005.46,84,8,0.9144,0.14669420750000006
1005.555,42,4,0.4572,0.14670627250000004
1005.558,158,15,1.7145,0.14670770125000007
1005.692,316,30,3.429,0.1468353362500001
1005.896,211,20,2.286,0.14696487625000004
1005.955,316,30,3.429,0.14702107375000012
1006.256,316,30,3.429,0.14730777625000005
1006.259,422,40,4.572,0.1473115862500001
1006.462,126,12,1.3716,0.14738892925000008
1006.555,105,10,1.143,0.14741845675000007
1006.557,211,20,2.286,0.14741972675000012
1006.562,21,2,0.2286,0.14742004425000013
1006.687,422,40,4.572,0.14757879425000014
1006.858,422,40,4.572,0.14779596425000005
1006.926,232,22,2.5146,0.1478434622500001
1007.155,316,30,3.429,0.14806158475000006
1007.259,422,40,4.572,0.14819366475000012
1007.456,326,31,3.5433,0.1483875620000001
1007.557,253,24,2.7432,0.1484645240000001
1007.561,211,20,2.286,0.14846706400000012
1007.672,369,35,4.0005,0.14859041275000012
1007.678,369,35,4.0005,0.1485970802500001
1007.757,168,16,1.8288,0.14863721225000007
1007.855,0,0,0.0,0.14863721225000007
1007.861,369,35,4.0005,0.14864387975000004
1008.055,422,40,4.572,0.14889025975
1008.166,316,30,3.429,0.1489959872500001
1008.455,411,39,4.4577,0.14935384150000008
1008.659,274,26,2.9718,0.14952224350000004
1008.756,211,20,2.286,0.14958383850000004
1008.76,211,20,2.286,0.14958637850000006
1008.858,369,35,4.0005,0.149695281
1008.877,369,35,4.0005,0.14971639475
1008.896,347,33,3.7719,0.14973630200000002
1009.161,422,40,4.572,0.150072852
1009.461,390,37,4.2291,0.15042527700000008
1009.557,295,28,3.2004,0.1505106210000001
1009.659,369,35,4.0005,0.15062396850000007
1009.692,369,35,4.0005,0.15066063975000007
1009.756,211,20,2.286,0.15070127975000006
1009.886,337,32,3.6576,0.15083335975000006
1009.958,369,35,4.0005,0.15091336975000005
1010.054,369,35,4.0005,0.15102004975000005
1010.066,369,35,4.0005,0.1510333847500001
1010.255,411,39,4.4577,0.15126741400000007
1010.458,358,34,3.8862,0.15148655250000004
1010.658,390,37,4.2291,0.1517215025000001
1010.659,369,35,4.0005,0.15172261375000007
1010.667,316,30,3.429,0.1517302337500001
1010.688,369,35,4.0005,0.15175357000000006
1010.856,316,30,3.429,0.15191359000000007
1010.857,369,35,4.0005,0.15191470125000003
1011.254,369,35,4.0005,0.15235586750000008
1011.26,369,35,4.0005,0.15236253500000005
1011.455,379,36,4.1148,0.1525854200000001
1011.761,337,32,3.6576,0.15289631600000003
1011.856,422,40,4.572,0.15301696600000006
1011.857,316,30,3.429,0.15301791850000004
1011.876,369,35,4.0005,0.15303903225000004
1011.946,400,38,4.3434,0.1531234872500001
1012.051,369,35,4.0005,0.15324016850000013
1012.265,369,35,4.0005,0.15347797600000007
1012.454,369,35,4.0005,0.15368800225000004
1012.455,390,37,4.2291,0.15368917700000015
1012.658,400,38,4.3434,0.15393409650000012
1012.686,316,30,3.429,0.15396076650000012
1012.755,316,30,3.429,0.15402648900000007
1012.916,369,35,4.0005,0.15420540025000012
1013.053,316,30,3.429,0.15433589275000006
1013.059,316,30,3.429,0.15434160775000003
1013.151,369,35,4.0005,0.15444384275
1013.454,369,35,4.0005,0.1547805515
1013.555,369,35,4.0005,0.15489278775
1013.557,369,35,4.0005,0.15489501025000008
1013.562,374,35,4.0005,0.15490056650000006
1013.659,422,40,4.572,0.15502375650000003
1013.681,422,40,4.572,0.15505169650000009
1013.956,422,40,4.572,0.15540094650000005
1014.153,316,30,3.429,0.15558858900000005
1014.26,363,34,3.8862,0.15570409550000003
1014.454,369,35,4.0005,0.15591967799999998
1014.559,369,35,4.0005,0.15603635925
1014.655,369,35,4.0005,0.15614303925
1014.684,316,30,3.429,0.15617066175
1014.755,369,35,4.0005,0.15624956050000002
1014.876,316,30,3.429,0.156364813
1014.952,316,30,3.429,0.15643720300000002
1015.251,316,30,3.429,0.1567220005
1015.253,422,40,4.572,0.1567245405000001
1015.555,353,33,3.7719,0.157040961
1015.555,369,35,4.0005,0.157040961
1015.556,369,35,4.0005,0.1570420722500001
1015.57,369,35,4.0005,0.15705762975000012
1015.674,369,35,4.0005,0.15717319975000005
1015.876,316,30,3.429,0.15736560475000005
1015.952,369,35,4.0005,0.15745005975000007
1016.153,422,40,4.572,0.1577053297500001
1016.253,316,30,3.429,0.15780057975000011
1016.451,326,31,3.5433,0.15799546125000008
1016.554,316,30,3.429,0.15809356875000002
1016.558,342,32,3.6576,0.15809763275000005
1016.578,369,35,4.0005,0.15811985775000004
1016.687,264,25,2.8575,0.15820637650000008
1016.852,369,35,4.0005,0.15838973275000004
1017.052,264,25,2.8575,0.15854848275000008
1017.152,369,35,4.0005,0.1586596077500001
1017.259,316,30,3.429,0.15876152525000006
1017.453,411,39,4.4577,0.15900174575
1017.654,316,30,3.429,0.15919319825000003
1017.688,0,0,0.0,0.15919319825000003
1017.754,326,31,3.5433,0.15925815875000007
1017.854,369,35,4.0005,0.1593692837500001
1017.863,0,0,0.0,0.1593692837500001
1017.866,347,33,3.7719,0.159372427
1018.052,264,25,2.8575,0.15952006450000003
1018.453,326,31,3.5433,0.15991474874999997
1018.453,390,37,4.2291,0.15991474874999997
1018.654,369,35,4.0005,0.16013811
1018.656,316,30,3.429,0.16014001499999997
1018.666,0,0,0.0,0.16014001499999997
1018.688,0,0,0.0,0.16014001499999997
1018.757,316,30,3.429,0.16020573749999992
1018.78,0,0,0.0,0.16020573749999992
1018.866,369,35,4.0005,0.16030130499999992
1019.063,0,0,0.0,0.16030130499999992
1019.252,264,25,2.8575,0.1604513237499999
1019.256,348,33,3.7719,0.16045551474999992
1019.554,337,32,3.6576,0.16075828274999993
1019.558,390,37,4.2291,0.16076298174999995
1019.654,0,0,0.0,0.16076298174999995
1019.657,369,35,4.0005,0.1607663155
1019.851,316,30,3.429,0.16095110049999997
1019.851,0,0,0.0,0.16095110049999997
1020.052,0,0,0.0,0.16095110049999997
1020.163,0,0,0.0,0.16095110049999997
1020.455,327,31,3.5433,0.1612385015
1020.554,347,33,3.7719,0.16134222874999993
1020.753,347,33,3.7719,0.161550731
1020.853,422,40,4.572,0.16167773099999988
1020.856,211,20,2.286,0.1616796359999999
1020.857,0,0,0.0,0.1616796359999999
1020.873,0,0,0.0,0.1616796359999999
1020.974,0,0,0.0,0.1616796359999999
1021.553,306,29,3.3146999999999998,0.16221275024999987
1021.683,0,0,0.0,0.16221275024999987
1021.753,358,34,3.8862,0.16228831524999993
1021.753,316,30,3.429,0.16228831524999993
1021.916,0,0,0.0,0.16228831524999993
1021.916,158,15,1.7145,0.16228831524999993
1021.951,0,0,0.0,0.16228831524999993
1022.05,0,0,0.0,0.16228831524999993
1022.062,0,0,0.0,0.16228831524999993
1022.151,0,0,0.0,0.16228831524999993
1022.559,105,10,1.143,0.16241785524999994
1022.662,369,35,4.0005,0.162532314
1022.663,274,26,2.9718,0.16253313949999998
1022.684,0,0,0.0,0.16253313949999998
1022.966,0,0,0.0,0.16253313949999998
1023.05,0,0,0.0,0.16253313949999998
1023.151,0,0,0.0,0.16253313949999998
1023.251,0,0,0.0,0.16253313949999998
1023.251,0,0,0.0,0.16253313949999998
1023.263,0,0,0.0,0.16253313949999998
1023.461,0,0,0.0,0.16253313949999998
1023.553,52,5,0.5715,0.16254774449999998
1023.681,0,0,0.0,0.16254774449999998
1023.756,264,25,2.8575,0.16260727574999992
1023.856,0,0,0.0,0.16260727574999992
1024.248,0,0,0.0,0.16260727574999992
1024.249,0,0,0.0,0.16260727574999992
1024.451,0,0,0.0,0.16260727574999992
1024.568,0,0,0.0,0.16260727574999992
1024.682,0,0,0.0,0.16260727574999992
1024.752,0,0,0.0,0.16260727574999992
1024.846,0,0,0.0,0.16260727574999992
1024.95,0,0,0.0,0.16260727574999992
1025.016,0,0,0.0,0.16260727574999992
1025.15,0,0,0.0,0.16260727574999992
1025.248,0,0,0.0,0.16260727574999992
1025.272,0,0,0.0,0.16260727574999992
1025.448,0,0,0.0,0.16260727574999992
1025.552,0,0,0.0,0.16260727574999992
1025.559,0,0,0.0,0.16260727574999992
1025.669,0,0,0.0,0.16260727574999992
1025.68,0,0,0.0,0.16260727574999992
1026.049,0,0,0.0,0.16260727574999992
1026.153,0,0,0.0,0.16260727574999992
1026.448,0,0,0.0,0.16260727574999992
1026.451,0,0,0.0,0.16260727574999992
1026.552,0,0,0.0,0.16260727574999992
1026.563,0,0,0.0,0.16260727574999992
1026.685,0,0,0.0,0.16260727574999992
1026.826,0,0,0.0,0.16260727574999992
1026.836,0,0,0.0,0.16260727574999992
1026.858,0,0,0.0,0.16260727574999992
1027.149,0,0,0.0,0.16260727574999992
1027.45,0,0,0.0,0.16260727574999992
1027.451,0,0,0.0,0.16260727574999992
1027.469,0,0,0.0,0.16260727574999992
1027.695,0,0,0.0,0.16260727574999992
1027.749,0,0,0.0,0.16260727574999992
1027.836,0,0,0.0,0.16260727574999992
1027.866,0,0,0.0,0.16260727574999992
1027.949,0,0,0.0,0.16260727574999992
1028.249,0,0,0.0,0.16260727574999992
1028.551,0,0,0.0,0.16260727574999992
1028.551,0,0,0.0,0.16260727574999992
1028.653,0,0,0.0,0.16260727574999992
1028.717,0,0,0.0,0.16260727574999992
1028.751,0,0,0.0,0.16260727574999992
1028.826,0,0,0.0,0.16260727574999992
1028.826,0,0,0.0,0.16260727574999992
1028.954,0,0,0.0,0.16260727574999992
1029.155,0,0,0.0,0.16260727574999992
1029.255,0,0,0.0,0.16260727574999992
1029.449,0,0,0.0,0.16260727574999992
1029.55,0,0,0.0,0.16260727574999992
1029.551,0,0,0.0,0.16260727574999992
1029.749,0,0,0.0,0.16260727574999992
1029.75,0,0,0.0,0.16260727574999992
1029.951,0,0,0.0,0.16260727574999992
1029.952,0,0,0.0,0.16260727574999992
1030.06,0,0,0.0,0.16260727574999992
1030.255,0,0,0.0,0.16260727574999992
1030.449,0,0,0.0,0.16260727574999992
1030.449,0,0,0.0,0.16260727574999992
1030.556,0,0,0.0,0.16260727574999992
1030.651,0,0,0.0,0.16260727574999992
1030.748,0,0,0.0,0.16260727574999992
1030.749,211,20,2.286,0.16260791074999992
1031.048,211,20,2.286,0.1627977757499999
1031.06,0,0,0.0,0.1627977757499999
1031.16,0,0,0.0,0.1627977757499999
1031.249,0,0,0.0,0.1627977757499999
1031.452,0,0,0.0,0.1627977757499999
1031.652,0,0,0.0,0.1627977757499999
1031.653,0,0,0.0,0.1627977757499999
1031.662,0,0,0.0,0.1627977757499999
1031.742,211,20,2.286,0.16284857574999986
1032.148,211,20,2.286,0.16310638574999983
1032.148,0,0,0.0,0.16310638574999983
1032.151,211,20,2.286,0.16310829074999994
1032.261,0,0,0.0,0.16310829074999994
1032.449,0,0,0.0,0.16310829074999994
1032.655,0,0,0.0,0.16310829074999994
1032.656,0,0,0.0,0.16310829074999994
1032.748,264,25,2.8575,0.16318131575000003
1032.849,0,0,0.0,0.16318131575000003
1032.947,264,25,2.8575,0.16325910324999998
1033.454,0,0,0.0,0.16325910324999998
1033.748,369,35,4.0005,0.1635858107500001
1033.749,0,0,0.0,0.1635858107500001
1033.816,211,20,2.286,0.1636283557500001
1033.816,211,20,2.286,0.1636283557500001
1033.816,21,2,0.2286,0.1636283557500001
1033.849,0,0,0.0,0.1636283557500001
1033.936,0,0,0.0,0.1636283557500001
1034.047,369,35,4.0005,0.1637517045000002
1034.448,211,20,2.286,0.16400633950000024
1034.556,0,0,0.0,0.16400633950000024
1034.652,0,0,0.0,0.16400633950000024
1034.662,0,0,0.0,0.16400633950000024
1034.744,528,50,5.715,0.16413651450000005
1034.786,264,25,2.8575,0.16416985200000017
1034.816,211,20,2.286,0.16418890200000016
1034.816,63,6,0.6858,0.16418890200000016
1035.047,528,50,5.715,0.16455561450000017
1035.151,369,35,4.0005,0.1646711845000002
1035.445,264,25,2.8575,0.1649045470000001
1035.565,0,0,0.0,0.1649045470000001
1035.743,528,50,5.715,0.1651871219999999
1035.754,0,0,0.0,0.1651871219999999
1035.786,221,21,2.4003,0.165208458
1035.796,211,20,2.286,0.165214808
1035.944,528,50,5.715,0.16544975799999984
1036.006,105,10,1.143,0.16546944299999988
1036.447,369,35,4.0005,0.16595950424999967
1036.447,285,27,3.0861,0.16595950424999967
1036.448,232,22,2.5146,0.1659602027499998
1036.448,211,20,2.286,0.1659602027499998
1036.467,147,14,1.6002,0.16596864824999982
1036.664,0,0,0.0,0.16596864824999982
1036.745,528,60,6.858,0.16612295324999965
1036.806,528,50,5.715,0.16621979074999987
1037.046,528,60,6.858,0.1666769907499999
1037.147,528,50,5.715,0.16683732824999972
1037.548,400,38,4.3434,0.1673211347499998
1037.575,211,20,2.286,0.16733827974999982
1037.65,211,20,2.286,0.16738590474999984
1037.651,306,29,3.3146999999999998,0.1673868254999998
1037.743,528,75,8.5725,0.1676059004999995
1037.748,242,23,2.6289,0.16760955174999956
1037.806,528,50,5.715,0.16770162674999955
1038.046,528,75,8.5725,0.16827312674999959
1038.252,528,60,6.858,0.1686655567499994
1038.447,528,50,5.715,0.16897511924999928
1038.548,432,41,4.6863,0.16910659599999942
1038.651,327,31,3.5433,0.1692079737499995
1038.751,528,75,8.5725,0.16944609874999927
1038.786,528,50,5.715,0.1695016612499994
1038.847,253,24,2.7432,0.16954814324999934
1038.848,211,20,2.286,0.16954877824999934
1038.946,528,75,8.5725,0.16978214074999923
1039.146,528,75,8.5725,0.17025839074999932
1039.447,528,51,5.8293,0.1707457849999992
1039.651,528,50,5.715,0.1710696349999995
1039.745,464,44,5.0292,0.17120095299999924
1039.745,358,34,3.8862,0.17120095299999924
1039.748,528,90,10.286999999999999,0.17120952549999968
1039.806,528,60,6.858,0.17132001549999967
1039.847,264,25,2.8575,0.17135255924999962
1039.951,528,90,10.286999999999999,0.17164973924999974
1040.152,528,75,8.5725,0.1721283704999998
1040.548,528,63,7.2009,0.1729204694999997
1040.548,528,53,6.0579,0.1729204694999997
1040.651,528,50,5.715,0.1730839819999998
1040.656,512,48,5.4864,0.17309160199999962
1040.744,528,100,11.43,0.17337100199999952
1040.806,528,75,8.5725,0.17351863949999982
1040.945,369,35,4.0005,0.1736731032499997
1040.946,528,100,11.43,0.17367627824999965
1041.151,528,90,10.286999999999999,0.17426206575000008
1041.246,528,75,8.5725,0.17448828450000015
1041.548,528,66,7.5438,0.17512112549999995
1041.746,528,55,6.2865,0.1754668830000001
1041.747,528,100,11.43,0.17547005800000004
1041.847,528,50,5.715,0.1756288079999999
1041.847,528,50,5.715,0.1756288079999999
1041.856,528,75,8.5725,0.17565023924999992
1041.966,528,100,11.43,0.1759994892499996
1042.045,528,100,11.43,0.17625031425000018
1042.246,528,90,10.286999999999999,0.17682467175000025
1042.446,528,78,8.9154,0.1773199717499998
1042.547,528,75,8.5725,0.17756047800000008
1042.547,528,69,7.8867,0.17756047800000008
1042.742,528,110,12.573,0.17824151549999986
1042.747,528,58,6.6293999999999995,0.17825072300000006
1042.847,528,50,5.715,0.1784094729999999
1043.045,528,110,12.573,0.17910098800000024
1043.045,528,100,11.43,0.17910098800000024
1043.064,528,100,11.43,0.17916131300000027
1043.246,528,92,10.5156,0.1796929350000003
1043.452,528,81,9.2583,0.18022271550000005
1043.65,528,75,8.5725,0.18069420300000028
1043.74,528,125,14.2875,0.18105139049999994
1043.752,528,73,8.3439,0.1810792034999998
1043.946,528,60,6.858,0.18144877349999974
1044.044,528,125,14.2875,0.18183771100000048
1044.245,528,110,12.573,0.18253970349999976
1044.245,528,100,11.43,0.18253970349999976
1044.256,528,100,11.43,0.1825746285000004
1044.553,528,84,9.6012,0.18336672750000046
1044.652,528,75,8.5725,0.18360247125000032
1044.748,528,125,14.2875,0.18398347125000034
1044.847,528,75,8.5725,0.18421921500000019
1044.906,528,94,10.7442,0.18439530050000008
1044.942,528,125,14.2875,0.18453817550000032
1045.444,528,110,12.573,0.18629141050000014
1045.445,528,101,11.5443,0.18629461725000007
1045.446,528,96,10.9728,0.18629766525
1045.656,528,88,10.0584,0.1868844052500001
1045.74,528,140,16.002,0.18725778525000036
1045.786,528,125,14.2875,0.18744034775000057
1045.806,528,100,11.43,0.1875038477500005
1045.85,528,75,8.5725,0.1876086227500002
1046.044,528,140,16.002,0.18847095275000103
1046.144,528,125,14.2875,0.18886782775000066
1046.448,528,113,12.9159,0.18995850375000098
1046.545,528,103,11.7729,0.19027571800000093
1046.546,528,100,11.43,0.19027889300000086
1046.654,528,99,11.3157,0.1906183640000007
1046.664,528,90,10.286999999999999,0.19064693900000068
1046.742,528,145,16.5735,0.19100603150000056
1046.756,528,125,14.2875,0.19106159400000106
1046.947,528,145,16.5735,0.19194091025000015
1047.441,528,125,14.2875,0.19390147275000072
1047.543,528,125,14.2875,0.19430628525000018
1047.543,528,116,13.258799999999999,0.19430628525000018
1047.546,528,100,11.43,0.1943158102500007
1047.745,528,155,17.7165,0.19529513899999992
1047.745,528,105,12.0015,0.19529513899999992
1047.751,528,100,11.43,0.1953141890000002
1047.776,528,140,16.002,0.1954253140000006
1047.941,528,155,17.7165,0.19623732025000043
1048.244,528,145,16.5735,0.19763225649999988
1048.444,528,140,16.002,0.19852125650000008
1048.444,528,128,14.6304,0.19852125650000008
1048.543,528,107,12.2301,0.19885758424999986
1048.57,528,100,11.43,0.19894330925
1048.648,528,125,14.2875,0.1992528717499999
1048.74,528,160,18.288,0.1997202317500004
1048.742,528,119,13.6017,0.1997277882500002
1048.946,528,160,18.288,0.20076410824999996
1049.243,528,155,17.7165,0.2022257195000001
1049.443,528,145,16.5735,0.20314646950000032
1049.545,528,141,16.1163,0.2036030980000007
1049.564,528,110,12.573,0.20366945550000073
1049.648,528,131,14.9733,0.20401883250000002
1049.648,528,125,14.2875,0.20401883250000002
1049.653,528,123,14.0589,0.20403835875000045
1049.741,528,170,19.431,0.20451333875000027
1049.946,528,170,19.431,0.2056198262499999
1050.243,528,160,18.288,0.20712858625000002
1050.247,528,155,17.7165,0.20714827125000068
1050.443,528,146,16.6878,0.20805682925000027
1050.545,528,142,16.2306,0.20851669625000066
1050.744,528,134,15.3162,0.20936334175
1050.746,528,180,20.573999999999998,0.20937477175000102
1050.844,528,125,14.2875,0.20976370925000085
1050.942,528,180,20.573999999999998,0.2103237792500006
1050.944,528,125,14.2875,0.2103317167500004
1051.143,528,170,19.431,0.21140581925000076
1051.449,528,155,17.7165,0.21291172175000095
1051.542,528,143,16.3449,0.21333396500000026
1051.647,528,148,16.9164,0.21382736000000035
1051.743,528,180,20.573999999999998,0.21437600000000037
1051.744,528,138,15.7734,0.21438038150000027
1051.826,528,160,18.288,0.2147969415000008
1051.942,528,180,20.573999999999998,0.21545988150000073
1051.944,528,125,14.2875,0.21546781900000053
1052.054,528,180,20.573999999999998,0.21609646900000126
1052.248,528,170,19.431,0.21714358400000106
1052.544,528,156,17.8308,0.2186096720000013
1052.647,528,150,17.145,0.21910020950000053
1052.741,528,200,22.86,0.21969710950000085
1052.806,528,162,18.5166,0.22003143700000113
1052.844,528,144,16.4592,0.2202051730000012
1052.941,528,140,16.002,0.2206363380000011
1053.042,528,180,20.573999999999998,0.22121355300000045
1053.142,528,200,22.86,0.2218485530000013
1053.154,528,180,20.573999999999998,0.221917133000001
1053.544,528,164,18.7452,0.2239478630000015
1053.742,528,210,24.003,0.2252680280000006
1053.743,528,157,17.9451,0.22527301275000047
1053.816,528,172,19.6596,0.22567166575000097
1053.843,528,153,17.4879,0.22580282500000118
1053.843,528,145,16.5735,0.22580282500000118
1053.939,528,210,24.003,0.2264429050000012
1054.142,528,180,20.573999999999998,0.22760305000000106
1054.239,528,200,22.86,0.22821900000000092
1054.442,528,174,19.8882,0.22934047350000078
1054.543,528,166,18.9738,0.22987279400000019
1054.74,528,210,24.003,0.23118629150000097
1054.816,528,180,20.573999999999998,0.2316206315000011
1054.843,528,159,18.1737,0.23175693425000132
1054.943,528,155,17.7165,0.2322490592500009
1055.041,528,210,24.003,0.2329024742500006
1055.06,528,200,22.86,0.23302312425000063
1055.141,528,210,24.003,0.2335631917500015
1055.16,528,184,21.0312,0.23367418975000154
1055.442,528,180,20.573999999999998,0.23528581975000112
1055.646,528,176,20.1168,0.23642577175000085
1055.658,528,169,19.3167,0.23649016075000054
1055.74,528,220,25.146,0.2370629307500013
1055.743,528,160,18.288,0.23707817075000093
1055.941,528,220,25.146,0.23846120075000157
1056.242,528,202,23.0886,0.24039166425000114
1056.262,528,188,21.4884,0.24051104425000103
1056.439,528,210,24.003,0.24169119175000192
1056.442,528,180,20.573999999999998,0.24170833675000153
1056.645,528,179,20.4597,0.24286203650000138
1056.741,528,240,27.432,0.24359355650000142
1056.746,528,210,24.003,0.24362689400000215
1056.843,528,170,19.431,0.24415045150000203
1056.938,528,240,27.432,0.24487435150000225
1057.441,528,210,24.003,0.24822810400000178
1057.453,528,192,21.9456,0.24830125600000144
1057.542,528,204,23.3172,0.24887770900000106
1057.554,528,180,20.573999999999998,0.24894628900000204
1057.736,528,230,26.289,0.2502753440000022
1057.746,528,180,20.573999999999998,0.2503324940000021
1057.746,528,220,25.146,0.2503324940000021
1057.786,528,210,24.003,0.25059919400000186
1057.94,528,230,26.289,0.2517237790000018
1058.241,528,240,27.432,0.2540173990000013
1058.438,528,220,25.146,0.25539344400000213
1058.543,528,212,24.2316,0.25610019900000075
1058.543,528,198,22.6314,0.25610019900000075
1058.546,528,206,23.5458,0.25611982050000176
1058.645,528,210,24.003,0.2567799030000013
1058.66,528,180,20.573999999999998,0.2568656280000019
1058.74,528,245,28.0035,0.2574879280000013
1059.04,528,245,28.0035,0.259821553000001
1059.244,528,240,27.432,0.2613760330000006
1059.441,528,214,24.4602,0.2627145495000014
1059.741,528,245,28.0035,0.26504817450000107
1059.741,528,210,24.003,0.26504817450000107
1059.742,528,208,23.7744,0.2650547785000009
1059.742,528,200,22.86,0.2650547785000009
1059.746,528,224,25.6032,0.2650832265000019
1059.746,528,230,26.289,0.2650832265000019
1059.939,528,245,28.0035,0.26658452525000176
1060.24,528,245,28.0035,0.26892592900000123
1060.541,528,238,27.2034,0.2712004355000007
1060.641,528,228,26.0604,0.2719243355000017
1060.739,528,216,24.6888,0.2725964195000014
1060.739,528,210,24.003,0.2725964195000014
1060.74,528,260,29.718,0.2726046745000012
1060.796,528,230,26.289,0.2730136145000015
1060.942,528,210,24.003,0.27398706950000123
1061.039,528,260,29.718,0.27478780450000106
1061.24,528,245,28.0035,0.2763513332500012
1061.44,528,245,28.0035,0.2779070832500016
1061.44,528,233,26.631899999999998,0.2779070832500016
1061.545,528,236,26.9748,0.2786938482500017
1061.645,528,232,26.517599999999998,0.279430448250001
1061.742,528,270,30.861,0.28026198075000086
1061.839,528,219,25.0317,0.28093644600000073
1061.939,528,210,24.003,0.2816031960000016
1061.945,528,270,30.861,0.2816546310000004
1062.145,528,260,29.718,0.2833056310000008
1062.24,528,245,28.0035,0.284044612250001
1062.443,528,245,28.0035,0.2856236985000008
1062.644,528,236,26.9748,0.28712979150000095
1062.737,528,270,30.861,0.2879270340000016
1062.74,528,234,26.746199999999998,0.28794932250000105
1062.841,528,238,27.2034,0.28871252900000016
1062.841,528,220,25.146,0.28871252900000016
1062.939,528,270,30.861,0.28955263400000175
1063.139,528,270,30.861,0.2912671340000002
1063.439,528,246,28.1178,0.2936102840000016
1063.445,528,245,28.0035,0.2936569565000005
1063.538,528,239,27.3177,0.2943626637500011
1063.736,528,260,29.718,0.29599715375000185
1063.737,528,285,32.5755,0.29600620250000165
1063.744,528,231,26.403299999999998,0.2960575422500004
1063.94,528,240,27.432,0.2975510622500015
1063.958,528,270,30.861,0.29770536725000174
1064.138,528,285,32.5755,0.29933414225000027
1064.139,528,270,30.861,0.29934271475000007
1064.254,528,262,29.9466,0.30029934225000016
1064.546,528,249,28.4607,0.3026078212500013
1064.65,528,245,28.0035,0.30341681125000164
1064.653,528,230,26.289,0.3034387187500011
1064.742,528,275,31.4325,0.3042158000000006
1064.84,528,243,27.7749,0.30497189450000023
1065.038,528,275,31.4325,0.30670068200000106
1065.148,528,270,30.861,0.3076436570000002
1065.239,528,285,32.5755,0.30846709325000127
1065.251,528,270,30.861,0.3085699632500008
1065.541,528,252,28.8036,0.3108902532500005
1065.646,528,245,28.0035,0.31170702200000067
1065.735,528,290,33.147,0.3125264895000001
1065.766,528,264,30.1752,0.31278633150000157
1065.936,528,290,33.147,0.31435160650000016
1065.94,528,245,28.0035,0.3143827215000012
1066.239,528,273,31.2039,0.316974378750001
1066.447,528,270,30.861,0.3187574587499998
1066.546,528,266,30.4038,0.31959356325000116
1066.726,528,275,31.4325,0.32116518825000173
1066.726,528,285,32.5755,0.32116518825000173
1066.728,528,285,32.5755,0.3211832857500013
1066.739,528,257,29.3751,0.32127304300000104
1066.94,528,245,28.0035,0.3228365717500012
1066.941,528,285,32.5755,0.322845620500001
1067.138,528,290,33.147,0.324659498
1067.436,528,275,31.4325,0.3272614105
1067.436,528,283,32.3469,0.3272614105
1067.45,528,270,30.861,0.3273814255000011
1067.642,528,269,30.7467,0.32902124950000117
1067.656,528,260,29.718,0.3291368195000003
1067.726,528,276,31.5468,0.3297502295000017
1067.738,528,295,33.7185,0.3298626245000012
1068.035,528,295,33.7185,0.33264440075000146
1068.436,528,290,33.147,0.33633660825
1068.642,528,270,30.861,0.3381025432500011
1068.716,528,285,32.5755,0.33877215074999967
1068.716,528,276,31.5468,0.33877215074999967
1068.726,528,281,32.1183,0.3388613682500016
1068.742,528,300,34.29,0.3390137682500002
1068.839,528,270,30.861,0.33984530075
1068.916,528,279,31.8897,0.340527386
1068.935,528,300,34.29,0.340708361
1069.238,528,295,33.7185,0.34354633475000107
1069.439,528,279,31.8897,0.34532684300000127
1069.46,528,283,32.3469,0.3455155332500009
1069.539,528,289,33.0327,0.34624041750000045
1069.563,528,270,30.861,0.34644615750000146
1069.639,528,279,31.8897,0.34711938449999963
1069.716,528,285,32.5755,0.34781613824999963
1069.728,528,300,34.29,0.34793043825000125
1070.037,528,300,34.29,0.35087366325000097
1070.435,528,286,32.6898,0.35448770225000015
1070.437,528,295,33.7185,0.3545064347499997
1070.543,528,288,32.9184,0.3554756987499997
1070.543,528,282,32.2326,0.3554756987499997
1070.654,528,285,32.5755,0.3564801100000006
1070.716,528,300,34.29,0.35707065999999965
1070.727,528,310,35.433,0.3571789275000016
1070.739,528,277,31.6611,0.35728446450000106
1071.037,528,310,35.433,0.3602175295000011
1071.237,528,300,34.29,0.3621225295000015
1071.243,528,300,34.29,0.3621796795000002
1071.539,528,296,33.8328,0.3649614875000006
1071.558,528,275,31.4325,0.36512738125000066
1071.638,528,288,32.9184,0.36585890125
1071.73,528,310,35.433,0.3667644112500009
1071.739,528,287,32.8041,0.3668464215000011
1071.739,528,287,32.8041,0.3668464215000011
1071.936,528,310,35.433,0.368785394
1072.24,528,310,35.433,0.37177751400000086
1072.441,528,297,33.9471,0.37367289375000107
1072.538,528,300,34.29,0.3745968187500009
1072.539,528,290,33.147,0.37460602625000067
1072.736,528,330,37.719,0.3766700937500019
1072.738,528,286,32.6898,0.37668825475000145
1072.746,528,300,34.29,0.3767644547500018
1072.938,528,290,33.147,0.3785322947500019
1072.942,528,330,37.719,0.3785742047500009
1073.048,528,310,35.433,0.37961750975000086
1073.237,528,310,35.433,0.38147774225000164
1073.641,528,300,34.29,0.3853258422500016
1073.651,528,285,32.5755,0.3854163297500015
1073.66,528,335,38.2905,0.38551205600000166
1073.736,528,340,38.862,0.38633247600000187
1073.737,528,298,34.0614,0.3863419375000016
1073.746,528,302,34.5186,0.38642823400000176
1073.835,528,293,33.4899,0.38725617875000123
1073.939,528,340,38.862,0.38837885875000167
1074.142,528,330,37.719,0.3905057912500014
1074.242,528,310,35.433,0.39149004125000053
1074.437,528,310,35.433,0.3934093287499999
1074.538,528,304,34.7472,0.394384180750001
1074.641,528,300,34.29,0.3953652557500016
1074.741,528,299,34.1757,0.3963145807500007
1074.843,528,295,33.7185,0.3972699382500015
1074.954,528,340,38.862,0.39846818325000016
1075.033,528,335,38.2905,0.3993084469999996
1075.147,528,330,37.719,0.40050288199999995
1075.448,528,310,35.433,0.40346547450000153
1075.644,528,306,34.9758,0.4053697125000007
1075.706,528,312,35.6616,0.40598388449999967
1075.734,528,345,39.4335,0.4062905894999999
1075.838,528,300,34.29,0.4072811895000003
1075.937,528,300,34.29,0.40822416449999965
1075.939,528,345,39.4335,0.4082460720000016
1075.955,528,335,38.2905,0.40841625200000004
1076.055,528,340,38.862,0.4094957520000015
1076.537,528,316,36.1188,0.4143316580000012
1076.541,528,310,35.433,0.4143710280000003
1076.646,528,309,35.3187,0.4154011567500005
1076.651,528,300,34.29,0.41544878175000155
1076.696,528,331,37.8333,0.41592169799999995
1076.73,528,350,40.005,0.4162995230000011
1077.032,528,350,40.005,0.41965549800000007
1077.154,528,339,38.7477,0.42096861450000084
1077.433,528,335,38.2905,0.4239361282500008
1077.543,528,320,36.576,0.4250537282499998
1077.686,528,345,39.4335,0.42662011450000015
1077.696,528,333,38.0619,0.4267258420000001
1077.729,528,355,40.5765,0.4270977932500015
1077.742,528,310,35.433,0.4272257457500007
1077.843,528,310,35.433,0.4282198382500018
1078.034,528,355,40.5765,0.43037264700000216
1078.235,528,350,40.005,0.43260625949999987
1078.435,528,337,38.5191,0.43474620950000037
1078.447,528,335,38.2905,0.4348738444999998
1078.639,528,326,37.2618,0.43686114049999986
1078.647,528,310,35.433,0.4369398805000002
1078.686,528,345,39.4335,0.4373670767500001
1078.725,528,365,41.7195,0.43781903799999994
1078.786,528,338,38.6334,0.43847365950000156
1079.034,528,365,41.7195,0.4413476695000021
1079.433,528,350,40.005,0.4457815570000008
1079.536,528,346,39.5478,0.44691306350000154
1079.54,528,339,38.7477,0.4469561165000005
1079.644,528,338,38.6334,0.44807219250000097
1079.656,528,330,37.719,0.4481979225000004
1079.656,528,355,40.5765,0.4481979225000004
1079.725,528,370,42.291,0.4490084999999999
1079.876,528,337,38.5191,0.4506241622500006
1080.031,528,370,42.291,0.4524450247500003
1080.234,528,365,41.7195,0.454797541
1080.239,528,355,40.5765,0.45485389725000125
1080.438,528,350,40.005,0.457065284750002
1080.537,528,335,38.2905,0.4581182735000013
1080.635,528,347,39.6621,0.4591979640000008
1080.636,528,341,38.9763,0.45920879075000054
1080.651,528,340,38.862,0.4593707157500016
1080.735,528,380,43.434,0.46038417574999957
1080.937,528,380,43.434,0.4628213057499995
1081.434,528,365,41.7195,0.46858091450000033
1081.44,528,351,40.1193,0.4686477800000013
1081.536,528,356,40.6908,0.46973286800000136
1081.536,528,348,39.7764,0.46973286800000136
1081.537,528,343,39.2049,0.4697437582500011
1081.56,528,335,38.2905,0.46998839200000014
1081.676,528,370,42.291,0.47135110199999997
1081.729,528,390,44.577,0.47200737450000135
1082.033,528,390,44.577,0.47577165449999964
1082.134,528,380,43.434,0.476990219500001
1082.232,528,370,42.291,0.47814147450000044
1082.434,528,365,41.7195,0.4804824020000004
1082.56,528,345,39.4335,0.48186257450000014
1082.638,528,358,40.9194,0.48274916149999986
1082.724,528,390,44.577,0.48381405650000003
1082.735,528,352,40.2336,0.48393699249999966
1082.833,528,349,39.8907,0.4850229060000017
1082.939,528,390,44.577,0.48633545100000164
1083.234,528,390,44.577,0.4899882884999997
1083.535,528,372,42.5196,0.4935433995000016
1083.638,528,366,41.8338,0.4947403109999997
1083.638,528,360,41.147999999999996,0.4947403109999997
1083.73,528,400,45.72,0.49590871100000095
1083.736,528,380,43.434,0.495981101000002
1083.835,528,354,40.4622,0.4970938115000012
1083.841,528,350,40.005,0.4971604864999996
1083.933,528,400,45.72,0.49832888650000084
1084.139,528,390,44.577,0.5008796814999996
1084.434,528,382,43.6626,0.5044575890000005
1084.44,528,374,42.7482,0.5045288360000015
1084.676,528,390,44.577,0.507451106
1084.726,528,410,46.863,0.5081019810000024
1084.735,528,367,41.9481,0.5082068512499999
1084.832,528,363,41.490899999999996,0.5093248005000023
1084.932,528,410,46.863,0.510626550500001
1084.934,528,355,40.5765,0.5106490930000005
1085.044,528,400,45.72,0.5120460930000021
1085.239,528,390,44.577,0.5144606805000014
1085.437,528,390,44.577,0.5169124154999997
1085.539,528,384,43.8912,0.5181559995000008
1085.638,528,376,42.9768,0.5193378614999999
1085.643,528,369,42.1767,0.5193964402500012
1085.656,528,420,48.006,0.5195697952500001
1085.707,528,410,46.863,0.5202336877500022
1085.732,528,365,41.7195,0.5205234065000006
1085.83,528,410,46.863,0.5217991215000001
1086.133,528,410,46.863,0.5257434240000015
1086.239,528,400,45.72,0.5270896240000015
1086.245,528,391,44.6913,0.5271641094999997
1086.433,528,390,44.577,0.5294920195000009
1086.638,528,386,44.1198,0.532004397
1086.834,528,379,43.3197,0.5343629140000017
1086.929,528,420,48.006,0.5356297390000021
1086.934,528,370,42.291,0.5356884765000007
1087.132,528,410,46.863,0.538265941500002
1087.232,528,410,46.863,0.5395676915000007
1087.439,528,393,44.9199,0.5421505857500021
1087.637,528,390,44.577,0.5446023207500004
1087.691,528,410,46.863,0.5453052657500015
1087.726,528,401,45.8343,0.5457508770000026
1087.734,528,389,44.4627,0.5458496830000003
1087.837,528,380,43.434,0.547092378000001
1087.935,528,410,46.863,0.5483680930000004
1088.13,528,420,48.006,0.5509684180000026
1088.13,528,410,46.863,0.5509684180000026
1088.154,528,410,46.863,0.5512808380000012
1088.534,528,395,45.1485,0.5560465130000025
1088.648,528,390,44.577,0.5574581180000001
1088.683,528,410,46.863,0.5579137305000011
1088.776,528,403,46.0629,0.559103688750002
1088.837,528,390,44.577,0.5598590212500011
1089.029,528,410,46.863,0.5623583812500011
1089.238,528,420,48.006,0.5651453962500019
1089.244,528,412,47.0916,0.5652238822500001
1089.251,528,410,46.863,0.5653150047500008
1089.534,528,405,46.2915,0.5689540310000025
1089.647,528,398,45.4914,0.5703819555000004
1089.656,528,410,46.863,0.5704991130000006
1089.681,528,400,45.72,0.5708166130000017
1089.737,528,390,44.577,0.5715100330000022
1089.835,528,400,45.72,0.5727546330000017
1090.131,528,410,46.863,0.5766078130000024
1090.457,528,408,46.6344,0.5808308170000027
1090.533,528,414,47.3202,0.581829799
1090.533,528,418,47.7774,0.581829799
1090.683,528,400,45.72,0.5837347990000011
1090.716,528,410,46.863,0.5841643764999999
1090.739,528,400,45.72,0.5844564765000017
1090.846,528,410,46.863,0.5858493490000013
1090.934,528,400,45.72,0.5869669490000009
1091.429,528,410,46.863,0.5934106115000024
1091.537,528,416,47.5488,0.5948370755000018
1091.626,528,410,46.863,0.595995633000001
1091.635,528,410,46.863,0.5961127905000012
1091.636,528,416,47.5488,0.5961259985000009
1091.646,528,400,45.72,0.5962529985000008
1091.648,528,410,46.863,0.5962790335000002
1091.676,528,400,45.72,0.5966346335000005
1092.03,528,400,45.72,0.601130433500001
1092.231,528,400,45.72,0.6036831335000012
1092.237,528,400,45.72,0.6037593335000023
1092.632,528,410,46.863,0.6089012460000021
1092.646,528,409,46.7487,0.6090830465000007
1092.68,528,390,44.577,0.609504051500002
1092.732,528,419,47.8917,0.6101958205000008
1092.732,528,410,46.863,0.6101958205000008
1092.732,528,414,47.3202,0.6101958205000008
1092.93,528,390,44.577,0.6126475555000019
1093.131,528,400,45.72,0.6152002555000022
1093.532,528,400,45.72,0.6202929555000002
1093.532,528,407,46.5201,0.6202929555000002
1093.533,528,410,46.863,0.6203059729999999
1093.646,528,400,45.72,0.6217410730000006
1093.682,528,380,43.434,0.6221754130000013
1093.829,528,411,46.9773,0.6240936527500005
1093.83,528,420,48.006,0.6241069877500002
1093.936,528,380,43.434,0.6253858777500001
1094.23,528,390,44.577,0.6290263327500013
1094.532,528,400,45.72,0.6328617327500001
1094.635,528,405,46.2915,0.6341861840000009
1094.645,528,410,46.863,0.6343163590000008
1094.646,528,400,45.72,0.6343290590000006
1094.646,528,400,45.72,0.6343290590000006
1094.649,528,370,42.291,0.6343643014999998
1094.677,528,380,43.434,0.6347021215
1094.829,528,410,46.863,0.6366807815000006
1094.933,528,380,43.434,0.6379355415000011
1095.136,528,380,43.434,0.6403847365000008
1095.236,528,390,44.577,0.6416229865000025
1095.532,528,400,45.72,0.6453821865000002
1095.634,528,403,46.0629,0.6466873020000014
1095.706,528,399,45.6057,0.6475994159999999
1095.732,528,400,45.72,0.6479296160000008
1095.837,528,410,46.863,0.649296453500001
1095.93,528,370,42.291,0.6503889710000018
1096.03,528,380,43.434,0.6515954710000007
1096.234,528,380,43.434,0.6540567310000001
1096.43,528,389,44.4627,0.6564774780000018
1096.436,528,400,45.72,0.656553678
1096.676,528,397,45.3771,0.6595788180000001
1096.683,528,370,42.291,0.6596610505000008
1096.829,528,400,45.72,0.6615152505000003
1096.83,528,370,42.291,0.661526998
1096.831,528,400,45.72,0.6615396979999998
1097.03,528,370,42.291,0.6638774505000006
1097.136,528,380,43.434,0.6651563405000005
1097.23,528,380,43.434,0.6662904505000011
1097.43,528,387,44.2341,0.6687479005000017
1097.634,528,395,45.1485,0.6713063155000011
1097.683,528,365,41.7195,0.6718741642500008
1097.731,528,400,45.72,0.6724837642500008
1097.731,528,400,45.72,0.6724837642500008
1098.026,528,365,41.7195,0.6759024455000017
1098.141,528,370,42.291,0.6772534080000018
1098.229,528,370,42.291,0.6782871880000013
1098.236,528,378,43.2054,0.678371198500002
1098.43,528,380,43.434,0.6807118085000016
1098.533,528,393,44.9199,0.6819970167499996
1098.639,528,385,44.0055,0.6832927342499995
1098.68,528,365,41.7195,0.6837678730000014
1098.831,528,400,45.72,0.6856855729999993
1098.926,528,365,41.7195,0.6867865042499997
1099.229,528,365,41.7195,0.690297895500001
1099.429,528,370,42.291,0.6926473955000015
1099.436,528,380,43.434,0.6927318504999995
1099.636,528,370,42.291,0.6950813505000001
1099.636,528,376,42.9768,0.6950813505000001
1099.68,528,360,41.147999999999996,0.6955842705000012
1099.73,528,382,43.6626,0.6961906955000006
1099.831,528,390,44.577,0.6974413279999991
1099.932,528,360,41.147999999999996,0.6985957580000004
1100.226,528,365,41.7195,0.7020028505000016
1100.251,528,370,42.291,0.7022965379999999
1100.429,528,369,42.1767,0.7043819415000012
1100.531,528,374,42.7482,0.7055931404999995
1100.596,528,365,41.7195,0.7063464092500001
1100.633,528,380,43.434,0.7067928142500005
1100.643,528,380,43.434,0.7069134642500005
1100.673,528,350,40.005,0.7072468392500002
1101.025,528,350,40.005,0.7111584392500012
1101.228,528,360,41.147999999999996,0.7134787292500009
1101.232,528,365,41.7195,0.7135250842499998
1101.234,528,365,41.7195,0.7135482617499993
1101.429,528,370,42.291,0.7158390242500012
1101.531,528,371,42.4053,0.7170405077499996
1101.606,528,368,42.0624,0.7179168077500001
1101.677,528,355,40.5765,0.7187170664999991
1101.736,528,380,43.434,0.7194289015000015
1101.925,528,355,40.5765,0.7215591677499998
1102.128,528,350,40.005,0.7238150052499995
1102.429,528,365,41.7195,0.7273032190000014
1102.448,528,370,42.291,0.7275264215000015
1102.53,528,364,41.605199999999996,0.7284740955000001
1102.53,528,367,41.9481,0.7284740955000001
1102.626,528,360,41.147999999999996,0.7295713755000002
1102.639,528,370,42.291,0.7297240929999992
1102.684,528,350,40.005,0.7302241555
1102.928,528,350,40.005,0.7329356055000016
1103.53,528,363,41.490899999999996,0.739873806
1103.596,528,350,40.005,0.7406072310000004
1103.616,528,355,40.5765,0.7408326560000001
1103.626,528,359,41.033699999999996,0.7409466385000001
1103.632,528,365,41.7195,0.7410161710000011
1103.632,528,365,41.7195,0.7410161710000011
1103.633,528,370,42.291,0.7410279185000008
1103.676,528,345,39.4335,0.7414989297499996
1104.028,528,345,39.4335,0.7453546497500007
1104.228,528,350,40.005,0.7475771497500011
1104.234,528,355,40.5765,0.7476447772499996
1104.428,528,350,40.005,0.7498006022500017
1104.527,528,357,40.8051,0.7509227425000009
1104.682,528,340,38.862,0.7525959675000006
1104.729,528,362,41.376599999999996,0.7531361620000009
1104.729,528,365,41.7195,0.7531361620000009
1104.829,528,365,41.7195,0.7542950369999998
1104.927,528,340,38.862,0.7553529469999993
1105.128,528,345,39.4335,0.7575546507499996
1105.428,528,351,40.1193,0.7608979257500016
1105.428,528,355,40.5765,0.7608979257500016
1105.529,528,354,40.4622,0.7620331152500003
1105.616,528,350,40.005,0.7629999027500002
1105.64,528,330,37.719,0.7632513627500014
1105.683,528,340,38.862,0.7637155477500003
1105.826,528,361,41.262299999999996,0.7653545780000006
1105.826,528,365,41.7195,0.7653545780000006
1105.927,528,340,38.862,0.7664448729999994
1106.132,528,340,38.862,0.768657848000001
1106.529,528,353,40.3479,0.7731073247500003
1106.616,528,345,39.4335,0.7740603010000002
1106.616,528,349,39.8907,0.7740603010000002
1106.632,528,352,40.2336,0.774239117000001
1106.648,528,330,37.719,0.7744067569999995
1106.727,528,360,41.147999999999996,0.7753097270000016
1106.728,528,353,40.3479,0.7753209347500013
1106.926,528,330,37.719,0.7773954797499999
1107.03,528,340,38.862,0.7785181597500004
1107.227,528,340,38.862,0.7806447747500016
1107.427,528,344,39.3192,0.7828291747499996
1107.529,528,348,39.7764,0.7839561727500005
1107.631,528,354,40.4622,0.7851026017500015
1107.632,528,352,40.2336,0.7851137777500012
1107.828,528,350,40.005,0.7872918277500003
1107.926,528,330,37.719,0.7883186227499999
1108.026,528,330,37.719,0.7893663727500013
1108.132,528,340,38.862,0.7905106427500013
1108.427,528,340,38.862,0.7936951677499996
1108.427,528,347,39.6621,0.7936951677499996
1108.433,528,343,39.2049,0.7937605092500005
1108.679,528,330,37.719,0.7963379742500015
1108.826,528,355,40.5765,0.7979948480000008
1108.828,528,350,40.005,0.7980170730000002
1108.926,528,330,37.719,0.7990438679999998
1109.045,528,330,37.719,0.8002906905000013
1109.124,528,330,37.719,0.8011184130000009
1109.227,528,339,38.7477,0.8022270277500015
1109.433,528,340,38.862,0.8044507977500005
1109.631,528,342,39.0906,0.8066007807500015
1109.641,528,350,40.005,0.8067119057500014
1109.671,528,325,37.1475,0.8070214682500011
1109.728,528,346,39.5478,0.8076476417500013
1110.023,528,325,37.1475,0.8106916729999997
1110.126,528,330,37.719,0.8117708555000004
1110.226,528,330,37.719,0.8128186055000018
1110.226,528,330,37.719,0.8128186055000018
1110.531,528,340,38.862,0.8161110805
1110.635,528,340,38.862,0.8172337605000005
1110.656,528,337,38.5191,0.81745845525
1110.685,528,320,36.576,0.8177530952500001
1110.828,528,345,39.4335,0.8193194815000003
1110.829,528,320,36.576,0.8193296415000001
1111.223,528,330,37.719,0.8234577765000002
1111.226,528,325,37.1475,0.8234887327500018
1111.426,528,330,37.719,0.8255842327499999
1111.428,528,335,38.2905,0.8256055052500019
1111.552,528,340,38.862,0.8269440852499996
1111.677,528,315,36.0045,0.8281942414999997
1111.716,528,330,37.719,0.8286028639999995
1111.833,528,340,38.862,0.8298658790000015
1111.925,528,315,36.0045,0.8307859940000002
1112.126,528,329,37.6047,0.8328855897500004
1112.423,528,325,37.1475,0.8359502585000006
1112.527,528,330,37.719,0.837039918500001
1112.527,528,330,37.719,0.837039918500001
1112.541,528,333,38.0619,0.8371879369999999
1112.566,528,320,36.576,0.8374419370000009
1112.642,528,340,38.862,0.8382623570000012
1112.67,528,320,36.576,0.8385468370000014
1113.022,528,320,36.576,0.8421231570000001
1113.225,528,315,36.0045,0.8441534107499998
1113.231,528,320,36.576,0.8442143707500007
1113.526,528,324,37.0332,0.8472490357500014
1113.528,528,330,37.719,0.847269990750001
1113.566,528,328,37.4904,0.8476657227500011
1113.627,528,330,37.719,0.8483048502500002
1113.639,528,330,37.719,0.8484305802499996
1113.68,528,310,35.433,0.8488341227500013
1113.924,528,310,35.433,0.8512356927500004
1114.228,528,320,36.576,0.8543243327500013
1114.431,528,323,36.9189,0.8564061485000011
1114.525,528,330,37.719,0.8573910335000016
1114.526,528,319,36.4617,0.8574011617500014
1114.586,528,315,36.0045,0.8580012367500008
1114.63,528,330,37.719,0.8584622467500018
1114.676,528,315,36.0045,0.85892230425
1114.686,528,327,37.3761,0.8590261267499999
1114.93,528,315,36.0045,0.8614664317500014
1115.228,528,310,35.433,0.8643994967500014
1115.425,528,320,36.576,0.8664010167500003
1115.526,528,318,36.3474,0.8674207632500014
1115.55,528,330,37.719,0.8676722232500003
1115.586,528,316,36.1188,0.8680334112500009
1115.694,528,310,35.433,0.8690964012500003
1115.725,528,322,36.8046,0.8694133297499997
1115.726,528,326,37.2618,0.8694236802500018
1116.024,528,310,35.433,0.8723567452499996
1116.128,528,315,36.0045,0.8733968752500001
1116.23,528,310,35.433,0.8744008102500009
1116.523,528,317,36.2331,0.8773497819999999
1116.526,528,319,36.4617,0.8773801667500015
1116.626,528,317,36.2331,0.8783866417500006
1116.72,528,315,36.0045,0.8793267592500011
1116.729,528,320,36.576,0.8794181992500013
1116.826,528,325,37.1475,0.880419118000001
1116.924,528,315,36.0045,0.8813992405000006
1117.024,528,310,35.433,0.8823834904999998
1117.43,528,310,35.433,0.8863795455000015
1117.43,528,317,36.2331,0.8863795455000015
1117.431,528,318,36.3474,0.8863896420000013
1117.586,528,315,36.0045,0.887939835750001
1117.645,528,345,39.4335,0.8885861070000006
1117.722,528,325,37.1475,0.8893806507500006
1117.823,528,315,36.0045,0.8903907770000017
1117.925,528,320,36.576,0.8914270970000003
1117.927,528,325,37.1475,0.8914477344999998
1118.036,528,315,36.0045,0.8925378707500013
1118.224,528,314,35.8902,0.8944121367500001
1118.23,528,310,35.433,0.8944711917500009
1118.526,528,311,35.5473,0.8973939697500014
1118.723,528,315,36.0045,0.8993642160000003
1118.725,528,315,36.0045,0.8993842184999998
1118.725,528,319,36.4617,0.8993842184999998
1119.033,528,325,37.1475,0.9025623934999998
1119.123,528,345,39.4335,0.9035482310000014
1119.14,528,315,36.0045,0.9037182522500019
1119.428,528,313,35.7759,0.906580324250002
1119.628,528,312,35.6616,0.9085615242500003
1119.636,528,310,35.433,0.9086402642500007
1119.716,528,350,40.005,0.9095292642499998
1119.729,528,312,35.6616,0.9096580422500012
1119.825,528,320,36.576,0.9106334022500013
1119.92,528,350,40.005,0.9116890897500016
1120.221,528,325,37.1475,0.9147950335000009
1120.238,528,317,36.2331,0.9149661342500014
1120.424,528,311,35.5473,0.9168027447500007
1120.43,528,312,35.6616,0.9168621807500015
1120.566,528,345,39.4335,0.9183518907500011
1120.713,528,350,40.005,0.9199854282500004
1120.824,528,314,35.8902,0.9210920427500014
1120.925,528,310,35.433,0.9220861352500003
1121.022,528,350,40.005,0.92316404775
1121.123,528,350,40.005,0.9242864102500014
1121.223,528,345,39.4335,0.9253817852500004
1121.223,528,329,37.6047,0.9253817852500004
1121.424,528,319,36.4617,0.9274175635000006
1121.538,528,312,35.6616,0.9285468475000009
1121.632,528,311,35.5473,0.9294750270000014
1121.638,528,315,36.0045,0.9295350345
1121.713,528,365,41.7195,0.9304041907500005
1121.926,528,365,41.7195,0.9328725945
1122.245,528,333,38.0619,0.9362453017499996
1122.42,528,350,40.005,0.9381899892500016
1122.424,528,321,36.6903,0.9382307562500006
1122.546,528,346,39.5478,0.9395709872500014
1122.55,528,314,35.8902,0.9396108652500005
1122.566,528,350,40.005,0.9397886652500014
1122.717,528,365,41.7195,0.9415385665000021
1122.728,528,310,35.433,0.9416468340000018
1122.919,528,365,41.7195,0.9438602852500022
1123.22,528,365,41.7195,0.9473484990000014
1123.423,528,347,39.6621,0.9495850007500011
1123.423,528,337,38.5191,0.9495850007500011
1123.54,528,324,37.0332,0.9507885797500006
1123.596,528,350,40.005,0.951410879750001
1123.596,528,350,40.005,0.951410879750001
1123.717,528,380,43.434,0.9528707447500022
1123.727,528,315,36.0045,0.9529707572500021
1123.925,528,380,43.434,0.9553596272500005
1124.225,528,365,41.7195,0.9588362522499999
1124.42,528,365,41.7195,0.9610960585000018
1124.524,528,351,40.1193,0.9622550604999998
1124.528,528,348,39.7764,0.9622992565000013
1124.539,528,343,39.2049,0.9624190492500009
1124.626,528,350,40.005,0.9633858367500008
1124.639,528,325,37.1475,0.9635199805
1124.716,528,385,44.0055,0.96446120925
1125.021,528,385,44.0055,0.9681894530000008
1125.523,528,354,40.4622,0.9738316820000003
1125.536,528,365,41.7195,0.9739823357500019
1125.556,528,380,43.434,0.9742236357500017
1125.556,528,365,41.7195,0.9742236357500017
1125.637,528,345,39.4335,0.9751108895000007
1125.717,528,395,45.1485,0.9761141895000026
1125.723,528,350,40.005,0.9761808645000011
1125.723,528,349,39.8907,0.9761808645000011
1125.92,528,395,45.1485,0.9786514907500026
1126.125,528,385,44.0055,0.9811573595000017
1126.421,528,380,43.434,0.9847285995000024
1126.521,528,357,40.8051,0.9858620745000013
1126.523,528,368,42.0624,0.9858854425000008
1126.623,528,365,41.7195,0.9870443175000023
1126.716,528,400,45.72,0.9882254175000004
1126.72,528,350,40.005,0.9882698675000019
1126.923,528,350,40.005,0.9905257050000016
1126.927,528,400,45.72,0.9905765050000004
1127.221,528,395,45.1485,0.9942636325000016
1127.421,528,385,44.0055,0.9967083825000022
1127.421,528,381,43.5483,0.9967083825000022
1127.526,528,371,42.4053,0.9979452037500024
1127.628,528,365,41.7195,0.9991272562500008
1127.643,528,420,48.006,0.9993272812500021
1127.717,528,410,46.863,1.000290576250003
1127.72,528,350,40.005,1.0003239137500022
1127.82,528,362,41.376599999999996,1.0014732637500012
1127.926,528,410,46.863,1.0028531187500012
1128.127,528,400,45.72,1.0054058187500015
1128.226,528,395,45.1485,1.0066474025000034
1128.424,528,386,44.1198,1.0090739915000018
1128.625,528,382,43.6626,1.011511820000002
1128.645,528,420,48.006,1.0117785200000018
1128.722,528,374,42.7482,1.0126928565000017
1128.822,528,365,41.7195,1.0138517315000006
1128.822,528,365,41.7195,1.0138517315000006
1128.92,528,420,48.006,1.0151585615000032
1129.12,528,410,46.863,1.0177620615000007
1129.421,528,395,45.1485,1.0215369777500027
1129.426,528,388,44.3484,1.0215985727500012
1129.522,528,383,43.7769,1.0227659567500011
1129.546,528,400,45.72,1.0230707567500026
1129.822,528,378,43.2054,1.0263831707500006
1129.922,528,365,41.7195,1.0275420457500022
1130.02,528,420,48.006,1.0288488757500016
1130.12,528,420,48.006,1.0301823757500004
1130.12,528,410,46.863,1.0301823757500004
1130.529,528,396,45.2628,1.0353247327500017
1130.606,528,401,45.8343,1.0363050775000018
1130.63,528,390,44.577,1.0366022575000031
1130.635,528,380,43.434,1.0366625825000018
1130.696,528,430,49.149,1.0374953850000006
1130.821,528,384,43.8912,1.0390193850000007
1130.92,528,430,49.149,1.040370982500003
1131.129,528,420,48.006,1.0431579975000007
1131.22,528,420,48.006,1.0443714825000023
1131.232,528,411,46.9773,1.0445280735000015
1131.42,528,403,46.0629,1.0469335805000028
1131.522,528,397,45.3771,1.048219265000001
1131.627,528,393,44.9199,1.0495294287500012
1131.673,528,425,48.5775,1.0501501412500018
1131.917,528,425,48.5775,1.0534426162500006
1131.921,528,385,44.0055,1.0534915112500023
1132.426,528,413,47.2059,1.0601134500000007
1132.529,528,405,46.2915,1.0614379012500015
1132.536,528,420,48.006,1.0615312462500024
1132.536,528,430,49.149,1.0615312462500024
1132.536,528,420,48.006,1.0615312462500024
1132.665,528,425,48.5775,1.063271940000001
1132.721,528,399,45.6057,1.0639813620000016
1132.821,528,395,45.1485,1.0652354870000005
1132.922,528,425,48.5775,1.066598355750002
1133.025,528,425,48.5775,1.067988212000003
1133.417,528,430,49.149,1.0733399920000006
1133.418,528,422,48.2346,1.0733533905000003
1133.418,528,420,48.006,1.0733533905000003
1133.527,528,415,47.4345,1.0747896017500023
1133.534,528,408,46.6344,1.074880279750003
1133.632,528,410,46.863,1.0761559947500023
1133.667,528,420,48.006,1.0766227197500005
1133.735,528,400,45.72,1.0774863197500002
1134.019,528,420,48.006,1.0812734597500016
1134.241,528,424,48.4632,1.0842620237500014
1134.42,528,429,49.0347,1.0867001380000025
1134.526,528,425,48.5775,1.0881304755000025
1134.533,528,418,47.7774,1.0882233760000004
1134.536,528,425,48.5775,1.0882638572500025
1134.726,528,420,48.006,1.0907975072500034
1134.734,528,410,46.863,1.0909016472500008
1134.916,528,410,46.863,1.093270832250001
1135.117,528,420,48.006,1.0959511672500013
1135.419,528,425,48.5775,1.100026279750003
1135.442,528,420,48.006,1.1003329847500019
1135.518,528,426,48.6918,1.101360922750002
1135.546,528,420,48.006,1.1017343027500024
1135.566,528,425,48.5775,1.1020041777500023
1135.62,528,428,48.9204,1.1027379837500004
1135.673,528,400,45.72,1.1034110837500017
1135.922,528,400,45.72,1.106573383750002
1136.119,528,410,46.863,1.1091378312500006
1136.506,528,420,48.006,1.114298476250003
1136.52,528,425,48.5775,1.1144873887500015
1136.52,528,424,48.4632,1.1144873887500015
1136.623,528,420,48.006,1.1158608937500023
1136.623,528,427,48.8061,1.1158608937500023
1136.623,528,428,48.9204,1.1158608937500023
1136.667,528,390,44.577,1.1164057237500007
1137.018,528,390,44.577,1.1207519812500022
1137.224,528,400,45.72,1.123368181250001
1137.225,528,419,47.8917,1.1233814845000005
1137.419,528,410,46.863,1.125906879500003
1137.518,528,425,48.5775,1.127242760750002
1137.524,528,423,48.3489,1.12732334225
1137.664,528,380,43.434,1.1290124422500012
1137.82,528,426,48.6918,1.1311224202500005
1137.82,528,430,49.149,1.1311224202500005
1137.918,528,380,43.434,1.13230479025
1138.022,528,390,44.577,1.1335925702500007
1138.222,528,400,45.72,1.1361325702500014
1138.517,528,422,48.2346,1.1400851277500024
1138.519,528,408,46.6344,1.1401110357500017
1138.52,528,417,47.6631,1.1401242755000014
1138.521,528,425,48.5775,1.140137769250001
1138.673,528,370,42.291,1.1419233892500016
1138.917,528,370,42.291,1.1447897792500006
1138.919,528,425,48.5775,1.144816766750003
1139.123,528,380,43.434,1.1472780267500025
1139.221,528,390,44.577,1.1484915117500019
1139.519,528,398,45.4914,1.152257188750002
1139.523,528,406,46.4058,1.1523087507500007
1139.526,528,415,47.4345,1.1523482795000028
1139.632,528,350,40.005,1.1535262045000028
1139.668,528,360,41.147999999999996,1.153937684500001
1139.757,528,360,41.147999999999996,1.1549549545000029
1139.817,528,421,48.1203,1.1557569595000021
1139.817,528,425,48.5775,1.1557569595000021
1140.123,528,370,42.291,1.1593516945000026
1140.218,528,380,43.434,1.160497869500003
1140.224,528,388,44.3484,1.1605717835000013
1140.619,528,413,47.2059,1.1657513197500011
1140.622,528,396,45.2628,1.1657890387500032
1140.718,528,404,46.1772,1.1670204307500032
1140.819,528,420,48.006,1.1683672657500017
1140.914,528,350,40.005,1.169422953250002
1140.917,528,360,41.147999999999996,1.1694572432500012
1141.217,528,370,42.291,1.1729814932500033
1141.418,528,379,43.3197,1.1754001765000008
1141.424,528,386,44.1198,1.1754737095000019
1141.519,528,394,45.0342,1.1766621120000023
1141.671,528,340,38.862,1.1783029520000028
1141.718,528,401,45.8343,1.1789013442500031
1141.816,528,410,46.863,1.1801770592500025
1141.92,528,340,38.862,1.1812997392500029
1142.031,528,360,41.147999999999996,1.1825684692500014
1142.115,528,350,40.005,1.183501919250002
1142.217,528,369,42.1767,1.184696925750003
1142.418,528,377,43.0911,1.1871028455000006
1142.522,528,384,43.8912,1.188370813500001
1142.676,528,330,37.719,1.189984348500001
1142.716,528,400,45.72,1.1904923485000005
1142.726,528,391,44.6913,1.1906164910000032
1143.014,528,330,37.719,1.193634011000001
1143.12,528,350,40.005,1.194811936000001
1143.133,528,359,41.033699999999996,1.1949601132500025
1143.506,528,340,38.862,1.1989866482500031
1143.523,528,382,43.6626,1.199192832750001
1143.526,528,375,42.8625,1.199228551500003
1143.616,528,367,41.9481,1.200277254000002
1143.675,528,320,36.576,1.2008766940000017
1143.722,528,390,44.577,1.201458671500002
1143.913,528,320,36.576,1.2033992315000024
1144.214,528,330,37.719,1.2065529590000017
1144.227,528,357,40.8051,1.2067003107500034
1144.416,528,340,38.862,1.2087405657500019
1144.417,528,349,39.8907,1.2087516465000017
1144.428,528,365,41.7195,1.208879122750004
1144.542,528,372,42.5196,1.2102255767500016
1144.667,528,315,36.0045,1.2114757330000017
1144.818,528,380,43.434,1.2132975480000026
1144.915,528,315,36.0045,1.2142676692500023
1145.414,528,330,37.719,1.2194959417500026
1145.476,528,320,36.576,1.220125861750004
1145.517,528,338,38.6334,1.2205658532500032
1145.521,528,347,39.6621,1.2206099222500022
1145.54,528,362,41.376599999999996,1.2208282987500023
1145.626,528,355,40.5765,1.2217976262500025
1145.633,528,370,42.291,1.2218798587500033
1145.656,528,305,34.8615,1.2221025850000025
1146.013,528,305,34.8615,1.2255596837500022
1146.216,528,315,36.0045,1.227589937500002
1146.222,528,320,36.576,1.2276508975000027
1146.416,528,328,37.4904,1.2296712135000023
1146.417,528,353,40.3479,1.229682421250002
1146.617,528,336,38.4048,1.2318160212500024
1146.634,528,360,41.147999999999996,1.232010331250003
1146.665,528,295,33.7185,1.2323006850000024
1146.717,528,345,39.4335,1.232870280000004
1146.915,528,295,33.7185,1.2347247975000026
1147.115,528,305,34.8615,1.2366615475000031
1147.42,528,326,37.2618,1.2398184500000038
1147.496,528,315,36.0045,1.240578545000004
1147.515,528,334,38.1762,1.240780030500004
1147.515,528,342,39.0906,1.240780030500004
1147.517,528,319,36.4617,1.2408002870000037
1147.532,528,350,40.005,1.2409669745000023
1147.667,528,290,33.147,1.242209987000002
1147.921,528,290,33.147,1.2445486920000033
1148.219,528,295,33.7185,1.2473398345000033
1148.496,528,305,34.8615,1.2500222332500037
1148.496,528,313,35.7759,1.2500222332500037
1148.517,528,318,36.3474,1.2502342597500034
1148.62,528,340,38.862,1.2513461447500016
1148.661,528,280,32.004,1.251710634750003
1148.716,528,324,37.0332,1.2522764197500014
1148.814,528,331,37.8333,1.2533063262500033
1149.014,528,280,32.004,1.2550843262500015
1149.118,528,290,33.147,1.256041906250002
1149.221,528,295,33.7185,1.2570066300000025
1149.415,528,304,34.7472,1.258879118000002
1149.514,528,311,35.5473,1.2598566687500015
1149.616,528,317,36.2331,1.2608832732500024
1149.67,528,275,31.4325,1.261354760750003
1149.72,528,321,36.6903,1.2618643482500027
1149.815,528,275,31.4325,1.262693817000003
1149.916,528,330,37.719,1.263752044500002
1150.014,528,280,32.004,1.2646232645000015
1150.421,528,302,34.5186,1.268525784000003
1150.421,528,309,35.3187,1.268525784000003
1150.423,528,294,33.6042,1.2685444530000025
1150.486,528,290,33.147,1.2691245255000034
1150.54,528,250,28.575,1.2695531505000024
1150.674,528,260,29.718,1.2706593205000025
1150.814,528,315,36.0045,1.2720594955000035
1150.914,528,260,29.718,1.2728849955000028
1150.916,528,320,36.576,1.2729053155000023
1151.028,528,275,31.4325,1.273883215500003
1151.218,528,289,33.0327,1.2756266080000036
1151.22,528,280,32.004,1.2756443880000032
1151.516,528,293,33.4899,1.2783980020000036
1151.619,528,300,34.29,1.2793790770000022
1151.629,528,315,36.0045,1.279479089500002
1151.715,528,307,35.0901,1.2803173530000023
1151.911,528,250,28.575,1.2818731030000035
1151.92,528,260,29.718,1.2819473980000036
1152.133,528,275,31.4325,1.2838071542500034
1152.418,528,287,32.8041,1.286404145500002
1152.566,528,279,31.8897,1.287715166500003
1152.621,528,292,33.3756,1.2882250715000036
1152.668,528,250,28.575,1.2885981340000021
1152.716,528,297,33.9471,1.2890507620000022
1152.815,528,305,34.8615,1.2900094532500037
1152.817,528,250,28.575,1.2900253282500034
1153.023,528,260,29.718,1.2917258582500026
1153.114,528,250,28.575,1.2924481707500035
1153.414,528,278,31.7754,1.2950961207500031
1153.424,528,285,32.5755,1.295186608250003
1153.486,528,273,31.2039,1.2957240087500042
1153.665,528,240,27.432,1.297087988750003
1153.815,528,291,33.2613,1.2984738762500039
1153.815,528,295,33.7185,1.2984738762500039
1154.013,528,240,27.432,1.2999826362500029
1154.037,528,258,29.4894,1.3001792322500039
1154.111,528,250,28.575,1.3007666072500044
1154.111,528,250,28.575,1.3007666072500044
1154.53,528,277,31.6611,1.3044516075000032
1154.596,528,270,30.861,1.3050173925000035
1154.623,528,283,32.3469,1.3052599942500038
1154.628,528,290,33.147,1.3053060317500027
1154.663,528,230,26.289,1.3055616192500032
1155.01,528,230,26.289,1.308095586750003
1155.117,528,240,27.432,1.3089109267500028
1155.214,528,250,28.575,1.3096808642500026
1155.226,528,256,29.2608,1.309778400250004
1155.446,528,250,28.575,1.3115246502500024
1155.617,528,276,31.5468,1.313023123250003
1155.668,528,230,26.289,1.3133955507500024
1155.716,528,267,30.5181,1.3138024587500023
1155.718,528,280,32.004,1.313820238750004
1155.913,528,230,26.289,1.3152442262500035
1156.216,528,230,26.289,1.3174568837500027
1156.466,528,240,27.432,1.3193618837500027
1156.476,528,250,28.575,1.3194412587500044
1156.514,528,248,28.3464,1.3197404707500027
1156.53,528,263,30.0609,1.3198740747500033
1156.636,528,254,29.0322,1.3207289117500032
1156.669,528,220,25.146,1.320959416750004
1156.715,528,275,31.4325,1.3213610542500025
1157.012,528,220,25.146,1.3234355992500026
1157.21,528,230,26.289,1.3248814942500033
1157.425,528,252,28.8036,1.3266017092500026
1157.466,528,230,26.289,1.3269011117500022
1157.466,528,239,27.3177,1.3269011117500022
1157.541,528,260,29.718,1.3275202367500025
1157.617,528,246,28.1178,1.3281138347500028
1157.617,528,250,28.575,1.3281138347500028
1157.661,528,215,24.5745,1.3284141897500035
1158.012,528,215,24.5745,1.3308102035000027
1158.116,528,220,25.146,1.331536643500003
1158.218,528,230,26.289,1.3322814985000035
1158.511,528,230,26.289,1.3344211310000027
1158.512,528,237,27.0891,1.3344286557500025
1158.526,528,250,28.575,1.3345397807500035
1158.667,528,215,24.5745,1.3355022820000024
1158.713,528,244,27.8892,1.3358586440000029
1158.714,528,250,28.575,1.3358665815000026
1158.912,528,215,24.5745,1.3372181790000033
1159.418,528,230,26.289,1.3409132440000022
1159.456,528,215,24.5745,1.3411726415000023
1159.456,528,220,25.146,1.3411726415000023
1159.513,528,229,26.1747,1.3415870742500025
1159.614,528,235,26.8605,1.3423406605000032
1159.665,528,205,23.4315,1.3426726067500028
1159.711,528,241,27.5463,1.343024587250003
1159.811,528,250,28.575,1.3438183372500023
1159.914,528,205,23.4315,1.3444887385000028
1160.119,528,215,24.5745,1.3458881197500023
1160.216,528,215,24.5745,1.3465502660000022
1160.456,528,219,25.0317,1.3482190460000023
1160.616,528,227,25.9461,1.3493722060000028
1160.621,528,233,26.631899999999998,1.3494091947500038
1160.627,528,240,27.432,1.3494549147500028
1160.635,528,200,22.86,1.3495057147500031
1160.661,528,205,23.4315,1.3496749422500036
1160.713,528,230,26.289,1.3500546722500029
1160.918,528,205,23.4315,1.3513889660000025
1161.015,528,205,23.4315,1.3520203147500038
1161.218,528,215,24.5745,1.3534060435000037
1161.415,528,215,24.5745,1.354750814750003
1161.436,528,218,24.9174,1.3548961662500025
1161.616,528,225,25.7175,1.356182041250003
1161.626,528,195,22.2885,1.3562439537500028
1161.713,528,230,26.289,1.3568792712500028
1161.757,528,200,22.86,1.3571586712500034
1161.813,528,230,26.289,1.3575676112500037
1162.02,528,205,23.4315,1.358914922500003
1162.219,528,205,23.4315,1.3602101637500035
1162.418,528,215,24.5745,1.3615685875000023
1162.456,528,213,24.3459,1.3618255720000023
1162.616,528,217,24.8031,1.362927932000003
1162.81,528,230,26.289,1.3643446170000026
1162.813,528,222,25.3746,1.3643657625000039
1162.91,528,195,22.2885,1.3649663137500037
1162.926,528,200,22.86,1.3650679137500028
1163.033,528,205,23.4315,1.3657643500000025
1163.224,528,205,23.4315,1.3670075212500028
1163.513,528,211,24.1173,1.3689436045000027
1163.615,528,216,24.6888,1.3696431205000033
1163.622,528,215,24.5745,1.3696909042500036
1163.629,528,220,25.146,1.3697397992500024
1163.665,528,195,22.2885,1.3699626842500028
1164.007,528,195,22.2885,1.3720800917500033
1164.111,528,200,22.86,1.3727404917500037
1164.113,528,195,22.2885,1.3727528742500035
1164.223,528,204,23.3172,1.3734653442500029
1164.414,528,209,23.8887,1.3747327725000031
1164.446,528,205,23.4315,1.3749410525000028
1164.667,528,190,21.717,1.3762742350000028
1164.715,528,215,24.5745,1.3766018950000027
1164.812,528,215,24.5745,1.3772640412500026
1164.819,528,190,21.717,1.3773062687500028
1165.122,528,199,22.7457,1.3792206985000035
1165.436,528,195,22.2885,1.3811647510000027
1165.436,528,195,22.2885,1.3811647510000027
1165.512,528,205,23.4315,1.3816594160000029
1165.586,528,203,23.2029,1.3821363645000033
1165.619,528,206,23.5458,1.3823522010000027
1165.66,528,180,20.573999999999998,1.3825865160000037
1165.716,528,215,24.5745,1.3829687860000024
1166.009,528,180,20.573999999999998,1.3846432810000031
1166.208,528,190,21.717,1.3858437485000035
1166.22,528,198,22.6314,1.3859191865000031
1166.41,528,195,22.2885,1.3870955240000034
1166.416,528,195,22.2885,1.3871326715000025
1166.512,528,202,23.0886,1.3877483675000026
1166.519,528,205,23.4315,1.387793928750003
1166.661,528,185,21.1455,1.3886280012500032
1166.719,528,205,23.4315,1.389005508750003
1167.009,528,185,21.1455,1.390708896250003
1167.209,528,180,20.573999999999998,1.3918518962500033
1167.232,528,197,22.5171,1.3919957555000027
1167.416,528,194,22.1742,1.3931291035000024
1167.416,528,195,22.2885,1.3931291035000024
1167.436,528,190,21.717,1.3932497535000024
1167.522,528,200,22.86,1.3937958535000023
1167.669,528,175,20.0025,1.3946126222500033
1167.719,528,205,23.4315,1.394938059750003
1167.912,528,175,20.0025,1.3960104160000029
1168.41,528,180,20.573999999999998,1.3988564860000032
1168.414,528,195,22.2885,1.3988812510000026
1168.415,528,193,22.0599,1.3988873787500025
1168.425,528,196,22.4028,1.3989496087500024
1168.436,528,185,21.1455,1.3990142200000022
1168.466,528,189,21.6027,1.3991942425000021
1168.539,528,200,22.86,1.3996577925000027
1168.663,528,180,20.573999999999998,1.4003664525000028
1169.009,528,180,20.573999999999998,1.4023438425000028
1169.012,528,175,20.0025,1.4023605112500024
1169.426,528,185,21.1455,1.4047922437500022
1169.511,528,180,20.573999999999998,1.4052780187500025
1169.511,528,187,21.3741,1.4052780187500025
1169.511,528,195,22.2885,1.4052780187500025
1169.531,528,195,22.2885,1.4054018437500024
1169.66,528,170,19.431,1.4060981212500032
1169.71,528,192,21.9456,1.4064029212500029
1169.912,528,170,19.431,1.407493216250003
1170.112,528,180,20.573999999999998,1.4086362162500032
1170.426,528,175,20.0025,1.4103808787500025
1170.51,528,184,21.0312,1.410871606750003
1170.51,528,181,20.688299999999998,1.410871606750003
1170.51,528,185,21.1455,1.410871606750003
1170.664,528,165,18.8595,1.411678374250003
1170.81,528,191,21.8313,1.4125637547500027
1170.81,528,195,22.2885,1.4125637547500027
1171.008,528,165,18.8595,1.4136010272500033
1171.216,528,170,19.431,1.4147237072500025
1171.456,528,180,20.573999999999998,1.4160953072500027
1171.466,528,176,20.1168,1.4161511872500026
1171.508,528,183,20.9169,1.4163952177500034
1171.516,528,182,20.802599999999998,1.4164414457500036
1171.657,528,165,18.8595,1.417180109500003
1171.708,528,182,20.802599999999998,1.4174748130000039
1171.908,528,165,18.8595,1.418522563000003
1171.91,528,190,21.717,1.418534628000004
1172.016,528,165,18.8595,1.419089935500004
1172.208,528,170,19.431,1.420126255500004
1172.509,528,178,20.3454,1.4218273570000037
1172.51,528,177,20.2311,1.4218329767500035
1172.613,528,180,20.573999999999998,1.4224216217500039
1172.618,528,184,21.0312,1.422450831750003
1172.629,528,160,18.288,1.422506711750003
1172.66,528,160,18.288,1.4226641917500038
1172.807,528,180,20.573999999999998,1.4235042967500033
1172.811,528,160,18.288,1.4235246167500029
1173.025,528,165,18.8595,1.4246457092500038
1173.208,528,165,18.8595,1.4256044005000037
1173.412,528,176,20.1168,1.4267443525000034
1173.51,528,178,20.3454,1.4272981995000031
1173.527,528,150,17.145,1.4273791620000034
1173.546,528,169,19.3167,1.4274811112500034
1173.809,528,177,20.2311,1.428959105500003
1173.813,528,160,18.288,1.4289794255000037
1173.909,528,185,21.1455,1.4295433055000037
1173.928,528,160,18.288,1.4296398255000038
1174.113,528,165,18.8595,1.4306089942500035
1174.416,528,165,18.8595,1.432196335500003
1174.508,528,179,20.4597,1.4327191945000035
1174.509,528,168,19.2024,1.4327245285000034
1174.617,528,174,19.8882,1.4333211745000032
1174.809,528,175,20.0025,1.4343879745000032
1174.915,528,160,18.288,1.4349264545000031
1175.007,528,150,17.145,1.4353646045000035
1175.031,528,160,18.288,1.4354865245000028
1175.213,528,164,18.7452,1.4364341985000029
1175.414,528,165,18.8595,1.437487187250003
1175.516,528,167,19.0881,1.4380280167500035
1175.611,528,171,19.5453,1.4385437955000036
1175.679,528,140,16.002,1.4388460555000036
1175.809,528,180,20.573999999999998,1.439589005500003
1176.007,528,140,16.002,1.4404691155000033
1176.107,528,160,18.288,1.4409771155000028
1176.213,528,150,17.145,1.4414819405000028
1176.213,528,160,18.288,1.4414819405000028
1176.416,528,163,18.6309,1.4425325162500027
1176.509,528,165,18.8595,1.443019720000003
1176.691,528,140,16.002,1.4438287100000031
1176.715,528,165,18.8595,1.4439544400000026
1176.816,528,170,19.431,1.4444995875000033
1176.904,528,140,16.002,1.4448907475000032
1177.03,528,159,18.1737,1.445526827000003
1177.406,528,140,16.002,1.4471981470000028
1177.407,528,150,17.145,1.4472029095000027
1177.422,528,162,18.5166,1.4472800620000033
1177.506,528,160,18.288,1.4477067820000036
1177.509,528,165,18.8595,1.4477224982500032
1177.693,528,140,16.002,1.448540378250003
1177.712,528,165,18.8595,1.448639914500003
1177.91,528,140,16.002,1.4495200245000035
1178.107,528,140,16.002,1.450395689500003
1178.406,528,140,16.002,1.4517247445000028
1178.408,528,160,18.288,1.4517349045000025
1178.508,528,149,17.0307,1.4522079795000031
1178.534,528,161,18.4023,1.4523408850000035
1178.622,528,165,18.8595,1.4528018950000032
1178.699,528,140,16.002,1.4531441600000032
1179.004,528,140,16.002,1.4544998850000026
1179.196,528,157,17.9451,1.4554569570000027
1179.404,528,140,16.002,1.456381517000003
1179.406,528,140,16.002,1.4563904070000027
1179.416,528,155,17.7165,1.4564396195000027
1179.508,528,147,16.8021,1.4568690065000032
1179.513,528,160,18.288,1.4568944065000027
1179.621,528,160,18.288,1.4574430465000037
1179.7,528,155,17.7165,1.4578318252500033
1180.006,528,155,17.7165,1.4593377277500035
1180.196,528,140,16.002,1.4601822777500026
1180.206,528,140,16.002,1.4602267277500025
1180.412,528,140,16.002,1.461142397750003
1180.436,528,140,16.002,1.4612490777500027
1180.505,528,145,16.5735,1.4615667365000036
1180.536,528,160,18.288,1.4617242165000033
1180.608,528,140,16.002,1.4620442565000027
1180.626,528,153,17.4879,1.4621316960000028
1180.696,528,150,17.145,1.4624650710000024
1181.006,528,150,17.145,1.4639414460000033
1181.209,528,155,17.7165,1.464940459750003
1181.406,528,140,16.002,1.4658161247500026
1181.507,528,140,16.002,1.466265069750003
1181.518,528,150,17.145,1.4663174572500028
1181.61,528,140,16.002,1.4667263972500022
1181.611,528,140,16.002,1.4667308422500032
1181.699,528,155,17.7165,1.467163912250003
1181.713,528,142,16.2306,1.4672270312500026
1181.908,528,155,17.7165,1.4681866750000023
1182.112,528,150,17.145,1.4691582250000033
1182.396,528,155,17.7165,1.4705558600000026
1182.61,528,140,16.002,1.4715070900000022
1182.703,528,160,18.288,1.4719795300000027
1182.707,528,140,16.002,1.4719973100000032
1182.805,528,160,18.288,1.472495150000003
1182.807,528,140,16.002,1.4725040400000027
1182.807,528,140,16.002,1.4725040400000027
1183.096,528,141,16.1163,1.4737978207500027
1183.112,528,155,17.7165,1.473876560750003
1183.413,528,154,17.6022,1.4753483002500027
1183.456,528,150,17.145,1.4755530877500023
1183.505,528,140,16.002,1.4757708927500033
1183.61,528,144,16.4592,1.4762509527500023
1183.626,528,170,19.431,1.4763373127500028
1183.695,528,160,18.288,1.4766878327500026
1183.707,528,140,16.002,1.4767411727500033
1183.81,528,140,16.002,1.4771990077500026
1184.005,528,160,18.288,1.4781896077500034
1184.019,528,160,18.288,1.4782607277500028
1184.118,528,155,17.7165,1.4787479315000025
1184.396,528,150,17.145,1.4800719065000025
1184.507,528,153,17.4879,1.4806111167500031
1184.706,528,147,16.8021,1.4815398995000024
1184.806,528,140,16.002,1.481984399500003
1184.904,528,140,16.002,1.4824200095000029
1185.004,528,170,19.431,1.4829597595000024
1185.105,528,160,18.288,1.483472839500003
1185.12,528,160,18.288,1.4835490395000024
1185.446,528,156,17.8308,1.4851637175000025
1185.506,528,151,17.2593,1.4854513725000034
1185.611,528,152,17.3736,1.4859581025000035
1185.702,528,170,19.431,1.486449275000003
1185.71,528,152,17.3736,1.486487883000003
1185.71,528,140,16.002,1.486487883000003
1185.902,528,170,19.431,1.487524203000003
1186.108,528,160,18.288,1.4885706830000025
1186.202,528,170,19.431,1.4890780480000028
1186.216,528,160,18.288,1.4891491680000022
1186.516,528,157,17.9451,1.4906445930000032
1186.518,528,152,17.3736,1.4906542450000029
1186.696,528,180,20.573999999999998,1.4916715150000022
1186.806,528,151,17.2593,1.4921988825000028
1186.906,528,155,17.7165,1.4926910075000024
1186.907,528,180,20.573999999999998,1.4926967225000023
1187.102,528,170,19.431,1.4937492350000032
1187.104,528,170,19.431,1.493760030000003
1187.125,528,162,18.5166,1.4938680435000027
1187.496,528,160,18.288,1.4957527235000032
1187.521,528,158,18.0594,1.4958781360000026
1187.613,528,154,17.6022,1.4963279700000032
1187.619,528,150,17.145,1.4963565450000025
1187.683,528,185,21.1455,1.496732465000003
1188.001,528,185,21.1455,1.4986003175000029
1188.204,528,170,19.431,1.4996960100000027
1188.226,528,164,18.7452,1.4998105640000037
1188.402,528,170,19.431,1.5007605240000033
1188.41,528,160,18.288,1.5008011640000034
1188.618,528,159,18.1737,1.5018512000000026
1188.663,528,185,21.1455,1.502115518750003
1188.805,528,155,17.7165,1.5028143362500033
1188.901,528,185,21.1455,1.5033782162500033
1189.096,528,180,20.573999999999998,1.504492641250003
1189.204,528,185,21.1455,1.5051270062500026
1189.404,528,170,19.431,1.506206506250003
1189.41,528,166,18.9738,1.5062381292500033
1189.427,528,160,18.288,1.5063244892500025
1189.505,528,171,19.5453,1.5067479707500036
1189.62,528,160,18.288,1.5073321707500025
1189.655,528,180,20.573999999999998,1.507532195750003
1190.003,528,180,20.573999999999998,1.5095210157500027
1190.096,528,180,20.573999999999998,1.5100525107500031
1190.401,528,185,21.1455,1.5118440045000034
1190.401,528,180,20.573999999999998,1.5118440045000034
1190.509,528,173,19.7739,1.5124372215000033
1190.509,528,170,19.431,1.5124372215000033
1190.516,528,168,19.2024,1.5124745595000035
1190.62,528,160,18.288,1.5130028795000026
1190.647,528,170,19.431,1.5131486120000028
1191.003,528,170,19.431,1.515070122000003
1191.096,528,185,21.1455,1.5156163807500034
1191.203,528,180,20.573999999999998,1.5162278857500031
1191.209,528,185,21.1455,1.5162631282500036
1191.528,528,170,19.431,1.5179849307500035
1191.604,528,181,20.688299999999998,1.5184216837500037
1191.653,528,170,19.431,1.5186861612500036
1191.705,528,175,20.0025,1.518975086250003
1191.705,528,170,19.431,1.518975086250003
1191.903,528,170,19.431,1.5200437912500036
1192.096,528,185,21.1455,1.5211774250000034
1192.103,528,170,19.431,1.5212152075000038
1192.504,528,184,21.0312,1.5235578495000028
1192.505,528,182,20.802599999999998,1.523563628000004
1192.604,528,185,21.1455,1.5241451292500037
1192.654,528,160,18.288,1.5243991292500034
1192.704,528,178,20.3454,1.5246817042500032
1192.802,528,170,19.431,1.525210659250003
1192.902,528,160,18.288,1.5257186592500036
1192.996,528,180,20.573999999999998,1.526255869250004
1193.115,528,170,19.431,1.5268981717500034
1193.508,528,183,20.9169,1.5291816000000036
1193.621,528,150,17.145,1.5297197625000039
1193.646,528,160,18.288,1.5298467625000032
1193.704,528,185,21.1455,1.530187440000003
1193.796,528,178,20.3454,1.5307073780000036
1193.801,528,184,21.0312,1.5307365880000028
1193.902,528,160,18.288,1.5312496680000034
1193.902,528,180,20.573999999999998,1.5312496680000034
1193.996,528,170,19.431,1.5317570330000037
1194.109,528,160,18.288,1.5323310730000028
1194.209,528,170,19.431,1.5328708230000037
1194.426,528,170,19.431,1.534042080500003
1194.504,528,176,20.1168,1.534477944500003
1194.704,528,182,20.802599999999998,1.5356336445000032
1194.707,528,185,21.1455,1.535651265750004
1194.804,528,185,21.1455,1.536221019500004
1194.811,528,150,17.145,1.5362543570000031
1194.92,528,160,18.288,1.5368080770000039
1195.206,528,160,18.288,1.538260957000003
1195.403,528,169,19.3167,1.5393180097500037
1195.403,528,170,19.431,1.5393180097500037
1195.409,528,174,19.8882,1.5393511567500042
1195.527,528,140,16.002,1.539875666750004
1195.653,528,150,17.145,1.540475741750004
1195.804,528,180,20.573999999999998,1.5413387067500044
1195.901,528,150,17.145,1.5418006692500044
1195.903,528,185,21.1455,1.541812416750004
1196.007,528,150,17.145,1.5423077167500043
1196.101,528,160,18.288,1.5427852367500046
1196.202,528,160,18.288,1.543298316750004
1196.406,528,167,19.0881,1.5443799757500039
1196.607,528,170,19.431,1.545464873250004
1196.616,528,180,20.573999999999998,1.545516308250004
1196.703,528,172,19.6596,1.545991415250004
1196.904,528,150,17.145,1.546948677750004
1196.999,528,140,16.002,1.5473709527500041
1197.102,528,150,17.145,1.5478614902500045
1197.209,528,159,18.1737,1.5484016530000044
1197.486,528,160,18.288,1.5498088130000047
1197.605,528,170,19.431,1.5504511155000043
1197.606,528,165,18.8595,1.550456354250004
1197.656,528,140,16.002,1.5506786042500038
1197.803,528,170,19.431,1.5514720367500048
1197.901,528,140,16.002,1.5519076467500046
1197.922,528,150,17.145,1.5520076592500043
1198.201,528,140,16.002,1.5532478142500044
1198.409,528,160,18.288,1.5543044542500049
1198.416,528,157,17.9451,1.554339347500004
1198.615,528,162,18.5166,1.5553629040000043
1198.652,528,130,14.859,1.5555156215000046
1198.803,528,170,19.431,1.5563306440000049
1198.896,528,150,17.145,1.556773556500004
1199.002,528,130,14.859,1.557211071500004
1199.022,528,149,17.0307,1.557305686500004
1199.496,528,140,16.002,1.5594126165000046
1199.502,528,155,17.7165,1.559442144000004
1199.596,528,140,16.002,1.559859974000004
1199.605,528,160,18.288,1.5599056940000042
1199.618,528,160,18.288,1.5599717340000039
1199.645,528,130,14.859,1.560083176500004
1199.997,528,130,14.859,1.5615360565000045
1200.196,528,150,17.145,1.5624837940000038
1200.2,528,130,14.859,1.5625003040000043
1200.206,528,140,16.002,1.5625269740000036
1200.207,528,147,16.8021,1.5625316412500045
1200.499,528,140,16.002,1.5638295812500043
1200.509,528,152,17.3736,1.5638778412500043
1200.536,528,150,17.145,1.5640064287500044
1200.655,528,120,13.716,1.564459818750004
1200.703,528,160,18.288,1.564703658750004
1200.803,528,120,13.716,1.5650846587500045
1201.2,528,130,14.859,1.5667232762500043
1201.407,528,140,16.002,1.5676433912500038
1201.421,528,150,17.145,1.5677100662500045
1201.446,528,145,16.5735,1.567825160000004
1201.502,528,138,15.7734,1.5680705240000041
1201.524,528,150,17.145,1.5681752990000037
1201.651,528,120,13.716,1.5686591690000045
1201.796,528,130,14.859,1.5692576565000045
1201.999,528,120,13.716,1.5700310865000044
1202.401,528,143,16.3449,1.5718562670000047
1202.496,528,130,14.859,1.5722483795000048
1202.604,528,150,17.145,1.5727627295000046
1202.605,528,136,15.5448,1.5727670475000046
1202.65,528,110,12.573,1.572924210000005
1202.696,528,120,13.716,1.5730994700000043
1202.701,528,140,16.002,1.5731216950000046
1202.796,528,130,14.859,1.5735138075000048
1202.999,528,110,12.573,1.5742227850000048
1203.103,528,120,13.716,1.574619025000005
1203.2,528,120,13.716,1.5749885950000049
1203.498,528,130,14.859,1.576218590000005
1203.499,528,134,15.3162,1.5762228445000048
1203.501,528,129,14.7447,1.5762310360000047
1203.506,528,140,16.002,1.576253261000005
1203.673,528,110,12.573,1.5768365085000047
1203.704,528,140,16.002,1.5769743035000043
1203.899,528,110,12.573,1.577655341000004
1204.199,528,110,12.573,1.5787030910000046
1204.406,528,127,14.5161,1.5795377667500041
1204.501,528,120,13.716,1.5798997167500042
1204.507,528,130,14.859,1.5799244817500044
1204.683,528,110,12.573,1.5805391617500042
1204.696,528,120,13.716,1.5805886917500038
1204.798,528,131,14.9733,1.5810129352500042
1204.901,528,140,16.002,1.5814707702500044
1204.904,528,110,12.573,1.5814812477500042
1205.099,528,110,12.573,1.582162285250004
1205.199,528,110,12.573,1.5825115352500043
1205.603,528,120,13.716,1.5840507752500044
1205.603,528,130,14.859,1.5840507752500044
1205.614,528,130,14.859,1.5840961777500042
1205.687,528,105,12.0015,1.5843395415000037
1205.696,528,119,13.6017,1.5843735457500037
1205.7,528,125,14.2875,1.5843894207500042
1205.998,528,105,12.0015,1.5853828782500041
1206.01,528,110,12.573,1.5854247882500039
1206.206,528,110,12.573,1.5861093182500037
1206.446,528,110,12.573,1.5869475182500037
1206.5,528,117,13.373099999999999,1.587148114750004
1206.604,528,120,13.716,1.587544354750004
1206.668,528,115,13.1445,1.5877780347500035
1206.7,528,122,13.9446,1.587901986750004
1206.8,528,130,14.859,1.5883147367500035
1206.804,528,115,13.1445,1.588329341750004
1206.917,528,105,12.0015,1.5887060555000034
1207.109,528,110,12.573,1.5893766155000035
1207.405,528,110,12.573,1.5904103955000037
1207.596,528,110,12.573,1.5910774630000037
1207.603,528,115,13.1445,1.591103021750004
1207.652,528,120,13.716,1.5912897117500038
1207.798,528,120,13.716,1.5918459717500035
1207.8,528,120,13.716,1.5918535917500034
1207.997,528,120,13.716,1.5926041617500037
1207.998,528,115,13.1445,1.5926078130000036
1208.098,528,105,12.0015,1.5929411880000033
1208.204,528,109,12.4587,1.5933080275000033
1208.5,528,110,12.573,1.5943418075000035
1208.602,528,113,12.9159,1.5947077580000037
1208.603,528,110,12.573,1.5947112505000036
1208.607,528,120,13.716,1.5947264905000034
1208.61,528,120,13.716,1.5947379205000032
1208.65,528,120,13.716,1.594890320500004
1208.998,528,120,13.716,1.5962162005000038
1209.198,528,115,13.1445,1.596946450500004
1209.204,528,107,12.2301,1.5969668340000034
1209.496,528,120,13.716,1.598079354000004
1209.506,528,110,12.573,1.598114279000004
1209.596,528,108,12.3444,1.5984228890000038
1209.611,528,110,12.573,1.598475276500004
1209.8,528,110,12.573,1.5991353590000035
1209.895,528,120,13.716,1.5994973090000035
1210.195,528,120,13.716,1.6006403090000034
1210.198,528,115,13.1445,1.600651262750004
1210.412,528,107,12.2301,1.6013782742500038
1210.416,528,109,12.4587,1.6013921172500034
1210.523,528,110,12.573,1.6017658147500033
1210.648,528,110,12.573,1.6022023772500034
1210.699,528,110,12.573,1.602380494750004
1210.896,528,120,13.716,1.6031310647500037
1210.997,528,110,12.573,1.6034838072500042
1211.003,528,120,13.716,1.6035066672500036
1211.398,528,111,12.6873,1.6048987460000035
1211.496,528,120,13.716,1.6052721260000042
1211.499,528,120,13.716,1.605283556000004
1211.519,528,105,12.0015,1.605350231000004
1211.602,528,116,13.258799999999999,1.6056559200000045
1211.61,528,100,11.43,1.605681320000004
1211.616,528,110,12.573,1.6057022750000043
1211.654,528,100,11.43,1.6058229250000042
1211.996,528,100,11.43,1.6069087750000046
1212.203,528,120,13.716,1.607697445000004
1212.396,528,110,12.573,1.608371497500004
1212.496,528,120,13.716,1.6087524975000045
1212.499,528,120,13.716,1.6087639275000043
1212.5,528,113,12.9159,1.6087675152500043
1212.615,528,105,12.0015,1.6091508965000043
1212.698,528,117,13.373099999999999,1.6094592207500047
1212.894,528,100,11.43,1.6100815207500043
1213.197,528,100,11.43,1.6110435457500039
1213.499,528,120,13.716,1.6121941657500043
1213.499,528,119,13.6017,1.6121941657500043
1213.527,528,115,13.1445,1.6122964007500045
1213.642,528,95,10.8585,1.6126432695000046
1213.696,528,120,13.716,1.612849009500004
1213.696,528,110,12.573,1.612849009500004
1213.899,528,95,10.8585,1.613461308250004
1213.996,528,119,13.6017,1.6138277985000047
1214.002,528,100,11.43,1.6138468485000041
1214.396,528,100,11.43,1.6150977985000041
1214.498,528,109,12.4587,1.6154507950000043
1214.502,528,120,13.716,1.615466035000004
1214.518,528,120,13.716,1.6155269950000044
1214.61,528,50,5.715,1.6156730450000043
1214.647,528,85,9.7155,1.6157728987500044
1214.798,528,120,13.716,1.6163482087500047
1214.902,528,85,9.7155,1.616628878750005
1215.196,528,95,10.8585,1.6175156562500046
1215.202,528,100,11.43,1.617534706250005
1215.286,528,117,13.373099999999999,1.6178467452500052
1215.396,528,100,11.43,1.618195995250005
1215.498,528,107,12.2301,1.6185425147500052
1215.598,528,115,13.1445,1.6189076397500048
1215.698,528,120,13.716,1.6192886397500053
1215.798,528,120,13.716,1.619669639750005
1215.802,528,50,5.715,1.6196759897500048
1216.096,528,85,9.7155,1.6204694222500051
1216.2,528,95,10.8585,1.6207831122500052
1216.396,528,99,11.3157,1.6213991892500048
1216.498,528,100,11.43,1.621723039250005
1216.6,528,113,12.9159,1.6220889897500046
1216.673,0,0,0.0,1.6220889897500046
1216.697,528,105,12.0015,1.6221689997500042
1216.797,528,120,13.716,1.6225499997500046
1216.901,0,0,0.0,1.6225499997500046
1217.001,528,50,5.715,1.6227087497500043
1217.107,528,85,9.7155,1.6229948172500044
1217.396,528,98,11.2014,1.6238940407500044
1217.399,528,94,10.7442,1.6239029942500043
1217.497,528,100,11.43,1.6242141442500049
1217.687,0,0,0.0,1.6242141442500049
1217.795,528,110,12.573,1.6245913342500056
1217.797,528,102,11.6586,1.6245978112500055
1217.992,0,0,0.0,1.6245978112500055
1218.095,0,0,0.0,1.6245978112500055
1218.111,528,50,5.715,1.6246232112500056
1218.208,528,81,9.2583,1.6248726710000057
1218.407,528,92,10.5156,1.6254539500000051
1218.6,528,97,11.0871,1.6260483417500051
1218.691,105,10,1.143,1.6260772342500052
1218.697,528,100,11.43,1.6260962842500046
1218.802,528,100,11.43,1.6264296592500047
1218.992,105,10,1.143,1.6264899842500047
1219.195,0,0,0.0,1.6264899842500047
1219.195,0,0,0.0,1.6264899842500047
1219.296,475,45,5.1434999999999995,1.6266342880000049
1219.396,528,74,8.4582,1.6268692380000047
1219.497,528,90,10.286999999999999,1.627157845500005
1219.498,528,96,10.9728,1.627160893500005
1219.687,211,20,2.286,1.6272809085000048
1219.797,528,100,11.43,1.6276301585000053
1219.994,211,20,2.286,1.6277552535000053
1220.092,0,0,0.0,1.6277552535000053
1220.114,0,0,0.0,1.6277552535000053
1220.292,105,10,1.143,1.6278117685000053
1220.295,369,35,4.0005,1.6278151022500056
1220.497,528,67,7.6581,1.6282448067500055
1220.61,528,87,9.9441,1.628556941000005
1220.689,211,20,2.286,1.6286071060000051
1220.796,528,95,10.8585,1.6289298447500051
1221.094,211,20,2.286,1.629119074750005
1221.194,211,20,2.286,1.629182574750005
1221.2,105,10,1.143,1.629184479750005
1221.201,10,1,0.1143,1.629184511500005
1221.295,0,0,0.0,1.629184511500005
1221.401,264,25,2.8575,1.629268649000005
1221.598,528,60,6.858,1.6296439340000048
1221.692,316,30,3.429,1.629733469000005
1221.702,528,85,9.7155,1.629760456500005
1221.891,316,30,3.429,1.6299404790000052
1222.294,211,20,2.286,1.630196384000005
1222.416,105,10,1.143,1.630235119000005
1222.476,0,0,0.0,1.630235119000005
1222.495,115,11,1.2573,1.630241754750005
1222.495,31,3,0.3429,1.630241754750005
1222.609,528,50,5.715,1.6304227297500051
1222.69,422,40,4.572,1.6305255997500052
1222.993,422,40,4.572,1.6309104097500051
1223.276,211,20,2.286,1.6310901147500052
1223.294,316,30,3.429,1.6311072597500051
1223.294,211,20,2.286,1.6311072597500051
1223.501,136,13,1.4859,1.6311926990000052
1223.506,0,0,0.0,1.6311926990000052
1223.611,0,0,0.0,1.6311926990000052
1223.693,528,50,5.715,1.631322874000005
1223.695,52,5,0.5715,1.631323191500005
1223.993,528,50,5.715,1.631796266500005
1224.194,422,40,4.572,1.632051536500005
1224.276,211,20,2.286,1.632103606500005
1224.493,232,22,2.5146,1.6322551810000048
1224.519,0,0,0.0,1.6322551810000048
1224.595,211,20,2.286,1.6323034410000048
1224.69,528,60,6.858,1.632484416000005
1224.695,158,15,1.7145,1.6324867972500048
1224.695,84,8,0.9144,1.6324867972500048
1224.893,528,60,6.858,1.632863987250005
1225.276,316,30,3.429,1.633228794750005
1225.294,528,50,5.715,1.633257369750005
1225.687,528,60,6.858,1.6340060347500047
1225.695,211,20,2.286,1.6340111147500047
1225.792,179,17,1.9431,1.6340634705000048
1225.895,105,10,1.143,1.6340961730000048
1225.899,528,60,6.858,1.6341037930000046
1226.093,528,60,6.858,1.634473363000005
1226.266,422,40,4.572,1.634693073000005
1226.276,326,31,3.5433,1.634702915500005
1226.276,253,24,2.7432,1.634702915500005
1226.495,432,41,4.6863,1.634987998750005
1226.597,347,33,3.7719,1.635094869250005
1226.602,211,20,2.286,1.635098044250005
1226.607,211,20,2.286,1.635101219250005
1226.616,528,75,8.5725,1.635122650500005
1226.688,528,75,8.5725,1.6352941005000052
1226.694,274,26,2.9718,1.6352990535000052
1226.898,528,75,8.5725,1.635784828500005
1227.104,528,60,6.858,1.6361772585000052
1227.205,528,60,6.858,1.636369663500005
1227.266,528,50,5.715,1.6364665010000052
1227.293,528,51,5.8293,1.6365102207500049
1227.495,453,43,4.9149,1.6367860012500048
1227.597,369,35,4.0005,1.636899348750005
1227.794,295,28,3.2004,1.6370744817500051
1227.805,528,75,8.5725,1.637100675500005
1227.894,211,20,2.286,1.637157190500005
1227.913,528,75,8.5725,1.6372024342500051
1228.204,528,60,6.858,1.637756789250005
1228.5,528,53,6.0579,1.638254883250005
1228.685,528,90,10.286999999999999,1.6387835207500048
1228.691,400,38,4.3434,1.6387907597500049
1228.694,475,45,5.1434999999999995,1.6387950460000047
1228.794,316,30,3.429,1.638890296000005
1228.991,528,90,10.286999999999999,1.6394532235000046
1228.992,528,75,8.5725,1.6394556047500044
1229.098,528,75,8.5725,1.6397080172500045
1229.193,528,63,7.2009,1.6398980410000046
1229.266,528,60,6.858,1.6400371060000047
1229.494,528,60,6.858,1.6404714460000045
1229.597,528,55,6.2865,1.6406513097500046
1229.687,528,95,10.8585,1.6409227722500044
1229.793,506,48,5.4864,1.6410843162500044
1229.893,422,40,4.572,1.6412113162500046
1229.989,528,95,10.8585,1.6415008762500045
1230.092,528,75,8.5725,1.6417461450000046
1230.095,528,90,10.286999999999999,1.6417547175000045
1230.206,528,75,8.5725,1.6420190362500042
1230.604,528,60,6.858,1.6427772262500044
1230.689,528,105,12.0015,1.6430605950000046
1230.697,528,58,6.6293999999999995,1.6430753270000042
1230.793,528,50,5.715,1.6432277270000042
1230.989,528,105,12.0015,1.6438811420000046
1231.256,528,66,7.5438,1.6444406405000047
1231.292,528,95,10.8585,1.6445492255000043
1231.292,528,76,8.6868,1.6445492255000043
1231.396,528,75,8.5725,1.6447968755000044
1231.406,528,69,7.8867,1.6448187830000045
1231.511,528,60,6.858,1.6450188080000046
1231.686,528,110,12.573,1.6456299955000044
1231.893,528,60,6.858,1.6460243305000046
1232.091,528,110,12.573,1.6467158455000042
1232.091,528,105,12.0015,1.6467158455000042
1232.246,528,90,10.286999999999999,1.6471587580000047
1232.292,528,95,10.8585,1.647297505500004
1232.292,528,79,9.0297,1.647297505500004
1232.405,528,75,8.5725,1.6475665867500042
1232.601,528,73,8.3439,1.6480208657500046
1232.683,528,115,13.1445,1.6483202682500042
1232.693,528,60,6.858,1.6483393182500041
1232.891,528,115,13.1445,1.6490622657500045
1233.256,528,90,10.286999999999999,1.6501052532500045
1233.289,528,96,10.9728,1.6502058372500041
1233.289,528,91,10.401299999999999,1.6502058372500041
1233.291,528,110,12.573,1.6502128222500039
1233.456,528,82,9.3726,1.6506423997500037
1233.515,528,75,8.5725,1.6507828935000042
1233.684,528,125,14.2875,1.6514536122500036
1233.698,528,75,8.5725,1.651486949750004
1233.888,528,125,14.2875,1.6522410122500033
1234.226,528,105,12.0015,1.653367819750004
1234.291,528,115,13.1445,1.6536051510000034
1234.291,528,110,12.573,1.6536051510000034
1234.411,528,85,9.7155,1.6539290010000036
1234.492,528,98,11.2014,1.6541810325000033
1234.518,528,75,8.5725,1.6542429450000034
1234.682,528,130,14.859,1.6549198550000033
1234.894,528,130,14.859,1.6557948850000033
1235.19,528,125,14.2875,1.6569696350000034
1235.246,528,106,12.1158,1.6571581030000035
1235.256,528,92,10.5156,1.6571873130000034
1235.492,528,111,12.6873,1.658019036000003
1235.496,528,100,11.43,1.6580317360000036
1235.519,528,90,10.286999999999999,1.6580974585000035
1235.594,528,94,10.7442,1.6583212960000036
1235.595,528,107,12.2301,1.6583246932500035
1235.692,528,140,16.002,1.6587558582500035
1235.99,528,140,16.002,1.6600804682500034
1236.194,528,125,14.2875,1.6608900932500033
1236.197,528,130,14.859,1.660902475750003
1236.236,528,115,13.1445,1.661044874500004
1236.291,528,116,13.258799999999999,1.6612474395000034
1236.688,528,150,17.145,1.6631381520000041
1236.692,528,108,12.3444,1.663151868000004
1236.792,528,103,11.7729,1.6634788930000035
1236.792,528,95,10.8585,1.6634788930000035
1236.89,528,150,17.145,1.6639456180000043
1237.09,528,140,16.002,1.6648346180000035
1237.246,528,112,12.8016,1.6653893540000042
1237.296,528,130,14.859,1.665595729000004
1237.491,528,125,14.2875,1.666369635250004
1237.594,528,118,13.4874,1.666755524750004
1237.687,528,160,18.288,1.6672279647500032
1237.689,528,113,12.9159,1.6672351402500039
1237.691,528,109,12.4587,1.6672420617500037
1237.891,528,105,12.0015,1.6679088117500038
1237.895,528,160,18.288,1.6679291317500033
1238.09,528,150,17.145,1.668857819250003
1238.29,528,140,16.002,1.6697468192500031
1238.495,528,126,14.4018,1.6705669217500028
1238.594,528,120,13.716,1.6709441117500035
1238.681,528,160,18.288,1.6713860717500033
1238.788,528,114,13.0302,1.6717733582500032
1238.889,528,110,12.573,1.6721261007500028
1238.889,528,160,18.288,1.6721261007500028
1239.001,528,160,18.288,1.6726950607500033
1239.106,528,150,17.145,1.6731951232500033
1239.236,528,131,14.9733,1.6737358257500037
1239.596,528,133,15.2019,1.6752560157500032
1239.686,528,170,19.431,1.6757417907500027
1239.69,528,127,14.5161,1.6757579197500032
1239.79,528,123,14.0589,1.6761484447500028
1239.791,528,115,13.1445,1.6761520960000027
1239.796,528,141,16.1163,1.676174479750003
1239.886,528,170,19.431,1.6766602547500027
1239.908,528,160,18.288,1.6767720147500023
1240.098,528,160,18.288,1.6777372147500025
1240.295,528,152,17.3736,1.678687936750003
1240.397,528,143,16.3449,1.6791510422500022
1240.491,528,135,15.4305,1.6795539497500025
1240.681,528,180,20.573999999999998,1.6806397997500029
1240.696,528,129,14.7447,1.6807012360000024
1240.89,528,125,14.2875,1.6814711735000032
1241.089,528,180,20.573999999999998,1.6826084585000023
1241.089,528,170,19.431,1.6826084585000023
1241.089,528,160,18.288,1.6826084585000023
1241.189,528,160,18.288,1.683116458500003
1241.49,528,154,17.6022,1.6845881980000026
1241.595,528,145,16.5735,1.6850715917500028
1241.603,528,130,14.859,1.6851046117500028
1241.688,528,190,21.717,1.6856173742500031
1241.695,528,138,15.7734,1.6856480447500024
1241.985,528,190,21.717,1.6873974697500023
1242.189,528,170,19.431,1.6884985597500033
1242.189,528,161,18.4023,1.6884985597500033
1242.211,528,160,18.288,1.6886103197500029
1242.288,528,180,20.573999999999998,1.6890503747500027
1242.49,528,156,17.8308,1.6900508807500028
1242.597,528,148,16.9164,1.6905536737500027
1242.686,528,200,22.86,1.6911188237500023
1242.796,528,140,16.002,1.6916077737500028
1242.885,528,200,22.86,1.6921729237500025
1243.186,528,190,21.717,1.693988706250002
1243.292,528,180,20.573999999999998,1.6945944962500021
1243.292,528,171,19.5453,1.6945944962500021
1243.4,528,160,18.288,1.6951431362500031
1243.496,528,163,18.6309,1.6956399602500032
1243.515,528,159,18.1737,1.6957358770000033
1243.679,528,235,26.8605,1.696959522000003
1243.79,528,150,17.145,1.6974881595000024
1243.887,528,235,26.8605,1.6982119007500023
1244.285,528,200,22.86,1.700739200750003
1244.489,528,181,20.688299999999998,1.7019115377500027
1244.49,528,173,19.7739,1.7019170305000026
1244.515,528,160,18.288,1.702044030500003
1244.609,528,160,18.288,1.7025215505000022
1244.684,528,220,25.146,1.7030454255000025
1244.985,528,220,25.146,1.705147910500002
1245.193,528,200,22.86,1.7064687105000025
1245.196,528,190,21.717,1.706486808000002
1245.226,528,165,18.8595,1.706643970500003
1245.288,528,235,26.8605,1.7071065680000022
1245.288,528,191,21.8313,1.7071065680000022
1245.489,528,183,20.9169,1.7082744282500022
1245.49,528,167,19.0881,1.7082797305000021
1245.589,528,175,20.0025,1.7088297992500017
1245.683,528,225,25.7175,1.709501311750002
1245.689,528,160,18.288,1.7095317917500024
1245.887,528,225,25.7175,1.7109462542500014
1246.187,528,220,25.146,1.713041754250001
1246.397,528,185,21.1455,1.7142752417500011
1246.489,528,207,23.6601,1.7148798887500019
1246.49,528,178,20.3454,1.7148855402500016
1246.515,528,170,19.431,1.7150204777500022
1246.588,528,193,22.0599,1.7154678035000015
1246.683,528,250,28.575,1.7162218660000017
1246.986,528,250,28.575,1.7186269285000026
1247.192,528,225,25.7175,1.720098541000002
1247.216,528,235,26.8605,1.720277611000001
1247.287,528,220,25.146,1.720773546000002
1247.489,528,214,24.4602,1.722146035000002
1247.508,528,180,20.573999999999998,1.722254620000002
1247.686,528,230,26.289,1.7235544650000012
1247.688,528,195,22.2885,1.7235668475000023
1247.786,528,187,21.3741,1.724148698000002
1247.893,528,230,26.289,1.7249300655000017
1248.1,528,250,28.575,1.7265731280000007
1248.206,528,233,26.631899999999998,1.7273572895000007
1248.293,528,225,25.7175,1.7279787957500006
1248.49,528,220,25.146,1.7293548407500015
1248.591,528,230,26.289,1.7300923932500005
1248.679,528,240,27.432,1.730762953250002
1248.688,528,221,25.2603,1.7308261040000021
1248.691,528,198,22.6314,1.7308449635000016
1248.788,528,190,21.717,1.7314301160000014
1248.797,528,240,27.432,1.7314986960000016
1249.092,528,230,26.289,1.7336529335000022
1249.293,528,250,28.575,1.7352483710000006
1249.488,528,221,25.2603,1.7366166372500018
1249.591,528,227,25.9461,1.7373589840000006
1249.682,528,245,28.0035,1.7380668502500014
1249.785,528,228,26.0604,1.7388124672500018
1249.887,528,200,22.86,1.739460167250001
1249.986,528,245,28.0035,1.7402302635000022
1249.986,528,240,27.432,1.7402302635000022
1250.103,528,230,26.289,1.741084656000002
1250.206,528,227,25.9461,1.7418270027500007
1250.493,528,232,26.517599999999998,1.743941044750001
1250.594,528,223,25.4889,1.7446561500000017
1250.682,528,255,29.1465,1.7453686200000014
1250.685,528,235,26.8605,1.745391003750001
1250.687,528,222,25.3746,1.7454051007500007
1250.983,528,255,29.1465,1.747801590750001
1251.086,528,245,28.0035,1.7486028020000015
1251.101,528,240,27.432,1.7487171020000023
1251.199,528,232,26.517599999999998,1.749438970000002
1251.256,528,248,28.3464,1.749887788000002
1251.592,528,237,27.0891,1.7524161040000021
1251.676,528,255,29.1465,1.7530961890000007
1251.693,528,224,25.6032,1.753217093000001
1251.887,528,220,25.146,1.7545721830000007
1251.983,528,255,29.1465,1.7553494230000009
1252.186,528,245,28.0035,1.7569285092500007
1252.196,528,244,27.8892,1.7570059792500006
1252.199,528,241,27.5463,1.7570289345000019
1252.286,528,255,29.1465,1.7577333082500017
1252.498,528,240,27.432,1.7593487482500016
1252.685,528,275,31.4325,1.7609814920000009
1252.787,528,245,28.0035,1.7617749245000016
1252.787,528,225,25.7175,1.7617749245000016
1252.985,528,275,31.4325,1.7635037120000003
1253.105,528,247,28.2321,1.7644447820000013
1253.276,528,234,26.746199999999998,1.7657152265000018
1253.283,528,255,29.1465,1.7657719002500005
1253.283,528,255,29.1465,1.7657719002500005
1253.286,528,242,27.6606,1.7657949507500017
1253.487,528,236,26.9748,1.7673010437500019
1253.595,528,234,26.746199999999998,1.7681034297500016
1253.681,528,265,30.2895,1.7688270122500016
1253.792,528,250,28.575,1.7697080747500007
1253.982,528,265,30.2895,1.7713066872500012
1254.105,528,255,29.1465,1.7723025260000016
1254.185,528,275,31.4325,1.7730010260000009
1254.205,528,249,28.4607,1.7731591410000007
1254.285,528,255,29.1465,1.773806841000002
1254.599,528,239,27.3177,1.776189551500001
1254.683,528,275,31.4325,1.7769229765000016
1254.787,528,230,26.289,1.777682436500002
1254.884,528,275,31.4325,1.7785293677500018
1255.196,528,243,27.7749,1.780936525750001
1255.285,528,265,30.2895,1.7816853495000025
1255.406,528,244,27.8892,1.7826227365000014
1255.486,528,257,29.3751,1.7832755165000027
1255.487,528,255,29.1465,1.7832836127500025
1255.681,528,270,30.861,1.784946677750002
1255.687,528,240,27.432,1.784992397750001
1255.984,528,270,30.861,1.7875384302500013
1256.186,528,275,31.4325,1.7893021427500013
1256.196,528,251,28.6893,1.7893818352500013
1256.284,528,275,31.4325,1.790150185250003
1256.285,528,265,30.2895,1.7901585990000028
1256.486,528,261,29.8323,1.791824235750003
1256.497,528,253,28.9179,1.7919125960000026
1256.601,528,245,28.0035,1.792721586000003
1256.676,528,280,32.004,1.7933883360000014
1256.686,528,255,29.1465,1.7934692985000014
1256.984,528,280,32.004,1.7961185185000015
1257.184,528,270,30.861,1.7978330185000018
1257.186,528,274,31.3182,1.7978504175000014
1257.483,528,267,30.5181,1.8003681607500017
1257.51,528,255,29.1465,1.800586759500002
1257.585,528,272,31.0896,1.8012344595000025
1257.677,528,290,33.147,1.8020815495000013
1257.685,528,265,30.2895,1.8021488595000017
1257.686,528,255,29.1465,1.8021569557500015
1257.883,528,290,33.147,1.8039708332500026
1258.176,528,275,31.4325,1.8065290895000017
1258.284,528,280,32.004,1.8074892095000032
1258.681,528,290,33.147,1.8111445870000027
1258.685,528,270,30.861,1.811178877000002
1258.783,528,269,30.7467,1.8120158705000016
1258.885,528,255,29.1465,1.8128416880000022
1258.889,528,290,33.147,1.8128785180000013
1259.083,528,290,33.147,1.814664773000003
1259.176,528,269,30.7467,1.8154590627500016
1259.176,528,270,30.861,1.8154590627500016
1259.176,528,274,31.3182,1.8154590627500016
1259.485,528,271,30.9753,1.8181177760000014
1259.588,528,273,31.2039,1.819010554250002
1259.593,528,267,30.5181,1.8190529405000029
1259.598,528,275,31.4325,1.819096596750002
1259.681,528,290,33.147,1.8198608192500028
1259.684,528,271,30.9753,1.8198866320000022
1259.889,528,290,33.147,1.8217741695000016
1260.094,528,290,33.147,1.823661707000003
1260.176,528,280,32.004,1.824390687000002
1260.196,528,290,33.147,1.824574837000002
1260.284,528,281,32.1183,1.8253599510000036
1260.485,528,273,31.2039,1.8271021687500018
1260.588,528,272,31.0896,1.8279916767500024
1260.681,528,290,33.147,1.828847974250003
1260.784,528,274,31.3182,1.8297440227500035
1260.885,528,265,30.2895,1.8305938115000024
1260.887,528,290,33.147,1.830612226500002
1260.903,528,290,33.147,1.8307595465000026
1261.099,528,290,33.147,1.8325642165000018
1261.483,528,271,30.9753,1.835868248500002
1261.491,528,283,32.3469,1.8359401305000023
1261.677,528,300,34.29,1.8377117805000016
1261.684,528,275,31.4325,1.8377728992500022
1261.782,528,275,31.4325,1.8386285617500018
1261.982,528,300,34.29,1.8405335617500023
1261.983,528,290,33.147,1.840542769250002
1262.083,528,290,33.147,1.8414635192500033
1262.176,528,290,33.147,1.842319816750002
1262.289,528,290,33.147,1.8433602642500024
1262.589,528,285,32.5755,1.846074889250002
1262.679,528,310,35.433,1.8469607142500035
1262.69,528,278,31.7754,1.8470578057500033
1262.884,528,270,30.861,1.848720870750003
1262.98,528,310,35.433,1.849665750750003
1263.095,528,290,33.147,1.850724613250003
1263.183,528,300,34.29,1.8515628132500026
1263.194,528,290,33.147,1.8516640957500023
1263.206,528,290,33.147,1.8517745857500019
1263.593,528,290,33.147,1.8553378882500033
1263.596,528,290,33.147,1.8553655107500027
1263.679,528,315,36.0045,1.8561956145000036
1263.689,528,288,32.9184,1.8562870545000034
1263.784,528,280,32.004,1.8571316045000037
1263.982,528,315,36.0045,1.8591118520000023
1264.186,528,292,33.3756,1.861003136000002
1264.283,528,310,35.433,1.8619578585000016
1264.4,528,290,33.147,1.8630351360000033
1264.501,528,290,33.147,1.8639650935000023
1264.682,528,330,37.719,1.8658615210000027
1264.696,528,290,33.147,1.8659904260000018
1264.883,528,290,33.147,1.867712228500003
1264.982,528,330,37.719,1.8687495010000021
1265.08,528,315,36.0045,1.8697296235000016
1265.166,528,300,34.29,1.8705487735000017
1265.283,528,310,35.433,1.8717003460000012
1265.283,528,294,33.6042,1.8717003460000012
1265.396,528,290,33.147,1.8727407935000018
1265.588,528,290,33.147,1.8745086335000019
1265.677,528,345,39.4335,1.8754835172500013
1265.684,528,290,33.147,1.875547969750002
1265.882,528,345,39.4335,1.877716812250003
1266.166,528,301,34.4043,1.8804309292500019
1266.28,528,310,35.433,1.8815529742500021
1266.282,528,330,37.719,1.8815739292500016
1266.481,528,303,34.6329,1.8834883590000022
1266.499,528,290,33.147,1.8836540940000024
1266.675,528,360,41.147999999999996,1.8856657740000016
1266.691,528,290,33.147,1.8858130940000022
1266.879,528,360,41.147999999999996,1.8879619340000007
1267.136,528,315,36.0045,1.8905322552500012
1267.166,528,296,33.8328,1.890814195250001
1267.282,528,345,39.4335,1.8920848302500008
1267.286,528,330,37.719,1.8921267402500022
1267.402,528,298,34.0614,1.893224274250002
1267.484,528,311,35.5473,1.894033962750001
1267.504,528,290,33.147,1.8942181127500008
1267.673,528,360,41.147999999999996,1.896149782750002
1267.884,528,360,41.147999999999996,1.8985615127500022
1268.156,528,316,36.1188,1.9012904887500015
1268.182,528,360,41.147999999999996,1.9015876687500022
1268.196,528,305,34.8615,1.9017232412500011
1268.483,528,331,37.8333,1.9047393960000014
1268.509,528,300,34.29,1.904987046000002
1268.585,528,308,35.2044,1.9057302500000022
1268.586,528,319,36.4617,1.905740378250002
1268.674,528,345,39.4335,1.9067043082500017
1268.683,528,312,35.6616,1.9067934622500018
1268.981,528,345,39.4335,1.9100576797500017
1269.156,528,345,39.4335,1.9119745860000013
1269.188,528,360,41.147999999999996,1.912340346000003
1269.281,528,360,41.147999999999996,1.9134033360000013
1269.282,528,348,39.7764,1.9134143850000012
1269.483,528,334,38.1762,1.9155458895000015
1269.68,528,355,40.5765,1.9177663257500028
1269.683,528,322,36.8046,1.917796996250002
1269.782,528,314,35.8902,1.9187839767500015
1269.881,528,355,40.5765,1.9198998305000032
1269.883,528,310,35.433,1.9199195155000028
1270.086,528,345,39.4335,1.9221431267500027
1270.287,528,360,41.147999999999996,1.924440556750003
1270.483,528,360,41.147999999999996,1.926680836750002
1270.585,528,351,40.1193,1.9278175502500028
1270.68,528,360,41.147999999999996,1.9289034002500032
1270.68,528,337,38.5191,1.9289034002500032
1270.682,528,327,37.3761,1.9289241647500026
1270.782,528,315,36.0045,1.9299242897500017
1270.886,528,360,41.147999999999996,1.9311130097500022
1270.996,528,355,40.5765,1.9323528472500036
1271.282,528,345,39.4335,1.9354856197500017
1271.285,528,358,40.9194,1.9355197192500035
1271.486,528,360,41.147999999999996,1.9378171492500038
1271.487,528,354,40.4622,1.9378283887500036
1271.676,528,375,42.8625,1.940078670000002
1271.78,528,342,39.0906,1.9412079540000025
1271.879,528,330,37.719,1.9422452265000016
1271.98,528,375,42.8625,1.943447757750003
1271.992,528,360,41.147999999999996,1.9435849177500022
1272.097,528,355,40.5765,1.9447683990000024
1272.292,528,346,39.5478,1.9469105715000017
1272.586,528,355,40.5765,1.9502243190000028
1272.679,528,375,42.8625,1.9513316002500036
1272.681,528,360,41.147999999999996,1.951354460250003
1272.782,528,358,40.9194,1.9525024767500017
1272.782,528,345,39.4335,1.9525024767500017
1272.877,528,375,42.8625,1.953633570500002
1272.9,528,375,42.8625,1.9539074142500037
1273.089,528,360,41.147999999999996,1.956067684250002
1273.286,528,355,40.5765,1.9582881205000033
1273.482,528,352,40.2336,1.9604786165000023
1273.675,528,375,42.8625,1.962776522750002
1273.687,528,360,41.147999999999996,1.9629136827500013
1273.881,528,360,41.147999999999996,1.9651311027500036
1274.077,528,375,42.8625,1.9674647277500026
1274.079,528,375,42.8625,1.967488540250002
1274.08,528,375,42.8625,1.9675004465000017
1274.18,528,361,41.262299999999996,1.9686466215000031
1274.216,528,348,39.7764,1.9690443855000013
1274.481,528,356,40.6908,1.9720396805000024
1274.585,528,350,40.005,1.9731953805000029
1274.595,528,360,41.147999999999996,1.9733096805000028
1274.673,528,385,44.0055,1.9742631330000024
1274.687,528,348,39.7764,1.9744178190000012
1274.979,528,385,44.0055,1.977987154000003
1275.179,528,375,42.8625,1.9803684040000034
1275.18,528,375,42.8625,1.980380310250003
1275.2,528,364,41.605199999999996,1.9806114502500027
1275.279,528,375,42.8625,1.981552044000002
1275.586,528,353,40.3479,1.9849928232500023
1275.676,528,390,44.577,1.9861072482500013
1275.787,528,345,39.4335,1.9873231145000023
1275.876,528,390,44.577,1.9884251570000016
1276.076,528,385,44.0055,1.9908699070000022
1276.246,528,357,40.8051,1.992796814500003
1276.283,528,375,42.8625,1.9932373457500008
1276.283,528,375,42.8625,1.9932373457500008
1276.286,528,375,42.8625,1.9932730645000027
1276.502,528,359,41.033699999999996,1.9957350865000016
1276.676,528,400,45.72,1.9979448865000013
1276.787,528,355,40.5765,1.9991959952500025
1276.882,528,400,45.72,2.000402495250003
1277.246,528,367,41.9481,2.0046439142500034
1277.279,528,390,44.577,2.0050525367500023
1277.48,528,377,43.0911,2.0074584565000024
1277.501,528,372,42.5196,2.007706487500002
1277.583,528,375,42.8625,2.008682800000003
1277.601,528,360,41.147999999999996,2.008888540000003
1277.676,528,400,45.72,2.009841040000001
1277.976,528,400,45.72,2.013651040000003
1278.096,528,385,44.0055,2.0151178900000017
1278.166,528,375,42.8625,2.015951327500001
1278.184,528,390,44.577,2.0161742125000015
1278.279,528,400,45.72,2.017380712500002
1278.279,528,385,44.0055,2.017380712500002
1278.48,528,379,43.3197,2.019799395750002
1278.481,528,375,42.8625,2.0198113020000017
1278.597,528,375,42.8625,2.0211924270000017
1278.674,528,405,46.2915,2.0221825507500015
1278.68,528,375,42.8625,2.0222539882500024
1278.878,528,405,46.2915,2.0248000207500008
1279.178,528,400,45.72,2.028610020750003
1279.478,528,381,43.5483,2.0322390457500026
1279.479,528,391,44.6913,2.032251460000002
1279.48,528,375,42.8625,2.032263366250002
1279.508,528,375,42.8625,2.032596741250002
1279.579,528,386,44.1198,2.0334668817500012
1279.675,528,415,47.4345,2.0347318017500013
1279.978,528,415,47.4345,2.038724205500003
1280.126,528,400,45.72,2.0406038055000018
1280.176,528,400,45.72,2.0412388055000013
1280.182,528,405,46.2915,2.0413159580000024
1280.483,528,393,44.9199,2.0450717607500017
1280.499,528,375,42.8625,2.0452622607500026
1280.669,528,415,47.4345,2.0475022232500035
1280.679,528,387,44.2341,2.0476250957500035
1280.777,528,383,43.7769,2.048816800250003
1280.886,528,415,47.4345,2.050253011500002
1281.083,528,415,47.4345,2.0528487327500033
1281.126,528,400,45.72,2.053394832750002
1281.284,528,405,46.2915,2.0554265152500033
1281.481,528,400,45.72,2.057928415250002
1281.582,528,400,45.72,2.059211115250003
1281.668,528,420,48.006,2.0603579252500004
1281.679,528,395,45.1485,2.060495879000003
1281.679,528,389,44.4627,2.060495879000003
1281.779,528,385,44.0055,2.061718254000002
1281.787,528,420,48.006,2.0618249340000023
1282.083,528,415,47.4345,2.065725104000003
1282.283,528,415,47.4345,2.0683603540000006
1282.48,528,400,45.72,2.070862254000002
1282.677,528,425,48.5775,2.0735205227500004
1282.776,528,398,45.4914,2.0747715362500023
1282.879,528,390,44.577,2.0760469337500003
1282.88,528,425,48.5775,2.076060427500003
1282.982,528,420,48.006,2.077420597500001
1283.083,528,415,47.4345,2.0787513987500024
1283.116,528,406,46.4058,2.079176785250001
1283.176,528,401,45.8343,2.0799406902500004
1283.483,528,408,46.6344,2.0839175682500004
1283.592,528,400,45.72,2.0853018682500024
1283.677,528,430,49.149,2.08646233075
1283.678,528,402,45.9486,2.0864750942500025
1283.779,528,400,45.72,2.087757794250001
1283.974,528,430,49.149,2.0904200317500004
1283.98,528,425,48.5775,2.0905009942500015
1284.092,528,420,48.006,2.0919945142500027
1284.166,528,415,47.4345,2.092969556750001
1284.193,528,415,47.4345,2.0933253155000013
1284.583,528,410,46.863,2.098402140500003
1284.669,528,415,47.4345,2.099535298000003
1284.684,528,404,46.1772,2.099727703000001
1284.879,528,400,45.72,2.1022042030000003
1284.974,528,415,47.4345,2.1034559467500005
1285.08,528,425,48.5775,2.1048862842500005
1285.126,528,415,47.4345,2.1054923917500012
1285.174,528,430,49.149,2.106147711750001
1285.192,528,420,48.006,2.1063877417500017
1285.49,528,415,47.4345,2.1103142642500017
1285.649,528,425,48.5775,2.1124597705
1285.778,528,413,47.2059,2.1141513152500018
1285.778,528,405,46.2915,2.1141513152500018
1285.876,528,425,48.5775,2.115473702750001
1286.097,528,425,48.5775,2.118455821500001
1286.176,528,416,47.5488,2.1194992535000003
1286.274,528,430,49.149,2.1208371985
1286.276,528,415,47.4345,2.120863551000002
1286.277,528,421,48.1203,2.1208769177500018
1286.582,528,415,47.4345,2.1248956740000025
1286.636,528,420,48.006,2.1256157640000004
1286.782,528,415,47.4345,2.1275394965
1286.973,528,420,48.006,2.1300864815000002
1287.181,528,415,47.4345,2.1328271415000013
1287.195,528,426,48.6918,2.1330164985
1287.196,528,417,47.6631,2.13302973825
1287.274,528,428,48.9204,2.1340896802499993
1287.276,528,425,48.5775,2.1341166677500016
1287.591,528,419,47.8917,2.138307191499999
1287.634,528,410,46.863,2.1388669440000005
1287.778,528,415,47.4345,2.1407643240000005
1287.873,528,410,46.863,2.1420009865000007
1288.166,528,422,48.2346,2.1459267469999994
1288.176,528,420,48.006,2.1460600969999994
1288.278,528,425,48.5775,2.1474364595000006
1288.282,528,425,48.5775,2.1474904344999994
1288.399,528,424,48.4632,2.149065488499999
1288.477,528,416,47.5488,2.1500957125000015
1288.496,528,427,48.8061,2.1503533002500017
1288.602,528,420,48.006,2.1517668102500016
1288.63,528,400,45.72,2.152122410250002
1288.876,528,400,45.72,2.1552466102500003
1289.276,528,410,46.863,2.1604536102500016
1289.48,528,418,47.7774,2.163160996250001
1289.488,528,428,48.9204,2.163269708250002
1289.586,528,425,48.5775,2.164592095750001
1289.624,528,400,45.72,2.1650746957500013
1289.677,528,422,48.2346,2.16578481625
1289.975,528,400,45.72,2.16956941625
1290.066,528,420,48.006,2.1707829012500017
1290.066,528,424,48.4632,2.1707829012500017
1290.175,528,400,45.72,2.1721672012500006
1290.181,528,410,46.863,2.1722453062500016
1290.5,528,430,49.149,2.176600453750001
1290.576,528,423,48.3489,2.1776211527500013
1290.632,528,395,45.1485,2.1783234627500017
1290.676,528,420,48.006,2.17891020275
1290.677,528,418,47.7774,2.17892347425
1290.875,528,395,45.1485,2.181406641750001
1291.078,528,400,45.72,2.1839847417500007
1291.096,528,419,47.8917,2.184224200250001
1291.276,528,400,45.72,2.1865102002500016
1291.476,528,409,46.7487,2.1891073502500022
1291.477,528,422,48.2346,2.189120748750002
1291.629,528,385,44.0055,2.1909787587499996
1291.774,528,422,48.2346,2.192921541249999
1291.876,528,415,47.4345,2.1942655187500004
1291.886,528,385,44.0055,2.1943877562500003
1292.083,528,395,45.1485,2.1968583825000016
1292.126,528,417,47.6631,2.19742769175
1292.275,528,400,45.72,2.1993199917500017
1292.276,528,400,45.72,2.1993326917500013
1292.476,528,407,46.5201,2.201917141750002
1292.589,528,425,48.5775,2.2034419354999994
1292.597,528,375,42.8625,2.2035371855
1292.622,528,385,44.0055,2.2038427792500013
1292.676,528,415,47.4345,2.2045542967499996
1292.773,528,421,48.1203,2.205850871499999
1292.874,528,385,44.0055,2.2070854702500005
1293.074,528,385,44.0055,2.209530220250001
1293.18,528,395,45.1485,2.2108595927500008
1293.477,528,400,45.72,2.214631492750001
1293.676,528,405,46.2915,2.217190383999999
1293.679,528,412,47.0916,2.217229627000001
1293.782,528,420,48.006,2.218603131999999
1293.782,528,375,42.8625,2.218603131999999
1293.974,528,385,44.0055,2.220950091999999
1294.076,528,399,45.6057,2.2222422535
1294.18,528,385,44.0055,2.2235135235000008
1294.495,528,360,41.147999999999996,2.227113973499999
1294.629,528,370,42.291,2.228688138499999
1294.775,528,402,45.9486,2.2305516095000013
1294.873,528,370,42.291,2.2317028645000008
1294.875,528,410,46.863,2.2317288995
1294.979,528,375,42.8625,2.2329671495000007
1295.076,528,394,45.0342,2.2341805710000004
1295.08,528,385,44.0055,2.2342294659999995
1295.086,528,398,45.4914,2.2343052850000005
1295.086,528,400,45.72,2.2343052850000005
1295.174,528,385,44.0055,2.235380975
1295.579,528,397,45.3771,2.24048589875
1295.673,528,400,45.72,2.2416796987500005
1295.676,528,400,45.72,2.2417177987499994
1295.877,528,370,42.291,2.2440790462499995
1295.971,528,360,41.147999999999996,2.24515346625
1296.074,528,375,42.8625,2.246379810000001
1296.176,528,392,44.8056,2.2476493019999992
1296.185,528,384,43.8912,2.247759029999999
1296.285,528,385,44.0055,2.2489814050000008
1296.477,528,390,44.577,2.251358845000001
1296.581,528,396,45.2628,2.2526664369999985
1296.631,528,360,41.147999999999996,2.2532379370000006
1296.775,528,400,45.72,2.255066737000001
1296.776,528,360,41.147999999999996,2.2550781670000006
1296.895,528,370,42.291,2.2564761195
1297.173,528,360,41.147999999999996,2.2596536595
1297.273,528,374,42.7482,2.260841109499999
1297.288,528,382,43.6626,2.261023037
1297.587,528,387,44.2341,2.26469692475
1297.627,528,355,40.5765,2.2651477747499995
1297.777,528,395,45.1485,2.267028962250001
1297.972,528,355,40.5765,2.269226856
1298.073,528,369,42.1767,2.270410146750001
1298.206,528,385,44.0055,2.272035905499999
1298.27,528,360,41.147999999999996,2.2727674254999997
1298.271,528,360,41.147999999999996,2.2727788554999995
1298.274,528,373,42.6339,2.272814383749999
1298.48,528,385,44.0055,2.2753324762500005
1298.589,528,385,44.0055,2.2766648649999994
1298.631,528,345,39.4335,2.277124922500001
1298.97,528,345,39.4335,2.2808382437500003
1299.173,528,355,40.5765,2.2831263075
1299.178,528,360,41.147999999999996,2.283183457500001
1299.179,528,367,41.9481,2.2831951097500007
1299.206,528,380,43.434,2.2835208647499985
1299.472,528,360,41.147999999999996,2.2865612447499992
1299.49,528,377,43.0911,2.2867767002499995
1299.631,528,345,39.4335,2.2883211790000004
1299.675,528,385,44.0055,2.288859023999999
1299.872,528,345,39.4335,2.29101691275
1300.076,528,372,42.5196,2.2934263567499995
1300.172,528,345,39.4335,2.2944779167499996
1300.273,528,355,40.5765,2.2956163129999982
1300.279,528,365,41.7195,2.295685845499999
1300.473,528,359,41.033699999999996,2.297897105999999
1300.5,528,375,42.8625,2.2982185747499995
1300.632,528,335,38.2905,2.29962255975
1300.972,528,335,38.2905,2.303238884749999
1301.126,528,360,41.147999999999996,2.304999104749999
1301.266,528,371,42.4053,2.30664819975
1301.27,528,345,39.4335,2.306692014749999
1301.272,528,345,39.4335,2.3067139222499984
1301.273,528,354,40.4622,2.306725161749998
1301.577,528,370,42.291,2.310296401749999
1301.577,528,358,40.9194,2.310296401749999
1301.62,528,340,38.862,2.310760586749998
1301.673,528,360,41.147999999999996,2.3113663767499992
1301.971,528,340,38.862,2.314583286749999
1302.075,528,335,38.2905,2.3156894567499995
1302.096,528,362,41.376599999999996,2.315930820249999
1302.178,528,345,39.4335,2.31682902775
1302.471,528,352,40.2336,2.3201035957499987
1302.473,528,345,39.4335,2.320125503249998
1302.474,528,360,41.147999999999996,2.320136933249998
1302.576,528,357,40.8051,2.3212930777499987
1302.63,528,330,37.719,2.3218588627499996
1302.673,528,360,41.147999999999996,2.3223503527499982
1302.871,528,330,37.719,2.3244248977499993
1303.176,528,340,38.862,2.3277173727499973
1303.272,528,335,38.2905,2.3287384527499975
1303.473,528,344,39.3192,2.330933774749998
1303.576,528,350,40.005,2.3320783622499985
1303.629,528,325,37.1475,2.3326252559999974
1303.77,528,356,40.6908,2.3342189789999983
1303.873,528,360,41.147999999999996,2.335396268999999
1303.877,528,325,37.1475,2.335437543999998
1303.987,528,330,37.719,2.3365900689999997
1304.116,528,345,39.4335,2.338003102749999
1304.173,528,340,38.862,2.338618417749999
1304.272,528,335,38.2905,2.339671406499998
1304.575,528,348,39.7764,2.343019253499999
1304.576,528,342,39.0906,2.3430301119999988
1304.593,528,320,36.576,2.3432028319999993
1304.626,528,325,37.1475,2.3435433507499983
1304.67,528,355,40.5765,2.344039285749999
1304.672,528,345,39.4335,2.3440611932499986
1304.968,528,325,37.1475,2.3471155432499993
1304.971,528,325,37.1475,2.3471464994999987
1305.177,528,330,37.719,2.3493048644999974
1305.281,528,339,38.7477,2.3504242424999977
1305.473,528,336,38.4048,2.352472498499998
1305.576,528,340,38.862,2.3535843834999985
1305.673,528,345,39.4335,2.3546468972499985
1305.773,528,345,39.4335,2.3557422722499974
1305.78,528,320,36.576,2.355813392249998
1305.89,528,325,37.1475,2.3569484547499995
1306.076,528,325,37.1475,2.358867742249999
1306.271,528,329,37.6047,2.360904663499998
1306.576,528,337,38.5191,2.364168087249999
1306.631,528,320,36.576,2.36472688725
1306.77,528,345,39.4335,2.3662494584999987
1306.774,528,337,38.5191,2.366292257499998
1306.97,528,320,36.576,2.368283617499999
1306.974,528,320,36.576,2.368324257499998
1306.992,528,325,37.1475,2.3685099949999984
1307.086,528,325,37.1475,2.369479957499999
1307.116,528,337,38.5191,2.369800949999999
1307.472,528,328,37.4904,2.373508333999999
1307.574,528,338,38.6334,2.374602947
1307.575,528,335,38.2905,2.37461358325
1307.589,528,335,38.2905,2.374762490749999
1307.627,528,320,36.576,2.375148570749999
1307.867,528,320,36.576,2.377586970749999
1308.071,528,320,36.576,2.3796596107499983
1308.17,528,320,36.576,2.38066545075
1308.176,528,324,37.0332,2.3807271727499986
1308.182,528,325,37.1475,2.3807890852499995
1308.472,528,327,37.3761,2.383799937749999
1308.628,528,310,35.433,2.385335367749999
1308.68,528,332,37.9476,2.3858834997500002
1308.772,528,339,38.7477,2.3868737187499987
1308.785,528,310,35.433,2.38700167125
1309.27,528,320,36.576,2.391929271249999
1309.274,528,320,36.576,2.391969911249998
1309.284,528,323,36.9189,2.3920724637500004
1309.492,528,326,37.2618,2.394225367749999
1309.584,528,330,37.719,2.39518929775
1309.619,528,310,35.433,2.3955337852499987
1309.969,528,310,35.433,2.39897866025
1310.036,528,320,36.576,2.39965938025
1310.096,528,325,37.1475,2.4002785052499997
1310.167,528,310,35.433,2.400977322749999
1310.27,528,320,36.576,2.4020238027499996
1310.472,528,325,37.1475,2.4041081902499997
1310.574,528,320,36.576,2.4051445102500004
1310.59,528,325,37.1475,2.405309610249999
1310.624,528,305,34.8615,2.40563885775
1310.966,528,305,34.8615,2.408950700249999
1311.036,528,320,36.576,2.4096619002500006
1311.076,528,322,36.8046,2.4100708402500004
1311.169,528,310,35.433,2.410986192750001
1311.27,528,310,35.433,2.41198028525
1311.468,528,319,36.4617,2.413985678750001
1311.468,528,320,36.576,2.413985678750001
1311.472,528,321,36.6903,2.41402644575
1311.574,528,320,36.576,2.4150627657500006
1311.584,528,325,37.1475,2.4151659532500003
1311.627,528,300,34.29,2.4155755282499993
1311.874,528,300,34.29,2.41792820325
1312.269,528,305,34.8615,2.4217532845
1312.273,528,310,35.433,2.421792654499999
1312.494,528,320,36.576,2.424038014499999
1312.623,528,295,33.7185,2.4252462607500003
1312.668,528,320,36.576,2.4257034607499985
1312.668,528,320,36.576,2.4257034607499985
1312.969,528,295,33.7185,2.428522702
1312.972,528,300,34.29,2.4285512769999995
1313.026,528,310,35.433,2.4290827720000006
1313.086,528,317,36.2331,2.429686657
1313.269,528,305,34.8615,2.43145878325
1313.47,528,309,35.3187,2.4334307440000003
1313.47,528,310,35.433,2.4334307440000003
1313.489,528,320,36.576,2.4336237840000003
1313.579,528,320,36.576,2.4345381839999995
1313.628,528,290,33.147,2.434989351499999
1313.67,528,315,36.0045,2.4354094040000005
1313.873,528,290,33.147,2.4372785265
1314.068,528,295,33.7185,2.4391049452499995
1314.269,528,300,34.29,2.4410194702499997
1314.469,528,304,34.7472,2.44294987025
1314.581,528,280,32.004,2.4439455502499987
1314.63,528,280,32.004,2.4443811602500007
1314.77,528,312,35.6616,2.4457680002499993
1314.784,528,280,32.004,2.4458924602500005
1314.87,528,320,36.576,2.4467662202499985
1315.006,528,308,35.2044,2.4480961642500003
1315.026,528,310,35.433,2.4482930142500003
1315.073,528,290,33.147,2.4487257667500004
1315.272,528,299,34.1757,2.450614923499999
1315.274,528,295,33.7185,2.4506336559999986
1315.667,528,310,35.433,2.454501758499999
1315.67,528,307,35.0901,2.4545310002500003
1315.77,528,310,35.433,2.4555152502499995
1315.871,528,280,32.004,2.4564131402500005
1315.878,528,280,32.004,2.456475370249999
1316.116,528,303,34.6329,2.4587649897499992
1316.168,528,290,33.147,2.459243779749998
1316.47,528,298,34.0614,2.4621011527499994
1316.578,528,306,34.9758,2.463150426749999
1316.625,528,280,32.004,2.4635682567499995
1316.669,528,302,34.5186,2.4639901507500004
1316.767,528,310,35.433,2.46495471575
1316.867,528,280,32.004,2.465843715749999
1316.973,528,280,32.004,2.4667860557499988
1317.056,528,294,33.6042,2.4675608192499996
1317.077,528,280,32.004,2.467747509249999
1317.183,528,289,33.0327,2.4687201387499993
1317.469,528,297,33.9471,2.4714170472499997
1317.629,528,270,30.861,2.4727886472499985
1317.769,528,301,34.4043,2.4741265922499993
1317.869,528,305,34.8615,2.4750949672499982
1317.964,528,270,30.861,2.4759093547499984
1318.016,528,293,33.4899,2.4763930977499995
1318.165,528,280,32.004,2.4777177077499983
1318.168,528,280,32.004,2.477744377749998
1318.267,528,280,32.004,2.4786244877499994
1318.467,528,296,33.8328,2.48050408775
1318.48,528,292,33.3756,2.480624610749999
1318.616,528,270,30.861,2.4817904707499987
1318.769,528,300,34.29,2.4832477957499988
1318.868,528,270,30.861,2.4840964732499984
1318.967,528,270,30.861,2.4849451507499998
1318.985,528,280,32.004,2.485105170749998
1319.076,528,287,32.8041,2.4859343854999993
1319.086,528,280,32.004,2.486023285499999
1319.273,528,280,32.004,2.4876857154999983
1319.475,528,285,32.5755,2.4895135629999983
1319.478,528,291,33.2613,2.4895412807499997
1319.622,528,270,30.861,2.49077572075
1319.769,528,295,33.7185,2.492152559499999
1319.966,528,270,30.861,2.4938413419999983
1320.172,528,270,30.861,2.4956072769999995
1320.265,528,279,31.8897,2.49643109425
1320.267,528,270,30.861,2.49644823925
1320.268,528,280,32.004,2.4964571292499995
1320.283,528,280,32.004,2.496590479249998
1320.626,528,270,30.861,2.499530846749999
1320.668,528,282,32.2326,2.499906893749998
1320.768,528,290,33.147,2.5008276437499997
1320.864,528,270,30.861,2.5016506037499995
1321.266,528,270,30.861,2.5050967487499998
1321.267,528,270,30.861,2.5051053212499994
1321.268,528,277,31.6611,2.5051141159999992
1321.581,528,280,32.004,2.5078966859999983
1321.619,528,260,29.718,2.5082103759999983
1321.966,528,260,29.718,2.511074860999998
1321.972,528,270,30.861,2.511126295999999
1322.006,528,270,30.861,2.511417761
1322.006,528,280,32.004,2.511417761
1322.126,528,280,32.004,2.512484560999999
1322.266,528,270,30.861,2.513684711
1322.467,528,270,30.861,2.5154077835
1322.468,528,270,30.861,2.515416356
1322.472,528,275,31.4325,2.515451280999999
1322.476,528,280,32.004,2.515486841
1322.577,528,280,32.004,2.516384730999999
1322.626,528,260,29.718,2.516789225999999
1322.965,528,260,29.718,2.5195876709999983
1323.264,528,270,30.861,2.522150848499998
1323.266,528,260,29.718,2.5221673584999995
1323.266,528,270,30.861,2.5221673584999995
1323.465,528,270,30.861,2.523873285999998
1323.621,528,250,28.575,2.5251115359999994
1323.668,528,280,32.004,2.5255293659999976
1323.767,528,272,31.0896,2.526384329999999
1323.865,528,250,28.575,2.527162204999999
1323.976,528,270,30.861,2.5281137525
1324.265,528,260,29.718,2.5304994475
1324.266,528,269,30.7467,2.5305079882499997
1324.269,528,260,29.718,2.5305327532499993
1324.466,528,270,30.861,2.5322215357499984
1324.567,528,270,30.861,2.5330873582499995
1324.614,528,260,29.718,2.5334753432499997
1324.664,528,270,30.861,2.5339039682499993
1324.867,528,270,30.861,2.535644185749999
1324.87,528,260,29.718,2.5356689507499985
1324.971,528,250,28.575,2.5364706382499995
1325.274,528,260,29.718,2.5389719032499984
1325.467,528,260,29.718,2.54056511825
1325.57,528,270,30.861,2.5414480857499986
1325.571,528,270,30.861,2.5414566582499982
1325.579,528,270,30.861,2.5415252382499984
1325.58,528,245,28.0035,2.541533016999998
1325.625,528,250,28.575,2.5418902044999987
1325.771,528,250,28.575,2.5430490794999985
1325.976,528,267,30.5181,2.5447869157499996
1326.074,528,260,29.718,2.545595905749999
1326.171,528,250,28.575,2.546365843249999
1326.265,528,259,29.6037,2.547138828749999
1326.466,528,260,29.718,2.5487980837499973
1326.567,528,265,30.2895,2.5496478724999982
1326.766,528,270,30.861,2.551353799999999
1326.77,528,245,28.0035,2.551384914999998
1326.866,528,270,30.861,2.552207874999998
1326.88,528,250,28.575,2.552318999999999
1327.165,528,260,29.718,2.5546716749999976
1327.266,528,251,28.6893,2.5554765692499983
1327.468,528,263,30.0609,2.557163319749998
1327.472,528,257,29.3751,2.5571959587499973
1327.619,528,245,28.0035,2.5583394349999966
1327.666,528,260,29.718,2.5587274199999968
1327.766,528,270,30.861,2.559584669999998
1327.883,528,245,28.0035,2.5604947837499976
1327.964,528,245,28.0035,2.5611248624999967
1327.979,528,250,28.575,2.5612439249999976
1328.27,528,259,29.6037,2.563636890749997
1328.492,528,240,27.432,2.565328530749997
1328.571,528,255,29.1465,2.5659681344999963
1328.626,528,240,27.432,2.566387234499997
1328.764,528,260,29.718,2.5675264244999965
1328.766,528,260,29.718,2.567542934499998
1328.864,528,240,27.432,2.5682896944999976
1329.006,528,253,28.9179,2.569430344999998
1329.076,528,245,28.0035,2.5699748574999974
1329.165,528,249,28.4607,2.570678469249997
1329.264,528,245,28.0035,2.571448565499997
1329.271,528,257,29.3751,2.571505683749997
1329.47,528,255,29.1465,2.573116837499998
1329.67,528,252,28.8036,2.5747170374999984
1329.766,528,260,29.718,2.5755095174999982
1329.861,528,240,27.432,2.5762334174999983
1329.862,528,240,27.432,2.576241037499998
1330.167,528,245,28.0035,2.578613556249997
1330.264,528,245,28.0035,2.579368094999997
1330.274,528,248,28.3464,2.5794468349999966
1330.466,528,257,29.3751,2.5810135069999967
1330.619,528,230,26.289,2.5821307894999967
1330.675,528,250,28.575,2.582575289499997
1330.867,528,230,26.289,2.5839773694999972
1330.967,528,240,27.432,2.584739369499998
1331.064,528,240,27.432,2.585478509499998
1331.126,528,255,29.1465,2.585980476999997
1331.465,528,244,27.8892,2.5886067099999965
1331.576,528,252,28.8036,2.5894948209999975
1331.576,528,220,25.146,2.5894948209999975
1331.618,528,225,25.7175,2.589794858499997
1331.671,528,260,29.718,2.590232373499998
1331.761,528,225,25.7175,2.5908753109999973
1331.956,528,245,28.0035,2.5923921672499968
1332.036,528,247,28.2321,2.593019547249998
1332.164,528,240,27.432,2.5939949072499977
1332.263,528,230,26.289,2.594717854749997
1332.268,528,243,27.7749,2.594756430999998
1332.283,528,245,28.0035,2.594873112249997
1332.473,528,246,28.1178,2.5963571072499976
1332.578,528,250,28.575,2.597190544749998
1332.86,528,220,25.146,2.5991603147499975
1332.946,528,240,27.432,2.5998156347499974
1333.061,528,225,25.7175,2.6006371659999976
1333.267,528,230,26.289,2.6021414809999985
1333.463,528,242,27.6606,2.603647446999998
1333.465,528,239,27.3177,2.6036626234999978
1333.465,528,240,27.432,2.6036626234999978
1333.465,528,245,28.0035,2.6036626234999978
1333.484,528,245,28.0035,2.6038104197499976
1333.632,528,210,24.003,2.6047972097499987
1333.866,528,210,24.003,2.6063574047499984
1334.062,528,220,25.146,2.607726464749998
1334.261,528,225,25.7175,2.6091480709999986
1334.464,528,229,26.1747,2.6106240332499984
1334.465,528,240,27.432,2.6106316532499982
1334.467,528,241,27.5463,2.6106469567499997
1334.468,528,237,27.0891,2.6106544814999997
1334.567,528,245,28.0035,2.6114245777499994
1334.652,528,205,23.4315,2.6119778214999996
1335.062,528,205,23.4315,2.614646408999999
1335.168,528,210,24.003,2.6153531639999987
1335.169,528,224,25.6032,2.615360276
1335.468,528,228,26.0604,2.617524737
1335.662,528,215,24.5745,2.6188490294999998
1335.664,528,235,26.8605,2.6188639519999994
1335.664,528,240,27.432,2.6188639519999994
1335.668,528,240,27.432,2.618894431999999
1335.868,528,215,24.5745,2.620259681999999
1335.956,528,220,25.146,2.620874361999999
1336.062,528,205,23.4315,2.621564289499999
1336.263,528,210,24.003,2.622904456999999
1336.461,528,227,25.9461,2.6243314924999996
1336.464,528,223,25.4889,2.624352733249999
1336.466,528,219,25.0317,2.6243666397499985
1336.587,528,225,25.7175,2.625231033499999
1336.661,528,235,26.8605,2.6257831659999997
1336.662,528,240,27.432,2.6257907859999996
1336.664,528,232,26.517599999999998,2.625805517999999
1336.867,528,235,26.8605,2.627320151749999
1336.977,528,215,24.5745,2.62807103925
1337.262,528,205,23.4315,2.629926032999999
1337.464,528,222,25.3746,2.631349829999999
1337.466,528,209,23.8887,2.631363101499999
1337.47,528,217,24.8031,2.6313906604999997
1337.761,528,226,25.8318,2.6334787309999994
1337.78,528,225,25.7175,2.6336144622499993
1337.861,528,230,26.289,2.6342059647500005
1337.973,528,235,26.8605,2.6350416247499995
1338.073,528,215,24.5745,2.6357242497500004
1338.262,528,206,23.5458,2.6369604042499994
1338.467,528,208,23.7744,2.6383142242500006
1338.563,528,221,25.2603,2.6389878322500007
1338.656,528,225,25.7175,2.6396522009999996
1338.662,528,215,24.5745,2.6396931585
1338.763,528,225,25.7175,2.6404146772499995
1338.771,528,225,25.7175,2.64047182725
1338.881,528,225,25.7175,2.641257639750001
1339.071,528,235,26.8605,2.6426752772499995
1339.273,528,217,24.8031,2.6440670067499994
1339.464,528,207,23.6601,2.6453223064999998
1339.565,528,212,24.2316,2.6460021375000005
1339.656,528,230,26.289,2.6466666649999997
1339.76,528,220,25.146,2.647393105
1339.961,528,230,26.289,2.6488609075
1340.016,528,208,23.7744,2.6492241275000006
1340.062,528,225,25.7175,2.6495527399999994
1340.159,528,225,25.7175,2.650245683750001
1340.173,528,234,26.746199999999998,2.65034969675
1340.463,528,221,25.2603,2.6523845542499997
1340.565,528,210,24.003,2.65306463925
1340.654,528,220,25.146,2.65368630425
1340.668,528,206,23.5458,2.653777871249999
1340.862,528,210,24.003,2.6550713662500005
1340.961,528,220,25.146,2.65576288125
1341.062,528,225,25.7175,2.656484399999999
1341.161,528,230,26.289,2.6572073475000004
1341.161,528,225,25.7175,2.6572073475000004
1341.268,528,232,26.517599999999998,2.6579955095
1341.471,528,225,25.7175,2.6594456907499997
1341.571,528,213,24.3459,2.6601219657499993
1341.657,528,250,28.575,2.6608045907499993
1341.666,528,205,23.4315,2.6608631694999993
1341.858,528,250,28.575,2.662387169499999
1342.181,528,225,25.7175,2.66469460075
1342.261,528,220,25.146,2.6652534007499993
1342.262,528,230,26.289,2.665260703249999
1342.265,528,225,25.7175,2.6652821345000004
1342.484,528,229,26.1747,2.666874428749999
1342.653,528,220,25.146,2.6680548937499995
1342.767,528,215,24.5745,2.66883308625
1342.864,528,220,25.146,2.6695106312499997
1343.06,528,250,28.575,2.671066381249999
1343.066,528,230,26.289,2.6711101962499995
1343.462,528,229,26.1747,2.6739894132499993
1343.483,528,227,25.9461,2.674140765499999
1343.565,528,226,25.8318,2.6747291564999998
1343.565,528,225,25.7175,2.6747291564999998
1343.577,528,235,26.8605,2.674818691499999
1343.659,528,230,26.289,2.6754174965
1343.936,528,220,25.146,2.677352341499999
1343.958,528,230,26.289,2.6775129965
1344.261,528,220,25.146,2.679629451499999
1344.261,528,223,25.4889,2.679629451499999
1344.462,528,227,25.9461,2.681078108749999
1344.463,528,225,25.7175,2.681085252499999
1344.565,528,227,25.9461,2.6818203919999997
1344.578,528,225,25.7175,2.681913260749999
1344.66,528,230,26.289,2.68251206575
1344.86,528,230,26.289,2.6839725657499987
1344.916,528,250,28.575,2.684417065749999
1345.16,528,230,26.289,2.68619887575
1345.261,528,220,25.146,2.6869043607499994
1345.46,528,225,25.7175,2.688325967
1345.462,528,247,28.2321,2.6883416514999996
1345.463,528,229,26.1747,2.6883489222499994
1345.561,528,229,26.1747,2.689061455749999
1345.565,528,225,25.7175,2.68909003075
1345.652,528,240,27.432,2.68975297075
1345.96,528,240,27.432,2.69209993075
1346.164,528,230,26.289,2.6935896407499995
1346.465,528,241,27.5463,2.695892817499999
1346.564,528,235,26.8605,2.6966314812500003
1346.568,528,230,26.289,2.6966606912499995
1346.654,528,235,26.8605,2.6973023587499996
1346.762,528,222,25.3746,2.698063596749999
1346.864,528,235,26.8605,2.6988246442499997
1346.916,528,220,25.146,2.699187864249999
1346.946,528,230,26.289,2.699406939249999
1347.065,528,240,27.432,2.70031371925
1347.165,528,230,26.289,2.7010439692499992
1347.564,528,222,25.3746,2.70385632075
1347.585,528,255,29.1465,2.7040263419999997
1347.658,528,245,28.0035,2.7045941907499986
1347.661,528,235,26.8605,2.7046165744999997
1347.761,528,244,27.8892,2.705391274499999
1347.762,528,220,25.146,2.7053982594999986
1347.769,528,245,28.0035,2.705452710749999
1347.996,528,230,26.289,2.70711037825
1348.063,528,235,26.8605,2.707610282
1348.265,528,240,27.432,2.709149522
1348.461,528,224,25.6032,2.7105434739999996
1348.661,528,226,25.8318,2.7119785739999998
1348.86,528,250,28.575,2.7135581364999983
1348.864,528,255,29.1465,2.7135905214999996
1348.958,528,245,28.0035,2.714321724
1348.996,528,231,26.403299999999998,2.7146004255
1348.996,528,230,26.289,2.7146004255
1349.069,528,235,26.8605,2.715145096749999
1349.264,528,239,27.3177,2.716624805499998
1349.468,528,233,26.631899999999998,2.7181339464999996
1349.65,528,255,29.1465,2.7196074639999996
1349.658,528,220,25.146,2.7196633439999984
1349.66,528,230,26.289,2.719677949
1349.76,528,227,25.9461,2.7203986739999992
1349.857,528,255,29.1465,2.721184010249999
1349.962,528,255,29.1465,2.7220341164999993
1350.073,528,245,28.0035,2.72289755775
1350.173,528,236,26.9748,2.7236468577499995
1350.464,528,235,26.8605,2.725818081499999
1350.649,528,260,29.718,2.7273452564999987
1350.663,528,230,26.289,2.7274474914999995
1350.766,528,229,26.1747,2.72819637875
1350.856,528,260,29.718,2.7289393287499992
1350.926,528,238,27.2034,2.729468283749999
1351.155,528,255,29.1465,2.7313223249999994
1351.17,528,246,28.1178,2.7314394825000003
1351.258,528,255,29.1465,2.7321519525
1351.474,528,237,27.0891,2.7337772984999993
1351.65,528,265,30.2895,2.7352581185000004
1351.76,528,238,27.2034,2.7360893335
1351.86,528,230,26.289,2.736819583499999
1351.861,528,265,30.2895,2.7368279972500007
1352.016,528,238,27.2034,2.7379992547500005
1352.055,528,255,29.1465,2.7383150085000003
1352.076,528,255,29.1465,2.73848502975
1352.158,528,260,29.718,2.739161939749999
1352.268,528,248,28.3464,2.74002807975
1352.467,528,240,27.432,2.7415444597500005
1352.57,528,236,26.9748,2.742316238749999
1352.658,528,260,29.718,2.743042678749999
1352.662,528,240,27.432,2.7430731587499997
1352.955,528,260,29.718,2.745491873749999
1353.161,528,260,29.718,2.74719240375
1353.181,528,255,29.1465,2.74735432875
1353.258,528,265,30.2895,2.7480021875
1353.258,528,255,29.1465,2.7480021875
1353.278,528,250,28.575,2.7481609375
1353.567,528,243,27.7749,2.7503906447499995
1353.653,528,265,30.2895,2.7511142272499995
1353.759,528,235,26.8605,2.7519051197499995
1353.856,528,265,30.2895,2.7527212534999994
1354.157,528,260,29.718,2.7552060084999987
1354.259,528,256,29.2608,2.7560350644999994
1354.459,528,260,29.718,2.7576860644999996
1354.572,528,245,28.0035,2.7585650632499985
1354.649,528,250,28.575,2.7591762507499986
1354.906,528,265,30.2895,2.761338584499999
1354.957,528,250,28.575,2.761743397
1355.006,528,255,29.1465,2.76214011325
1355.126,528,253,28.9179,2.7631040432499994
1355.257,528,265,30.2895,2.7642062445
1355.462,528,261,29.8323,2.7659050282499993
1355.465,528,255,29.1465,2.7659293169999986
1355.562,528,257,29.3751,2.7667208127499983
1355.562,528,255,29.1465,2.7667208127499983
1355.648,528,275,31.4325,2.7674717002499984
1355.876,528,260,29.718,2.769353840249999
1355.906,528,264,30.1752,2.769605300249999
1355.956,528,275,31.4325,2.7700418627499985
1356.162,528,250,28.575,2.7716769877499994
1356.162,528,265,30.2895,2.7716769877499994
1356.455,528,260,29.718,2.7740957027499986
1356.558,528,263,30.0609,2.774955778499999
1356.655,528,270,30.861,2.775787310999999
1356.658,528,262,29.9466,2.7758122664999982
1356.658,528,259,29.6037,2.7758122664999982
1356.66,528,255,29.1465,2.7758284589999995
1356.956,528,270,30.861,2.778365918999998
1357.16,528,275,31.4325,2.7801470939999993
1357.458,528,263,30.0609,2.782635468499999
1357.458,528,262,29.9466,2.782635468499999
1357.648,528,265,30.2895,2.784234080999998
1357.758,528,264,30.1752,2.7851561009999988
1357.858,528,260,29.718,2.785981600999998
1357.861,528,265,30.2895,2.786006842249999
1357.896,528,250,28.575,2.786284654749998
1357.956,528,261,29.8323,2.7867818597499974
1358.056,528,270,30.861,2.7876391097499984
1358.16,528,275,31.4325,2.788547159749999
1358.561,528,260,29.718,2.7918574147499977
1358.582,528,290,33.147,2.792050772249999
1358.655,528,270,30.861,2.792676564749998
1358.656,528,265,30.2895,2.792684978499998
1358.657,528,262,29.9466,2.792693296999998
1358.755,528,261,29.8323,2.7935053984999993
1358.861,528,270,30.861,2.794414083499999
1358.956,528,250,28.575,2.7951681459999973
1359.066,528,265,30.2895,2.7960936584999985
1359.166,528,270,30.861,2.7969509084999977
1359.457,528,255,29.1465,2.799306917249999
1359.561,528,257,29.3751,2.8001555312499975
1359.657,528,264,30.1752,2.8009602032499976
1359.771,528,290,33.147,2.8020098582499977
1359.857,528,260,29.718,2.802719788249998
1359.877,528,270,30.861,2.8028912382499978
1359.946,528,274,31.3182,2.8034915037499974
1360.156,528,265,30.2895,2.8052583912499975
1360.264,528,269,30.7467,2.806180792249997
1360.465,528,273,31.2039,2.8079230099999974
1360.648,528,280,32.004,2.8095498799999974
1360.657,528,260,29.718,2.8096241749999975
1360.754,528,265,30.2895,2.8104403087499974
1360.757,528,253,28.9179,2.8104644069999987
1360.855,528,280,32.004,2.8113356269999983
1360.955,528,290,33.147,2.8122563769999975
1360.974,528,270,30.861,2.8124192544999977
1361.262,528,265,30.2895,2.814842414499998
1361.465,528,268,30.6324,2.8165697414999977
1361.56,528,272,31.0896,2.817390161499998
1361.565,528,267,30.5181,2.817432547749999
1361.633,528,290,33.147,2.8180586577499986
1361.76,528,250,28.575,2.819066720249998
1361.952,528,290,33.147,2.820834560249998
1362.055,528,290,33.147,2.821782932749999
1362.074,528,272,31.0896,2.821947016749999
1362.255,528,280,32.004,2.8235561067499995
1362.271,528,266,30.4038,2.8236912347499983
1362.568,528,267,30.5181,2.8262089779999986
1362.613,528,270,30.861,2.826594740499999
1362.661,528,271,30.9753,2.827007744499999
1362.758,528,270,30.861,2.827839276999999
1362.856,528,272,31.0896,2.8286856049999987
1363.155,528,290,33.147,2.8314386474999984
1363.158,528,289,33.0327,2.831466174749998
1363.27,528,276,31.5468,2.8324476307499986
1363.466,528,266,30.4038,2.834102948749998
1363.614,528,270,30.861,2.835371678749999
1363.66,528,270,30.861,2.83576601375
1363.886,528,280,32.004,2.8377751537499987
1363.954,528,270,30.861,2.8383580837499984
1364.006,528,267,30.5181,2.8387989007499996
1364.176,528,287,32.8041,2.8403479832499983
1364.252,528,270,30.861,2.8409994932499982
1364.252,528,290,33.147,2.8409994932499982
1364.456,528,280,32.004,2.842813053249998
1364.472,528,269,30.7467,2.8429497052499983
1364.612,528,260,29.718,2.844105405249999
1364.669,528,265,30.2895,2.8445849889999995
1364.886,528,281,32.1183,2.846521008749998
1364.951,528,260,29.718,2.8470575837499985
1365.057,528,270,30.861,2.8479662687499983
1365.154,528,270,30.861,2.848797801249998
1365.453,528,288,32.9184,2.851531857249998
1365.453,528,283,32.3469,2.851531857249998
1365.556,528,285,32.5755,2.8524638784999987
1365.569,528,270,30.861,2.852575320999998
1365.612,528,250,28.575,2.852916633499999
1365.853,528,250,28.575,2.854829570999999
1366.076,528,286,32.6898,2.8568545224999986
1366.151,528,260,29.718,2.857473647499999
1366.254,528,270,30.861,2.8583566149999977
1366.455,528,270,30.861,2.860079687499998
1366.479,528,290,33.147,2.8603006674999993
1366.616,528,250,28.575,2.8613881049999987
1366.936,528,284,32.4612,2.8642735449999983
1366.953,528,250,28.575,2.8644084824999987
1366.966,528,285,32.5755,2.8645261162499978
1367.066,528,283,32.3469,2.865424641249999
1367.252,528,260,29.718,2.866960071249998
1367.254,528,250,28.575,2.8669759462499975
1367.254,528,269,30.7467,2.8669759462499975
1367.557,528,270,30.861,2.8695734137499986
1367.558,528,280,32.004,2.8695823037499983
1367.597,528,240,27.432,2.8698794837499984
1367.654,528,288,32.9184,2.8704006917499987
1367.655,528,280,32.004,2.8704095817499984
1367.953,528,240,27.432,2.8726803417499984
1368.057,528,250,28.575,2.873505841749999
1368.159,528,250,28.575,2.8743154667499997
1368.452,528,267,30.5181,2.876799300999999
1368.455,528,259,29.6037,2.876823970749998
1368.558,528,270,30.861,2.8777069382499985
1368.612,528,240,27.432,2.8781184182499993
1368.655,528,274,31.3182,2.8784924967499985
1368.755,528,290,33.147,2.87941324675
1368.759,528,240,27.432,2.8794437267499995
1369.158,528,240,27.432,2.8824841067499984
1369.254,528,250,28.575,2.8832461067499984
1369.456,528,250,28.575,2.8848494817499986
1369.554,528,265,30.2895,2.88567402925
1369.609,528,230,26.289,2.8860756667499987
1369.752,528,270,30.861,2.887301534249999
1369.854,528,270,30.861,2.8881759292499996
1369.858,528,230,26.289,2.8882051392499988
1369.926,528,257,29.3751,2.888760002249999
1369.97,528,240,27.432,2.8890952822499996
1370.153,528,240,27.432,2.8904897422499993
1370.253,528,250,28.575,2.8912834922499986
1370.557,528,250,28.575,2.8936964922499993
1370.557,528,263,30.0609,2.8936964922499993
1370.609,528,220,25.146,2.8940597122499985
1370.654,528,255,29.1465,2.894424043499999
1370.654,528,270,30.861,2.894424043499999
1370.95,528,220,25.146,2.8964916034999995
1370.952,528,230,26.289,2.896506208499999
1371.161,528,240,27.432,2.8980987884999996
1371.251,528,248,28.3464,2.898807448499999
1371.264,528,240,27.432,2.8989065084999983
1371.557,528,250,28.575,2.901232195999999
1371.609,528,220,25.146,2.9015954159999984
1371.654,528,252,28.8036,2.901955460999999
1371.752,528,220,25.146,2.9026399909999987
1371.754,528,260,29.718,2.9026565009999983
1371.952,528,220,25.146,2.904039530999999
1372.054,528,230,26.289,2.9047843859999998
1372.255,528,239,27.3177,2.90630962425
1372.559,528,246,28.1178,2.9086840162499987
1372.61,528,210,24.003,2.9090240587499983
1372.751,528,250,28.575,2.9101432462499988
1372.756,528,250,28.575,2.91018293375
1372.851,528,210,24.003,2.91081634625
1372.976,528,240,27.432,2.9117688462499998
1373.049,528,220,25.146,2.912278751249999
1373.052,528,220,25.146,2.9122997062499985
1373.068,528,229,26.1747,2.912416038249999
1373.453,528,237,27.0891,2.915313066999999
1373.463,528,240,27.432,2.9153892669999992
1373.556,528,244,27.8892,2.916109738
1373.57,528,250,28.575,2.916220862999999
1373.607,528,200,22.86,2.9164558129999993
1373.948,528,200,22.86,2.918621163
1374.151,528,210,24.003,2.9199746655
1374.152,528,220,25.146,2.9199816504999996
1374.152,528,220,25.146,2.9199816504999996
1374.164,528,227,25.9461,2.920068137499999
1374.455,528,235,26.8605,2.9222393612499986
1374.61,528,190,21.717,2.9231743987499983
1374.655,528,240,27.432,2.923517298749999
1374.755,528,241,27.5463,2.92428247375
1374.766,528,190,21.717,2.9243488312499997
1375.251,528,200,22.86,2.927428581249999
1375.252,528,220,25.146,2.927435566249999
1375.478,528,232,26.517599999999998,2.92910028225
1375.567,528,240,27.432,2.9297784622499994
1375.605,528,170,19.431,2.9299835672499994
1375.846,528,210,24.003,2.9315904347499995
1375.856,528,219,25.0317,2.9316599672499994
1375.856,528,225,25.7175,2.9316599672499994
1375.95,528,170,19.431,2.9321673322499997
1376.148,528,190,21.717,2.9333617672499988
1376.251,528,200,22.86,2.9340158172499993
1376.455,528,222,25.3746,2.9354537112499988
1376.555,528,217,24.8031,2.9361426862499997
1376.556,528,220,25.146,2.9361496712499995
1376.574,528,230,26.289,2.9362811162499995
1376.605,528,170,19.431,2.9364484387499994
1376.846,528,210,24.003,2.9380553062499994
1376.95,528,170,19.431,2.93861664625
1377.151,528,170,19.431,2.93970154375
1377.251,528,190,21.717,2.9403047937499993
1377.449,528,200,22.86,2.94156209375
1377.45,528,208,23.7744,2.9415686977499997
1377.453,528,220,25.146,2.9415896527499994
1377.555,528,215,24.5745,2.94228593025
1377.568,528,220,25.146,2.9423767352499994
1377.608,528,160,18.288,2.942579935249999
1377.95,528,160,18.288,2.9443172952499994
1378.253,528,170,19.431,2.945952737749999
1378.254,528,188,21.4884,2.945958706749999
1378.608,528,145,16.5735,2.947588434249999
1378.649,528,206,23.5458,2.947856594749999
1378.65,528,212,24.2316,2.94786332575
1378.652,528,220,25.146,2.9478772957499997
1378.836,528,170,19.431,2.9488704357499995
1378.896,528,198,22.6314,2.949247625749999
1378.952,528,145,16.5735,2.9495054357499995
1378.954,528,160,18.288,2.9495155957499994
1379.148,528,170,19.431,2.9505627107499994
1379.451,528,184,21.0312,2.95233283675
1379.452,528,170,19.431,2.95233823425
1379.56,528,203,23.2029,2.9530343212499996
1379.623,528,135,15.4305,2.953304355
1379.649,528,210,24.003,2.953477709999999
1379.651,528,196,22.4028,2.9534901560000004
1379.852,528,135,15.4305,2.9543516922500004
1380.052,528,145,16.5735,2.9552724422499996
1380.253,528,160,18.288,2.9562935222499998
1380.451,528,170,19.431,2.9573622272500004
1380.451,528,180,20.573999999999998,2.9573622272500004
1380.452,528,169,19.3167,2.9573675930000003
1380.645,528,140,16.002,2.958225478
1380.751,528,193,22.0599,2.9588750195
1380.765,528,140,16.002,2.958937249500001
1380.851,528,201,22.9743,2.959486080000001
1381.052,528,135,15.4305,2.96034761625
1381.253,528,158,18.0594,2.96135593275
1381.258,528,145,16.5735,2.9613789515000004
1381.449,528,176,20.1168,2.9624462595000005
1381.451,528,167,19.0881,2.9624568640000004
1381.644,528,140,16.002,2.9633147490000002
1381.651,528,170,19.431,2.9633525315000004
1381.751,528,191,21.8313,2.9639589565
1381.855,528,140,16.002,2.9644212365000002
1381.949,528,140,16.002,2.9648390665000006
1382.069,528,135,15.4305,2.9653534165
1382.452,528,155,17.7165,2.9672382552500003
1382.559,528,170,19.431,2.96781578775
1382.645,528,140,16.002,2.9681980577500005
1382.652,528,165,18.8595,2.9682347290000006
1382.748,528,170,19.431,2.9687528890000006
1382.906,528,144,16.4592,2.9694752650000003
1382.946,528,140,16.002,2.969653065
1383.065,528,140,16.002,2.9701820200000006
1383.149,528,140,16.002,2.9705554
1383.161,528,135,15.4305,2.970606835000001
1383.451,528,152,17.3736,2.9720063750000008
1383.645,528,145,16.5735,2.9728995025000007
1383.752,528,162,18.5166,2.9734498570000008
1383.826,528,142,16.2306,2.973783486000001
1383.85,528,170,19.431,2.9739130260000004
1383.946,528,145,16.5735,2.9743549860000003
1384.249,528,140,16.002,2.975701821000001
1384.249,528,140,16.002,2.975701821000001
1384.249,528,140,16.002,2.975701821000001
1384.449,528,149,17.0307,2.976647971000001
1384.469,528,140,16.002,2.976736871000001
1384.648,528,150,17.145,2.9775893585000004
1384.75,528,160,18.288,2.9781075185000008
1384.826,528,136,15.5448,2.978435686500001
1384.948,528,150,17.145,2.9790167115000012
1385.149,528,140,16.002,2.9799101565000004
1385.172,528,140,16.002,2.9800123915000007
1385.246,528,145,16.5735,2.980353069000001
1385.246,528,140,16.002,2.980353069000001
1385.453,528,137,15.6591,2.98125346725
1385.558,528,137,15.6591,2.9817101910000003
1385.645,528,155,17.7165,2.98213833975
1385.752,528,145,16.5735,2.982630941
1385.945,528,155,17.7165,2.98358074225
1386.148,528,140,16.002,2.9844830772499997
1386.154,528,145,16.5735,2.98451069975
1386.248,528,150,17.145,2.98495837475
1386.249,528,140,16.002,2.98496281975
1386.269,528,140,16.002,2.98505171975
1386.557,528,139,15.8877,2.98632273575
1386.647,528,155,17.7165,2.9867656482499996
1386.66,528,135,15.4305,2.9868213695000003
1386.848,528,155,17.7165,2.9877465644999996
1387.248,528,155,17.7165,2.9897150645
1387.449,528,145,16.5735,2.99064041825
1387.549,528,141,16.1163,2.9910880932499997
1387.645,528,165,18.8595,2.99159101325
1387.652,528,140,16.002,2.99162212825
1387.816,528,150,17.145,2.99240317825
1387.826,528,140,16.002,2.99244762825
1387.948,528,165,18.8595,2.9930867557500003
1388.036,528,140,16.002,2.99347791575
1388.248,528,155,17.7165,2.9945212207500003
1388.248,528,155,17.7165,2.9945212207500003
1388.449,528,146,16.6878,2.9954529562500003
1388.469,528,140,16.002,2.99554185625
1388.552,528,142,16.2306,2.9959160617499996
1388.552,528,140,16.002,2.9959160617499996
1388.644,528,160,18.288,2.99638342175
1388.816,528,150,17.145,2.9972025717500004
1388.947,528,160,18.288,2.99786805175
1389.147,528,165,18.8595,2.99891580175
1389.446,528,155,17.7165,3.0003872554999997
1389.548,528,151,17.2593,3.0008762690000004
1389.552,528,140,16.002,3.000894049
1389.647,528,170,19.431,3.0014068115
1389.648,528,144,16.4592,3.0014113835
1389.649,528,147,16.8021,3.0014160507499996
1389.816,528,155,17.7165,3.0022378995000003
1389.846,528,170,19.431,3.0023998245000003
1390.249,528,160,18.288,3.0044470645000003
1390.449,528,155,17.7165,3.0054313145000005
1390.644,528,170,19.431,3.0064838270000003
1390.648,528,152,17.3736,3.0065031309999997
1390.746,528,148,16.9164,3.0069636330000007
1390.816,528,155,17.7165,3.0073081205000003
1390.826,528,165,18.8595,3.007360508
1390.848,528,145,16.5735,3.0074617905
1390.855,528,170,19.431,3.007499573
1391.049,528,170,19.431,3.008546688
1391.255,528,160,18.288,3.0095931680000008
1391.449,528,164,18.7452,3.0106033260000005
1391.553,528,157,17.9451,3.0111217400000005
1391.556,528,154,17.6022,3.0111364085
1391.64,528,180,20.573999999999998,3.0116164685000006
1391.646,528,150,17.145,3.0116450435
1391.648,528,155,17.7165,3.011654886
1391.852,528,180,20.573999999999998,3.012820746000001
1392.058,528,170,19.431,3.0139326310000003
1392.158,528,170,19.431,3.014472381
1392.247,528,161,18.4023,3.014927326750001
1392.448,528,163,18.6309,3.015967552000001
1392.551,528,159,18.1737,3.0164875217500002
1392.622,528,200,22.86,3.016938371750001
1392.747,528,200,22.86,3.0177321217500013
1392.748,528,155,17.7165,3.0177370430000012
1392.847,528,155,17.7165,3.018224246750001
1392.867,528,180,20.573999999999998,3.018338546750001
1393.063,528,170,19.431,3.0193964567500013
1393.257,528,170,19.431,3.0204435717500013
1393.456,528,163,18.6309,3.0214734465000004
1393.602,528,180,20.573999999999998,3.0223078365000013
1393.645,528,162,18.5166,3.0225290070000006
1393.649,528,162,18.5166,3.0225495810000003
1393.748,528,155,17.7165,3.0230367847500013
1393.845,528,180,20.573999999999998,3.023591139750001
1393.952,528,200,22.86,3.024270589750001
1394.046,528,180,20.573999999999998,3.0248077997500014
1394.248,528,171,19.5453,3.0259045082500013
1394.551,528,165,18.8595,3.027491849500001
1394.592,528,180,20.573999999999998,3.027726164500002
1394.653,528,161,18.4023,3.0280379812500016
1394.848,528,164,18.7452,3.0290533462500013
1394.856,528,170,19.431,3.0290965262500014
1394.943,528,180,20.573999999999998,3.029593731250001
1394.943,528,180,20.573999999999998,3.029593731250001
1395.049,528,200,22.86,3.030266831250001
1395.152,528,180,20.573999999999998,3.0308554762500015
1395.262,528,173,19.7739,3.031459678750001
1395.559,528,170,19.431,3.033062736250001
1395.603,528,160,18.288,3.0332862562500016
1395.653,528,168,19.2024,3.033552956250001
1395.747,528,160,18.288,3.0340304762500017
1395.845,528,160,18.288,3.0345283162500016
1395.946,528,180,20.573999999999998,3.035105531250001
1396.145,528,180,20.573999999999998,3.0362428162500015
1396.253,528,184,21.0312,3.0368737522500013
1396.453,528,170,19.431,3.0379532522500017
1396.6,528,160,18.288,3.0387000122500014
1396.796,528,200,22.86,3.0399446122500025
1396.848,528,170,19.431,3.040225282250002
1396.936,528,175,20.0025,3.040714232250002
1396.944,528,160,18.288,3.040754872250002
1397.045,528,180,20.573999999999998,3.041332087250003
1397.243,528,160,18.288,3.0423379272500024
1397.243,528,180,20.573999999999998,3.0423379272500024
1397.447,528,188,21.4884,3.043555603250002
1397.462,528,178,20.3454,3.0436403757500026
1397.596,528,150,17.145,3.0442785507500028
1397.661,528,170,19.431,3.044629388250003
1397.796,528,196,22.4028,3.045469493250003
1397.942,528,150,17.145,3.0461648182500025
1398.145,528,160,18.288,3.047196058250002
1398.151,528,180,20.573999999999998,3.0472303482500025
1398.245,528,160,18.288,3.0477078682500016
1398.444,528,178,20.3454,3.048832516750002
1398.453,528,194,22.1742,3.048887952250002
1398.607,528,140,16.002,3.049572482250002
1398.655,528,180,20.573999999999998,3.049846802250002
1398.693,528,140,16.002,3.0500157122500022
1398.826,528,192,21.9456,3.0508264802500022
1399.144,528,150,17.145,3.0523409552500023
1399.245,528,160,18.288,3.0528540352500015
1399.446,528,160,18.288,3.0538751152500017
1399.447,528,186,21.2598,3.0538810207500013
1399.472,528,198,22.6314,3.054038183250002
1399.599,528,135,15.4305,3.0545825370000017
1399.786,528,180,20.573999999999998,3.0556512420000024
1399.846,528,174,19.8882,3.0559827120000023
1399.944,528,135,15.4305,3.0564027645000023
1400.242,528,150,17.145,3.057821989500002
1400.245,528,159,18.1737,3.057837134250002
1400.246,528,140,16.002,3.057841579250003
1400.447,528,180,20.573999999999998,3.058990294250002
1400.548,528,160,18.288,3.0595033742500024
1400.549,528,182,20.802599999999998,3.0595091527500022
1400.598,528,125,14.2875,3.059703621500002
1400.645,528,170,19.431,3.0599573040000023
1400.844,528,125,14.2875,3.0607470852500027
1401.047,528,135,15.4305,3.0616171940000028
1401.144,528,140,16.002,3.0620483590000025
1401.443,528,157,17.9451,3.0635387992500025
1401.445,528,149,17.0307,3.0635482607500024
1401.546,528,180,20.573999999999998,3.064125475750003
1401.549,528,160,18.288,3.064140715750003
1401.602,528,120,13.716,3.064342645750003
1401.649,528,164,18.7452,3.064587374750002
1401.845,528,120,13.716,3.0653341347500027
1402.056,528,125,14.2875,3.0661715410000028
1402.246,528,135,15.4305,3.066985928500003
1402.446,528,139,15.8877,3.067868578500002
1402.451,528,155,17.7165,3.0678931847500026
1402.561,528,105,12.0015,3.068259897250002
1402.599,528,115,13.1445,3.068398644750002
1402.742,528,160,18.288,3.0691250847500022
1402.836,528,147,16.8021,3.0695638062500024
1402.845,528,160,18.288,3.0696095262500025
1402.845,528,115,13.1445,3.0696095262500025
1402.961,528,120,13.716,3.0700514862500023
1403.145,528,125,14.2875,3.070781736250002
1403.244,528,134,15.3162,3.0712029317500016
1403.548,528,138,15.7734,3.072534907750002
1403.548,528,153,17.4879,3.072534907750002
1403.558,528,160,18.288,3.072585707750002
1403.644,528,145,16.5735,3.072981630250002
1403.94,528,105,12.0015,3.073968420250002
1403.945,528,115,13.1445,3.073986676500002
1404.061,528,120,13.716,3.0744286365000018
1404.255,528,125,14.2875,3.0751985740000025
1404.445,528,132,15.0876,3.075994864000002
1404.548,528,137,15.6591,3.076442888250002
1404.599,528,100,11.43,3.0766048132500017
1404.645,528,142,16.2306,3.0768122042500017
1404.745,528,150,17.145,3.0772884542500014
1404.748,528,100,11.43,3.0772979792500017
1404.943,528,105,12.0015,3.0779480605000016
1405.045,528,115,13.1445,3.078320488000002
1405.245,528,120,13.716,3.0790824880000014
1405.549,528,130,14.859,3.080337248000002
1405.602,528,90,10.286999999999999,3.0804886955000024
1405.742,528,140,16.002,3.081110995500002
1405.746,528,136,15.5448,3.0811282675000022
1405.826,528,124,14.1732,3.081443227500002
1405.942,528,90,10.286999999999999,3.081774697500002
1406.04,528,100,11.43,3.082085847500002
1406.043,528,105,12.0015,3.0820958487500016
1406.063,528,115,13.1445,3.0821688737500024
1406.446,528,119,13.6017,3.0836159435000017
1406.454,528,123,14.0589,3.0836471855000016
1406.546,528,128,14.6304,3.084021073500002
1406.602,528,80,9.144,3.084163313500002
1406.644,528,135,15.4305,3.0843433360000017
1406.939,528,80,9.144,3.085092636000002
1407.142,528,90,10.286999999999999,3.085672708500002
1407.148,528,100,11.43,3.0856917585000017
1407.149,528,104,11.8872,3.0856950605000018
1407.154,528,113,12.9159,3.0857129992500023
1407.444,528,118,13.4874,3.0867994842500024
1407.56,528,121,13.8303,3.0872451272500023
1407.601,528,70,8.001,3.0873362497500025
1407.745,528,125,14.2875,3.0879077497500016
1407.841,528,70,8.001,3.0881211097500016
1408.242,528,80,9.144,3.0891396497500017
1408.468,528,116,13.258799999999999,3.089972007750002
1408.556,528,120,13.716,3.0903072877500017
1408.596,528,70,8.001,3.0903961877500015
1408.756,528,90,10.286999999999999,3.0908533877500015
1408.756,528,99,11.3157,3.0908533877500015
1408.756,528,103,11.7729,3.0908533877500015
1408.776,528,111,12.6873,3.0909238727500012
1408.942,528,70,8.001,3.0912928077500013
1409.14,528,70,8.001,3.0917328627500016
1409.242,528,80,9.144,3.0919919427500013
1409.447,528,109,12.4587,3.092701396500001
1409.546,528,97,11.0871,3.093006291750002
1409.546,528,102,11.6586,3.093006291750002
1409.564,528,115,13.1445,3.093072014250002
1409.591,528,60,6.858,3.0931234492500015
1409.756,528,89,10.1727,3.093589698000002
1409.939,528,60,6.858,3.093938313000002
1410.045,528,70,8.001,3.094173898000002
1410.242,528,70,8.001,3.094611730500002
1410.44,528,79,9.0297,3.095108364000002
1410.44,528,87,9.9441,3.095108364000002
1410.542,528,101,11.5443,3.0954354525000016
1410.546,528,95,10.8585,3.095447517500002
1410.552,528,106,12.1158,3.0954677105000017
1410.599,528,50,5.715,3.095542323000002
1410.841,528,50,5.715,3.0959264980000016
1411.241,528,70,8.001,3.096815498000002
1411.242,528,60,6.858,3.096817403000002
1411.245,528,70,8.001,3.0968240705000016
1411.462,528,100,11.43,3.0975130455000017
1411.595,422,40,4.572,3.097681955500002
1411.64,528,85,9.7155,3.0978033992500023
1411.64,528,92,10.5156,3.0978033992500023
1411.756,528,77,8.8011,3.0980869902500023
1411.942,422,40,4.572,3.0983232102500025
1412.142,528,50,5.715,3.0986407102500024
1412.241,528,60,6.858,3.0988293052500024
1412.443,528,70,8.001,3.0992782502500025
1412.551,528,82,9.3726,3.0995594282500023
1412.596,422,40,4.572,3.0996165782500023
1412.642,528,90,10.286999999999999,3.0997480232500023
1412.642,528,75,8.5725,3.0997480232500023
1412.746,528,70,8.001,3.0999791632500022
1412.84,422,40,4.572,3.100098543250002
1413.046,422,40,4.572,3.100360163250002
1413.242,528,50,5.715,3.100671313250002
1413.442,528,60,6.858,3.101052313250002
1413.556,211,20,2.286,3.1011247032500022
1413.598,316,30,3.429,3.101164708250002
1413.726,528,68,7.7724,3.101441060250002
1413.726,528,70,8.001,3.101441060250002
1413.742,528,72,8.2296,3.101477636250002
1413.842,528,80,9.144,3.1017316362500025
1413.848,316,30,3.429,3.1017373512500024
1414.042,422,40,4.572,3.1019837312500025
1414.244,528,50,5.715,3.1023044062500027
1414.249,422,40,4.572,3.1023107562500027
1414.542,528,66,7.5438,3.1029247377500027
1414.64,528,70,8.001,3.1031425427500032
1414.742,528,70,8.001,3.103369237750003
1414.806,528,58,6.6293999999999995,3.103487093750003
1414.84,211,20,2.286,3.103508683750003
1414.941,316,30,3.429,3.103604886250003
1415.057,422,40,4.572,3.103752206250003
1415.442,506,48,5.4864,3.104338946250003
1415.544,528,63,7.2009,3.104542971750003
1415.594,105,10,1.143,3.104558846750003
1415.643,528,56,6.4008,3.104645968750003
1415.74,528,70,8.001,3.104861551250003
1415.806,422,40,4.572,3.104945371250003
1415.84,105,10,1.143,3.104956166250003
1415.94,211,20,2.286,3.105019666250003
1416.052,316,30,3.429,3.105126346250003
1416.156,411,39,4.4577,3.1052551242500033
1416.441,485,46,5.2578,3.1056713667500033
1416.62,0,0,0.0,3.1056713667500033
1416.741,528,61,6.9723,3.1059057135000034
1416.742,528,53,6.0579,3.1059073962500032
1416.746,422,40,4.572,3.1059124762500034
1416.937,0,0,0.0,3.1059124762500034
1417.142,305,29,3.3146999999999998,3.1061012300000037
1417.24,105,10,1.143,3.106132345000004
1417.24,211,20,2.286,3.106132345000004
1417.439,464,44,5.0292,3.106410348000004
1417.459,422,40,4.572,3.106435748000004
1417.637,0,0,0.0,3.106435748000004
1417.736,390,37,4.2291,3.106552048250004
1417.741,528,51,5.8293,3.106560144500004
1417.962,105,10,1.143,3.106630312000004
1418.039,0,0,0.0,3.106630312000004
1418.039,0,0,0.0,3.106630312000004
1418.14,200,19,2.1717,3.106691240250004
1418.242,284,27,3.0861,3.1067786797500037
1418.441,369,35,4.0005,3.106999818500004
1418.549,422,40,4.572,3.107136978500004
1418.634,0,0,0.0,3.107136978500004
1418.742,432,41,4.6863,3.1072775675000037
1418.839,0,0,0.0,3.1072775675000037
1419.144,94,9,1.0287,3.1073647212500037
1419.239,0,0,0.0,3.1073647212500037
1419.24,179,17,1.9431,3.1073652610000035
1419.256,263,25,2.8575,3.1073779610000036
1419.548,337,32,3.6576,3.1076746330000034
1419.638,105,10,1.143,3.1077032080000033
1419.65,422,40,4.572,3.1077184480000035
1419.706,0,0,0.0,3.1077184480000035
1419.836,105,10,1.143,3.1077597230000036
1420.137,0,0,0.0,3.1077597230000036
1420.243,0,0,0.0,3.1077597230000036
1420.441,73,7,0.8001,3.1078037285000035
1420.556,316,30,3.429,3.1079132660000037
1420.639,211,20,2.286,3.1079659710000036
1420.726,0,0,0.0,3.1079659710000036
1420.796,158,15,1.7145,3.1079993085000037
1420.876,242,23,2.6289,3.1080577285000035
1420.938,211,20,2.286,3.1080970985000036
1421.142,105,10,1.143,3.1081618685000034
1421.44,0,0,0.0,3.1081618685000034
1421.441,126,12,1.3716,3.1081622495000034
1421.445,52,5,0.5715,3.1081628845000036
1421.456,211,20,2.286,3.1081698695000037
1421.543,0,0,0.0,3.1081698695000037
1421.637,158,15,1.7145,3.1082146370000037
1421.696,0,0,0.0,3.1082146370000037
1421.938,158,15,1.7145,3.1083298895000038
1422.148,105,10,1.143,3.1083965645000036
1422.237,10,1,0.1143,3.108399390250004
1422.24,211,20,2.286,3.1084012952500037
1422.636,369,35,4.0005,3.1088413502500036
1422.639,0,0,0.0,3.1088413502500036
1422.706,0,0,0.0,3.1088413502500036
1422.74,21,2,0.2286,3.1088435092500037
1422.74,105,10,1.143,3.1088435092500037
1422.837,369,35,4.0005,3.108951300500004
1423.041,158,15,1.7145,3.109048455500004
1423.44,115,11,1.2573,3.109187806250004
1423.54,31,3,0.3429,3.109197331250004
1423.636,264,25,2.8575,3.109273531250004
1423.637,0,0,0.0,3.109273531250004
1423.64,0,0,0.0,3.109273531250004
1423.726,211,20,2.286,3.109328141250004
1423.84,0,0,0.0,3.109328141250004
1423.845,264,25,2.8575,3.109332110000004
1424.051,369,35,4.0005,3.109561027500004
1424.444,136,13,1.4859,3.109723238250004
1424.542,52,5,0.5715,3.109738795750004
1424.563,369,35,4.0005,3.109762132000004
1424.636,316,30,3.429,3.109831664500004
1424.716,205,19,2.1717,3.109879924500004
1424.726,158,15,1.7145,3.109884687000004
1424.737,0,0,0.0,3.109884687000004
1424.836,0,0,0.0,3.109884687000004
1424.842,316,30,3.429,3.109890402000004
1425.04,264,25,2.8575,3.110047564500004
1425.148,369,35,4.0005,3.1101675795000037
1425.542,195,18,2.0574,3.1103927505000035
1425.639,158,15,1.7145,3.1104389467500035
1425.739,0,0,0.0,3.1104389467500035
1425.739,84,8,0.9144,3.1104389467500035
1425.749,369,35,4.0005,3.1104500592500037
1425.766,179,17,1.9431,3.1104592350000035
1425.937,316,30,3.429,3.1106221125000033
1426.146,264,25,2.8575,3.1107880062500035
1426.245,369,35,4.0005,3.1108980200000036
1426.439,184,17,1.9431,3.1110027315000037
1426.637,422,40,4.572,3.1112541915000036
1426.739,189,18,2.0574,3.1113124845000035
1426.766,221,21,2.4003,3.1113304867500036
1426.839,105,10,1.143,3.1113536642500037
1426.943,369,35,4.0005,3.111469234250004
1426.958,316,30,3.429,3.111483521750004
1427.036,422,40,4.572,3.111582581750004
1427.15,264,25,2.8575,3.111673069250004
1427.446,348,33,3.7719,3.111983203250004
1427.547,263,25,2.8575,3.112063372000004
1427.552,211,20,2.286,3.112066547000004
1427.636,422,70,8.001,3.112253237000004
1427.739,168,16,1.8288,3.112305561000004
1427.933,422,70,8.001,3.1127367260000036
1428.049,369,35,4.0005,3.1128656310000036
1428.136,422,40,4.572,3.1129761210000035
1428.145,321,30,3.429,3.1129846935000036
1428.249,274,26,2.9718,3.113070545500004
1428.438,327,31,3.5433,3.113256568750004
1428.544,326,31,3.5433,3.113360899250004
1428.632,528,50,5.715,3.113500599250004
1428.839,158,15,1.7145,3.113599183000004
1428.933,528,50,5.715,3.1137484080000037
1429.151,374,35,4.0005,3.113990660500004
1429.236,422,70,8.001,3.114179573000004
1429.236,422,40,4.572,3.114179573000004
1429.252,331,31,3.5433,3.114195321000004
1429.551,295,28,3.2004,3.1144611320000037
1429.63,580,55,6.2865,3.114599085750004
1429.738,369,35,4.0005,3.114719100750004
1429.841,580,55,6.2865,3.1148989645000036
1429.886,284,27,3.0861,3.1149375407500037
1430.233,528,50,5.715,3.1154884032500036
1430.234,422,70,8.001,3.1154906257500037
1430.437,422,43,4.9149,3.115767771500004
1430.437,384,36,4.1148,3.115767771500004
1430.452,300,28,3.2004,3.115781106500004
1430.636,580,60,6.858,3.116131626500004
1430.642,274,26,2.9718,3.116136579500004
1430.716,342,32,3.6576,3.116211763500004
1430.933,580,60,6.858,3.1166251485000043
1431.141,528,50,5.715,3.1169553485000043
1431.235,580,55,6.2865,3.117119496000004
1431.437,422,49,5.6007,3.1174337575000037
1431.442,358,34,3.8862,3.117439155000004
1431.634,580,65,7.4295,3.117835395000004
1431.696,422,70,8.001,3.117973190000004
1431.706,395,37,4.2291,3.1179849375000037
1431.735,580,65,7.4295,3.1180447862500036
1431.737,310,29,3.3146999999999998,3.1180466277500036
1432.133,580,60,6.858,3.1188010077500037
1432.436,533,50,5.715,3.1192820202500036
1432.466,369,35,4.0005,3.1193153577500037
1432.536,443,66,7.5438,3.119462042750004
1432.539,411,39,4.4577,3.119465757500004
1432.638,580,70,8.001,3.1196857850000037
1432.686,580,55,6.2865,3.1197696050000037
1432.696,422,55,6.2865,3.1197870675000035
1432.935,580,70,8.001,3.1203182450000035
1433.233,580,60,6.858,3.1208859350000036
1433.236,580,65,7.4295,3.120892126250004
1433.436,543,51,5.8293,3.1212159762500034
1433.457,422,40,4.572,3.121242646250004
1433.539,422,61,6.9723,3.1214014597500035
1433.631,580,80,9.144,3.121635139750004
1433.636,464,62,7.0866,3.121644982250004
1433.696,580,55,6.2865,3.121749757250004
1433.839,580,80,9.144,3.122112977250004
1434.038,580,70,8.001,3.1225552547500044
1434.436,580,60,6.858,3.1233134447500044
1434.536,580,56,6.4008,3.1234912447500047
1434.631,580,85,9.7155,3.123747626000005
1434.636,554,52,5.9436,3.123755881000005
1434.639,422,70,8.001,3.1237625485000047
1434.696,580,65,7.4295,3.1238801822500046
1434.736,496,56,6.4008,3.123951302250005
1434.834,580,85,9.7155,3.124215779750005
1435.14,580,80,9.144,3.124993019750005
1435.241,580,70,8.001,3.125217492250005
1435.539,580,57,6.5151,3.1257567977500047
1435.636,580,95,10.8585,3.126049374000005
1435.686,580,65,7.4295,3.1261525615000045
1435.733,564,53,6.0579,3.1262316507500048
1435.746,580,61,6.9723,3.126256828500005
1435.834,580,95,10.8585,3.126522258500005
1435.836,517,52,5.9436,3.126525560500005
1435.95,580,85,9.7155,3.126833218000005
1436.148,580,80,9.144,3.127336138000005
1436.435,580,71,8.1153,3.127983107750005
1436.539,580,66,7.5438,3.128201039750005
1436.542,580,58,6.6293999999999995,3.1282065642500045
1436.549,580,55,6.2865,3.1282187880000047
1436.634,580,100,11.43,3.128488663000005
1436.635,580,62,7.0866,3.128490631500005
1436.739,580,100,11.43,3.128820831500005
1436.947,580,95,10.8585,3.1294482115000046
1437.136,580,85,9.7155,3.129958275250005
1437.149,580,80,9.144,3.1299912952500044
1437.544,580,67,7.6581,3.1308315590000046
1437.631,580,100,11.43,3.1311077840000046
1437.716,580,73,8.3439,3.131304792750004
1437.735,580,64,7.3152,3.131343400750004
1437.835,580,59,6.7437,3.1315307257500042
1437.931,580,100,11.43,3.131835525750004
1437.937,580,100,11.43,3.131854575750004
1438.034,580,95,10.8585,3.1321471520000044
1438.246,580,85,9.7155,3.1327192870000045
1438.546,580,75,8.5725,3.1334336620000043
1438.637,580,110,12.573,3.133751479500004
1438.736,580,69,7.8867,3.133968363750004
1438.776,580,81,9.2583,3.1340712337500043
1438.835,580,65,7.4295,3.1341929950000043
1438.933,580,110,12.573,3.1345352600000043
1439.031,580,100,11.43,3.134846410000004
1439.033,580,100,11.43,3.1348527600000042
1439.134,580,95,10.8585,3.1351574012500047
1439.443,580,82,9.3726,3.1359618827500046
1439.543,580,78,8.9154,3.1362095327500046
1439.631,580,115,13.1445,3.1365308427500054
1439.676,580,87,9.9441,3.136655144000005
1439.836,580,70,8.001,3.1370107440000052
1440.033,580,115,13.1445,3.137730040250005
1440.133,580,110,12.573,3.1380792902500056
1440.133,580,100,11.43,3.1380792902500056
1440.139,580,100,11.43,3.1380983402500053
1440.234,580,96,10.9728,3.1383879002500055
1440.631,580,125,14.2875,3.139963494000006
1440.635,580,84,9.6012,3.139974162000006
1440.742,580,125,14.2875,3.1403988182500058
1440.744,580,80,9.144,3.1404038982500055
1440.796,580,89,10.1727,3.140550837250006
1441.233,580,115,13.1445,3.1421464335000056
1441.234,580,100,11.43,3.1421496085000054
1441.434,580,101,11.5443,3.1427909585000053
1441.45,580,92,10.5156,3.1428376945000056
1441.632,580,130,14.859,3.143588899500006
1441.666,580,110,12.573,3.1437076445000054
1441.666,580,97,11.0871,3.1437076445000054
1441.735,580,85,9.7155,3.143893858250005
1441.932,580,130,14.859,3.1447069757500055
1442.13,580,115,13.1445,3.145429923250006
1442.23,580,125,14.2875,3.1458267982500057
1442.435,580,100,11.43,3.1464776732500055
1442.44,580,103,11.7729,3.1464940245000057
1442.446,580,98,11.2014,3.1465126935000054
1442.553,580,94,10.7442,3.146832035000006
1442.627,580,130,14.859,3.147137470000005
1442.666,580,110,12.573,3.1472736775000048
1442.932,580,130,14.859,3.148371592500005
1443.132,580,130,14.859,3.1491970925000055
1443.431,580,116,13.258799999999999,3.1502983095000054
1443.431,580,111,12.6873,3.1502983095000054
1443.432,580,105,12.0015,3.1503016432500055
1443.458,580,99,11.3157,3.1503833677500057
1443.533,580,100,11.43,3.150621492750005
1443.631,580,150,17.145,3.1510882177500057
1443.636,580,125,14.2875,3.1511080615000053
1443.829,580,150,17.145,3.152027224000005
1444.232,580,130,14.859,3.153690606500005
1444.457,580,100,11.43,3.1544049815000053
1444.626,580,150,17.145,3.1552098440000047
1444.631,580,107,12.2301,3.155226830250005
1444.633,580,112,12.8016,3.155233942250005
1444.656,580,130,14.859,3.155328874750005
1444.656,580,125,14.2875,3.155328874750005
1444.666,580,118,13.4874,3.155366339750005
1444.836,580,150,17.145,3.1561759647500054
1445.031,580,150,17.145,3.157104652250005
1445.433,580,130,14.859,3.1587639072500053
1445.536,580,126,14.4018,3.1591759587500055
1445.541,580,114,13.0302,3.159194056250005
1445.546,580,110,12.573,3.159211518750005
1445.629,580,170,19.431,3.1596595112500045
1445.633,580,120,13.716,3.159674751250005
1445.656,580,130,14.859,3.159769683750005
1445.832,580,170,19.431,3.1607196437500056
1446.041,580,150,17.145,3.1617150062500046
1446.232,580,132,15.0876,3.1625154872500048
1446.242,580,150,17.145,3.162563112250005
1446.433,580,130,14.859,3.163351464750005
1446.536,580,127,14.5161,3.1637667865000054
1446.628,580,170,19.431,3.1642633565000047
1446.733,580,122,13.9446,3.164670074000005
1446.735,580,170,19.431,3.1646808690000046
1446.832,580,115,13.1445,3.165035040250005
1447.032,580,170,19.431,3.166114540250004
1447.135,580,150,17.145,3.1666050777500043
1447.535,580,136,15.5448,3.1683322777500047
1447.625,580,190,21.717,3.1688752027500042
1447.63,580,128,14.6304,3.1688955227500046
1447.632,580,130,14.859,3.1689037777500046
1447.732,580,125,14.2875,3.1693006527500045
1447.746,580,150,17.145,3.169367327750005
1447.831,580,190,21.717,3.169880090250004
1448.031,580,170,19.431,3.1709595902500043
1448.049,580,170,19.431,3.1710567452500045
1448.236,580,152,17.3736,3.171959207250005
1448.432,580,150,17.145,3.1728926572500047
1448.535,580,140,16.002,3.173350492250005
1448.63,580,180,20.573999999999998,3.173893417250005
1448.732,580,130,14.859,3.174314422250004
1448.83,580,129,14.7447,3.174715805750004
1449.03,580,180,20.573999999999998,3.1758588057500043
1449.03,580,190,21.717,3.1758588057500043
1449.031,580,170,19.431,3.175864203250004
1449.149,580,170,19.431,3.1765011082500036
1449.432,580,156,17.8308,3.177902807250004
1449.539,580,150,17.145,3.178412394750004
1449.638,580,220,25.146,3.1791039097500033
1449.732,580,146,16.6878,3.1795396467500034
1449.732,580,130,14.859,3.1795396467500034
1449.927,580,220,25.146,3.180901721750003
1450.03,580,190,21.717,3.1815230692500034
1450.23,580,180,20.573999999999998,3.1826660692500037
1450.231,580,170,19.431,3.1826714667500036
1450.245,580,170,19.431,3.182747031750003
1450.432,580,160,18.288,3.1836969917500038
1450.539,580,150,17.145,3.1842065792500036
1450.625,580,240,27.432,3.1848618992500035
1450.832,580,150,17.145,3.185847736750004
1450.93,580,240,27.432,3.1865944967500037
1451.03,580,220,25.146,3.187292996750003
1451.13,580,189,21.6027,3.187893071750004
1451.23,580,180,20.573999999999998,3.1884645717500035
1451.231,580,174,19.8882,3.188470096250003
1451.447,580,170,19.431,3.1896359562500027
1451.546,580,166,18.9738,3.1901577357500037
1451.627,580,265,30.2895,3.190839249500003
1451.63,580,150,17.145,3.1908535370000037
1451.829,580,265,30.2895,3.192527873250002
1452.133,580,184,21.0312,3.1943038412500027
1452.23,580,240,27.432,3.1950429812500025
1452.253,580,178,20.3454,3.195172965750002
1452.429,580,187,21.3741,3.196217921750003
1452.54,580,170,19.431,3.196817044250002
1452.616,580,220,25.146,3.197347904250002
1452.625,580,315,36.0045,3.1974379155000023
1452.732,580,170,19.431,3.1980154480000023
1452.827,580,315,36.0045,3.1989655667500023
1453.23,580,265,30.2895,3.2023563080000024
1453.234,580,240,27.432,3.202386788000002
1453.432,580,184,21.0312,3.2035435040000024
1453.548,580,170,19.431,3.204169614000002
1453.624,580,245,28.0035,3.2047607990000024
1453.636,580,192,21.9456,3.204833951000002
1453.636,580,185,21.1455,3.204833951000002
1453.636,580,222,25.3746,3.204833951000002
1453.829,580,245,28.0035,3.206335249750002
1454.129,580,315,36.0045,3.209335624750002
1454.431,580,240,27.432,3.2116368647500027
1454.431,580,200,22.86,3.2116368647500027
1454.432,580,182,20.802599999999998,3.2116426432500025
1454.458,580,188,21.4884,3.211797837250003
1454.533,580,226,25.8318,3.2123359997500014
1454.606,580,265,30.2895,3.2129502035000024
1454.634,580,225,25.7175,3.2131502285000026
1454.928,580,225,25.7175,3.2152504910000035
1455.132,580,315,36.0045,3.217290746000003
1455.229,580,245,28.0035,3.2180452847500027
1455.23,580,265,30.2895,3.2180536985000026
1455.627,580,235,26.8605,3.221015814750002
1455.63,580,180,20.573999999999998,3.221032959750003
1455.63,580,230,26.289,3.221032959750003
1455.636,580,245,28.0035,3.221079632250002
1455.729,580,208,23.7744,3.2216938042500027
1455.829,580,235,26.8605,3.222439929250002
1456.128,580,225,25.7175,3.224575910500002
1456.43,580,315,36.0045,3.227596288000003
1456.53,580,275,31.4325,3.2284694130000022
1456.623,580,245,28.0035,3.229192836750003
1456.628,580,250,28.575,3.229232524250002
1456.63,580,236,26.9748,3.2292475102500036
1456.636,580,245,28.0035,3.2292941827500026
1456.73,580,220,25.146,3.2299507727500028
1456.836,580,245,28.0035,3.230775320250003
1457.042,580,235,26.8605,3.232312337750002
1457.232,580,225,25.7175,3.2336696502500026
1457.434,580,301,34.4043,3.2356001137500026
1457.533,580,285,32.5755,3.236495940000002
1457.625,580,260,29.718,3.2372554000000027
1457.656,580,243,27.7749,3.2374945727500024
1457.728,580,257,29.3751,3.2380820747500034
1457.827,580,240,27.432,3.238836454750003
1457.839,580,260,29.718,3.2389355147500027
1457.938,580,245,28.0035,3.239705611000004
1458.138,580,235,26.8605,3.241197861000003
1458.532,580,239,27.3177,3.244187631500003
1458.628,580,260,29.718,3.244980111500003
1458.629,580,287,32.8041,3.244989223750003
1458.676,580,226,25.8318,3.245326472250003
1458.73,580,300,34.29,3.245840822250004
1458.73,580,262,29.9466,3.245840822250004
1458.737,580,260,29.718,3.2458986072500045
1458.847,580,260,29.718,3.2468066572500036
1459.133,580,245,28.0035,3.249031379750004
1459.238,580,236,26.9748,3.249818144750004
1459.43,580,235,26.8605,3.251250704750004
1459.628,580,265,30.2895,3.252916627250003
1459.633,580,266,30.4038,3.2529588547500037
1459.676,580,228,26.0604,3.253270131750003
1459.829,580,310,35.433,3.2547760342500034
1459.927,580,260,29.718,3.255585024250003
1459.946,580,260,29.718,3.255741869250003
1460.027,580,265,30.2895,3.256423383000004
1460.228,580,245,28.0035,3.257986911750004
1460.435,580,238,27.2034,3.259551107250003
1460.54,580,230,26.289,3.2603178697500033
1460.542,580,252,28.8036,3.260333871750003
1460.627,580,255,29.1465,3.261022053000003
1460.729,580,229,26.1747,3.2617636695000036
1460.924,580,255,29.1465,3.263342438250003
1461.126,580,265,30.2895,3.2650420157500033
1461.127,580,260,29.718,3.2650502707500033
1461.136,580,260,29.718,3.2651245657500034
1461.24,580,248,28.3464,3.2659434617500036
1461.429,580,240,27.432,3.2673836417500044
1461.535,580,233,26.631899999999998,3.2681678032500043
1461.629,580,270,30.861,3.2689736182500027
1461.824,580,270,30.861,3.270645255750004
1461.829,580,225,25.7175,3.270680974500003
1462.124,580,255,29.1465,3.2730693682500034
1462.127,580,260,29.718,3.273094133250003
1462.227,580,265,30.2895,3.273935508250004
1462.544,580,243,27.7749,3.2763812425000043
1462.606,580,260,29.718,3.2768930525000033
1462.621,580,285,32.5755,3.277028783750004
1462.728,580,235,26.8605,3.2778271375000037
1462.786,580,251,28.6893,3.2782893540000035
1462.826,580,285,32.5755,3.2786513040000034
1463.227,580,270,30.861,3.282088876500004
1463.428,580,264,30.1752,3.2837736585000044
1463.428,580,261,29.8323,3.2837736585000044
1463.444,580,255,29.1465,3.283903198500003
1463.576,580,255,29.1465,3.284971903500004
1463.628,580,275,31.4325,3.285425928500003
1463.635,580,245,28.0035,3.2854803797500036
1463.636,580,260,29.718,3.2854886347500036
1463.923,580,275,31.4325,3.2879945035000038
1464.132,580,270,30.861,3.2897861560000043
1464.226,580,285,32.5755,3.290636738500005
1464.227,580,256,29.2608,3.2906448665000045
1464.433,580,260,29.718,3.2923453965000036
1464.606,580,262,29.9466,3.2937844970000034
1464.606,580,262,29.9466,3.2937844970000034
1464.625,580,290,33.147,3.2939594395000036
1464.632,580,258,29.4894,3.294016780000004
1464.826,580,290,33.147,3.295803035000004
1465.126,580,275,31.4325,3.2984224100000037
1465.427,580,271,30.9753,3.301012289250003
1465.429,580,263,30.0609,3.3010289897500047
1465.453,580,260,29.718,3.3012271097500037
1465.527,580,259,29.6037,3.3018356302500043
1465.596,580,285,32.5755,3.302459994000004
1465.625,580,280,32.004,3.302717804000004
1465.666,580,260,29.718,3.3030562590000034
1465.825,580,280,32.004,3.304469769000004
1466.124,580,275,31.4325,3.307080412750004
1466.226,580,290,33.147,3.308019577750005
1466.427,580,274,31.3182,3.309768177250003
1466.447,580,264,30.1752,3.309935817250003
1466.529,580,258,29.4894,3.310607520250004
1466.596,580,284,32.4612,3.311211659250004
1466.62,580,280,32.004,3.311425019250003
1466.626,580,262,29.9466,3.3114749302500037
1466.825,580,280,32.004,3.3132440402500043
1467.134,580,280,32.004,3.315991050250004
1467.427,580,275,31.4325,3.318549306500003
1467.526,580,282,32.2326,3.3194357030000043
1467.586,580,290,33.147,3.3199881530000037
1467.624,580,290,33.147,3.3203380380000036
1467.627,580,277,31.6611,3.320364422250003
1467.63,580,267,30.5181,3.3203898540000045
1467.631,580,255,29.1465,3.3203979502500043
1467.824,580,290,33.147,3.322174997750004
1468.125,580,280,32.004,3.3248508877500034
1468.231,580,280,32.004,3.3257932277500033
1468.427,580,278,31.7754,3.3275232217500026
1468.431,580,280,32.004,3.3275587817500036
1468.586,580,290,33.147,3.3289859442500034
1468.622,580,300,34.29,3.329328844250004
1468.724,580,282,32.2326,3.3302421012500028
1468.826,580,270,30.861,3.3311164962500035
1468.836,580,300,34.29,3.3312117462500033
1468.939,580,290,33.147,3.332160118750004
1469.125,580,280,32.004,3.3338136587500036
1469.531,580,288,32.9184,3.337526122750003
1469.532,580,277,31.6611,3.337534917500003
1469.624,580,285,32.5755,3.338367402500004
1469.624,580,310,35.433,3.338367402500004
1469.626,580,280,32.004,3.3383851825000033
1469.626,580,281,32.1183,3.3383851825000033
1469.824,580,310,35.433,3.340333997500004
1470.024,580,300,34.29,3.342238997500002
1470.125,580,290,33.147,3.3431689550000034
1470.225,580,281,32.1183,3.3440611300000027
1470.534,580,286,32.6898,3.3468670045000044
1470.622,580,330,37.719,3.347789024500004
1470.626,580,280,32.004,3.347824584500003
1470.632,580,285,32.5755,3.347878877000004
1470.826,580,275,31.4325,3.3495727395000037
1470.921,580,330,37.719,3.350568102000004
1471.024,580,310,35.433,3.3515818795000025
1471.024,580,300,34.29,3.3515818795000025
1471.232,580,291,33.2613,3.3535036435000034
1471.535,580,280,32.004,3.3561973135000045
1471.622,580,370,42.291,3.3572193460000044
1471.724,580,288,32.9184,3.3581520340000033
1471.725,580,283,32.3469,3.358161019250003
1471.726,580,283,32.3469,3.3581700045000047
1471.926,580,370,42.291,3.3605195045000027
1472.021,580,330,37.719,3.361514867000003
1472.024,580,310,35.433,3.3615443945000023
1472.043,580,301,34.4043,3.361725972750002
1472.235,580,293,33.4899,3.363512100750002
1472.534,580,280,32.004,3.366170210750004
1472.626,580,365,41.7195,3.3672363757500023
1472.825,580,281,32.1183,3.369011804000003
1472.921,580,365,41.7195,3.370124324000003
1473.123,580,330,37.719,3.372240779000003
1473.124,580,370,42.291,3.3722525265000027
1473.124,580,310,35.433,3.3722525265000027
1473.225,580,303,34.6329,3.3732241717500018
1473.625,580,365,41.7195,3.3778596717500027
1473.706,580,295,33.7185,3.3786183380000017
1473.727,580,365,41.7195,3.378861701750004
1473.731,580,280,32.004,3.3788972617500033
1474.223,580,365,41.7195,3.384598926750003
1474.243,580,305,34.8615,3.3847926017500027
1474.425,580,330,37.719,3.386699506750003
1474.446,580,298,34.0614,3.3868981982500026
1474.576,580,370,42.291,3.388425373250004
1474.606,580,314,35.8902,3.3887244582500036
1474.622,580,370,42.291,3.3889124182500043
1474.725,580,290,33.147,3.389860790750003
1474.923,580,370,42.291,3.392186795750004
1475.221,580,365,41.7195,3.395640243250004
1475.223,580,365,41.7195,3.395663420750003
1475.425,580,369,42.1767,3.398030002250003
1475.425,580,338,38.6334,3.398030002250003
1475.425,580,318,36.3474,3.398030002250003
1475.439,580,307,35.0901,3.3981664637500044
1475.544,580,300,34.29,3.3991665887500044
1475.621,580,390,44.577,3.4001200412500046
1475.922,580,390,44.577,3.4038471737500036
1476.123,580,370,42.291,3.4062084212500037
1476.421,580,365,41.7195,3.4096618687500038
1476.422,580,346,39.5478,3.4096728542500037
1476.524,580,368,42.0624,3.410864622250002
1476.527,580,324,37.0332,3.4108954832500036
1476.528,580,310,35.433,3.4109053257500035
1476.546,580,365,41.7195,3.411113923250004
1476.626,580,410,46.863,3.412155323250003
1476.82,580,410,46.863,3.4146807182500023
1477.223,580,390,44.577,3.4196708657500023
1477.447,580,328,37.4904,3.4220036017500015
1477.566,580,365,41.7195,3.423382663000003
1477.566,580,370,42.291,3.423382663000003
1477.566,580,365,41.7195,3.423382663000003
1477.617,580,390,44.577,3.4240141705000022
1477.622,580,354,40.4622,3.4240703680000033
1477.624,580,367,41.9481,3.424093672500003
1477.72,580,390,44.577,3.425282392500003
1478.022,580,410,46.863,3.4292136775000017
1478.228,580,390,44.577,3.4317644725000034
1478.426,580,370,42.291,3.4340904775000016
1478.449,580,366,41.8338,3.4343577490000032
1478.527,580,366,41.8338,3.435264148000003
1478.532,580,366,41.8338,3.435322250500002
1478.623,580,365,41.7195,3.436376826750003
1478.625,580,380,43.434,3.4364009567500027
1478.827,580,380,43.434,3.438838086750003
1479.031,580,390,44.577,3.441364116750002
1479.22,580,390,44.577,3.443704409250003
1479.228,580,410,46.863,3.4438085492500035
1479.421,580,374,42.7482,3.446100327750003
1479.526,580,367,41.9481,3.4473238140000033
1479.618,580,370,42.291,3.4484045840000017
1479.723,580,365,41.7195,3.449621402750002
1479.732,580,370,42.291,3.449727130250002
1479.823,580,365,41.7195,3.4507817065000035
1479.931,580,380,43.434,3.452084726500003
1480.128,580,390,44.577,3.454524079000002
1480.523,580,369,42.1767,3.4591518002500017
1480.526,580,394,45.0342,3.4591893287500035
1480.616,580,395,45.1485,3.4603180412500025
1480.616,580,410,46.863,3.4603180412500025
1480.623,580,378,43.2054,3.460402051750003
1480.721,580,365,41.7195,3.461537749250003
1480.827,580,395,45.1485,3.4628671217500027
1480.927,580,370,42.291,3.4640418717500014
1481.036,580,380,43.434,3.465356956750003
1481.226,580,389,44.4627,3.4677035992500036
1481.424,580,406,46.4058,3.4702559182500017
1481.526,580,398,45.4914,3.4715448412500027
1481.621,580,400,45.72,3.472751341250003
1481.629,580,384,43.8912,3.4728488772500006
1481.821,580,370,42.291,3.475104397250001
1482.021,580,400,45.72,3.4776443972500015
1482.024,580,395,45.1485,3.4776820210000006
1482.041,580,370,42.291,3.477881728500001
1482.136,580,379,43.3197,3.4790248872500014
1482.529,580,402,45.9486,3.484040942750002
1482.625,580,415,47.4345,3.485305862750002
1482.666,580,387,44.2341,3.485809640000001
1482.722,580,404,46.1772,3.4865279520000017
1482.723,580,388,44.3484,3.4865402710000013
1482.921,580,415,47.4345,3.4891491685000027
1483.021,580,395,45.1485,3.4904032935000013
1483.221,580,400,45.72,3.492943293500002
1483.222,580,372,42.5196,3.492955104500002
1483.235,580,377,43.0911,3.493110711250001
1483.423,580,385,44.0055,3.495408776250002
1483.529,580,396,45.2628,3.496741514250002
1483.619,580,420,48.006,3.4979416642500007
1483.822,580,408,46.6344,3.5005713262500002
1483.92,580,420,48.006,3.5018781562500028
1483.93,580,415,47.4345,3.5020099187500024
1484.021,580,400,45.72,3.503165618750001
1484.042,580,395,45.1485,3.5034289850000007
1484.225,580,377,43.0911,3.5056194492500006
1484.428,580,375,42.8625,3.5080364180000028
1484.536,580,382,43.6626,3.509346296000002
1484.622,580,392,44.8056,3.510416652000002
1484.623,580,420,48.006,3.510429987000002
1484.92,580,420,48.006,3.5143904820000023
1485.219,580,400,45.72,3.518187782000002
1485.221,580,420,48.006,3.5182144520000014
1485.242,580,382,43.6626,3.518469150500001
1485.432,580,372,42.5196,3.5207132405000015
1485.516,580,415,47.4345,3.5218200455000024
1485.526,580,396,45.2628,3.521945775500002
1485.617,580,430,49.149,3.523188153000001
1485.628,580,380,43.434,3.5233208680000003
1485.817,580,430,49.149,3.5259011905000013
1486.22,580,420,48.006,3.5312751955000015
1486.227,580,420,48.006,3.531368540500002
1486.538,580,370,42.291,3.535022013000001
1486.546,580,415,47.4345,3.535127423000002
1486.546,580,403,46.0629,3.535127423000002
1486.546,580,397,45.3771,3.535127423000002
1486.614,580,420,48.006,3.5360342030000016
1486.736,580,387,44.2341,3.5375332475000025
1486.823,580,420,48.006,3.5386933925000026
1487.02,580,430,49.149,3.541382935000001
1487.422,580,420,48.006,3.5467436050000014
1487.422,580,406,46.4058,3.5467436050000014
1487.423,580,398,45.4914,3.546756241500001
1487.448,580,395,45.1485,3.5470697727500022
1487.516,580,420,48.006,3.547976552750002
1487.524,580,416,47.5488,3.5480822167499997
1487.621,580,420,48.006,3.5493757117500024
1487.919,580,420,48.006,3.5533495417500025
1488.219,580,420,48.006,3.5573500417500017
1488.22,580,421,48.1203,3.5573634085000014
1488.421,580,420,48.006,3.560043743500002
1488.536,580,430,49.149,3.561613781000002
1488.618,580,425,48.5775,3.5627202685
1488.621,580,417,47.6631,3.562759987750002
1488.721,580,409,46.7487,3.564058562750001
1488.721,580,399,45.6057,3.564058562750001
1488.819,580,425,48.5775,3.5653809502500002
1489.025,580,420,48.006,3.568127960250002
1489.217,580,420,48.006,3.570688280250002
1489.423,580,429,49.0347,3.5734941547500005
1489.52,580,423,48.3489,3.5747968890000004
1489.521,580,418,47.7774,3.5748101605000002
1489.614,580,425,48.5775,3.576065079250001
1489.618,580,420,48.006,3.5761184192499997
1489.721,580,413,47.2059,3.5774690325000007
1489.831,580,425,48.5775,3.5789533449999995
1490.031,580,425,48.5775,3.581652095
1490.223,580,420,48.006,3.584212415
1490.424,580,427,48.8061,3.5869374222500006
1490.424,580,425,48.5775,3.5869374222500006
1490.526,580,420,48.006,3.5882975922500018
1490.62,580,440,50.292,3.5896107722499995
1490.718,580,420,48.006,3.590917602250002
1490.737,580,440,50.292,3.5911830322500022
1490.818,580,419,47.8917,3.592260595500001
1490.93,580,425,48.5775,3.593771895500002
1491.127,580,425,48.5775,3.5964301642500005
1491.523,580,420,48.006,3.60171082425
1491.586,580,420,48.006,3.6025509292500013
1491.62,580,428,48.9204,3.6030129552499996
1491.621,580,430,49.149,3.6030266077500026
1491.623,580,425,48.5775,3.603053595250002
1491.721,580,420,48.006,3.604360425250001
1491.818,580,430,49.149,3.605684717750001
1491.838,580,440,50.292,3.6059641177500006
1492.124,580,425,48.5775,3.6098233302500016
1492.228,580,425,48.5775,3.611226680250002
1492.42,580,420,48.006,3.613787000250002
1492.586,580,421,48.1203,3.6160058807500013
1492.618,580,420,48.006,3.6164326007500005
1492.62,580,422,48.2346,3.61645939775
1492.82,580,430,49.149,3.6191898977500006
1492.919,580,430,49.149,3.6205414952500026
1492.938,580,440,50.292,3.620806925250003
1493.018,580,420,48.006,3.6218737252500017
1493.136,580,426,48.6918,3.623469734250001
1493.426,580,425,48.5775,3.62738292175
1493.531,580,422,48.2346,3.6287897642500004
1493.533,580,420,48.006,3.62881643425
1493.6,580,420,48.006,3.62970987925
1493.719,580,420,48.006,3.631296744250002
1493.918,580,420,48.006,3.6339504092499997
1494.122,580,430,49.149,3.636735519250002
1494.128,580,439,50.1777,3.63681914875
1494.218,580,420,48.006,3.638019298750002
1494.225,580,429,49.0347,3.638114644
1494.42,580,425,48.5775,3.640745925250002
1494.531,580,423,48.3489,3.642236683
1494.58,580,430,49.149,3.6429056555
1494.815,580,430,49.149,3.6461139930000015
1494.819,580,420,48.006,3.646167333
1495.218,580,420,48.006,3.6514879980000017
1495.218,580,420,48.006,3.6514879980000017
1495.219,580,429,49.0347,3.6515016187500016
1495.229,580,437,49.9491,3.6516403662500014
1495.531,580,425,48.5775,3.6557154787500004
1495.579,580,415,47.4345,3.65634793875
1495.676,580,432,49.3776,3.65767839075
1495.723,580,424,48.4632,3.6583111047500005
1495.821,580,415,47.4345,3.65960237725
1496.018,580,430,49.149,3.6622919197500017
1496.219,580,427,48.8061,3.665016927000002
1496.419,580,420,48.006,3.667683927000003
1496.44,580,437,49.9491,3.667975296750002
1496.516,580,420,48.006,3.6689887567500024
1496.526,580,435,49.7205,3.669126869250002
1496.53,580,410,46.863,3.669178939250001
1496.532,580,425,48.5775,3.66920592675
1496.585,580,415,47.4345,3.6699042680000016
1496.82,580,415,47.4345,3.6730006867500005
1497.218,580,415,47.4345,3.6782448342500023
1497.218,580,420,48.006,3.6782448342500023
1497.218,580,420,48.006,3.6782448342500023
1497.424,580,433,49.4919,3.681076870750001
1497.486,580,430,49.149,3.681923325750003
1497.526,580,425,48.5775,3.6824630757500025
1497.626,580,440,50.292,3.683860075750001
1497.815,580,410,46.863,3.686320383250002
1498.015,580,415,47.4345,3.6889556332500026
1498.221,580,415,47.4345,3.6916699407500015
1498.416,580,420,48.006,3.6942702657500006
1498.42,580,422,48.2346,3.6943238597500025
1498.443,580,430,49.149,3.6946378672500013
1498.518,580,422,48.2346,3.695642754750002
1498.566,580,430,49.149,3.696298074750002
1498.578,580,405,46.2915,3.696452379750001
1498.82,580,405,46.2915,3.6995641972500004
1499.016,580,410,46.863,3.702115627250002
1499.215,580,415,47.4345,3.704737701
1499.418,580,415,47.4345,3.70741247975
1499.439,580,420,48.006,3.7076925147500024
1499.521,580,427,48.8061,3.7088042092500006
1499.521,580,420,48.006,3.7088042092500006
1499.522,580,424,48.4632,3.7088176712500003
1499.578,580,400,45.72,3.7095288712500007
1499.916,580,400,45.72,3.71382147125
1500.122,580,414,47.3202,3.716529238250002
1500.126,580,405,46.2915,3.7165806732500006
1500.419,580,415,47.4345,3.720441314500002
1500.496,580,410,46.863,3.721443662000002
1500.572,580,395,45.1485,3.7223967969999996
1500.618,580,424,48.4632,3.7230160490000004
1500.622,580,420,48.006,3.723069389000002
1500.718,580,427,48.8061,3.724370885000002
1500.815,580,395,45.1485,3.7255873862500017
1500.921,580,400,45.72,3.7269335862500017
1501.217,580,405,46.2915,3.7307397762500023
1501.416,580,415,47.4345,3.73336185
1501.418,580,409,46.7487,3.7333878214999996
1501.418,580,413,47.2059,3.7333878214999996
1501.58,580,390,44.577,3.7353937865
1501.618,580,419,47.8917,3.73589931
1501.721,580,390,44.577,3.737174707500001
1501.817,580,429,49.0347,3.7384822995000007
1501.938,580,395,45.1485,3.739999790750002
1502.121,580,400,45.72,3.742323890750002
1502.418,580,412,47.0916,3.7462089477499996
1502.436,580,385,44.0055,3.7464289752499997
1502.521,580,408,46.6344,3.7475300652500003
1502.536,580,404,46.1772,3.7477224702500016
1502.579,580,385,44.0055,3.7482480915000003
1502.713,580,385,44.0055,3.7498860740000004
1502.715,580,415,47.4345,3.7499124265
1502.815,580,416,47.5488,3.751233226500002
1503.015,580,390,44.577,3.7537097265000026
1503.122,580,400,45.72,3.755068626500002
1503.124,580,395,45.1485,3.7550937090000014
1503.423,580,403,46.0629,3.758919488750001
1503.517,580,411,46.9773,3.7601461182500016
1503.524,580,407,46.5201,3.7602365739999994
1503.717,580,415,47.4345,3.7627795902500023
1503.734,580,385,44.0055,3.762987394
1503.813,580,385,44.0055,3.763953070250002
1504.021,580,390,44.577,3.7665286302500003
1504.222,580,395,45.1485,3.7690494215000006
1504.417,580,402,45.9486,3.771538304
1504.576,580,399,45.6057,3.773552555750001
1504.579,580,375,42.8625,3.7735882745000002
1504.617,580,406,46.4058,3.7740781135000003
1504.715,580,410,46.863,3.7753538284999997
1504.818,580,375,42.8625,3.7765801722500005
1505.015,580,385,44.0055,3.778988251000002
1505.015,580,385,44.0055,3.778988251000002
1505.034,580,390,44.577,3.779223518500002
1505.227,580,394,45.0342,3.781637852000002
1505.426,580,398,45.4914,3.7841525155
1505.581,580,375,42.8625,3.78599798425
1505.616,580,401,45.8343,3.7864435955000006
1505.816,580,405,46.2915,3.789015345500001
1505.911,580,375,42.8625,3.7901464392500013
1506.115,580,385,44.0055,3.7926400842500008
1506.115,580,385,44.0055,3.7926400842500008
1506.134,580,389,44.4627,3.792874748500001
1506.214,580,375,42.8625,3.7938272485
1506.426,580,397,45.3771,3.7964994555
1506.581,580,370,42.291,3.7983203179999996
1506.616,580,393,44.9199,3.7987570392500007
1506.718,580,400,45.72,3.8000524392500017
1506.812,580,370,42.291,3.8011567042499994
1507.114,580,375,42.8625,3.804752391750001
1507.215,580,375,42.8625,3.805954923
1507.215,580,385,44.0055,3.805954923
1507.234,580,388,44.3484,3.806188984
1507.416,580,385,44.0055,3.8084137065
1507.425,580,391,44.6913,3.8085254347500004
1507.576,580,370,42.291,3.810299307250001
1507.615,580,395,45.1485,3.8107884160000007
1507.817,580,370,42.291,3.8131614110000007
1508.117,580,370,42.291,3.816685661
1508.219,580,385,44.0055,3.8179324835000013
1508.415,580,375,42.8625,3.8202661085000003
1508.416,580,383,43.7769,3.82027826875
1508.426,580,386,44.1198,3.82040082375
1508.456,580,375,42.8625,3.8207580112499997
1508.535,580,390,44.577,3.821736228750002
1508.581,580,365,41.7195,3.82226931125
1508.911,580,365,41.7195,3.8260935987500018
1509.12,580,370,42.291,3.8285488262499996
1509.215,580,374,42.7482,3.82967690375
1509.216,580,370,42.291,3.8296886512499997
1509.236,580,385,44.0055,3.829933126250002
1509.515,580,375,42.8625,3.833254970000002
1509.524,580,385,44.0055,3.8333649837499992
1509.575,580,365,41.7195,3.833956010000001
1509.615,580,381,43.5483,3.8344398800000006
1509.811,580,365,41.7195,3.8367112749999994
1510.113,580,365,41.7195,3.840211077500001
1510.214,580,370,42.291,3.841397575
1510.415,580,370,42.291,3.8437588225
1510.415,580,375,42.8625,3.8437588225
1510.416,580,385,44.0055,3.8437710462499997
1510.515,580,373,42.6339,3.8449434785000016
1510.521,580,378,43.2054,3.8450154875
1510.578,580,360,41.147999999999996,3.8456669975
1510.818,580,360,41.147999999999996,3.8484101975000002
1511.121,580,365,41.7195,3.8519215887500016
1511.419,580,370,42.291,3.8554223437500017
1511.446,580,369,42.1767,3.8557386689999995
1511.466,580,365,41.7195,3.855970443999999
1511.524,580,376,42.9768,3.856662847999999
1511.579,580,360,41.147999999999996,3.857291498
1511.614,580,372,42.5196,3.8577048830000007
1511.712,580,375,42.8625,3.8588716955
1511.816,580,360,41.147999999999996,3.8600604155000005
1512.113,580,360,41.147999999999996,3.8634551255000007
1512.117,580,365,41.7195,3.8635014804999996
1512.213,580,365,41.7195,3.8646140004999996
1512.517,580,368,42.0624,3.8681659365000005
1512.576,580,360,41.147999999999996,3.8688403065
1512.614,580,370,42.291,3.8692867115
1512.618,580,371,42.4053,3.869333828499999
1512.714,580,375,42.8625,3.870476828499999
1512.724,580,360,41.147999999999996,3.8705911284999988
1512.924,580,360,41.147999999999996,3.8728771284999994
1513.213,580,360,41.147999999999996,3.8761803984999994
1513.415,580,367,41.9481,3.8785341529999995
1513.517,580,365,41.7195,3.8797162055000007
1513.526,580,365,41.7195,3.879820504250001
1513.618,580,370,42.291,3.8809012742499993
1513.814,580,370,42.291,3.883203784250001
1513.921,580,360,41.147999999999996,3.8844267942500004
1514.027,580,360,41.147999999999996,3.8856383742500005
1514.213,580,360,41.147999999999996,3.8877643542499998
1514.414,580,364,41.605199999999996,3.89008731125
1514.52,580,365,41.7195,3.8913157187499996
1514.527,580,370,42.291,3.8913979512500005
1514.716,580,366,41.8338,3.893594225749999
1515.112,580,360,41.147999999999996,3.898120505750001
1515.127,580,360,41.147999999999996,3.8982919557499995
1515.52,580,363,41.490899999999996,3.9028213789999997
1515.576,580,360,41.147999999999996,3.9034614590000003
1515.613,580,365,41.7195,3.9038902427500006
1515.624,580,365,41.7195,3.904017719
1516.212,580,359,41.033699999999996,3.9107198899999998
1516.227,580,360,41.147999999999996,3.910891340000001
1516.415,580,360,41.147999999999996,3.9130401799999994
1516.611,580,361,41.262299999999996,3.915286683000001
1516.815,580,365,41.7195,3.9176507880000004
1517.217,580,357,40.8051,3.922207357500001
1517.42,580,360,41.147999999999996,3.9245276475000006
1517.522,580,360,41.147999999999996,3.9256935074999992
1517.527,580,360,41.147999999999996,3.9257506575000005
1518.423,580,360,41.147999999999996,3.9359919375
1518.713,580,360,41.147999999999996,3.9393066374999997
1519.529,580,360,41.147999999999996,3.9486335175
